t,X,Y,Z
0.0,0.0625,0.0,1.0
0.000326,0.03125,-0.078125,0.945312
0.000652,0.070312,-0.039062,0.945312
0.000978,0.03125,-0.0625,1.015625
0.001304,0.046875,-0.046875,0.976562
0.00163,0.039062,-0.070312,0.984375
0.001956,0.054688,-0.085938,1.015625
0.002281,0.007812,-0.039062,1.0
0.002607,0.015625,-0.070312,1.015625
0.002933,0.070312,-0.0625,0.992188
0.003259,0.0625,-0.09375,0.992188
0.003585,0.0625,-0.046875,0.992188
0.003911,0.0625,-0.054688,0.992188
0.004237,0.054688,-0.03125,0.960938
0.004563,0.046875,-0.070312,0.984375
0.004889,0.070312,-0.078125,0.96875
0.005215,0.070312,-0.054688,1.0
0.005541,0.03125,-0.070312,1.023438
0.005867,0.023438,-0.03125,1.0
0.006193,0.023438,-0.054688,0.9375
0.006519,0.039062,-0.09375,0.992188
0.006844,0.03125,-0.101562,1.0
0.00717,0.085938,-0.070312,0.976562
0.007496,0.0,-0.03125,0.96875
0.007822,0.054688,-0.039062,1.015625
0.008148,0.03125,-0.078125,1.0
0.008474,0.039062,-0.0625,0.992188
0.0088,0.039062,-0.078125,0.9375
0.009126,0.0625,-0.070312,0.984375
0.009452,0.039062,-0.0625,0.960938
0.009778,0.039062,-0.085938,0.960938
0.010104,0.015625,-0.09375,0.992188
0.01043,0.054688,-0.070312,0.992188
0.010756,0.03125,-0.09375,0.976562
0.011082,0.023438,-0.054688,1.0
0.011407,0.101562,-0.0625,0.976562
0.011733,0.03125,-0.0625,0.976562
0.012059,0.023438,-0.101562,1.0
0.012385,0.023438,-0.101562,1.007812
0.012711,0.070312,-0.078125,1.0
0.013037,0.03125,-0.0625,0.976562
0.013363,0.054688,-0.039062,0.984375
0.013689,0.03125,-0.046875,0.976562
0.014015,0.03125,-0.070312,0.984375
0.014341,0.03125,-0.023438,0.984375
0.014667,0.078125,-0.09375,0.929688
0.014993,0.046875,-0.0625,0.984375
0.015319,0.054688,-0.101562,0.929688
0.015645,0.023438,-0.085938,0.960938
0.01597,0.03125,-0.078125,1.0
0.016296,0.039062,-0.0625,0.984375
0.016622,0.0,-0.09375,0.992188
0.016948,0.039062,-0.078125,0.992188
0.017274,0.039062,-0.070312,1.007812
0.0176,0.039062,-0.054688,0.984375
0.017926,0.03125,-0.09375,1.0
0.018252,0.0,-0.0625,0.960938
0.018578,0.03125,-0.0625,0.992188
0.018904,0.015625,-0.070312,1.023438
0.01923,0.054688,-0.0625,0.984375
0.019556,0.0625,-0.046875,0.992188
0.019882,0.0625,-0.070312,0.984375
0.020207,0.046875,-0.046875,0.984375
0.020533,0.09375,-0.09375,0.929688
0.020859,0.03125,-0.09375,1.007812
0.021185,0.03125,-0.078125,1.0
0.021511,0.0625,-0.085938,1.007812
0.021837,0.046875,-0.09375,0.976562
0.022163,0.03125,-0.039062,0.976562
0.022489,0.0,-0.023438,0.976562
0.022815,0.054688,-0.0625,0.992188
0.023141,0.070312,-0.0625,0.96875
0.023467,0.039062,-0.046875,0.96875
0.023793,0.0625,-0.09375,0.992188
0.024119,0.046875,-0.078125,0.992188
0.024445,0.054688,-0.085938,0.9375
0.02477,0.03125,-0.054688,1.015625
0.025096,0.03125,-0.078125,1.0
0.025422,0.054688,-0.070312,0.96875
0.025748,0.007812,-0.03125,0.960938
0.026074,0.0,-0.039062,1.0
0.0264,0.039062,-0.0625,0.96875
0.026726,0.054688,-0.054688,0.992188
0.027052,0.070312,-0.070312,0.984375
0.027378,0.039062,-0.078125,1.0
0.027704,0.007812,-0.070312,0.960938
0.02803,0.070312,-0.078125,1.015625
0.028356,0.046875,-0.101562,1.0
0.028682,0.054688,-0.0625,0.976562
0.029008,0.0625,-0.0625,0.992188
0.029333,0.054688,-0.117188,1.0
0.029659,0.015625,-0.054688,0.976562
0.029985,0.054688,-0.0625,0.992188
0.030311,0.039062,-0.0625,1.0
0.030637,0.046875,-0.0625,0.992188
0.030963,0.039062,-0.039062,0.992188
0.031289,0.039062,-0.0625,0.984375
0.031615,0.023438,-0.0625,0.992188
0.031941,0.054688,-0.046875,0.96875
0.032267,0.023438,-0.054688,0.992188
0.032593,0.0625,-0.0625,1.023438
0.032919,0.0625,-0.109375,0.992188
0.033245,0.054688,-0.078125,0.984375
0.033571,0.039062,-0.070312,0.992188
0.033896,0.0,-0.039062,1.039062
0.034222,0.007812,-0.09375,1.054688
0.034548,0.023438,-0.109375,1.03125
0.034874,0.039062,-0.046875,1.015625
0.0352,0.039062,0.0,0.960938
0.035526,0.101562,-0.007812,0.984375
0.035852,0.039062,-0.085938,0.984375
0.036178,0.070312,-0.054688,1.0
0.036504,0.054688,-0.117188,1.03125
0.03683,0.054688,-0.0625,0.96875
0.037156,0.078125,-0.046875,0.984375
0.037482,0.0625,-0.09375,0.96875
0.037808,0.0625,-0.070312,0.984375
0.038133,0.03125,-0.070312,0.945312
0.038459,0.03125,-0.078125,1.0
0.038785,0.023438,-0.09375,0.976562
0.039111,0.0625,-0.085938,0.960938
0.039437,0.0625,-0.09375,0.976562
0.039763,0.03125,-0.054688,1.0
0.040089,0.03125,-0.09375,0.992188
0.040415,0.039062,-0.054688,0.953125
0.040741,0.070312,-0.039062,1.0
0.041067,0.085938,-0.0625,0.945312
0.041393,0.023438,-0.046875,1.007812
0.041719,0.070312,-0.046875,0.992188
0.042045,0.039062,-0.046875,0.992188
0.042371,0.039062,-0.046875,0.984375
0.042696,0.0,-0.078125,0.992188
0.043022,0.03125,-0.046875,1.007812
0.043348,0.039062,-0.054688,0.992188
0.043674,0.085938,-0.070312,0.992188
0.044,0.0,-0.023438,0.992188
0.044326,0.0,-0.078125,1.015625
0.044652,0.0625,-0.078125,0.96875
0.044978,0.03125,-0.070312,0.960938
0.045304,0.007812,-0.0625,0.992188
0.04563,0.015625,-0.0625,0.945312
0.045956,0.015625,-0.039062,0.984375
0.046282,0.054688,-0.078125,1.0
0.046608,0.054688,-0.101562,0.960938
0.046934,0.023438,-0.0625,1.007812
0.047259,0.054688,-0.078125,1.007812
0.047585,0.03125,-0.054688,1.0
0.047911,0.0,-0.046875,0.960938
0.048237,0.0,-0.085938,0.96875
0.048563,0.03125,-0.070312,1.015625
0.048889,0.046875,-0.039062,0.96875
0.049215,0.03125,-0.09375,0.945312
0.049541,0.046875,-0.046875,0.9375
0.049867,0.0625,-0.0625,0.984375
0.050193,0.023438,-0.0625,0.976562
0.050519,0.070312,-0.117188,1.0
0.050845,0.023438,-0.085938,0.984375
0.051171,0.023438,-0.09375,0.96875
0.051497,0.054688,-0.054688,1.0
0.051822,0.015625,-0.09375,1.023438
0.052148,0.054688,-0.0625,0.960938
0.052474,0.070312,-0.070312,0.984375
0.0528,0.039062,-0.101562,0.984375
0.053126,0.054688,-0.09375,0.984375
0.053452,0.046875,-0.109375,0.984375
0.053778,0.054688,-0.101562,0.992188
0.054104,0.03125,-0.0625,0.960938
0.05443,0.03125,-0.054688,0.976562
0.054756,0.0625,-0.03125,0.984375
0.055082,0.023438,-0.0625,0.992188
0.055408,0.0,-0.054688,0.96875
0.055734,0.078125,-0.054688,1.0
0.056059,0.046875,-0.046875,1.0
0.056385,0.0625,-0.085938,0.945312
0.056711,0.015625,-0.09375,0.960938
0.057037,0.023438,-0.046875,1.0
0.057363,0.046875,-0.078125,0.976562
0.057689,0.0,-0.070312,1.0
0.058015,0.078125,-0.09375,1.023438
0.058341,0.054688,-0.117188,0.976562
0.058667,0.03125,-0.054688,0.992188
0.058993,0.03125,-0.054688,1.023438
0.059319,0.023438,-0.09375,0.992188
0.059645,0.054688,-0.070312,0.976562
0.059971,0.0625,-0.078125,0.992188
0.060297,0.0625,-0.101562,0.992188
0.060622,0.039062,-0.054688,0.992188
0.060948,0.046875,-0.046875,1.007812
0.061274,0.023438,-0.046875,0.945312
0.0616,0.023438,-0.054688,0.953125
0.061926,0.015625,-0.09375,0.992188
0.062252,0.054688,-0.085938,1.03125
0.062578,0.046875,-0.070312,0.960938
0.062904,0.039062,-0.070312,0.96875
0.06323,0.023438,-0.039062,1.015625
0.063556,0.0625,-0.09375,0.953125
0.063882,0.03125,-0.054688,0.992188
0.064208,0.039062,-0.109375,1.0
0.064534,0.054688,-0.039062,1.015625
0.06486,0.054688,-0.039062,1.015625
0.065185,0.03125,-0.023438,0.960938
0.065511,0.039062,-0.0625,0.984375
0.065837,0.023438,-0.078125,1.0
0.066163,0.054688,-0.085938,0.960938
0.066489,0.054688,-0.078125,1.0
0.066815,0.054688,-0.085938,0.992188
0.067141,0.0625,-0.078125,0.976562
0.067467,0.046875,-0.039062,1.0
0.067793,0.039062,-0.054688,0.976562
0.068119,0.0625,-0.085938,1.007812
0.068445,0.039062,-0.085938,1.0
0.068771,0.070312,-0.070312,1.007812
0.069097,0.054688,-0.09375,1.007812
0.069423,0.03125,-0.0625,0.992188
0.069748,0.0625,-0.085938,0.984375
0.070074,0.023438,-0.09375,0.929688
0.0704,0.015625,-0.054688,0.945312
0.070726,0.046875,-0.0625,0.984375
0.071052,0.03125,-0.078125,0.992188
0.071378,0.054688,-0.085938,0.96875
0.071704,0.023438,-0.09375,0.960938
0.07203,0.023438,-0.085938,0.976562
0.072356,0.054688,-0.0625,1.0
0.072682,0.007812,-0.09375,1.0
0.073008,0.03125,-0.0625,0.945312
0.073334,0.070312,-0.101562,0.992188
0.07366,0.03125,-0.101562,0.976562
0.073985,0.039062,-0.070312,0.992188
0.074311,0.03125,-0.101562,0.945312
0.074637,0.070312,-0.101562,1.007812
0.074963,0.0625,-0.0625,0.960938
0.075289,0.0625,-0.0625,1.0
0.075615,0.015625,-0.03125,0.953125
0.075941,0.046875,-0.078125,0.976562
0.076267,0.054688,-0.0625,0.992188
0.076593,0.054688,-0.0625,0.992188
0.076919,0.054688,-0.054688,1.007812
0.077245,0.03125,-0.070312,0.992188
0.077571,0.054688,-0.078125,1.0
0.077897,0.046875,-0.070312,0.960938
0.078223,0.023438,-0.046875,0.898438
0.078548,0.054688,-0.085938,0.984375
0.078874,0.054688,-0.070312,0.960938
0.0792,0.023438,-0.070312,0.984375
0.079526,0.007812,-0.070312,0.976562
0.079852,0.023438,-0.078125,0.992188
0.080178,0.039062,-0.09375,1.007812
0.080504,0.023438,-0.0625,1.0
0.08083,0.070312,-0.0625,0.984375
0.081156,0.046875,-0.09375,1.007812
0.081482,0.054688,-0.0625,0.992188
0.081808,0.070312,-0.0625,0.992188
0.082134,0.039062,-0.085938,0.984375
0.08246,0.023438,-0.054688,0.960938
0.082786,0.03125,-0.078125,0.984375
0.083111,0.054688,-0.078125,0.96875
0.083437,0.03125,-0.085938,0.960938
0.083763,0.054688,-0.117188,1.007812
0.084089,0.054688,-0.054688,0.96875
0.084415,0.0625,-0.078125,1.007812
0.084741,0.015625,-0.0625,0.960938
0.085067,0.078125,-0.070312,1.0
0.085393,0.015625,-0.0625,0.953125
0.085719,0.0625,-0.046875,0.976562
0.086045,0.054688,-0.085938,1.0
0.086371,0.03125,-0.09375,1.023438
0.086697,0.0625,-0.054688,1.0
0.087023,0.054688,-0.039062,0.96875
0.087349,0.0,-0.0625,0.992188
0.087674,0.023438,-0.070312,0.992188
0.088,0.0625,-0.125,0.984375
0.088326,0.023438,-0.085938,0.960938
0.088652,0.070312,-0.070312,1.015625
0.088978,0.0625,-0.039062,1.0
0.089304,0.039062,-0.0625,0.960938
0.08963,0.039062,-0.085938,0.992188
0.089956,0.03125,-0.117188,0.960938
0.090282,0.039062,-0.054688,0.992188
0.090608,0.039062,-0.054688,0.953125
0.090934,0.039062,-0.039062,0.984375
0.09126,0.070312,-0.070312,1.007812
0.091586,0.054688,-0.101562,0.992188
0.091911,0.046875,-0.101562,1.023438
0.092237,0.0625,-0.0625,1.0
0.092563,0.070312,-0.101562,1.0
0.092889,0.0625,-0.070312,0.984375
0.093215,0.046875,-0.054688,0.992188
0.093541,0.015625,-0.0625,1.007812
0.093867,0.046875,-0.0625,0.984375
0.094193,0.0625,-0.078125,1.0
0.094519,0.054688,-0.078125,0.992188
0.094845,0.054688,-0.101562,0.992188
0.095171,0.023438,-0.0625,0.9375
0.095497,0.03125,-0.039062,0.96875
0.095823,0.015625,-0.039062,1.0
0.096149,0.070312,-0.039062,0.960938
0.096474,0.054688,-0.046875,1.015625
0.0968,0.007812,-0.078125,0.992188
0.097126,0.007812,-0.101562,1.0
0.097452,0.015625,-0.046875,0.960938
0.097778,0.046875,-0.0625,1.0
0.098104,0.046875,-0.0625,1.023438
0.09843,0.039062,-0.0625,1.007812
0.098756,0.054688,-0.0625,0.992188
0.099082,0.039062,-0.054688,0.992188
0.099408,0.03125,-0.0625,0.960938
0.099734,0.023438,-0.101562,0.984375
0.10006,0.03125,-0.101562,0.992188
0.100386,0.046875,-0.039062,0.984375
0.100712,0.007812,-0.039062,0.992188
0.101037,0.015625,-0.054688,0.960938
0.101363,0.015625,-0.070312,0.992188
0.101689,0.023438,-0.046875,1.007812
0.102015,0.054688,-0.085938,1.0
0.102341,0.03125,-0.101562,0.960938
0.102667,0.03125,-0.039062,0.976562
0.102993,0.054688,-0.09375,0.992188
0.103319,0.007812,-0.046875,1.007812
0.103645,0.070312,-0.046875,0.96875
0.103971,0.054688,-0.085938,1.007812
0.104297,0.054688,-0.0625,0.984375
0.104623,0.023438,-0.078125,0.976562
0.104949,0.046875,-0.101562,1.0
0.105275,0.054688,-0.085938,0.992188
0.1056,0.054688,-0.046875,0.945312
0.105926,0.039062,-0.046875,0.984375
0.106252,0.046875,-0.046875,0.992188
0.106578,0.03125,-0.085938,0.914062
0.106904,0.046875,-0.070312,0.976562
0.10723,0.039062,-0.101562,0.992188
0.107556,0.023438,-0.0625,0.992188
0.107882,0.0,-0.070312,1.0
0.108208,0.023438,-0.046875,0.945312
0.108534,0.0625,-0.0625,0.992188
0.10886,0.03125,-0.070312,0.96875
0.109186,0.023438,-0.0625,0.96875
0.109512,0.070312,-0.070312,1.015625
0.109837,0.03125,-0.109375,0.992188
0.110163,0.0,-0.085938,0.984375
0.110489,0.03125,-0.0625,0.992188
0.110815,0.039062,-0.09375,0.96875
0.111141,0.046875,-0.078125,0.960938
0.111467,0.046875,-0.101562,0.945312
0.111793,0.0,-0.054688,0.960938
0.112119,0.046875,-0.078125,1.0
0.112445,0.023438,-0.09375,0.960938
0.112771,0.039062,-0.109375,0.898438
0.113097,0.070312,-0.0625,1.0
0.113423,0.046875,-0.054688,0.976562
0.113749,0.023438,-0.054688,1.0
0.114075,0.039062,-0.054688,0.96875
0.1144,0.070312,-0.070312,0.960938
0.114726,0.039062,-0.046875,1.007812
0.115052,0.0625,-0.039062,0.960938
0.115378,0.054688,-0.070312,0.96875
0.115704,0.078125,-0.023438,0.96875
0.11603,0.070312,-0.0625,0.96875
0.116356,0.015625,-0.070312,1.0
0.116682,0.039062,-0.101562,0.976562
0.117008,0.023438,-0.101562,1.0
0.117334,0.054688,-0.054688,1.0
0.11766,0.054688,-0.070312,0.984375
0.117986,0.015625,-0.078125,0.960938
0.118312,0.03125,-0.054688,0.96875
0.118638,0.046875,-0.101562,0.976562
0.118963,0.070312,-0.085938,0.992188
0.119289,0.039062,-0.085938,1.0
0.119615,0.054688,-0.070312,1.007812
0.119941,0.039062,-0.085938,0.96875
0.120267,0.070312,-0.039062,1.0
0.120593,0.03125,-0.0625,0.992188
0.120919,0.023438,-0.085938,1.007812
0.121245,0.070312,-0.070312,0.960938
0.121571,0.054688,-0.023438,0.929688
0.121897,0.054688,-0.078125,0.96875
0.122223,0.0625,-0.078125,1.0
0.122549,0.023438,-0.054688,0.953125
0.122875,0.0,-0.070312,0.984375
0.123201,0.070312,-0.0625,1.007812
0.123526,0.023438,-0.039062,0.992188
0.123852,0.070312,-0.054688,0.992188
0.124178,0.007812,-0.0625,1.0
0.124504,0.054688,-0.0625,0.960938
0.12483,0.03125,-0.070312,0.976562
0.125156,0.046875,-0.09375,0.992188
0.125482,0.015625,-0.070312,0.960938
0.125808,0.039062,-0.078125,0.960938
0.126134,0.039062,-0.078125,0.984375
0.12646,0.023438,-0.054688,0.984375
0.126786,0.046875,-0.085938,0.960938
0.127112,0.054688,-0.070312,0.984375
0.127438,0.015625,-0.046875,0.945312
0.127763,0.0625,-0.078125,0.992188
0.128089,0.054688,-0.09375,0.984375
0.128415,0.015625,-0.039062,0.992188
0.128741,0.023438,-0.085938,0.992188
0.129067,0.054688,-0.070312,1.0
0.129393,0.046875,-0.054688,0.992188
0.129719,0.054688,-0.070312,0.96875
0.130045,0.054688,-0.0625,0.976562
0.130371,0.015625,-0.070312,0.953125
0.130697,0.054688,-0.046875,0.945312
0.131023,0.054688,-0.046875,1.0
0.131349,0.054688,-0.085938,0.984375
0.131675,0.0625,-0.070312,0.992188
0.132001,0.054688,-0.109375,0.984375
0.132326,0.078125,-0.039062,0.992188
0.132652,0.0625,-0.054688,1.015625
0.132978,0.007812,-0.085938,0.976562
0.133304,0.03125,-0.109375,1.0
0.13363,0.039062,-0.078125,0.976562
0.133956,0.046875,-0.046875,1.0
0.134282,0.039062,-0.085938,0.976562
0.134608,0.015625,-0.070312,0.984375
0.134934,0.054688,-0.078125,1.0
0.13526,0.023438,-0.054688,1.023438
0.135586,0.03125,-0.09375,1.007812
0.135912,0.0625,-0.085938,1.015625
0.136238,0.070312,-0.0625,0.9375
0.136564,0.054688,-0.085938,0.9375
0.136889,0.054688,-0.0625,0.984375
0.137215,0.039062,-0.078125,0.984375
0.137541,0.023438,-0.0625,0.992188
0.137867,0.03125,-0.101562,0.992188
0.138193,0.054688,-0.054688,1.0
0.138519,0.0,-0.054688,1.0
0.138845,0.03125,-0.09375,0.992188
0.139171,0.015625,-0.078125,0.96875
0.139497,0.0625,-0.078125,0.984375
0.139823,0.054688,-0.039062,0.953125
0.140149,0.039062,-0.109375,0.96875
0.140475,0.039062,-0.03125,0.9375
0.140801,0.054688,-0.117188,0.992188
0.141127,0.054688,-0.070312,0.953125
0.141452,0.054688,-0.101562,0.992188
0.141778,0.023438,-0.101562,0.960938
0.142104,0.03125,-0.070312,0.976562
0.14243,0.046875,-0.054688,0.992188
0.142756,0.054688,-0.09375,1.0
0.143082,0.046875,-0.0625,0.976562
0.143408,0.039062,-0.039062,0.992188
0.143734,0.007812,-0.046875,0.945312
0.14406,0.039062,-0.078125,0.992188
0.144386,0.023438,-0.085938,0.992188
0.144712,0.046875,-0.101562,0.960938
0.145038,0.039062,-0.046875,1.0
0.145364,0.046875,-0.09375,1.015625
0.145689,0.046875,-0.046875,1.03125
0.146015,0.023438,-0.09375,0.960938
0.146341,0.054688,-0.078125,0.992188
0.146667,0.054688,-0.078125,0.96875
0.146993,0.023438,-0.0625,0.984375
0.147319,0.054688,-0.054688,0.992188
0.147645,0.039062,-0.0625,0.96875
0.147971,0.039062,-0.046875,0.976562
0.148297,0.03125,-0.0625,0.953125
0.148623,0.054688,-0.078125,1.0
0.148949,0.046875,-0.046875,0.953125
0.149275,0.015625,-0.070312,0.945312
0.149601,0.046875,-0.0625,0.953125
0.149927,0.070312,-0.085938,0.976562
0.150252,0.0,-0.0625,1.0
0.150578,0.03125,-0.046875,0.921875
0.150904,0.054688,-0.039062,0.992188
0.15123,0.078125,-0.054688,0.984375
0.151556,0.039062,-0.0625,0.945312
0.151882,0.023438,-0.101562,1.015625
0.152208,0.054688,-0.085938,0.96875
0.152534,0.070312,-0.085938,1.023438
0.15286,0.0625,-0.085938,0.96875
0.153186,0.023438,-0.0625,0.960938
0.153512,0.023438,-0.078125,0.976562
0.153838,0.0,-0.09375,0.960938
0.154164,0.046875,-0.039062,0.976562
0.15449,0.054688,-0.078125,0.96875
0.154815,0.023438,-0.039062,1.007812
0.155141,0.023438,-0.09375,0.9375
0.155467,0.046875,-0.09375,0.960938
0.155793,0.015625,-0.078125,0.992188
0.156119,0.085938,-0.070312,0.992188
0.156445,0.0625,-0.070312,1.0
0.156771,0.046875,-0.070312,0.96875
0.157097,0.039062,-0.101562,1.0
0.157423,0.023438,-0.070312,0.984375
0.157749,0.046875,-0.03125,0.992188
0.158075,0.03125,-0.109375,0.984375
0.158401,0.078125,-0.0625,0.976562
0.158727,0.023438,-0.054688,1.0
0.159053,0.070312,-0.054688,0.960938
0.159378,0.007812,-0.085938,1.0
0.159704,0.039062,-0.085938,0.960938
0.16003,0.0625,-0.070312,0.960938
0.160356,0.054688,-0.09375,0.96875
0.160682,0.0625,-0.085938,1.03125
0.161008,0.03125,-0.0625,0.984375
0.161334,0.039062,-0.0625,0.984375
0.16166,0.046875,-0.078125,0.976562
0.161986,0.03125,-0.0625,0.921875
0.162312,0.054688,-0.0625,0.960938
0.162638,0.007812,-0.070312,0.992188
0.162964,0.054688,-0.070312,0.992188
0.16329,0.03125,-0.0625,1.0
0.163615,0.015625,-0.054688,0.984375
0.163941,0.039062,-0.078125,0.960938
0.164267,0.0625,-0.101562,0.96875
0.164593,0.023438,-0.039062,0.992188
0.164919,0.03125,-0.09375,1.015625
0.165245,0.0,-0.109375,1.023438
0.165571,0.0625,-0.039062,0.945312
0.165897,0.046875,-0.0625,1.054688
0.166223,0.078125,-0.039062,0.960938
0.166549,0.09375,-0.0625,0.976562
0.166875,0.0,-0.070312,1.0
0.167201,0.007812,-0.085938,1.007812
0.167527,0.007812,-0.085938,1.015625
0.167853,0.023438,-0.054688,0.960938
0.168178,0.023438,-0.0625,0.960938
0.168504,0.015625,-0.0625,1.0
0.16883,0.0625,-0.078125,1.0
0.169156,0.03125,-0.101562,1.023438
0.169482,0.023438,-0.0625,0.984375
0.169808,0.023438,-0.070312,1.023438
0.170134,0.007812,-0.039062,0.984375
0.17046,0.023438,-0.078125,1.0
0.170786,0.070312,-0.070312,0.984375
0.171112,0.03125,-0.039062,0.96875
0.171438,0.023438,-0.054688,0.96875
0.171764,0.039062,-0.039062,0.914062
0.17209,0.023438,-0.046875,0.976562
0.172416,0.03125,-0.085938,1.015625
0.172741,0.046875,-0.070312,0.96875
0.173067,0.023438,-0.054688,0.921875
0.173393,0.039062,-0.039062,0.953125
0.173719,0.046875,-0.085938,1.03125
0.174045,0.0625,-0.046875,0.984375
0.174371,0.054688,-0.085938,0.976562
0.174697,0.085938,-0.070312,0.960938
0.175023,0.078125,-0.085938,0.96875
0.175349,0.039062,-0.039062,0.953125
0.175675,0.054688,-0.0625,1.023438
0.176001,0.015625,-0.085938,1.007812
0.176327,0.0,-0.0625,1.023438
0.176653,0.039062,-0.078125,0.984375
0.176979,0.03125,-0.039062,0.929688
0.177304,0.03125,-0.09375,0.992188
0.17763,0.046875,-0.078125,0.992188
0.177956,0.039062,-0.09375,1.015625
0.178282,0.015625,-0.109375,1.0
0.178608,0.046875,-0.09375,1.0
0.178934,0.023438,-0.085938,1.023438
0.17926,0.023438,-0.070312,0.992188
0.179586,0.054688,-0.03125,1.0
0.179912,0.078125,-0.070312,1.0
0.180238,0.054688,-0.09375,0.976562
0.180564,0.007812,-0.070312,0.96875
0.18089,0.054688,-0.078125,0.960938
0.181216,0.054688,-0.09375,0.976562
0.181541,0.054688,-0.09375,1.054688
0.181867,0.039062,-0.085938,0.96875
0.182193,0.054688,-0.085938,0.953125
0.182519,0.101562,-0.070312,0.96875
0.182845,0.039062,-0.085938,0.984375
0.183171,0.0625,-0.078125,0.960938
0.183497,0.039062,-0.054688,0.960938
0.183823,0.0,-0.070312,0.96875
0.184149,0.0625,-0.078125,1.0
0.184475,0.023438,-0.0625,0.992188
0.184801,0.007812,-0.078125,0.992188
0.185127,0.0,-0.070312,0.96875
0.185453,0.023438,-0.109375,0.992188
0.185779,0.054688,-0.046875,0.960938
0.186104,0.085938,-0.09375,1.015625
0.18643,0.0,-0.085938,1.054688
0.186756,0.023438,-0.085938,1.0
0.187082,0.03125,-0.078125,1.007812
0.187408,0.039062,-0.039062,0.960938
0.187734,0.0,-0.078125,1.03125
0.18806,0.03125,-0.09375,0.984375
0.188386,0.046875,-0.101562,0.960938
0.188712,0.046875,-0.070312,0.992188
0.189038,0.015625,-0.054688,0.976562
0.189364,0.0,-0.078125,0.992188
0.18969,0.007812,-0.046875,1.007812
0.190016,0.054688,-0.085938,1.015625
0.190342,0.054688,-0.101562,0.984375
0.190667,0.015625,-0.09375,0.96875
0.190993,0.023438,-0.046875,0.898438
0.191319,0.03125,-0.070312,1.03125
0.191645,0.039062,-0.09375,1.007812
0.191971,0.054688,-0.117188,0.992188
0.192297,0.054688,-0.148438,0.96875
0.192623,0.023438,-0.070312,0.992188
0.192949,0.070312,-0.070312,0.921875
0.193275,0.023438,-0.0625,0.984375
0.193601,0.046875,-0.085938,0.960938
0.193927,0.015625,-0.078125,0.976562
0.194253,0.03125,-0.101562,0.96875
0.194579,0.007812,-0.09375,0.984375
0.194905,0.039062,-0.054688,0.992188
0.19523,0.023438,-0.085938,0.96875
0.195556,0.054688,-0.117188,1.015625
0.195882,0.054688,-0.085938,1.0
0.196208,0.054688,-0.070312,1.007812
0.196534,0.054688,-0.09375,1.0
0.19686,0.039062,-0.03125,0.992188
0.197186,0.03125,-0.070312,0.992188
0.197512,0.007812,-0.046875,1.0
0.197838,0.0625,-0.039062,0.984375
0.198164,0.015625,-0.023438,0.96875
0.19849,0.039062,-0.070312,1.0
0.198816,0.046875,-0.09375,0.96875
0.199142,0.023438,-0.039062,1.0
0.199467,0.0625,-0.054688,0.992188
0.199793,0.0625,-0.0625,1.023438
0.200119,0.03125,-0.0625,0.945312
0.200445,0.054688,-0.09375,0.976562
0.200771,0.023438,-0.070312,1.0
0.201097,0.039062,-0.085938,0.976562
0.201423,0.046875,-0.085938,0.984375
0.201749,0.03125,-0.046875,0.929688
0.202075,0.007812,-0.039062,0.960938
0.202401,0.023438,-0.09375,0.953125
0.202727,0.039062,-0.054688,0.992188
0.203053,0.03125,-0.0625,0.984375
0.203379,0.054688,-0.054688,0.96875
0.203705,0.054688,-0.09375,0.984375
0.20403,0.015625,-0.054688,0.976562
0.204356,0.039062,-0.046875,0.992188
0.204682,0.023438,-0.070312,0.984375
0.205008,0.023438,-0.09375,0.960938
0.205334,0.0625,-0.0625,0.976562
0.20566,0.039062,-0.085938,0.945312
0.205986,0.039062,-0.0625,0.96875
0.206312,0.023438,-0.09375,0.945312
0.206638,0.0,-0.054688,0.960938
0.206964,0.054688,-0.09375,0.960938
0.20729,0.054688,-0.101562,0.992188
0.207616,0.054688,-0.101562,0.992188
0.207942,0.03125,-0.023438,0.96875
0.208268,0.03125,-0.039062,0.960938
0.208593,0.054688,-0.054688,0.984375
0.208919,0.054688,-0.0625,0.96875
0.209245,0.039062,-0.046875,0.960938
0.209571,0.039062,-0.0625,0.992188
0.209897,0.039062,-0.078125,1.007812
0.210223,0.039062,-0.101562,0.976562
0.210549,0.007812,-0.0625,0.976562
0.210875,0.007812,-0.085938,1.007812
0.211201,0.054688,-0.054688,0.984375
0.211527,0.039062,-0.070312,0.953125
0.211853,0.03125,-0.117188,0.953125
0.212179,0.039062,-0.046875,0.976562
0.212505,0.078125,-0.070312,0.992188
0.212831,0.054688,-0.054688,1.0
0.213156,0.070312,-0.070312,1.0
0.213482,0.054688,-0.09375,0.992188
0.213808,0.015625,-0.070312,0.960938
0.214134,0.054688,-0.09375,0.953125
0.21446,0.007812,-0.054688,0.984375
0.214786,0.054688,-0.078125,0.984375
0.215112,0.03125,-0.046875,1.0
0.215438,0.039062,-0.125,0.992188
0.215764,0.054688,-0.09375,1.0
0.21609,0.046875,-0.070312,0.96875
0.216416,0.023438,-0.046875,1.03125
0.216742,0.03125,-0.039062,0.960938
0.217068,0.015625,-0.0625,0.953125
0.217394,0.046875,-0.039062,0.992188
0.217719,0.054688,-0.023438,0.976562
0.218045,0.054688,-0.070312,0.984375
0.218371,0.070312,-0.101562,0.960938
0.218697,0.03125,-0.046875,0.992188
0.219023,0.070312,-0.085938,1.0
0.219349,0.007812,-0.054688,0.976562
0.219675,0.0625,-0.070312,0.976562
0.220001,0.070312,-0.078125,0.96875
0.220327,0.046875,-0.070312,1.0
0.220653,0.070312,-0.054688,0.945312
0.220979,0.054688,-0.054688,0.984375
0.221305,0.03125,-0.101562,0.984375
0.221631,0.039062,-0.054688,1.03125
0.221956,0.015625,-0.0625,0.992188
0.222282,0.03125,-0.117188,1.0
0.222608,0.054688,-0.101562,0.992188
0.222934,0.054688,-0.070312,1.007812
0.22326,0.007812,-0.070312,0.953125
0.223586,0.015625,-0.054688,1.0
0.223912,0.0625,-0.078125,0.992188
0.224238,0.046875,-0.085938,0.992188
0.224564,0.054688,-0.078125,0.992188
0.22489,0.046875,-0.085938,0.96875
0.225216,0.054688,-0.101562,0.984375
0.225542,0.039062,-0.070312,1.0
0.225868,0.070312,-0.039062,0.984375
0.226194,0.046875,-0.085938,0.992188
0.226519,0.007812,-0.070312,0.960938
0.226845,0.039062,-0.070312,0.992188
0.227171,0.054688,-0.085938,0.992188
0.227497,0.007812,-0.054688,0.960938
0.227823,0.046875,-0.070312,1.007812
0.228149,0.054688,-0.054688,1.023438
0.228475,0.007812,-0.0625,0.976562
0.228801,0.070312,-0.0625,0.945312
0.229127,0.0625,-0.085938,1.023438
0.229453,0.054688,-0.039062,0.96875
0.229779,0.007812,-0.0625,0.9375
0.230105,0.023438,-0.054688,0.992188
0.230431,0.0,-0.0625,1.0
0.230757,0.007812,-0.070312,0.992188
0.231082,0.039062,-0.046875,1.039062
0.231408,0.085938,-0.078125,0.9375
0.231734,0.023438,-0.0625,0.960938
0.23206,0.03125,-0.0625,0.976562
0.232386,0.015625,-0.054688,0.984375
0.232712,0.054688,-0.070312,1.007812
0.233038,0.03125,-0.054688,0.984375
0.233364,0.03125,-0.070312,0.984375
0.23369,0.046875,-0.101562,0.96875
0.234016,0.023438,-0.078125,0.960938
0.234342,0.054688,-0.070312,1.007812
0.234668,0.0625,-0.09375,0.984375
0.234994,0.03125,-0.039062,0.976562
0.23532,0.054688,-0.046875,1.007812
0.235645,0.023438,-0.078125,0.976562
0.235971,0.0,-0.0625,1.023438
0.236297,0.046875,-0.078125,0.960938
0.236623,0.023438,-0.070312,0.992188
0.236949,0.046875,-0.070312,0.984375
0.237275,0.0625,-0.117188,1.0
0.237601,0.03125,-0.085938,0.992188
0.237927,0.046875,-0.0625,0.960938
0.238253,0.054688,-0.101562,0.96875
0.238579,0.0625,-0.101562,1.0
0.238905,0.0625,-0.054688,1.007812
0.239231,0.023438,-0.039062,0.898438
0.239557,0.070312,-0.0625,0.953125
0.239882,0.0,-0.046875,0.960938
0.240208,0.039062,-0.03125,1.0
0.240534,0.0625,-0.09375,1.0
0.24086,0.03125,-0.070312,1.007812
0.241186,0.03125,-0.039062,1.007812
0.241512,0.023438,-0.0625,0.945312
0.241838,0.0,-0.085938,0.96875
0.242164,0.070312,-0.070312,0.976562
0.24249,0.03125,-0.078125,0.984375
0.242816,0.085938,-0.078125,0.992188
0.243142,0.039062,-0.070312,1.0
0.243468,0.007812,-0.039062,0.984375
0.243794,0.039062,-0.0625,1.0
0.24412,0.054688,-0.054688,1.0
0.244445,0.015625,-0.070312,0.984375
0.244771,0.046875,-0.09375,0.96875
0.245097,0.007812,-0.078125,1.007812
0.245423,0.039062,-0.085938,0.96875
0.245749,0.0,-0.078125,1.039062
0.246075,0.023438,-0.03125,1.015625
0.246401,0.03125,-0.0625,0.984375
0.246727,0.015625,-0.039062,0.976562
0.247053,0.03125,-0.070312,1.0
0.247379,0.039062,-0.101562,0.992188
0.247705,0.015625,-0.054688,0.9375
0.248031,0.046875,-0.078125,1.0
0.248357,0.007812,-0.085938,1.0
0.248683,0.023438,-0.101562,0.945312
0.249008,0.039062,-0.085938,0.976562
0.249334,0.03125,-0.085938,1.007812
0.24966,0.015625,-0.054688,0.976562
0.249986,0.070312,-0.039062,1.007812
0.250312,0.023438,-0.0625,0.992188
0.250638,0.054688,-0.117188,1.007812
0.250964,0.03125,-0.054688,1.015625
0.25129,0.070312,-0.09375,1.0
0.251616,0.078125,-0.101562,1.023438
0.251942,0.054688,-0.0625,1.023438
0.252268,0.023438,-0.085938,0.976562
0.252594,0.0,-0.054688,0.953125
0.25292,0.070312,-0.023438,0.992188
0.253246,0.015625,-0.0625,0.992188
0.253571,0.046875,-0.070312,0.984375
0.253897,0.0625,-0.09375,0.953125
0.254223,0.03125,-0.039062,1.007812
0.254549,0.0625,-0.078125,0.960938
0.254875,0.078125,-0.078125,0.960938
0.255201,0.054688,-0.078125,1.007812
0.255527,0.070312,-0.054688,0.984375
0.255853,0.03125,-0.09375,1.0
0.256179,0.054688,-0.054688,0.984375
0.256505,0.054688,-0.0625,1.0
0.256831,0.03125,-0.0625,0.96875
0.257157,0.046875,-0.0625,0.953125
0.257483,0.054688,-0.046875,0.992188
0.257808,0.03125,-0.070312,0.992188
0.258134,0.054688,-0.0625,1.007812
0.25846,0.015625,-0.085938,0.976562
0.258786,0.0625,-0.054688,0.976562
0.259112,0.046875,-0.046875,1.007812
0.259438,0.046875,-0.0625,0.992188
0.259764,0.046875,-0.054688,0.96875
0.26009,0.039062,-0.070312,0.984375
0.260416,0.070312,-0.070312,1.023438
0.260742,0.0,-0.046875,0.960938
0.261068,0.039062,-0.046875,0.992188
0.261394,0.039062,-0.078125,0.976562
0.26172,0.0625,-0.070312,1.0
0.262046,0.046875,-0.085938,1.007812
0.262371,0.070312,-0.046875,1.023438
0.262697,0.046875,-0.0625,0.992188
0.263023,0.023438,-0.109375,0.976562
0.263349,0.023438,-0.085938,1.0
0.263675,0.054688,-0.054688,0.96875
0.264001,0.03125,-0.085938,0.96875
0.264327,0.0625,-0.078125,0.96875
0.264653,0.0625,-0.0625,0.960938
0.264979,0.054688,-0.101562,0.992188
0.265305,0.015625,-0.054688,1.0
0.265631,0.046875,-0.046875,0.992188
0.265957,0.015625,-0.09375,0.992188
0.266283,0.0625,-0.054688,1.0
0.266609,0.015625,-0.054688,0.960938
0.266934,0.015625,-0.070312,0.976562
0.26726,0.070312,-0.054688,0.976562
0.267586,0.03125,-0.039062,0.992188
0.267912,0.0625,-0.078125,1.007812
0.268238,0.015625,-0.101562,0.960938
0.268564,0.03125,-0.09375,0.984375
0.26889,0.0625,-0.109375,0.953125
0.269216,0.023438,-0.046875,0.945312
0.269542,0.039062,-0.054688,0.960938
0.269868,0.046875,-0.09375,0.984375
0.270194,0.007812,-0.054688,0.945312
0.27052,0.039062,-0.039062,0.976562
0.270846,0.007812,-0.078125,0.945312
0.271172,0.023438,-0.039062,1.015625
0.271497,0.007812,-0.0625,1.015625
0.271823,0.015625,-0.03125,0.984375
0.272149,0.070312,-0.070312,0.984375
0.272475,0.023438,-0.039062,1.015625
0.272801,0.046875,-0.078125,0.960938
0.273127,0.046875,-0.078125,1.0
0.273453,0.007812,-0.085938,0.984375
0.273779,0.054688,-0.085938,0.992188
0.274105,0.046875,-0.101562,1.023438
0.274431,0.054688,-0.078125,0.945312
0.274757,0.039062,-0.078125,1.015625
0.275083,0.046875,-0.078125,0.945312
0.275409,0.007812,-0.078125,1.0
0.275734,0.023438,-0.085938,0.984375
0.27606,0.03125,-0.070312,0.96875
0.276386,0.039062,-0.0625,1.0
0.276712,0.046875,-0.085938,0.976562
0.277038,0.046875,-0.085938,1.0
0.277364,0.0625,-0.085938,0.96875
0.27769,0.03125,-0.039062,0.976562
0.278016,0.039062,-0.054688,0.96875
0.278342,0.023438,-0.0625,0.96875
0.278668,0.03125,-0.046875,0.984375
0.278994,0.046875,-0.101562,0.992188
0.27932,0.023438,-0.109375,0.976562
0.279646,0.046875,-0.078125,0.984375
0.279972,0.054688,-0.101562,0.992188
0.280297,0.054688,-0.09375,1.0
0.280623,0.085938,-0.109375,1.0
0.280949,0.023438,-0.070312,0.960938
0.281275,0.046875,-0.046875,1.03125
0.281601,0.054688,-0.070312,0.992188
0.281927,0.039062,-0.0625,0.976562
0.282253,0.039062,-0.070312,1.0
0.282579,0.046875,-0.070312,1.0
0.282905,0.078125,-0.078125,0.96875
0.283231,0.054688,-0.085938,0.992188
0.283557,0.023438,-0.101562,0.984375
0.283883,0.070312,-0.0625,0.992188
0.284209,0.046875,-0.09375,0.976562
0.284535,0.09375,-0.101562,1.0
0.28486,0.046875,-0.070312,0.992188
0.285186,0.054688,-0.117188,0.984375
0.285512,0.023438,-0.078125,0.953125
0.285838,0.054688,-0.054688,0.960938
0.286164,0.015625,-0.070312,0.960938
0.28649,0.039062,-0.109375,0.96875
0.286816,0.039062,-0.101562,0.992188
0.287142,0.054688,-0.101562,0.945312
0.287468,0.0625,-0.0625,1.015625
0.287794,0.054688,-0.054688,0.984375
0.28812,0.046875,-0.0625,0.976562
0.288446,0.03125,-0.039062,0.96875
0.288772,0.046875,-0.101562,0.984375
0.289098,0.039062,-0.070312,0.976562
0.289423,0.078125,-0.085938,0.984375
0.289749,0.03125,-0.101562,1.0
0.290075,0.046875,-0.0625,0.984375
0.290401,0.023438,-0.09375,1.015625
0.290727,0.015625,-0.09375,0.992188
0.291053,0.054688,-0.054688,0.9375
0.291379,0.046875,-0.0625,0.976562
0.291705,0.039062,-0.070312,1.0
0.292031,0.0625,-0.039062,0.976562
0.292357,0.015625,-0.046875,0.945312
0.292683,0.03125,-0.0625,0.984375
0.293009,0.039062,-0.054688,1.0
0.293335,0.023438,-0.101562,0.96875
0.29366,0.0,-0.015625,0.992188
0.293986,0.0625,-0.085938,0.992188
0.294312,0.03125,-0.09375,1.0
0.294638,0.03125,-0.117188,0.976562
0.294964,0.03125,-0.09375,0.976562
0.29529,0.015625,-0.085938,0.960938
0.295616,0.0625,-0.09375,0.960938
0.295942,0.03125,-0.117188,0.992188
0.296268,0.070312,-0.039062,0.976562
0.296594,0.023438,-0.046875,0.992188
0.29692,0.039062,-0.0625,1.0
0.297246,0.023438,-0.0625,0.953125
0.297572,0.046875,-0.0625,1.023438
0.297898,0.03125,-0.070312,0.976562
0.298223,0.03125,-0.085938,0.953125
0.298549,0.039062,-0.078125,0.984375
0.298875,0.0625,-0.070312,0.960938
0.299201,0.007812,-0.046875,0.960938
0.299527,0.023438,-0.0625,0.992188
0.299853,0.039062,-0.101562,1.0
0.300179,0.0,-0.03125,0.992188
0.300505,0.039062,-0.101562,0.960938
0.300831,0.03125,-0.0625,0.992188
0.301157,0.023438,-0.085938,0.976562
0.301483,0.023438,-0.046875,1.0
0.301809,0.023438,-0.007812,1.007812
0.302135,0.054688,-0.023438,0.992188
0.302461,0.023438,-0.070312,0.976562
0.302786,0.023438,-0.054688,0.945312
0.303112,0.0625,-0.039062,0.984375
0.303438,0.023438,-0.0625,0.96875
0.303764,0.0625,-0.09375,0.960938
0.30409,0.03125,-0.070312,0.953125
0.304416,0.023438,-0.0625,1.0
0.304742,0.039062,-0.023438,0.992188
0.305068,0.039062,-0.078125,1.0
0.305394,0.0,-0.085938,0.96875
0.30572,0.046875,-0.085938,0.96875
0.306046,0.054688,-0.117188,1.03125
0.306372,0.0,-0.070312,0.976562
0.306698,0.023438,-0.054688,0.984375
0.307024,0.03125,-0.101562,1.007812
0.307349,0.054688,-0.0625,0.984375
0.307675,0.03125,-0.039062,0.953125
0.308001,0.054688,-0.09375,0.992188
0.308327,0.0,-0.054688,0.984375
0.308653,0.054688,-0.0625,1.007812
0.308979,0.015625,-0.070312,0.96875
0.309305,0.039062,-0.101562,0.96875
0.309631,0.0625,-0.070312,0.992188
0.309957,0.046875,-0.085938,1.0
0.310283,0.03125,-0.039062,0.984375
0.310609,0.0625,-0.0625,1.007812
0.310935,0.007812,-0.070312,1.0
0.311261,0.054688,-0.0625,0.960938
0.311586,0.054688,-0.054688,0.945312
0.311912,0.039062,-0.0625,1.015625
0.312238,0.0,-0.0625,0.992188
0.312564,0.015625,-0.0625,0.953125
0.31289,0.023438,-0.078125,0.960938
0.313216,0.03125,-0.046875,0.984375
0.313542,0.0625,-0.039062,0.992188
0.313868,0.015625,-0.09375,0.960938
0.314194,0.054688,-0.078125,0.976562
0.31452,0.046875,-0.046875,0.976562
0.314846,0.054688,-0.117188,0.992188
0.315172,0.023438,-0.078125,1.007812
0.315498,0.039062,-0.0625,0.976562
0.315824,0.046875,-0.085938,0.945312
0.316149,0.046875,-0.0625,0.992188
0.316475,0.054688,-0.085938,0.984375
0.316801,0.054688,-0.03125,0.96875
0.317127,0.0625,-0.070312,1.015625
0.317453,0.03125,-0.039062,1.023438
0.317779,0.046875,-0.070312,0.96875
0.318105,0.039062,-0.117188,0.96875
0.318431,0.070312,-0.078125,0.992188
0.318757,0.039062,-0.039062,0.953125
0.319083,0.046875,-0.101562,0.992188
0.319409,0.054688,-0.070312,0.945312
0.319735,0.0,-0.0625,0.96875
0.320061,0.054688,-0.039062,0.992188
0.320387,0.023438,-0.070312,0.992188
0.320712,0.046875,-0.085938,1.0
0.321038,0.039062,-0.085938,0.976562
0.321364,0.054688,-0.101562,0.96875
0.32169,0.039062,-0.070312,0.96875
0.322016,0.046875,-0.078125,1.007812
0.322342,0.0625,-0.0625,0.992188
0.322668,0.070312,-0.09375,0.984375
0.322994,0.054688,-0.0625,1.039062
0.32332,0.03125,-0.054688,1.023438
0.323646,0.023438,-0.054688,0.984375
0.323972,0.039062,-0.0625,0.96875
0.324298,0.007812,-0.085938,1.0
0.324624,0.046875,-0.070312,1.0
0.32495,0.039062,-0.039062,0.96875
0.325275,0.023438,-0.054688,1.0
0.325601,0.046875,-0.101562,1.0
0.325927,0.007812,-0.054688,0.992188
0.326253,0.007812,-0.03125,0.96875
0.326579,0.03125,-0.070312,0.992188
0.326905,0.007812,-0.054688,0.96875
0.327231,0.023438,-0.070312,0.992188
0.327557,0.039062,-0.070312,0.953125
0.327883,0.054688,-0.078125,0.96875
0.328209,0.054688,-0.054688,0.976562
0.328535,0.015625,-0.039062,0.953125
0.328861,0.0,-0.039062,0.992188
0.329187,0.054688,-0.0625,1.0
0.329512,0.054688,-0.085938,0.992188
0.329838,0.023438,-0.078125,0.976562
0.330164,0.046875,-0.046875,0.960938
0.33049,0.039062,-0.070312,0.953125
0.330816,0.007812,-0.085938,0.9375
0.331142,0.039062,-0.101562,0.992188
0.331468,0.03125,-0.070312,0.9375
0.331794,0.054688,-0.039062,0.984375
0.33212,0.0,-0.085938,1.0
0.332446,0.070312,-0.117188,0.976562
0.332772,0.054688,-0.054688,1.023438
0.333098,0.070312,-0.070312,1.023438
0.333424,0.054688,-0.039062,0.929688
0.33375,0.023438,-0.09375,0.976562
0.334075,0.039062,-0.054688,0.992188
0.334401,0.039062,-0.054688,1.0
0.334727,0.046875,-0.039062,1.0
0.335053,0.054688,-0.0625,0.96875
0.335379,0.046875,-0.039062,1.015625
0.335705,0.0625,-0.070312,1.007812
0.336031,0.023438,-0.078125,0.953125
0.336357,0.046875,-0.085938,1.0
0.336683,0.039062,-0.078125,0.953125
0.337009,0.03125,-0.054688,0.992188
0.337335,0.015625,-0.054688,1.0
0.337661,0.039062,-0.070312,0.945312
0.337987,0.039062,-0.070312,1.0
0.338313,0.023438,-0.09375,0.96875
0.338638,0.0,-0.085938,0.914062
0.338964,0.054688,-0.070312,0.984375
0.33929,0.03125,-0.078125,0.984375
0.339616,0.03125,-0.039062,0.96875
0.339942,0.054688,-0.09375,0.992188
0.340268,0.046875,-0.078125,0.976562
0.340594,0.0625,-0.0625,0.992188
0.34092,0.0,-0.070312,0.992188
0.341246,0.046875,-0.085938,0.96875
0.341572,0.0,-0.0625,0.992188
0.341898,0.039062,-0.070312,0.984375
0.342224,0.03125,-0.054688,0.960938
0.34255,0.070312,-0.0625,1.0
0.342876,0.039062,-0.101562,0.992188
0.343201,0.054688,-0.0625,1.0
0.343527,0.046875,-0.117188,1.007812
0.343853,0.039062,-0.054688,0.992188
0.344179,0.085938,-0.078125,1.03125
0.344505,0.0625,-0.0625,0.992188
0.344831,0.0,-0.078125,1.0
0.345157,0.054688,-0.046875,1.007812
0.345483,0.054688,-0.085938,0.976562
0.345809,0.054688,-0.09375,0.96875
0.346135,0.054688,-0.085938,1.023438
0.346461,0.03125,-0.03125,0.953125
0.346787,0.023438,-0.085938,0.984375
0.347113,0.054688,-0.046875,1.03125
0.347438,0.046875,-0.054688,0.992188
0.347764,0.046875,-0.085938,0.96875
0.34809,0.054688,-0.101562,1.0
0.348416,0.054688,-0.085938,1.0
0.348742,0.070312,-0.070312,0.96875
0.349068,0.039062,-0.085938,0.96875
0.349394,0.054688,-0.085938,0.960938
0.34972,0.03125,-0.117188,0.953125
0.350046,0.054688,-0.054688,0.953125
0.350372,0.0,-0.070312,1.007812
0.350698,0.046875,-0.101562,1.0
0.351024,0.023438,-0.070312,0.984375
0.35135,0.046875,-0.046875,0.953125
0.351676,0.046875,-0.046875,0.945312
0.352001,0.046875,-0.046875,0.90625
0.352327,0.015625,-0.085938,1.007812
0.352653,0.039062,-0.054688,0.984375
0.352979,0.007812,-0.039062,1.007812
0.353305,0.015625,-0.101562,0.992188
0.353631,0.039062,-0.09375,1.0
0.353957,0.0,-0.070312,0.960938
0.354283,0.054688,-0.0625,1.007812
0.354609,0.039062,-0.09375,0.96875
0.354935,0.070312,-0.101562,1.023438
0.355261,0.039062,-0.078125,1.0
0.355587,0.054688,-0.0625,0.96875
0.355913,0.054688,-0.0625,0.992188
0.356239,0.039062,-0.0625,0.96875
0.356564,0.023438,-0.070312,0.984375
0.35689,0.054688,-0.101562,0.976562
0.357216,0.054688,-0.085938,0.984375
0.357542,0.0625,-0.101562,0.992188
0.357868,0.023438,-0.0625,0.992188
0.358194,0.007812,-0.046875,0.976562
0.35852,0.007812,-0.085938,0.960938
0.358846,0.054688,-0.101562,1.0
0.359172,0.007812,-0.046875,0.984375
0.359498,0.054688,-0.046875,1.015625
0.359824,0.054688,-0.054688,0.96875
0.36015,0.03125,-0.0625,0.992188
0.360476,0.054688,-0.078125,0.992188
0.360802,0.023438,-0.039062,0.992188
0.361127,0.023438,-0.0625,0.992188
0.361453,0.054688,-0.039062,1.007812
0.361779,0.03125,-0.046875,1.0
0.362105,0.039062,-0.109375,0.992188
0.362431,0.070312,-0.070312,0.992188
0.362757,0.0625,-0.039062,1.0
0.363083,0.0625,-0.070312,0.992188
0.363409,0.03125,-0.046875,1.0
0.363735,0.046875,-0.078125,1.0
0.364061,0.054688,-0.070312,1.015625
0.364387,0.054688,-0.070312,0.960938
0.364713,0.03125,-0.0625,0.945312
0.365039,0.03125,-0.023438,0.953125
0.365364,0.039062,-0.101562,0.992188
0.36569,0.03125,-0.054688,0.984375
0.366016,0.046875,-0.0625,1.007812
0.366342,0.03125,-0.046875,0.992188
0.366668,0.03125,-0.070312,0.96875
0.366994,0.054688,-0.070312,0.945312
0.36732,0.070312,-0.085938,1.0
0.367646,0.046875,-0.046875,0.984375
0.367972,0.039062,-0.101562,1.0
0.368298,0.046875,-0.101562,0.945312
0.368624,0.007812,-0.0625,0.976562
0.36895,0.023438,-0.09375,0.992188
0.369276,0.039062,-0.054688,0.96875
0.369602,0.046875,-0.101562,1.0
0.369927,0.03125,-0.070312,0.953125
0.370253,0.039062,-0.070312,0.976562
0.370579,0.054688,-0.085938,1.0
0.370905,0.039062,-0.070312,0.945312
0.371231,0.054688,-0.054688,0.992188
0.371557,0.054688,-0.039062,0.992188
0.371883,0.070312,-0.09375,0.984375
0.372209,0.015625,-0.0625,0.96875
0.372535,0.046875,-0.117188,1.0
0.372861,0.023438,-0.070312,1.007812
0.373187,0.007812,-0.070312,0.992188
0.373513,0.054688,-0.054688,0.945312
0.373839,0.03125,-0.09375,0.960938
0.374165,0.046875,-0.0625,0.992188
0.37449,0.054688,-0.09375,0.976562
0.374816,0.039062,-0.070312,0.992188
0.375142,0.03125,-0.132812,0.984375
0.375468,0.039062,-0.039062,1.0
0.375794,0.054688,-0.054688,0.992188
0.37612,0.03125,-0.0625,0.992188
0.376446,0.023438,-0.0625,0.976562
0.376772,0.046875,-0.046875,0.992188
0.377098,0.03125,-0.09375,0.960938
0.377424,0.054688,-0.117188,0.984375
0.37775,0.03125,-0.070312,0.976562
0.378076,0.0625,-0.117188,1.0
0.378402,0.085938,-0.054688,0.953125
0.378728,0.039062,-0.054688,0.945312
0.379053,0.03125,-0.0625,0.960938
0.379379,0.046875,-0.070312,0.96875
0.379705,0.054688,-0.070312,0.96875
0.380031,0.039062,-0.085938,0.992188
0.380357,0.046875,-0.078125,1.007812
0.380683,0.0625,-0.054688,1.0
0.381009,0.039062,-0.070312,0.976562
0.381335,0.015625,-0.0625,0.960938
0.381661,0.007812,-0.101562,0.976562
0.381987,0.039062,-0.085938,1.015625
0.382313,0.023438,-0.03125,1.007812
0.382639,0.015625,-0.085938,1.0
0.382965,0.070312,-0.070312,0.976562
0.38329,0.0,-0.109375,1.0
0.383616,0.046875,-0.039062,1.0
0.383942,0.0625,-0.070312,1.023438
0.384268,0.054688,-0.054688,0.992188
0.384594,0.0625,-0.078125,1.023438
0.38492,0.054688,-0.070312,0.96875
0.385246,0.054688,-0.101562,0.945312
0.385572,0.039062,-0.101562,1.0
0.385898,0.0625,-0.0625,0.96875
0.386224,0.046875,-0.078125,1.0
0.38655,0.054688,-0.125,1.03125
0.386876,0.023438,-0.054688,0.992188
0.387202,0.054688,-0.0625,0.9375
0.387528,0.039062,-0.109375,1.015625
0.387853,0.0625,-0.085938,0.992188
0.388179,0.0625,-0.085938,0.992188
0.388505,0.007812,-0.070312,1.007812
0.388831,0.046875,-0.09375,0.96875
0.389157,0.03125,-0.039062,0.96875
0.389483,0.054688,-0.085938,1.0
0.389809,0.03125,-0.078125,1.0
0.390135,0.046875,-0.09375,0.992188
0.390461,0.0625,-0.101562,1.0
0.390787,0.054688,-0.070312,0.976562
0.391113,0.023438,-0.0625,0.914062
0.391439,0.007812,-0.03125,1.0
0.391765,0.070312,-0.101562,0.953125
0.392091,0.046875,-0.101562,0.976562
0.392416,0.0625,-0.085938,1.007812
0.392742,0.0625,-0.09375,0.976562
0.393068,0.015625,-0.070312,0.976562
0.393394,0.046875,-0.085938,0.992188
0.39372,0.078125,-0.085938,0.992188
0.394046,0.023438,-0.070312,1.007812
0.394372,0.015625,-0.078125,1.0
0.394698,0.0,-0.039062,0.953125
0.395024,0.03125,-0.070312,1.007812
0.39535,0.023438,-0.046875,0.96875
0.395676,0.0625,-0.101562,0.976562
0.396002,0.03125,-0.085938,0.914062
0.396328,0.03125,-0.085938,0.992188
0.396654,0.023438,-0.023438,0.953125
0.396979,0.023438,-0.023438,0.992188
0.397305,0.03125,-0.03125,1.0
0.397631,0.0625,-0.070312,0.960938
0.397957,0.046875,-0.078125,1.0
0.398283,0.054688,-0.09375,0.992188
0.398609,0.0625,-0.117188,1.023438
0.398935,0.046875,-0.078125,1.007812
0.399261,0.039062,-0.078125,0.992188
0.399587,0.007812,-0.0625,0.945312
0.399913,0.03125,-0.078125,0.984375
0.400239,0.023438,-0.101562,0.984375
0.400565,0.0,-0.070312,1.015625
0.400891,0.03125,-0.0625,1.0
0.401216,0.023438,-0.023438,0.960938
0.401542,0.007812,-0.039062,0.953125
0.401868,0.039062,-0.039062,0.960938
0.402194,0.0625,-0.046875,0.929688
0.40252,0.023438,-0.070312,1.0
0.402846,0.015625,-0.070312,0.960938
0.403172,0.023438,-0.039062,0.96875
0.403498,0.054688,-0.078125,0.945312
0.403824,0.046875,-0.09375,1.007812
0.40415,0.054688,-0.054688,0.960938
0.404476,0.03125,-0.070312,0.960938
0.404802,0.046875,-0.070312,1.0
0.405128,0.007812,-0.085938,0.984375
0.405454,0.03125,-0.039062,1.0
0.405779,0.054688,-0.070312,1.0
0.406105,0.039062,-0.0625,1.0
0.406431,0.0,-0.046875,1.007812
0.406757,0.054688,-0.0625,0.992188
0.407083,0.085938,-0.085938,1.007812
0.407409,0.046875,-0.085938,0.960938
0.407735,0.054688,-0.03125,1.007812
0.408061,0.023438,-0.046875,1.0
0.408387,0.054688,-0.070312,1.0
0.408713,0.070312,-0.078125,0.945312
0.409039,0.109375,-0.09375,0.960938
0.409365,0.023438,-0.0625,1.023438
0.409691,0.070312,-0.070312,0.960938
0.410017,0.054688,-0.0625,1.007812
0.410342,0.023438,-0.03125,1.0
0.410668,0.023438,-0.03125,1.015625
0.410994,0.046875,-0.070312,0.960938
0.41132,0.054688,-0.09375,0.992188
0.411646,0.046875,-0.085938,1.0
0.411972,0.023438,-0.0625,0.953125
0.412298,0.03125,-0.070312,0.9375
0.412624,0.023438,-0.0625,1.0
0.41295,0.03125,-0.054688,0.992188
0.413276,0.039062,-0.046875,0.96875
0.413602,0.054688,-0.039062,0.960938
0.413928,0.023438,-0.0625,1.0
0.414254,0.046875,-0.078125,0.945312
0.41458,0.0625,-0.0625,1.007812
0.414905,0.054688,-0.0625,1.054688
0.415231,0.023438,-0.070312,0.929688
0.415557,0.070312,-0.054688,0.945312
0.415883,0.03125,-0.0625,1.0
0.416209,0.039062,-0.109375,0.984375
0.416535,0.03125,-0.09375,0.960938
0.416861,0.03125,-0.070312,0.976562
0.417187,0.03125,-0.039062,0.992188
0.417513,0.054688,-0.039062,0.976562
0.417839,0.039062,-0.070312,1.0
0.418165,0.054688,-0.101562,1.039062
0.418491,0.046875,-0.09375,1.0
0.418817,0.03125,-0.070312,0.992188
0.419142,0.015625,-0.101562,0.96875
0.419468,0.039062,-0.070312,0.96875
0.419794,0.0,-0.078125,0.984375
0.42012,0.023438,-0.046875,0.976562
0.420446,0.03125,-0.09375,0.960938
0.420772,0.0,-0.078125,0.976562
0.421098,0.046875,-0.0625,0.960938
0.421424,0.039062,-0.09375,0.992188
0.42175,0.046875,-0.039062,0.976562
0.422076,0.0,-0.085938,1.015625
0.422402,0.085938,-0.070312,0.953125
0.422728,0.070312,-0.070312,1.0
0.423054,0.054688,-0.054688,0.984375
0.42338,0.039062,-0.0625,1.0
0.423705,0.054688,-0.070312,0.929688
0.424031,0.070312,-0.078125,0.992188
0.424357,0.023438,-0.070312,0.992188
0.424683,0.046875,-0.0625,0.984375
0.425009,0.070312,-0.070312,1.0
0.425335,0.046875,-0.054688,0.992188
0.425661,0.046875,-0.054688,1.0
0.425987,0.007812,-0.085938,1.0
0.426313,0.023438,-0.070312,0.960938
0.426639,0.015625,-0.054688,1.0
0.426965,0.039062,-0.054688,0.992188
0.427291,0.007812,-0.101562,0.96875
0.427617,0.03125,-0.046875,0.992188
0.427943,0.023438,-0.039062,0.992188
0.428268,0.0625,-0.046875,0.960938
0.428594,0.070312,-0.046875,1.0
0.42892,0.078125,-0.078125,1.007812
0.429246,0.054688,-0.117188,0.992188
0.429572,0.054688,-0.109375,0.96875
0.429898,0.070312,-0.054688,0.96875
0.430224,0.007812,-0.054688,0.953125
0.43055,0.007812,-0.046875,0.96875
0.430876,0.039062,-0.085938,0.96875
0.431202,0.03125,-0.0625,1.0
0.431528,0.054688,-0.0625,1.0
0.431854,0.0,-0.101562,0.960938
0.43218,0.0,-0.046875,0.960938
0.432506,0.070312,-0.070312,1.0
0.432831,0.023438,-0.0625,0.960938
0.433157,0.054688,-0.085938,0.992188
0.433483,0.039062,-0.078125,0.984375
0.433809,0.0625,-0.039062,1.0
0.434135,0.023438,-0.070312,1.0
0.434461,0.007812,-0.09375,0.992188
0.434787,0.023438,-0.078125,0.976562
0.435113,0.03125,-0.101562,1.0
0.435439,0.046875,-0.101562,0.953125
0.435765,0.0625,-0.078125,0.992188
0.436091,0.046875,-0.0625,0.945312
0.436417,0.039062,-0.09375,1.0
0.436743,0.039062,-0.054688,0.984375
0.437068,0.046875,-0.046875,0.984375
0.437394,0.070312,-0.125,1.015625
0.43772,0.070312,-0.0625,0.960938
0.438046,0.03125,-0.015625,0.953125
0.438372,0.039062,-0.085938,1.023438
0.438698,0.039062,-0.078125,0.960938
0.439024,0.0625,-0.085938,0.976562
0.43935,0.039062,-0.054688,0.945312
0.439676,0.007812,-0.039062,0.976562
0.440002,0.039062,-0.046875,1.007812
0.440328,0.046875,-0.070312,0.953125
0.440654,0.023438,-0.039062,0.96875
0.44098,0.046875,-0.03125,0.976562
0.441306,0.007812,-0.054688,0.984375
0.441631,0.054688,-0.046875,0.992188
0.441957,0.03125,-0.046875,0.96875
0.442283,0.039062,-0.09375,0.960938
0.442609,0.023438,-0.070312,1.0
0.442935,0.03125,-0.070312,1.0
0.443261,0.03125,-0.070312,0.992188
0.443587,0.0,-0.046875,0.992188
0.443913,0.023438,-0.046875,0.992188
0.444239,0.070312,-0.085938,1.0
0.444565,0.039062,-0.101562,1.0
0.444891,0.03125,-0.070312,0.984375
0.445217,0.023438,-0.046875,0.984375
0.445543,0.046875,-0.054688,0.992188
0.445869,0.070312,-0.046875,0.976562
0.446194,0.0625,-0.046875,0.976562
0.44652,0.039062,-0.09375,0.960938
0.446846,0.03125,-0.070312,0.96875
0.447172,0.078125,-0.09375,1.015625
0.447498,0.007812,-0.0625,1.0
0.447824,0.054688,-0.0625,0.976562
0.44815,0.007812,-0.039062,0.953125
0.448476,0.03125,-0.070312,0.984375
0.448802,0.039062,-0.070312,1.023438
0.449128,0.023438,-0.039062,1.015625
0.449454,0.0625,-0.046875,0.984375
0.44978,0.039062,-0.039062,0.992188
0.450106,0.046875,-0.078125,0.96875
0.450432,0.085938,-0.054688,1.007812
0.450757,0.03125,-0.0625,0.960938
0.451083,0.0625,-0.070312,0.984375
0.451409,0.046875,-0.054688,1.0
0.451735,0.054688,-0.09375,1.0
0.452061,0.039062,-0.085938,0.960938
0.452387,0.0,-0.09375,0.984375
0.452713,0.015625,-0.125,0.960938
0.453039,0.09375,-0.109375,0.992188
0.453365,0.085938,-0.078125,0.992188
0.453691,0.039062,-0.046875,0.945312
0.454017,0.046875,-0.078125,0.984375
0.454343,0.023438,-0.046875,0.945312
0.454669,0.054688,-0.078125,0.992188
0.454994,0.03125,-0.085938,0.992188
0.45532,0.0625,-0.117188,0.96875
0.455646,0.0,-0.09375,0.992188
0.455972,0.015625,-0.054688,0.96875
0.456298,0.023438,-0.039062,0.960938
0.456624,0.046875,-0.078125,0.96875
0.45695,0.039062,-0.101562,0.96875
0.457276,0.023438,-0.085938,0.976562
0.457602,0.046875,-0.109375,0.976562
0.457928,0.03125,-0.0625,0.96875
0.458254,0.0,-0.085938,0.976562
0.45858,0.0625,-0.101562,1.023438
0.458906,0.03125,-0.0625,0.96875
0.459232,0.054688,-0.09375,0.96875
0.459557,0.023438,-0.09375,0.96875
0.459883,0.023438,-0.007812,0.976562
0.460209,0.070312,-0.046875,0.953125
0.460535,0.039062,-0.078125,0.976562
0.460861,0.046875,-0.0625,0.960938
0.461187,0.0625,-0.085938,0.9375
0.461513,0.085938,-0.101562,0.976562
0.461839,0.023438,-0.078125,1.039062
0.462165,0.03125,-0.070312,0.96875
0.462491,0.0625,-0.078125,0.960938
0.462817,0.03125,-0.0625,1.0
0.463143,0.023438,-0.078125,0.96875
0.463469,0.046875,-0.0625,0.992188
0.463795,0.039062,-0.078125,1.007812
0.46412,0.015625,-0.054688,1.007812
0.464446,0.015625,-0.070312,0.976562
0.464772,0.03125,-0.09375,0.976562
0.465098,0.070312,-0.0625,0.992188
0.465424,0.007812,-0.03125,0.984375
0.46575,0.015625,-0.046875,0.96875
0.466076,0.03125,-0.070312,1.007812
0.466402,0.03125,-0.070312,1.0
0.466728,0.023438,-0.078125,0.960938
0.467054,0.0625,-0.03125,0.960938
0.46738,0.03125,-0.078125,1.0
0.467706,0.085938,-0.054688,0.976562
0.468032,0.046875,-0.070312,0.945312
0.468358,0.078125,-0.09375,0.984375
0.468683,0.023438,-0.0625,0.992188
0.469009,0.054688,-0.078125,1.007812
0.469335,0.039062,-0.078125,0.960938
0.469661,0.03125,-0.046875,0.929688
0.469987,0.046875,-0.070312,1.015625
0.470313,0.015625,-0.023438,0.953125
0.470639,0.070312,-0.007812,0.984375
0.470965,0.054688,-0.0625,1.03125
0.471291,0.09375,-0.070312,0.9375
0.471617,0.054688,-0.046875,0.992188
0.471943,0.054688,-0.085938,0.960938
0.472269,0.015625,-0.078125,0.976562
0.472595,0.070312,-0.0625,0.945312
0.47292,0.046875,-0.125,0.976562
0.473246,0.0625,-0.101562,0.96875
0.473572,0.0625,-0.070312,0.96875
0.473898,0.070312,-0.09375,0.976562
0.474224,0.03125,-0.09375,0.984375
0.47455,0.046875,-0.078125,0.96875
0.474876,0.054688,-0.09375,0.945312
0.475202,0.03125,-0.070312,0.976562
0.475528,0.0,-0.070312,0.984375
0.475854,0.039062,-0.054688,0.9375
0.47618,0.023438,-0.046875,0.945312
0.476506,0.039062,-0.132812,0.976562
0.476832,0.054688,-0.078125,1.007812
0.477158,0.046875,-0.101562,0.992188
0.477483,0.03125,-0.054688,0.9375
0.477809,0.070312,-0.09375,1.0
0.478135,0.046875,-0.054688,1.007812
0.478461,0.039062,-0.109375,0.960938
0.478787,0.03125,-0.070312,0.960938
0.479113,0.0,-0.078125,1.015625
0.479439,0.015625,-0.085938,0.96875
0.479765,0.039062,-0.046875,1.007812
0.480091,0.046875,-0.0625,0.96875
0.480417,0.046875,-0.039062,0.945312
0.480743,0.039062,-0.109375,1.007812
0.481069,0.023438,-0.0625,0.96875
0.481395,0.046875,-0.046875,1.0
0.481721,0.046875,-0.03125,0.992188
0.482046,0.039062,-0.054688,0.9375
0.482372,0.078125,-0.09375,1.015625
0.482698,0.039062,-0.0625,0.960938
0.483024,0.007812,-0.070312,0.984375
0.48335,0.054688,-0.085938,0.992188
0.483676,0.046875,-0.078125,1.0
0.484002,0.03125,-0.101562,0.960938
0.484328,0.046875,-0.054688,0.992188
0.484654,0.046875,-0.054688,0.960938
0.48498,0.023438,-0.101562,0.96875
0.485306,0.070312,-0.0625,1.0
0.485632,0.054688,-0.085938,0.992188
0.485958,0.0,-0.101562,1.0
0.486284,0.046875,-0.046875,0.953125
0.486609,0.015625,-0.101562,1.0
0.486935,0.054688,-0.09375,1.0
0.487261,0.0625,-0.117188,1.0
0.487587,0.039062,-0.085938,1.0
0.487913,0.015625,-0.078125,0.96875
0.488239,0.015625,-0.085938,1.007812
0.488565,0.0625,-0.070312,0.992188
0.488891,0.039062,-0.0625,0.976562
0.489217,0.023438,-0.070312,0.976562
0.489543,0.070312,-0.0625,0.984375
0.489869,0.023438,-0.0625,0.953125
0.490195,0.0625,-0.0625,0.976562
0.490521,0.03125,-0.0625,0.960938
0.490846,0.054688,-0.085938,0.945312
0.491172,0.039062,-0.054688,0.992188
0.491498,0.007812,-0.070312,1.0
0.491824,0.070312,-0.0625,0.992188
0.49215,0.007812,-0.078125,0.992188
0.492476,0.046875,-0.078125,0.992188
0.492802,0.046875,-0.09375,1.0
0.493128,0.054688,-0.0625,0.953125
0.493454,0.0625,-0.039062,0.992188
0.49378,0.0625,-0.085938,0.992188
0.494106,0.0,-0.085938,1.007812
0.494432,0.046875,-0.101562,0.960938
0.494758,0.046875,-0.085938,1.0
0.495084,0.023438,-0.070312,1.0
0.495409,0.054688,-0.125,0.992188
0.495735,0.046875,-0.078125,1.023438
0.496061,0.046875,-0.09375,1.0
0.496387,0.0,-0.0625,0.976562
0.496713,0.046875,-0.125,0.992188
0.497039,0.015625,-0.070312,0.945312
0.497365,0.039062,-0.039062,0.953125
0.497691,0.0,-0.085938,0.96875
0.498017,0.03125,-0.101562,0.984375
0.498343,0.015625,-0.070312,0.929688
0.498669,0.046875,-0.0625,0.929688
0.498995,0.039062,-0.046875,1.0
0.499321,0.023438,-0.054688,0.953125
0.499647,0.039062,-0.085938,0.976562
0.499972,0.054688,-0.0625,0.960938
0.500298,0.039062,-0.109375,0.96875
0.500624,0.03125,-0.0625,0.960938
0.50095,0.046875,-0.078125,0.992188
0.501276,0.0625,-0.054688,0.992188
0.501602,0.046875,-0.070312,0.976562
0.501928,0.046875,-0.132812,1.015625
0.502254,0.0625,-0.109375,0.976562
0.50258,0.054688,-0.054688,1.007812
0.502906,0.054688,-0.085938,0.96875
0.503232,0.023438,-0.101562,0.984375
0.503558,0.054688,-0.046875,0.992188
0.503884,0.054688,-0.039062,0.960938
0.50421,0.070312,-0.085938,1.0
0.504535,0.039062,-0.070312,0.96875
0.504861,0.046875,-0.109375,0.992188
0.505187,0.070312,-0.0625,0.960938
0.505513,0.03125,-0.070312,0.992188
0.505839,0.03125,-0.078125,1.023438
0.506165,0.0,-0.046875,0.929688
0.506491,0.039062,-0.09375,0.992188
0.506817,0.03125,-0.125,0.976562
0.507143,0.0625,-0.0625,0.984375
0.507469,0.054688,-0.078125,1.0
0.507795,0.023438,-0.03125,0.96875
0.508121,0.007812,-0.070312,0.945312
0.508447,0.03125,-0.023438,0.960938
0.508772,0.039062,-0.085938,0.960938
0.509098,0.046875,-0.070312,0.992188
0.509424,0.0625,-0.078125,0.976562
0.50975,0.03125,-0.03125,0.992188
0.510076,0.039062,-0.054688,0.976562
0.510402,0.023438,-0.070312,0.96875
0.510728,0.054688,-0.046875,0.976562
0.511054,0.039062,-0.078125,0.984375
0.51138,0.039062,-0.070312,0.976562
0.511706,0.039062,-0.0625,0.992188
0.512032,0.039062,-0.078125,0.992188
0.512358,0.054688,-0.03125,0.96875
0.512684,0.070312,-0.015625,0.976562
0.51301,0.039062,-0.046875,0.96875
0.513335,0.0625,-0.101562,0.953125
0.513661,0.0625,-0.070312,0.960938
0.513987,0.039062,-0.085938,0.992188
0.514313,0.054688,-0.0625,1.0
0.514639,0.039062,-0.046875,0.96875
0.514965,0.054688,-0.054688,0.960938
0.515291,0.007812,-0.070312,0.945312
0.515617,0.070312,-0.046875,0.96875
0.515943,0.03125,-0.09375,1.0
0.516269,0.039062,-0.078125,0.984375
0.516595,0.023438,-0.070312,0.96875
0.516921,0.023438,-0.0625,0.992188
0.517247,0.039062,-0.070312,0.984375
0.517573,0.039062,-0.085938,0.960938
0.517898,0.054688,-0.078125,0.984375
0.518224,0.039062,-0.070312,0.976562
0.51855,0.023438,-0.046875,0.984375
0.518876,0.0,-0.046875,0.984375
0.519202,0.007812,-0.070312,1.0
0.519528,0.023438,-0.054688,0.976562
0.519854,0.039062,-0.023438,0.984375
0.52018,0.054688,-0.09375,1.0
0.520506,0.023438,-0.09375,0.992188
0.520832,0.085938,-0.078125,0.984375
0.521158,0.046875,-0.0625,0.992188
0.521484,0.039062,-0.101562,1.0
0.52181,0.007812,-0.046875,0.929688
0.522136,0.007812,-0.039062,0.960938
0.522461,0.015625,-0.0625,0.960938
0.522787,0.015625,-0.070312,1.0
0.523113,0.023438,-0.101562,1.0
0.523439,0.015625,-0.054688,0.960938
0.523765,0.046875,-0.0625,0.976562
0.524091,0.054688,-0.046875,1.0
0.524417,0.078125,-0.054688,1.039062
0.524743,0.0625,-0.0625,0.984375
0.525069,0.039062,0.0,1.0
0.525395,0.046875,-0.023438,0.976562
0.525721,0.007812,-0.070312,0.945312
0.526047,0.0,-0.070312,0.960938
0.526373,0.0625,-0.054688,1.007812
0.526698,0.03125,-0.101562,0.992188
0.527024,0.007812,-0.054688,1.0
0.52735,0.09375,-0.054688,0.96875
0.527676,0.023438,-0.085938,0.960938
0.528002,0.0,-0.070312,1.0
0.528328,0.023438,-0.070312,0.898438
0.528654,0.0625,-0.117188,0.976562
0.52898,0.046875,-0.039062,0.953125
0.529306,0.046875,-0.078125,1.023438
0.529632,0.054688,-0.070312,1.007812
0.529958,0.054688,-0.070312,1.023438
0.530284,0.046875,-0.09375,1.015625
0.53061,0.0625,-0.039062,0.96875
0.530936,0.039062,-0.070312,0.953125
0.531261,0.054688,-0.046875,1.0
0.531587,0.03125,-0.09375,0.960938
0.531913,0.03125,-0.085938,0.984375
0.532239,0.0,-0.117188,0.992188
0.532565,0.03125,-0.0625,1.0
0.532891,0.046875,-0.0625,0.984375
0.533217,0.023438,-0.054688,1.007812
0.533543,0.03125,-0.03125,0.960938
0.533869,0.0625,-0.085938,0.984375
0.534195,0.054688,-0.070312,0.984375
0.534521,0.007812,-0.054688,0.96875
0.534847,0.046875,-0.085938,0.984375
0.535173,0.007812,-0.039062,1.023438
0.535499,0.054688,-0.039062,1.0
0.535824,0.039062,-0.0625,1.007812
0.53615,0.0,-0.078125,0.960938
0.536476,0.078125,-0.085938,1.0
0.536802,0.007812,-0.078125,1.015625
0.537128,0.0,-0.070312,1.015625
0.537454,0.09375,-0.117188,0.992188
0.53778,0.046875,-0.085938,0.929688
0.538106,0.03125,-0.078125,0.984375
0.538432,0.046875,-0.085938,0.992188
0.538758,0.03125,-0.0625,0.984375
0.539084,0.046875,-0.03125,0.945312
0.53941,0.046875,-0.039062,0.953125
0.539736,0.03125,-0.09375,1.0
0.540062,0.054688,-0.117188,0.960938
0.540387,0.023438,-0.03125,0.960938
0.540713,0.03125,-0.117188,0.976562
0.541039,0.03125,-0.039062,0.984375
0.541365,0.039062,-0.09375,0.984375
0.541691,0.046875,-0.101562,0.992188
0.542017,0.03125,-0.070312,0.945312
0.542343,0.046875,-0.101562,0.992188
0.542669,0.023438,-0.070312,1.0
0.542995,0.0,-0.054688,0.9375
0.543321,0.046875,-0.070312,0.96875
0.543647,0.046875,-0.0625,0.984375
0.543973,0.023438,-0.070312,0.953125
0.544299,0.046875,-0.046875,0.929688
0.544624,0.023438,-0.023438,0.945312
0.54495,0.054688,-0.046875,0.960938
0.545276,0.0,-0.0625,1.0
0.545602,0.085938,-0.09375,1.015625
0.545928,0.023438,-0.117188,1.0
0.546254,0.007812,-0.078125,0.929688
0.54658,0.046875,-0.09375,1.0
0.546906,0.023438,-0.070312,0.960938
0.547232,0.03125,-0.09375,0.992188
0.547558,0.046875,-0.125,1.0
0.547884,0.03125,-0.09375,1.0
0.54821,0.015625,-0.0625,0.984375
0.548536,0.007812,-0.070312,1.007812
0.548862,0.054688,-0.09375,1.0
0.549187,0.054688,-0.117188,0.9375
0.549513,0.039062,-0.078125,1.0
0.549839,0.023438,-0.117188,0.960938
0.550165,0.0,-0.03125,0.96875
0.550491,0.015625,-0.03125,1.0
0.550817,0.007812,-0.085938,0.976562
0.551143,0.023438,-0.070312,0.992188
0.551469,0.03125,-0.0625,0.96875
0.551795,0.015625,-0.117188,0.976562
0.552121,0.023438,-0.078125,1.0
0.552447,0.023438,-0.054688,0.914062
0.552773,0.039062,-0.046875,0.929688
0.553099,0.03125,-0.070312,1.0
0.553425,0.03125,-0.078125,0.953125
0.55375,0.015625,-0.046875,0.96875
0.554076,0.054688,-0.054688,0.96875
0.554402,0.015625,-0.070312,1.007812
0.554728,0.054688,-0.046875,0.96875
0.555054,0.015625,-0.039062,1.007812
0.55538,0.023438,-0.046875,0.960938
0.555706,0.070312,-0.101562,0.960938
0.556032,0.007812,-0.046875,1.0
0.556358,0.070312,-0.078125,0.953125
0.556684,0.007812,-0.0625,0.953125
0.55701,0.054688,-0.078125,0.984375
0.557336,0.054688,-0.070312,0.984375
0.557662,0.0625,-0.054688,0.984375
0.557988,0.023438,-0.023438,0.953125
0.558313,0.007812,-0.085938,1.007812
0.558639,0.03125,-0.054688,1.015625
0.558965,0.046875,-0.101562,1.007812
0.559291,0.0625,-0.046875,0.992188
0.559617,0.03125,-0.085938,1.007812
0.559943,0.03125,-0.117188,0.976562
0.560269,0.046875,-0.0625,0.984375
0.560595,0.023438,-0.09375,0.992188
0.560921,0.039062,-0.085938,0.976562
0.561247,0.0625,-0.085938,1.007812
0.561573,0.023438,-0.0625,0.96875
0.561899,0.0625,-0.046875,0.992188
0.562225,0.054688,-0.054688,1.0
0.56255,0.007812,-0.140625,0.96875
0.562876,0.054688,-0.101562,1.023438
0.563202,0.039062,-0.0625,1.015625
0.563528,0.054688,-0.085938,0.992188
0.563854,0.0625,-0.117188,1.046875
0.56418,0.007812,-0.101562,0.976562
0.564506,0.054688,-0.117188,0.976562
0.564832,0.070312,-0.070312,1.0
0.565158,0.054688,-0.054688,1.0
0.565484,0.03125,-0.070312,0.945312
0.56581,0.007812,-0.015625,1.007812
0.566136,0.039062,-0.078125,0.976562
0.566462,0.046875,-0.039062,1.007812
0.566788,0.070312,-0.054688,0.976562
0.567113,0.046875,-0.070312,0.992188
0.567439,0.0625,-0.109375,1.0
0.567765,0.054688,-0.109375,1.007812
0.568091,0.03125,-0.085938,0.976562
0.568417,0.023438,-0.078125,0.992188
0.568743,0.03125,-0.070312,1.0
0.569069,0.046875,-0.070312,1.0
0.569395,0.046875,-0.039062,0.96875
0.569721,0.0,-0.054688,1.0
0.570047,0.054688,-0.085938,1.0
0.570373,0.054688,-0.0625,0.992188
0.570699,0.015625,-0.0625,1.0
0.571025,0.0625,-0.054688,0.992188
0.571351,0.054688,-0.09375,1.0
0.571676,0.054688,-0.039062,0.992188
0.572002,0.03125,-0.054688,1.0
0.572328,0.054688,-0.078125,1.0
0.572654,0.023438,-0.085938,0.960938
0.57298,0.054688,-0.101562,1.0
0.573306,0.023438,-0.09375,0.984375
0.573632,0.015625,-0.070312,0.992188
0.573958,0.070312,-0.101562,0.945312
0.574284,0.03125,-0.054688,0.976562
0.57461,0.046875,-0.085938,0.992188
0.574936,0.039062,-0.085938,1.007812
0.575262,0.070312,-0.078125,0.992188
0.575588,0.070312,-0.070312,1.0
0.575914,0.085938,-0.078125,1.0
0.576239,0.078125,-0.085938,1.007812
0.576565,0.023438,-0.0625,0.953125
0.576891,0.070312,-0.070312,0.976562
0.577217,0.046875,-0.070312,1.0
0.577543,0.03125,-0.03125,0.992188
0.577869,0.007812,-0.070312,1.0
0.578195,0.03125,-0.078125,0.976562
0.578521,0.054688,-0.085938,0.96875
0.578847,0.054688,-0.046875,0.992188
0.579173,0.03125,-0.078125,1.007812
0.579499,0.023438,-0.070312,1.0
0.579825,0.039062,-0.070312,0.984375
0.580151,0.0,-0.070312,1.0
0.580476,0.007812,-0.0625,1.007812
0.580802,0.03125,-0.0625,0.992188
0.581128,0.015625,-0.09375,0.96875
0.581454,0.023438,-0.078125,0.984375
0.58178,0.054688,-0.039062,0.960938
0.582106,0.023438,-0.0625,0.984375
0.582432,0.023438,-0.078125,0.992188
0.582758,0.085938,-0.09375,1.0
0.583084,0.03125,-0.054688,0.992188
0.58341,0.085938,-0.109375,0.992188
0.583736,0.054688,-0.09375,1.03125
0.584062,0.039062,-0.09375,0.945312
0.584388,0.03125,-0.085938,0.976562
0.584714,0.046875,-0.070312,0.976562
0.585039,0.007812,-0.070312,0.96875
0.585365,0.054688,-0.09375,0.96875
0.585691,0.046875,-0.09375,1.023438
0.586017,0.039062,-0.085938,1.023438
0.586343,0.007812,-0.109375,0.984375
0.586669,0.046875,-0.09375,0.976562
0.586995,0.0,-0.078125,0.945312
0.587321,0.03125,-0.039062,0.992188
0.587647,0.046875,-0.0625,1.015625
0.587973,0.03125,-0.054688,0.984375
0.588299,0.054688,-0.015625,0.984375
0.588625,0.015625,-0.039062,0.9375
0.588951,0.054688,-0.070312,0.984375
0.589277,0.023438,-0.0625,1.0
0.589602,0.054688,-0.070312,0.960938
0.589928,0.0625,-0.085938,0.992188
0.590254,0.0,-0.0625,0.976562
0.59058,0.039062,-0.101562,1.023438
0.590906,0.03125,-0.070312,1.015625
0.591232,0.070312,-0.078125,0.992188
0.591558,0.039062,-0.0625,1.0
0.591884,0.015625,-0.085938,0.914062
0.59221,0.039062,-0.09375,1.0
0.592536,0.054688,-0.070312,0.945312
0.592862,0.039062,-0.0625,1.023438
0.593188,0.046875,-0.101562,0.984375
0.593514,0.039062,-0.132812,1.023438
0.59384,0.0625,-0.070312,0.992188
0.594165,0.015625,-0.070312,0.984375
0.594491,0.0625,-0.070312,1.007812
0.594817,0.03125,-0.09375,0.992188
0.595143,0.023438,-0.0625,0.984375
0.595469,0.085938,-0.125,1.015625
0.595795,0.03125,-0.085938,0.96875
0.596121,0.078125,-0.0625,0.960938
0.596447,0.03125,-0.054688,1.0
0.596773,0.023438,-0.070312,1.0
0.597099,0.09375,-0.101562,0.976562
0.597425,0.039062,-0.039062,1.0
0.597751,0.0,-0.085938,1.0
0.598077,0.0,-0.085938,0.976562
0.598402,0.023438,-0.039062,0.953125
0.598728,0.03125,-0.0625,1.0
0.599054,0.03125,-0.085938,0.953125
0.59938,0.054688,-0.070312,0.96875
0.599706,0.046875,-0.085938,0.9375
0.600032,0.046875,-0.054688,1.0
0.600358,0.054688,-0.078125,0.96875
0.600684,0.078125,-0.070312,0.929688
0.60101,0.0,-0.0625,1.0
0.601336,0.0625,-0.117188,1.023438
0.601662,0.0,-0.085938,0.96875
0.601988,0.015625,-0.039062,0.976562
0.602314,0.0,-0.101562,0.96875
0.60264,0.023438,-0.070312,0.9375
0.602965,0.054688,-0.101562,0.992188
0.603291,0.054688,-0.085938,1.015625
0.603617,0.054688,-0.09375,0.992188
0.603943,0.0625,-0.0625,1.0
0.604269,0.039062,-0.0625,0.992188
0.604595,0.03125,-0.0625,0.96875
0.604921,0.03125,-0.03125,0.96875
0.605247,0.03125,-0.125,1.0
0.605573,0.054688,-0.109375,0.992188
0.605899,0.0625,-0.101562,1.0
0.606225,0.023438,-0.078125,1.0
0.606551,0.015625,-0.070312,0.992188
0.606877,0.03125,-0.101562,1.007812
0.607203,0.054688,-0.039062,0.984375
0.607528,0.046875,-0.054688,0.976562
0.607854,0.054688,-0.09375,0.960938
0.60818,0.0625,-0.039062,0.960938
0.608506,0.039062,-0.078125,0.992188
0.608832,0.0625,-0.039062,0.992188
0.609158,0.039062,-0.101562,0.992188
0.609484,0.007812,-0.101562,1.0
0.60981,0.03125,-0.0625,0.976562
0.610136,0.054688,-0.070312,0.992188
0.610462,0.0625,-0.054688,0.945312
0.610788,0.046875,-0.125,1.007812
0.611114,0.0625,-0.09375,0.984375
0.61144,0.039062,-0.0625,0.984375
0.611766,0.046875,-0.046875,1.015625
0.612091,0.03125,-0.0625,0.945312
0.612417,0.023438,-0.09375,0.929688
0.612743,0.054688,-0.054688,1.007812
0.613069,0.023438,-0.078125,0.984375
0.613395,0.03125,-0.0625,0.984375
0.613721,0.054688,-0.070312,0.953125
0.614047,0.0625,-0.085938,0.992188
0.614373,0.054688,-0.078125,0.976562
0.614699,0.054688,-0.085938,0.992188
0.615025,0.046875,-0.070312,1.023438
0.615351,0.015625,-0.039062,0.960938
0.615677,0.039062,-0.054688,0.960938
0.616003,0.0,-0.078125,0.992188
0.616328,0.023438,-0.070312,0.976562
0.616654,0.039062,-0.09375,0.960938
0.61698,0.046875,-0.109375,0.992188
0.617306,0.007812,-0.070312,0.96875
0.617632,0.007812,-0.09375,0.960938
0.617958,0.039062,-0.085938,0.976562
0.618284,0.0625,-0.070312,0.945312
0.61861,0.070312,-0.070312,1.023438
0.618936,0.0625,-0.085938,1.0
0.619262,0.015625,-0.039062,0.984375
0.619588,0.007812,-0.0625,0.976562
0.619914,0.039062,-0.0625,0.976562
0.62024,0.054688,-0.101562,1.0
0.620566,0.03125,-0.046875,0.953125
0.620891,0.054688,-0.101562,0.96875
0.621217,0.023438,-0.070312,1.0
0.621543,0.054688,-0.078125,1.0
0.621869,0.054688,-0.09375,0.992188
0.622195,0.015625,-0.039062,0.929688
0.622521,0.03125,-0.09375,1.015625
0.622847,0.03125,-0.054688,0.96875
0.623173,0.046875,-0.070312,1.0
0.623499,0.039062,-0.0625,0.945312
0.623825,0.015625,-0.070312,0.984375
0.624151,0.023438,-0.054688,0.960938
0.624477,0.039062,-0.070312,0.976562
0.624803,0.015625,-0.085938,0.96875
0.625129,0.078125,-0.117188,1.0
0.625454,0.0625,-0.109375,0.984375
0.62578,0.070312,-0.046875,0.9375
0.626106,0.039062,-0.070312,0.960938
0.626432,0.039062,-0.078125,0.992188
0.626758,0.023438,-0.078125,0.960938
0.627084,0.023438,-0.054688,0.9375
0.62741,0.0625,-0.023438,0.992188
0.627736,0.023438,-0.078125,1.007812
0.628062,0.070312,-0.078125,1.0
0.628388,0.03125,-0.09375,1.0
0.628714,0.039062,-0.054688,0.929688
0.62904,0.046875,-0.070312,0.984375
0.629366,0.046875,-0.054688,0.992188
0.629692,0.054688,-0.070312,1.0
0.630017,0.039062,-0.0625,1.015625
0.630343,0.046875,-0.054688,0.992188
0.630669,0.007812,-0.054688,0.960938
0.630995,0.054688,-0.078125,1.007812
0.631321,0.023438,-0.046875,0.945312
0.631647,0.0625,-0.0625,0.984375
0.631973,0.0625,-0.03125,0.976562
0.632299,0.085938,-0.085938,1.0
0.632625,0.046875,-0.101562,1.0
0.632951,0.039062,-0.101562,1.0
0.633277,0.0,-0.078125,0.953125
0.633603,0.03125,-0.054688,0.992188
0.633929,0.046875,-0.085938,1.0
0.634254,0.054688,-0.078125,1.007812
0.63458,0.03125,-0.078125,0.960938
0.634906,0.054688,-0.085938,0.945312
0.635232,0.054688,-0.0625,0.953125
0.635558,0.03125,-0.085938,0.945312
0.635884,0.007812,-0.109375,1.0
0.63621,0.046875,-0.054688,0.96875
0.636536,0.015625,-0.039062,0.984375
0.636862,0.039062,-0.078125,0.976562
0.637188,0.023438,-0.117188,0.960938
0.637514,0.039062,-0.078125,0.945312
0.63784,0.0625,-0.039062,1.0
0.638166,0.03125,-0.0625,1.007812
0.638492,0.023438,-0.085938,1.0
0.638817,0.03125,-0.070312,1.0
0.639143,0.054688,-0.085938,1.0
0.639469,0.023438,-0.023438,0.96875
0.639795,0.0625,-0.070312,1.007812
0.640121,0.054688,-0.070312,0.992188
0.640447,0.015625,-0.03125,0.953125
0.640773,0.070312,-0.085938,1.0
0.641099,0.054688,-0.085938,1.023438
0.641425,0.054688,-0.070312,0.992188
0.641751,0.023438,-0.054688,0.96875
0.642077,0.023438,-0.03125,0.976562
0.642403,0.0625,-0.085938,1.015625
0.642729,0.023438,-0.03125,0.96875
0.643055,0.039062,-0.0625,0.9375
0.64338,0.023438,-0.085938,0.96875
0.643706,0.023438,-0.0625,0.992188
0.644032,0.054688,-0.046875,1.007812
0.644358,0.046875,-0.085938,0.960938
0.644684,0.015625,-0.039062,0.945312
0.64501,0.015625,-0.070312,0.984375
0.645336,0.03125,-0.078125,0.960938
0.645662,0.0,-0.070312,0.984375
0.645988,0.023438,-0.085938,0.96875
0.646314,0.046875,-0.078125,0.976562
0.64664,0.078125,-0.0625,1.007812
0.646966,0.03125,-0.039062,1.0
0.647292,0.023438,-0.085938,0.984375
0.647618,0.023438,-0.0625,1.0
0.647943,0.03125,-0.09375,0.945312
0.648269,0.046875,-0.078125,1.023438
0.648595,0.03125,-0.085938,1.0
0.648921,0.054688,-0.078125,0.96875
0.649247,0.046875,-0.070312,1.0
0.649573,0.03125,-0.046875,0.96875
0.649899,0.039062,-0.046875,1.0
0.650225,0.03125,-0.0625,1.0
0.650551,0.046875,-0.046875,0.992188
0.650877,0.015625,-0.039062,0.992188
0.651203,0.023438,-0.03125,0.976562
0.651529,0.046875,-0.046875,0.96875
0.651855,0.0625,-0.0625,1.0
0.652181,0.03125,-0.085938,0.960938
0.652506,0.046875,-0.101562,0.992188
0.652832,0.0625,-0.0625,0.992188
0.653158,0.015625,-0.046875,0.960938
0.653484,0.054688,-0.09375,1.0
0.65381,0.0625,-0.085938,0.960938
0.654136,0.015625,-0.078125,0.960938
0.654462,0.0625,-0.085938,0.984375
0.654788,0.03125,-0.078125,1.0
0.655114,0.039062,-0.070312,0.96875
0.65544,0.046875,-0.078125,0.984375
0.655766,0.023438,-0.054688,0.96875
0.656092,0.046875,-0.0625,0.992188
0.656418,0.054688,-0.039062,0.96875
0.656743,0.03125,-0.070312,1.0
0.657069,0.046875,-0.09375,1.023438
0.657395,0.023438,-0.070312,0.96875
0.657721,0.078125,-0.070312,0.960938
0.658047,0.054688,-0.09375,0.960938
0.658373,0.054688,-0.070312,0.976562
0.658699,0.039062,-0.078125,0.992188
0.659025,0.03125,-0.09375,0.953125
0.659351,0.054688,-0.101562,1.023438
0.659677,0.023438,-0.070312,0.992188
0.660003,0.046875,-0.054688,1.007812
0.660329,0.101562,-0.085938,0.960938
0.660655,0.03125,-0.0625,1.054688
0.660981,0.023438,-0.078125,1.0
0.661306,0.023438,-0.070312,1.007812
0.661632,0.046875,-0.015625,0.9375
0.661958,0.023438,-0.054688,1.0
0.662284,0.039062,-0.070312,0.960938
0.66261,0.007812,-0.070312,0.960938
0.662936,0.03125,-0.070312,0.984375
0.663262,0.023438,-0.054688,0.992188
0.663588,0.039062,-0.101562,0.976562
0.663914,0.023438,-0.070312,1.0
0.66424,0.023438,-0.054688,0.992188
0.664566,0.007812,-0.070312,1.015625
0.664892,0.03125,-0.046875,0.984375
0.665218,0.039062,-0.039062,0.992188
0.665544,0.03125,-0.0625,0.929688
0.665869,0.0,-0.085938,0.976562
0.666195,0.039062,-0.070312,0.96875
0.666521,0.023438,-0.09375,0.984375
0.666847,0.03125,-0.09375,0.960938
0.667173,0.007812,-0.085938,0.976562
0.667499,0.046875,-0.09375,0.96875
0.667825,0.0,-0.09375,0.992188
0.668151,0.023438,-0.101562,0.992188
0.668477,0.015625,-0.054688,1.0
0.668803,0.054688,-0.046875,0.976562
0.669129,0.03125,-0.046875,1.0
0.669455,0.015625,-0.101562,0.984375
0.669781,0.023438,-0.0625,0.976562
0.670107,0.039062,-0.078125,0.960938
0.670432,0.007812,-0.125,0.960938
0.670758,0.046875,-0.101562,0.960938
0.671084,0.0625,-0.070312,0.921875
0.67141,0.039062,-0.039062,1.0
0.671736,0.039062,-0.03125,1.03125
0.672062,0.03125,-0.070312,0.992188
0.672388,0.054688,-0.0625,0.992188
0.672714,0.023438,-0.0625,1.015625
0.67304,0.039062,-0.078125,0.976562
0.673366,0.09375,-0.085938,0.992188
0.673692,0.03125,-0.039062,0.953125
0.674018,0.023438,-0.0625,1.0
0.674344,0.054688,-0.054688,1.0
0.674669,0.078125,-0.085938,0.914062
0.674995,0.0625,-0.101562,0.929688
0.675321,0.039062,-0.101562,0.914062
0.675647,0.0625,-0.09375,0.9375
0.675973,0.046875,-0.078125,0.976562
0.676299,0.03125,-0.070312,0.992188
0.676625,0.039062,-0.054688,0.984375
0.676951,0.054688,-0.078125,1.0
0.677277,0.015625,-0.085938,1.03125
0.677603,0.023438,-0.070312,1.015625
0.677929,0.039062,-0.085938,0.96875
0.678255,0.046875,-0.085938,0.9375
0.678581,0.0625,-0.078125,0.96875
0.678907,0.054688,-0.085938,1.0
0.679232,0.054688,-0.046875,1.0
0.679558,0.0,-0.078125,1.0
0.679884,0.070312,-0.101562,0.945312
0.68021,0.046875,-0.046875,1.0
0.680536,0.070312,-0.054688,0.90625
0.680862,0.0,-0.101562,1.0
0.681188,0.039062,-0.070312,0.992188
0.681514,0.046875,-0.070312,0.960938
0.68184,0.046875,-0.085938,0.992188
0.682166,0.039062,-0.0625,0.976562
0.682492,0.039062,-0.070312,0.992188
0.682818,0.070312,-0.109375,0.984375
0.683144,0.007812,-0.054688,0.992188
0.68347,0.0625,-0.039062,0.992188
0.683795,0.039062,-0.070312,0.96875
0.684121,0.03125,-0.054688,0.976562
0.684447,0.054688,-0.039062,0.984375
0.684773,0.023438,-0.023438,1.0
0.685099,0.046875,-0.078125,1.015625
0.685425,0.0,-0.046875,0.984375
0.685751,0.0,-0.046875,1.0
0.686077,0.0625,-0.101562,1.007812
0.686403,0.046875,-0.070312,1.0
0.686729,0.03125,-0.0625,1.0
0.687055,0.046875,-0.085938,1.0
0.687381,0.039062,-0.085938,1.015625
0.687707,0.054688,-0.0625,1.0
0.688033,0.054688,-0.03125,1.0
0.688358,0.039062,-0.085938,0.96875
0.688684,0.054688,-0.0625,1.007812
0.68901,0.039062,-0.0625,0.9375
0.689336,0.03125,-0.078125,0.96875
0.689662,0.039062,-0.070312,1.0
0.689988,0.0,-0.09375,1.0
0.690314,0.0,-0.0625,0.960938
0.69064,0.03125,-0.101562,0.96875
0.690966,0.023438,-0.0625,0.984375
0.691292,0.03125,-0.039062,0.960938
0.691618,0.046875,-0.085938,0.992188
0.691944,0.070312,-0.046875,0.992188
0.69227,0.007812,-0.0625,0.953125
0.692595,0.039062,-0.054688,1.0
0.692921,0.023438,-0.046875,0.9375
0.693247,0.0,-0.101562,1.0
0.693573,0.046875,-0.0625,0.992188
0.693899,0.03125,-0.046875,1.023438
0.694225,0.0625,-0.070312,0.992188
0.694551,0.070312,-0.054688,0.984375
0.694877,0.0625,-0.039062,0.992188
0.695203,0.046875,-0.0625,0.984375
0.695529,0.046875,-0.054688,0.992188
0.695855,0.023438,-0.054688,0.992188
0.696181,0.0625,-0.09375,0.960938
0.696507,0.03125,-0.085938,0.960938
0.696833,0.039062,-0.0625,1.0
0.697158,0.070312,-0.085938,0.96875
0.697484,0.007812,-0.0625,0.984375
0.69781,0.0625,-0.0625,0.976562
0.698136,0.039062,-0.046875,0.960938
0.698462,0.0625,-0.046875,0.992188
0.698788,0.007812,-0.070312,1.0
0.699114,0.054688,-0.09375,0.992188
0.69944,0.0625,-0.070312,0.960938
0.699766,0.070312,-0.0625,1.0
0.700092,0.039062,-0.078125,0.984375
0.700418,0.03125,-0.046875,0.984375
0.700744,0.007812,-0.054688,0.992188
0.70107,0.007812,-0.0625,0.96875
0.701396,0.054688,-0.085938,0.992188
0.701721,0.015625,-0.039062,0.992188
0.702047,0.0625,-0.09375,1.0
0.702373,0.046875,-0.085938,0.945312
0.702699,0.039062,-0.0625,1.0
0.703025,0.015625,-0.101562,0.976562
0.703351,0.007812,-0.0625,1.0
0.703677,0.039062,-0.101562,0.992188
0.704003,0.023438,-0.0625,0.96875
0.704329,0.023438,-0.0625,1.007812
0.704655,0.054688,-0.078125,0.992188
0.704981,0.023438,-0.039062,0.921875
0.705307,0.039062,-0.070312,0.984375
0.705633,0.03125,-0.0625,0.953125
0.705959,0.023438,-0.054688,0.992188
0.706284,0.039062,-0.054688,1.0
0.70661,0.046875,-0.0625,0.992188
0.706936,0.023438,-0.109375,1.03125
0.707262,0.03125,-0.039062,0.992188
0.707588,0.03125,-0.054688,0.96875
0.707914,0.03125,-0.0625,0.96875
0.70824,0.023438,-0.070312,1.0
0.708566,0.046875,-0.039062,0.953125
0.708892,0.054688,-0.109375,0.992188
0.709218,0.054688,-0.070312,0.992188
0.709544,0.039062,-0.085938,0.984375
0.70987,0.007812,-0.070312,1.0
0.710196,0.046875,-0.070312,0.984375
0.710521,0.023438,-0.046875,0.96875
0.710847,0.039062,-0.0625,1.0
0.711173,0.054688,-0.046875,1.007812
0.711499,0.023438,-0.046875,0.992188
0.711825,0.054688,-0.070312,0.992188
0.712151,0.023438,-0.078125,0.976562
0.712477,0.046875,-0.0625,0.992188
0.712803,0.054688,-0.085938,1.015625
0.713129,0.03125,-0.070312,0.984375
0.713455,0.039062,-0.070312,0.984375
0.713781,0.070312,-0.054688,0.945312
0.714107,0.046875,-0.078125,0.976562
0.714433,0.054688,-0.070312,0.976562
0.714759,0.054688,-0.0625,1.03125
0.715084,0.023438,-0.039062,0.96875
0.71541,0.03125,-0.054688,0.984375
0.715736,0.070312,-0.117188,1.0
0.716062,0.039062,-0.046875,0.984375
0.716388,0.039062,-0.070312,0.976562
0.716714,0.007812,-0.0625,0.992188
0.71704,0.03125,-0.070312,1.0
0.717366,0.03125,-0.0625,0.976562
0.717692,0.03125,-0.070312,0.945312
0.718018,0.03125,-0.085938,0.976562
0.718344,0.039062,-0.070312,0.984375
0.71867,0.007812,-0.0625,0.9375
0.718996,0.023438,-0.085938,0.976562
0.719322,0.039062,-0.117188,1.0
0.719647,0.054688,-0.054688,0.960938
0.719973,0.023438,-0.0625,0.984375
0.720299,0.023438,-0.0625,1.023438
0.720625,0.039062,-0.0625,1.0
0.720951,0.03125,-0.101562,1.0
0.721277,0.015625,-0.109375,0.984375
0.721603,0.054688,-0.078125,0.96875
0.721929,0.007812,-0.070312,0.929688
0.722255,0.03125,-0.085938,0.960938
0.722581,0.0625,-0.085938,0.984375
0.722907,0.023438,-0.070312,0.96875
0.723233,0.007812,-0.109375,0.992188
0.723559,0.09375,-0.109375,0.960938
0.723885,0.039062,-0.078125,0.984375
0.72421,0.0625,-0.070312,0.96875
0.724536,0.039062,-0.0625,1.0
0.724862,0.054688,-0.085938,1.085938
0.725188,0.023438,-0.070312,1.015625
0.725514,0.0625,-0.070312,0.90625
0.72584,0.023438,-0.039062,0.945312
0.726166,0.046875,-0.101562,0.976562
0.726492,0.046875,-0.09375,1.0
0.726818,0.046875,-0.101562,0.992188
0.727144,0.039062,-0.085938,0.96875
0.72747,0.03125,-0.078125,0.992188
0.727796,0.046875,-0.070312,1.0
0.728122,0.054688,-0.085938,0.960938
0.728447,0.039062,-0.101562,0.976562
0.728773,0.078125,-0.070312,0.890625
0.729099,0.0625,-0.078125,0.929688
0.729425,0.054688,-0.09375,0.945312
0.729751,0.046875,-0.0625,1.03125
0.730077,0.023438,-0.0625,1.03125
0.730403,0.054688,-0.070312,0.992188
0.730729,0.023438,-0.085938,1.015625
0.731055,0.054688,-0.070312,0.992188
0.731381,0.039062,-0.070312,1.0
0.731707,0.015625,-0.0625,0.992188
0.732033,0.015625,-0.070312,0.929688
0.732359,0.046875,-0.039062,0.945312
0.732685,0.03125,-0.09375,1.007812
0.73301,0.039062,-0.054688,0.960938
0.733336,0.117188,-0.046875,0.984375
0.733662,0.007812,-0.085938,0.992188
0.733988,0.007812,-0.101562,0.960938
0.734314,0.023438,-0.054688,0.976562
0.73464,0.039062,-0.054688,1.0
0.734966,0.023438,-0.101562,0.984375
0.735292,0.039062,-0.054688,0.9375
0.735618,0.015625,-0.0625,0.953125
0.735944,0.023438,-0.046875,0.96875
0.73627,0.039062,-0.085938,0.984375
0.736596,0.046875,-0.070312,0.96875
0.736922,0.023438,-0.101562,0.96875
0.737248,0.039062,-0.070312,0.96875
0.737573,0.007812,-0.0625,0.992188
0.737899,0.015625,-0.054688,0.9375
0.738225,0.046875,-0.085938,0.976562
0.738551,0.046875,-0.078125,0.96875
0.738877,0.015625,-0.039062,1.0
0.739203,0.03125,-0.109375,0.945312
0.739529,0.046875,-0.078125,1.023438
0.739855,0.054688,-0.054688,1.0
0.740181,0.03125,-0.054688,0.992188
0.740507,0.039062,-0.101562,1.0
0.740833,0.03125,-0.09375,0.984375
0.741159,0.039062,-0.046875,0.96875
0.741485,0.023438,-0.046875,0.953125
0.741811,0.054688,-0.054688,0.953125
0.742136,0.046875,-0.054688,1.0
0.742462,0.0625,-0.046875,0.992188
0.742788,0.054688,-0.0625,1.0
0.743114,0.0,-0.078125,1.0
0.74344,0.03125,-0.070312,0.984375
0.743766,0.054688,-0.0625,0.945312
0.744092,0.054688,-0.078125,1.007812
0.744418,0.078125,-0.054688,1.0
0.744744,0.070312,-0.039062,1.0
0.74507,0.023438,-0.039062,0.992188
0.745396,0.054688,-0.109375,1.0
0.745722,0.039062,-0.070312,1.015625
0.746048,0.023438,-0.023438,0.96875
0.746373,0.039062,-0.046875,0.992188
0.746699,0.078125,-0.023438,0.992188
0.747025,0.078125,-0.03125,0.984375
0.747351,0.070312,-0.085938,0.992188
0.747677,0.03125,-0.085938,1.023438
0.748003,0.03125,-0.101562,0.992188
0.748329,0.0625,-0.078125,0.945312
0.748655,0.0625,-0.101562,0.945312
0.748981,0.046875,-0.101562,0.984375
0.749307,0.023438,-0.0625,0.96875
0.749633,0.054688,-0.09375,0.976562
0.749959,0.039062,-0.054688,0.96875
0.750285,0.054688,-0.078125,0.992188
0.750611,0.03125,-0.054688,0.96875
0.750936,0.046875,-0.03125,0.914062
0.751262,0.03125,-0.109375,1.0
0.751588,0.023438,-0.101562,1.015625
0.751914,0.070312,-0.09375,0.984375
0.75224,0.046875,-0.054688,0.992188
0.752566,0.015625,-0.054688,1.0
0.752892,0.03125,-0.0625,1.023438
0.753218,0.007812,-0.046875,1.0
0.753544,0.007812,-0.070312,0.976562
0.75387,0.007812,-0.0625,0.992188
0.754196,0.03125,-0.046875,0.992188
0.754522,0.0,-0.023438,0.984375
0.754848,0.046875,-0.0625,0.960938
0.755174,0.039062,-0.09375,0.976562
0.755499,0.03125,-0.054688,0.992188
0.755825,0.054688,-0.070312,1.007812
0.756151,0.015625,-0.054688,0.953125
0.756477,0.046875,-0.078125,1.03125
0.756803,0.03125,-0.03125,1.0
0.757129,0.023438,-0.0625,0.976562
0.757455,0.054688,-0.0625,0.992188
0.757781,0.023438,-0.078125,0.960938
0.758107,0.039062,-0.054688,1.0
0.758433,0.046875,-0.054688,0.976562
0.758759,0.046875,-0.085938,1.007812
0.759085,0.046875,-0.054688,0.96875
0.759411,0.078125,-0.078125,0.960938
0.759737,0.054688,-0.070312,0.976562
0.760062,0.054688,-0.0625,0.960938
0.760388,0.054688,-0.109375,1.0
0.760714,0.039062,-0.070312,0.96875
0.76104,0.039062,-0.078125,0.960938
0.761366,0.070312,-0.085938,0.992188
0.761692,0.03125,-0.03125,0.992188
0.762018,0.0625,-0.078125,0.976562
0.762344,0.070312,-0.0625,0.984375
0.76267,0.007812,-0.0625,0.953125
0.762996,0.054688,-0.078125,1.0
0.763322,0.054688,-0.070312,1.03125
0.763648,0.054688,-0.09375,0.992188
0.763974,0.0625,-0.070312,0.984375
0.764299,0.03125,-0.078125,0.945312
0.764625,0.0625,-0.09375,0.96875
0.764951,0.015625,-0.0625,1.0
0.765277,0.023438,-0.039062,0.96875
0.765603,0.023438,-0.070312,0.976562
0.765929,0.03125,-0.054688,0.914062
0.766255,0.078125,-0.09375,0.984375
0.766581,0.070312,-0.070312,0.960938
0.766907,0.0625,-0.078125,0.984375
0.767233,0.046875,-0.101562,1.023438
0.767559,0.039062,-0.0625,1.0
0.767885,0.007812,-0.046875,1.0
0.768211,0.03125,-0.039062,0.945312
0.768537,0.03125,-0.101562,1.0
0.768862,0.039062,-0.046875,0.953125
0.769188,0.023438,-0.054688,0.992188
0.769514,0.023438,-0.101562,0.953125
0.76984,0.03125,-0.054688,1.0
0.770166,0.078125,-0.078125,0.984375
0.770492,0.039062,-0.023438,0.96875
0.770818,0.039062,-0.046875,0.984375
0.771144,0.101562,-0.085938,0.960938
0.77147,0.015625,-0.085938,1.007812
0.771796,0.03125,-0.0625,0.992188
0.772122,0.046875,-0.070312,1.0
0.772448,0.070312,-0.085938,1.0
0.772774,0.046875,-0.0625,0.992188
0.7731,0.023438,-0.078125,0.992188
0.773425,0.046875,-0.070312,1.007812
0.773751,0.0,-0.039062,1.007812
0.774077,0.039062,-0.078125,1.007812
0.774403,0.085938,-0.078125,0.976562
0.774729,0.015625,-0.070312,0.992188
0.775055,0.070312,-0.085938,1.0
0.775381,0.054688,-0.0625,1.007812
0.775707,0.054688,-0.0625,0.984375
0.776033,0.046875,-0.0625,0.960938
0.776359,0.078125,-0.046875,0.960938
0.776685,0.0,-0.054688,0.945312
0.777011,0.046875,-0.078125,0.945312
0.777337,0.0625,-0.09375,0.960938
0.777663,0.078125,-0.09375,0.960938
0.777988,0.03125,-0.085938,0.984375
0.778314,0.046875,-0.078125,0.96875
0.77864,0.03125,-0.078125,0.96875
0.778966,0.023438,-0.085938,0.953125
0.779292,0.007812,-0.09375,1.0
0.779618,0.007812,-0.0625,0.984375
0.779944,0.023438,-0.070312,0.992188
0.78027,0.015625,-0.0625,1.007812
0.780596,0.023438,-0.0625,1.0
0.780922,0.046875,-0.070312,1.0
0.781248,0.054688,-0.0625,1.015625
0.781574,0.023438,-0.101562,0.984375
0.7819,0.0625,-0.078125,0.96875
0.782225,0.046875,-0.085938,0.960938
0.782551,0.03125,-0.054688,0.992188
0.782877,0.046875,-0.039062,1.023438
0.783203,0.03125,-0.046875,1.007812
0.783529,0.023438,-0.046875,0.953125
0.783855,0.039062,-0.070312,1.0
0.784181,0.03125,-0.070312,0.976562
0.784507,0.070312,-0.054688,0.945312
0.784833,0.039062,-0.078125,0.976562
0.785159,0.039062,-0.09375,0.953125
0.785485,0.054688,-0.101562,1.0
0.785811,0.0625,-0.070312,1.023438
0.786137,0.039062,-0.101562,0.976562
0.786463,0.007812,-0.070312,0.984375
0.786788,0.039062,-0.070312,1.007812
0.787114,0.054688,-0.0625,1.015625
0.78744,0.03125,-0.085938,0.976562
0.787766,0.03125,-0.039062,0.984375
0.788092,0.023438,-0.039062,0.921875
0.788418,0.0625,-0.070312,0.992188
0.788744,0.03125,-0.015625,0.960938
0.78907,0.0,-0.039062,0.984375
0.789396,0.015625,-0.046875,0.96875
0.789722,0.03125,-0.070312,1.0
0.790048,0.023438,-0.09375,0.976562
0.790374,0.039062,-0.0625,0.984375
0.7907,0.03125,-0.0625,0.953125
0.791026,0.039062,-0.046875,0.984375
0.791351,0.03125,-0.09375,0.976562
0.791677,0.039062,-0.117188,0.992188
0.792003,0.046875,-0.085938,0.984375
0.792329,0.0625,-0.054688,1.0
0.792655,0.023438,-0.046875,0.976562
0.792981,0.039062,-0.070312,1.007812
0.793307,0.101562,-0.125,1.015625
0.793633,0.023438,-0.03125,0.976562
0.793959,0.054688,-0.070312,0.984375
0.794285,0.03125,-0.0625,0.984375
0.794611,0.054688,-0.070312,0.96875
0.794937,0.03125,-0.039062,0.984375
0.795263,0.0,-0.09375,0.96875
0.795589,0.023438,-0.078125,1.0
0.795914,0.023438,-0.101562,1.015625
0.79624,0.007812,-0.046875,1.0
0.796566,0.023438,-0.070312,0.96875
0.796892,0.039062,-0.007812,0.984375
0.797218,0.070312,-0.03125,0.945312
0.797544,0.054688,-0.046875,1.0
0.79787,0.03125,-0.078125,0.945312
0.798196,0.0625,-0.09375,1.0
0.798522,0.023438,-0.0625,0.984375
0.798848,0.054688,-0.085938,0.96875
0.799174,0.054688,-0.117188,1.0
0.7995,0.0625,-0.054688,0.929688
0.799826,0.03125,-0.0625,0.992188
0.800151,0.03125,-0.054688,1.0
0.800477,0.0625,-0.046875,0.960938
0.800803,0.054688,-0.109375,0.992188
0.801129,0.03125,-0.0625,0.96875
0.801455,0.054688,-0.09375,0.984375
0.801781,0.039062,-0.039062,0.984375
0.802107,0.070312,-0.078125,0.96875
0.802433,0.039062,-0.078125,1.0
0.802759,0.039062,-0.09375,1.023438
0.803085,0.046875,-0.101562,1.0
0.803411,0.046875,-0.039062,0.929688
0.803737,0.046875,-0.085938,0.953125
0.804063,0.015625,-0.046875,0.96875
0.804389,0.023438,-0.09375,0.984375
0.804714,0.03125,-0.085938,1.03125
0.80504,0.03125,-0.0625,0.929688
0.805366,0.054688,-0.0625,1.0
0.805692,0.039062,-0.09375,0.976562
0.806018,0.039062,-0.023438,0.976562
0.806344,0.007812,-0.070312,0.992188
0.80667,0.03125,-0.007812,0.96875
0.806996,0.039062,-0.070312,1.046875
0.807322,0.046875,-0.09375,0.953125
0.807648,0.046875,-0.078125,0.984375
0.807974,0.078125,-0.054688,1.0
0.8083,0.039062,-0.117188,0.960938
0.808626,0.03125,-0.054688,1.0
0.808952,0.015625,-0.085938,0.984375
0.809277,0.015625,-0.070312,0.945312
0.809603,0.023438,-0.0625,1.0
0.809929,0.039062,-0.070312,1.0
0.810255,0.054688,-0.0625,0.976562
0.810581,0.023438,-0.070312,0.976562
0.810907,0.085938,-0.085938,0.945312
0.811233,0.03125,-0.046875,0.992188
0.811559,0.039062,-0.039062,0.960938
0.811885,0.023438,-0.09375,1.015625
0.812211,0.0625,-0.0625,0.96875
0.812537,0.039062,-0.054688,0.984375
0.812863,0.054688,-0.046875,1.0
0.813189,0.015625,-0.03125,0.976562
0.813515,0.039062,-0.054688,0.992188
0.81384,0.0625,-0.09375,1.0
0.814166,0.015625,-0.039062,1.0
0.814492,0.046875,-0.09375,0.992188
0.814818,0.023438,-0.054688,0.96875
0.815144,0.039062,-0.039062,0.992188
0.81547,0.0,-0.054688,0.960938
0.815796,0.085938,-0.0625,0.96875
0.816122,0.03125,-0.101562,0.984375
0.816448,0.046875,-0.070312,1.007812
0.816774,0.0625,-0.101562,1.0
0.8171,0.054688,-0.101562,0.984375
0.817426,0.054688,-0.0625,1.0
0.817752,0.039062,-0.070312,0.96875
0.818077,0.046875,-0.085938,0.992188
0.818403,0.023438,-0.0625,0.914062
0.818729,0.03125,-0.09375,1.023438
0.819055,0.078125,-0.070312,1.0
0.819381,0.03125,-0.101562,0.960938
0.819707,0.03125,-0.085938,0.992188
0.820033,0.046875,-0.070312,1.007812
0.820359,0.007812,-0.046875,0.953125
0.820685,0.0,-0.085938,0.945312
0.821011,0.03125,-0.070312,0.992188
0.821337,0.03125,-0.070312,0.960938
0.821663,0.015625,-0.054688,1.0
0.821989,0.03125,-0.070312,0.953125
0.822315,0.023438,-0.109375,0.992188
0.82264,0.054688,-0.070312,1.0
0.822966,0.023438,-0.054688,0.960938
0.823292,0.039062,-0.03125,0.953125
0.823618,0.039062,-0.078125,0.976562
0.823944,0.054688,-0.054688,0.992188
0.82427,0.023438,-0.101562,0.992188
0.824596,0.054688,-0.0625,0.992188
0.824922,0.046875,-0.078125,1.007812
0.825248,0.054688,-0.125,0.984375
0.825574,0.054688,-0.09375,0.984375
0.8259,0.039062,-0.109375,1.0
0.826226,0.054688,-0.039062,0.945312
0.826552,0.015625,-0.101562,1.0
0.826878,0.015625,-0.03125,0.945312
0.827203,0.070312,-0.09375,0.992188
0.827529,0.03125,-0.054688,0.9375
0.827855,0.023438,-0.0625,1.015625
0.828181,0.070312,-0.085938,1.023438
0.828507,0.023438,-0.023438,0.953125
0.828833,0.054688,-0.09375,0.960938
0.829159,0.070312,-0.09375,1.015625
0.829485,0.03125,-0.070312,0.992188
0.829811,0.0625,-0.070312,0.992188
0.830137,0.078125,-0.125,1.007812
0.830463,0.0625,-0.078125,0.953125
0.830789,0.0625,-0.09375,0.984375
0.831115,0.046875,-0.085938,1.015625
0.831441,0.054688,-0.109375,0.960938
0.831766,0.039062,-0.0625,1.0
0.832092,0.0,-0.046875,0.976562
0.832418,0.070312,-0.039062,0.976562
0.832744,0.007812,-0.101562,0.984375
0.83307,0.054688,-0.078125,0.9375
0.833396,0.0625,-0.070312,0.992188
0.833722,0.0,-0.070312,1.0
0.834048,0.03125,-0.0625,0.953125
0.834374,0.046875,-0.070312,0.96875
0.8347,0.03125,-0.070312,1.0
0.835026,0.0625,-0.046875,1.0
0.835352,0.015625,-0.09375,1.0
0.835678,0.015625,-0.0625,0.992188
0.836003,0.046875,-0.039062,0.984375
0.836329,0.039062,-0.070312,0.945312
0.836655,0.054688,-0.078125,1.0
0.836981,0.023438,-0.101562,0.992188
0.837307,0.0625,-0.101562,0.9375
0.837633,0.046875,-0.046875,0.960938
0.837959,0.03125,-0.0625,0.992188
0.838285,0.070312,-0.117188,0.953125
0.838611,0.054688,-0.070312,0.984375
0.838937,0.039062,-0.101562,0.960938
0.839263,0.03125,-0.085938,1.007812
0.839589,0.039062,-0.070312,0.96875
0.839915,0.015625,-0.101562,0.984375
0.840241,0.023438,-0.078125,0.96875
0.840566,0.054688,-0.03125,0.984375
0.840892,0.03125,-0.070312,1.0
0.841218,0.03125,-0.09375,0.960938
0.841544,0.046875,-0.109375,0.960938
0.84187,0.070312,-0.09375,0.976562
0.842196,0.054688,-0.078125,0.96875
0.842522,0.039062,-0.0625,0.992188
0.842848,0.046875,-0.078125,1.007812
0.843174,0.070312,-0.046875,0.976562
0.8435,0.007812,-0.101562,0.984375
0.843826,0.007812,-0.0625,0.992188
0.844152,0.015625,-0.09375,1.0
0.844478,0.054688,-0.0625,1.0
0.844804,0.0625,-0.078125,0.992188
0.845129,0.0625,-0.117188,0.96875
0.845455,0.03125,-0.09375,0.992188
0.845781,0.023438,-0.054688,1.0
0.846107,0.007812,-0.078125,0.976562
0.846433,0.039062,-0.0625,0.960938
0.846759,0.046875,-0.023438,0.976562
0.847085,0.046875,-0.070312,0.945312
0.847411,0.0,-0.078125,1.0
0.847737,0.03125,-0.09375,0.960938
0.848063,0.023438,-0.054688,1.0
0.848389,0.039062,-0.09375,0.984375
0.848715,0.023438,-0.03125,0.953125
0.849041,0.046875,-0.070312,1.0
0.849367,0.03125,-0.070312,0.9375
0.849692,0.023438,-0.023438,0.984375
0.850018,0.054688,-0.0625,0.984375
0.850344,0.007812,-0.070312,0.945312
0.85067,0.078125,-0.085938,0.992188
0.850996,0.101562,-0.070312,0.9375
0.851322,0.054688,-0.03125,0.945312
0.851648,0.070312,-0.140625,1.0
0.851974,0.039062,-0.070312,0.960938
0.8523,0.054688,-0.039062,0.992188
0.852626,0.03125,-0.09375,0.960938
0.852952,0.023438,-0.046875,0.976562
0.853278,0.0625,-0.070312,0.984375
0.853604,0.054688,-0.09375,1.007812
0.853929,0.023438,-0.039062,0.992188
0.854255,0.054688,-0.007812,0.96875
0.854581,0.039062,-0.085938,0.984375
0.854907,0.039062,-0.039062,0.976562
0.855233,0.0,-0.03125,0.976562
0.855559,0.039062,-0.0625,1.0
0.855885,0.0,-0.054688,0.914062
0.856211,0.0625,-0.09375,0.984375
0.856537,0.039062,-0.054688,0.976562
0.856863,0.0,-0.078125,0.992188
0.857189,0.046875,-0.054688,0.976562
0.857515,0.054688,-0.070312,1.0
0.857841,0.03125,-0.101562,0.992188
0.858167,0.046875,-0.0625,0.992188
0.858492,0.023438,-0.070312,0.984375
0.858818,0.054688,-0.09375,0.992188
0.859144,0.03125,-0.09375,1.023438
0.85947,0.046875,-0.054688,0.992188
0.859796,0.039062,-0.054688,1.0
0.860122,0.039062,-0.054688,0.96875
0.860448,0.039062,-0.070312,0.96875
0.860774,0.046875,-0.070312,0.945312
0.8611,0.03125,-0.070312,1.0
0.861426,0.039062,-0.070312,1.0
0.861752,0.046875,-0.085938,0.984375
0.862078,0.039062,-0.046875,1.023438
0.862404,0.054688,-0.039062,0.929688
0.86273,0.03125,-0.070312,0.984375
0.863055,0.015625,-0.046875,0.984375
0.863381,0.039062,-0.117188,0.96875
0.863707,0.039062,-0.0625,0.992188
0.864033,0.007812,-0.039062,0.984375
0.864359,0.054688,-0.070312,0.984375
0.864685,0.0625,-0.046875,0.992188
0.865011,0.03125,-0.0625,0.992188
0.865337,0.054688,-0.039062,0.992188
0.865663,0.0625,-0.101562,0.976562
0.865989,0.023438,-0.054688,0.96875
0.866315,0.0,-0.085938,1.007812
0.866641,0.03125,-0.054688,1.007812
0.866967,0.023438,-0.054688,1.0
0.867293,0.054688,-0.070312,0.960938
0.867618,0.054688,-0.085938,1.0
0.867944,0.0625,-0.101562,0.992188
0.86827,0.015625,-0.078125,1.007812
0.868596,0.023438,-0.101562,1.023438
0.868922,0.078125,-0.101562,1.023438
0.869248,0.039062,-0.101562,0.9375
0.869574,0.070312,-0.03125,1.03125
0.8699,0.0625,-0.09375,1.007812
0.870226,0.070312,-0.054688,1.007812
0.870552,0.046875,-0.09375,0.960938
0.870878,0.078125,-0.085938,1.023438
0.871204,0.0,-0.054688,0.945312
0.87153,0.070312,-0.070312,0.992188
0.871855,0.039062,-0.078125,0.96875
0.872181,0.007812,-0.09375,0.96875
0.872507,0.046875,-0.085938,0.96875
0.872833,0.0,-0.046875,0.945312
0.873159,0.03125,-0.054688,1.0
0.873485,0.007812,-0.070312,0.992188
0.873811,0.046875,-0.0625,0.9375
0.874137,0.054688,-0.078125,0.992188
0.874463,0.03125,-0.046875,1.0
0.874789,0.046875,-0.046875,0.992188
0.875115,0.0625,-0.078125,0.992188
0.875441,0.039062,-0.078125,0.960938
0.875767,0.054688,-0.0625,1.015625
0.876093,0.015625,-0.101562,0.984375
0.876418,0.023438,-0.09375,0.9375
0.876744,0.054688,-0.070312,0.953125
0.87707,0.054688,-0.0625,1.023438
0.877396,0.054688,-0.070312,0.976562
0.877722,0.0,-0.0625,1.0
0.878048,0.023438,-0.03125,0.984375
0.878374,0.0625,-0.078125,1.0
0.8787,0.007812,-0.085938,0.960938
0.879026,0.023438,-0.085938,1.007812
0.879352,0.054688,-0.070312,1.007812
0.879678,0.023438,-0.0625,0.976562
0.880004,0.046875,-0.0625,1.0
0.88033,0.03125,-0.070312,1.007812
0.880656,0.023438,-0.070312,0.953125
0.880981,0.054688,-0.070312,0.984375
0.881307,0.054688,-0.070312,0.992188
0.881633,0.0,-0.0625,0.945312
0.881959,0.03125,-0.070312,0.992188
0.882285,0.054688,-0.070312,1.023438
0.882611,0.054688,-0.09375,0.992188
0.882937,0.03125,-0.070312,0.992188
0.883263,0.023438,-0.085938,0.992188
0.883589,0.046875,-0.054688,1.007812
0.883915,0.023438,-0.054688,0.976562
0.884241,0.039062,-0.085938,0.992188
0.884567,0.0,-0.070312,1.0
0.884893,0.03125,-0.0625,1.007812
0.885219,0.070312,-0.054688,1.007812
0.885544,0.054688,-0.0625,0.96875
0.88587,0.015625,-0.101562,0.976562
0.886196,0.0625,-0.078125,0.976562
0.886522,0.0625,-0.078125,1.0
0.886848,0.039062,-0.070312,0.984375
0.887174,0.03125,-0.09375,0.992188
0.8875,0.0,-0.070312,0.992188
0.887826,0.054688,-0.09375,1.007812
0.888152,0.046875,-0.09375,0.992188
0.888478,0.03125,-0.09375,1.023438
0.888804,0.007812,-0.0625,0.976562
0.88913,0.078125,-0.085938,1.03125
0.889456,0.078125,-0.070312,1.015625
0.889781,0.023438,-0.0625,0.945312
0.890107,0.054688,-0.039062,0.976562
0.890433,0.078125,-0.078125,0.976562
0.890759,0.039062,-0.09375,0.976562
0.891085,0.039062,-0.046875,0.976562
0.891411,0.023438,-0.070312,0.96875
0.891737,0.046875,-0.070312,0.976562
0.892063,0.03125,-0.046875,0.960938
0.892389,0.054688,-0.101562,0.976562
0.892715,0.007812,-0.085938,1.007812
0.893041,0.03125,-0.054688,1.0
0.893367,0.054688,-0.054688,1.007812
0.893693,0.054688,-0.070312,0.96875
0.894019,0.0625,-0.0625,0.96875
0.894344,0.023438,-0.085938,0.96875
0.89467,0.023438,-0.054688,0.992188
0.894996,0.046875,-0.070312,0.960938
0.895322,0.03125,-0.023438,0.992188
0.895648,0.03125,-0.0625,0.976562
0.895974,0.03125,-0.0625,1.0
0.8963,0.03125,-0.046875,0.992188
0.896626,0.023438,-0.070312,0.96875
0.896952,0.007812,-0.054688,1.0
0.897278,0.023438,-0.0625,0.9375
0.897604,0.078125,-0.09375,0.992188
0.89793,0.078125,-0.070312,0.96875
0.898256,0.054688,-0.085938,0.976562
0.898582,0.054688,-0.101562,0.96875
0.898907,0.039062,-0.0625,0.929688
0.899233,0.054688,-0.085938,0.984375
0.899559,0.054688,-0.023438,0.960938
0.899885,0.070312,-0.101562,0.976562
0.900211,0.054688,-0.046875,1.007812
0.900537,0.03125,-0.054688,0.945312
0.900863,0.023438,-0.085938,0.984375
0.901189,0.039062,-0.070312,0.992188
0.901515,0.03125,-0.070312,1.0
0.901841,0.039062,-0.085938,0.96875
0.902167,0.023438,-0.078125,0.960938
0.902493,0.0625,-0.09375,0.960938
0.902819,0.03125,-0.039062,0.929688
0.903145,0.054688,-0.078125,0.960938
0.90347,0.03125,-0.039062,0.96875
0.903796,0.03125,-0.085938,1.015625
0.904122,0.046875,-0.0625,0.984375
0.904448,0.054688,-0.0625,1.023438
0.904774,0.023438,-0.070312,0.945312
0.9051,0.007812,-0.054688,0.960938
0.905426,0.0625,-0.070312,0.96875
0.905752,0.054688,-0.085938,0.945312
0.906078,0.03125,-0.078125,0.9375
0.906404,0.039062,-0.039062,0.945312
0.90673,0.039062,-0.078125,1.0
0.907056,0.007812,-0.0625,0.992188
0.907382,0.039062,-0.0625,1.03125
0.907707,0.070312,-0.070312,0.953125
0.908033,0.054688,-0.101562,0.992188
0.908359,0.039062,-0.046875,0.960938
0.908685,0.039062,-0.09375,0.992188
0.909011,0.039062,-0.125,0.976562
0.909337,0.070312,-0.070312,0.929688
0.909663,0.054688,-0.0625,0.929688
0.909989,0.046875,-0.085938,0.992188
0.910315,0.0625,-0.054688,1.0
0.910641,0.046875,-0.109375,1.039062
0.910967,0.054688,-0.09375,0.960938
0.911293,0.039062,-0.0625,1.007812
0.911619,0.023438,-0.085938,0.992188
0.911945,0.054688,-0.039062,0.953125
0.91227,0.070312,-0.101562,0.992188
0.912596,0.03125,-0.046875,0.960938
0.912922,0.03125,-0.0625,0.992188
0.913248,0.007812,-0.101562,1.0
0.913574,0.0625,-0.078125,0.960938
0.9139,0.039062,-0.054688,0.9375
0.914226,0.03125,-0.0625,0.976562
0.914552,0.0625,-0.054688,1.0
0.914878,0.078125,-0.0625,0.984375
0.915204,0.078125,-0.085938,1.0
0.91553,0.046875,-0.070312,0.960938
0.915856,0.03125,-0.101562,0.945312
0.916182,0.054688,-0.09375,0.929688
0.916508,0.03125,-0.078125,1.007812
0.916833,0.101562,-0.109375,0.9375
0.917159,0.085938,-0.101562,0.898438
0.917485,0.0,-0.039062,0.992188
0.917811,0.007812,-0.0625,0.96875
0.918137,0.054688,-0.046875,1.007812
0.918463,0.023438,-0.0625,1.0
0.918789,0.039062,-0.070312,1.0
0.919115,0.046875,-0.054688,0.976562
0.919441,0.03125,-0.085938,1.007812
0.919767,0.039062,-0.023438,1.023438
0.920093,0.023438,-0.054688,0.992188
0.920419,0.023438,-0.054688,0.992188
0.920745,0.0,-0.039062,0.984375
0.921071,0.054688,-0.070312,0.976562
0.921396,0.015625,-0.054688,1.007812
0.921722,0.023438,-0.0625,1.0
0.922048,0.054688,-0.023438,1.0
0.922374,0.023438,-0.070312,1.054688
0.9227,0.023438,-0.015625,1.007812
0.923026,0.015625,-0.046875,0.9375
0.923352,0.03125,-0.054688,0.9375
0.923678,0.007812,-0.09375,1.0
0.924004,0.039062,-0.0625,0.960938
0.92433,0.03125,-0.054688,1.0
0.924656,0.054688,-0.085938,0.984375
0.924982,0.03125,-0.078125,0.976562
0.925308,0.03125,-0.09375,1.0
0.925633,0.007812,-0.09375,1.0
0.925959,0.046875,-0.070312,0.953125
0.926285,0.0,-0.054688,0.984375
0.926611,0.023438,-0.09375,0.984375
0.926937,0.039062,-0.078125,0.992188
0.927263,0.039062,-0.078125,0.992188
0.927589,0.015625,-0.046875,0.96875
0.927915,0.039062,-0.085938,0.976562
0.928241,0.03125,-0.070312,0.984375
0.928567,0.0625,-0.054688,0.984375
0.928893,0.046875,-0.054688,1.0
0.929219,0.023438,-0.03125,1.0
0.929545,0.03125,-0.054688,0.976562
0.929871,0.023438,-0.070312,0.960938
0.930196,0.070312,-0.046875,0.9375
0.930522,0.070312,-0.054688,0.984375
0.930848,0.007812,-0.054688,0.953125
0.931174,0.0625,-0.0625,1.0
0.9315,0.023438,-0.078125,1.0
0.931826,0.0625,-0.085938,0.992188
0.932152,0.015625,-0.070312,1.0
0.932478,0.046875,-0.0625,0.992188
0.932804,0.023438,-0.0625,0.953125
0.93313,0.03125,-0.085938,0.976562
0.933456,0.039062,-0.054688,1.007812
0.933782,0.0,-0.0625,0.929688
0.934108,0.039062,-0.0625,0.984375
0.934434,0.054688,-0.070312,0.992188
0.934759,0.03125,-0.070312,0.960938
0.935085,0.023438,-0.046875,0.96875
0.935411,0.015625,-0.101562,1.0
0.935737,0.039062,-0.054688,0.992188
0.936063,0.039062,-0.078125,1.0
0.936389,0.023438,-0.101562,0.960938
0.936715,0.039062,-0.09375,1.007812
0.937041,0.0,-0.0625,1.0
0.937367,0.054688,-0.078125,1.0
0.937693,0.023438,-0.101562,0.96875
0.938019,0.03125,-0.0625,0.960938
0.938345,0.039062,-0.09375,0.992188
0.938671,0.03125,-0.0625,0.992188
0.938997,0.054688,-0.039062,0.921875
0.939322,0.039062,-0.101562,0.992188
0.939648,0.023438,-0.0625,0.992188
0.939974,0.023438,-0.078125,0.945312
0.9403,0.0625,-0.070312,0.984375
0.940626,0.039062,-0.046875,0.96875
0.940952,0.023438,-0.046875,0.992188
0.941278,0.015625,-0.0625,0.96875
0.941604,0.070312,-0.09375,0.992188
0.94193,0.070312,-0.054688,0.9375
0.942256,0.0,-0.085938,0.984375
0.942582,0.054688,-0.070312,0.992188
0.942908,0.015625,-0.070312,0.945312
0.943234,0.046875,-0.070312,1.007812
0.943559,0.023438,-0.085938,0.96875
0.943885,0.070312,-0.054688,1.007812
0.944211,0.03125,-0.085938,1.0
0.944537,0.039062,-0.078125,1.0
0.944863,0.078125,-0.078125,0.96875
0.945189,0.0,-0.054688,0.953125
0.945515,0.015625,-0.09375,0.992188
0.945841,0.023438,-0.039062,0.960938
0.946167,0.023438,-0.078125,0.992188
0.946493,0.054688,-0.070312,1.015625
0.946819,0.039062,-0.046875,0.929688
0.947145,0.046875,-0.09375,0.960938
0.947471,0.039062,-0.070312,0.992188
0.947797,0.03125,-0.085938,1.0
0.948122,0.054688,-0.054688,0.992188
0.948448,0.054688,-0.054688,0.984375
0.948774,0.054688,-0.101562,0.976562
0.9491,0.054688,-0.046875,0.992188
0.949426,0.054688,-0.085938,0.96875
0.949752,0.054688,-0.085938,0.945312
0.950078,0.023438,-0.070312,0.960938
0.950404,0.039062,-0.070312,1.023438
0.95073,0.054688,-0.070312,0.960938
0.951056,0.023438,-0.046875,0.96875
0.951382,0.039062,-0.085938,1.015625
0.951708,0.054688,-0.03125,1.0
0.952034,0.054688,-0.0625,0.976562
0.95236,0.054688,-0.085938,1.0
0.952685,0.054688,-0.0625,1.0
0.953011,0.054688,-0.03125,0.984375
0.953337,0.054688,-0.0625,0.960938
0.953663,0.03125,-0.0625,0.984375
0.953989,0.039062,-0.0625,0.992188
0.954315,0.054688,-0.101562,0.984375
0.954641,0.085938,-0.101562,0.984375
0.954967,0.039062,-0.085938,1.023438
0.955293,0.046875,-0.085938,1.0
0.955619,0.023438,-0.101562,0.976562
0.955945,0.0625,-0.039062,0.976562
0.956271,0.039062,-0.0625,1.0
0.956597,0.070312,-0.0625,0.96875
0.956923,0.039062,-0.078125,0.953125
0.957248,0.046875,-0.070312,0.976562
0.957574,0.03125,-0.085938,0.992188
0.9579,0.046875,-0.070312,1.0
0.958226,0.046875,-0.0625,0.976562
0.958552,0.039062,-0.085938,0.992188
0.958878,0.039062,-0.070312,0.976562
0.959204,0.023438,-0.0625,0.960938
0.95953,0.046875,-0.078125,1.0
0.959856,0.039062,-0.0625,0.984375
0.960182,0.015625,-0.039062,0.992188
0.960508,0.039062,-0.070312,0.976562
0.960834,0.085938,-0.078125,0.976562
0.96116,0.039062,-0.039062,0.953125
0.961485,0.03125,-0.070312,0.96875
0.961811,0.085938,-0.109375,0.960938
0.962137,0.03125,-0.070312,1.0
0.962463,0.046875,-0.046875,0.984375
0.962789,0.023438,-0.054688,0.992188
0.963115,0.023438,-0.0625,1.0
0.963441,0.046875,-0.085938,1.015625
0.963767,0.015625,-0.054688,0.960938
0.964093,0.054688,-0.046875,0.992188
0.964419,0.0625,-0.070312,0.992188
0.964745,0.023438,-0.085938,1.0
0.965071,0.101562,-0.070312,0.96875
0.965397,0.023438,-0.0625,0.96875
0.965723,0.0625,-0.085938,0.953125
0.966048,0.03125,-0.078125,0.992188
0.966374,0.023438,-0.101562,1.0
0.9667,0.054688,-0.101562,1.007812
0.967026,0.023438,-0.0625,0.945312
0.967352,0.054688,-0.0625,0.976562
0.967678,0.0625,-0.0625,0.960938
0.968004,0.007812,-0.070312,1.015625
0.96833,0.039062,-0.09375,0.960938
0.968656,0.023438,-0.078125,1.0
0.968982,0.023438,-0.070312,1.0
0.969308,0.070312,-0.101562,0.96875
0.969634,0.03125,-0.0625,1.0
0.96996,0.046875,-0.070312,0.992188
0.970286,0.039062,-0.070312,1.0
0.970611,0.0625,-0.09375,0.960938
0.970937,0.007812,-0.085938,0.976562
0.971263,0.015625,-0.070312,0.976562
0.971589,0.039062,-0.054688,0.984375
0.971915,0.023438,-0.085938,1.0
0.972241,0.023438,-0.0625,1.0
0.972567,0.023438,-0.0625,0.960938
0.972893,0.046875,-0.078125,0.9375
0.973219,0.03125,-0.09375,0.960938
0.973545,0.023438,-0.085938,0.984375
0.973871,0.015625,-0.070312,0.96875
0.974197,0.03125,-0.0625,0.992188
0.974523,0.039062,-0.0625,0.953125
0.974849,0.03125,-0.03125,0.914062
0.975174,0.023438,-0.085938,0.960938
0.9755,0.085938,-0.078125,0.992188
0.975826,0.054688,-0.0625,0.984375
0.976152,0.039062,-0.046875,0.945312
0.976478,0.046875,-0.085938,1.0
0.976804,0.054688,-0.039062,1.023438
0.97713,0.054688,-0.070312,0.976562
0.977456,0.03125,-0.0625,1.023438
0.977782,0.007812,-0.078125,0.976562
0.978108,0.054688,-0.078125,0.960938
0.978434,0.023438,-0.0625,0.984375
0.97876,0.046875,-0.101562,0.992188
0.979086,0.023438,-0.09375,0.96875
0.979411,0.0625,-0.054688,0.992188
0.979737,0.015625,-0.0625,0.96875
0.980063,0.039062,-0.078125,0.96875
0.980389,0.023438,-0.0625,0.945312
0.980715,0.023438,-0.0625,0.960938
0.981041,0.046875,-0.085938,1.007812
0.981367,0.039062,-0.109375,0.984375
0.981693,0.054688,-0.078125,0.984375
0.982019,0.023438,-0.046875,1.0
0.982345,0.046875,-0.070312,0.976562
0.982671,0.039062,-0.101562,0.984375
0.982997,0.0625,-0.09375,1.0
0.983323,0.03125,-0.085938,1.0
0.983649,0.039062,-0.085938,1.0
0.983974,0.03125,-0.070312,0.960938
0.9843,0.046875,-0.0625,1.0
0.984626,0.0,-0.117188,1.0
0.984952,0.007812,-0.039062,0.984375
0.985278,0.007812,-0.0625,1.0
0.985604,0.0625,-0.101562,0.984375
0.98593,0.0625,-0.085938,0.929688
0.986256,0.0625,-0.070312,0.976562
0.986582,0.023438,-0.085938,1.0
0.986908,0.054688,-0.101562,0.960938
0.987234,0.054688,-0.046875,0.96875
0.98756,0.054688,-0.070312,0.96875
0.987886,0.046875,-0.046875,1.03125
0.988212,0.023438,-0.046875,1.015625
0.988537,0.023438,-0.039062,0.953125
0.988863,0.09375,-0.054688,1.007812
0.989189,0.054688,-0.070312,0.984375
0.989515,0.0625,-0.0625,0.976562
0.989841,0.0625,-0.0625,0.984375
0.990167,0.085938,-0.09375,1.015625
0.990493,0.03125,-0.125,1.0
0.990819,0.023438,-0.046875,0.976562
0.991145,0.085938,-0.109375,1.0
0.991471,0.0,-0.046875,0.96875
0.991797,0.039062,-0.039062,0.929688
0.992123,0.03125,-0.085938,1.0
0.992449,0.039062,-0.039062,0.953125
0.992775,0.039062,-0.101562,0.992188
0.9931,0.023438,-0.078125,0.9375
0.993426,0.0625,-0.125,0.984375
0.993752,0.0625,-0.070312,0.992188
0.994078,0.054688,-0.085938,0.960938
0.994404,0.015625,-0.0625,0.984375
0.99473,0.03125,-0.085938,1.0
0.995056,0.023438,-0.085938,0.984375
0.995382,0.039062,-0.054688,0.96875
0.995708,0.039062,-0.054688,0.976562
0.996034,0.0625,-0.09375,0.960938
0.99636,0.023438,-0.070312,0.976562
0.996686,0.039062,-0.046875,0.96875
0.997012,0.046875,-0.054688,1.0
0.997337,0.015625,-0.0625,1.0
0.997663,0.070312,-0.039062,1.0
0.997989,0.039062,-0.046875,1.0
0.998315,0.046875,-0.054688,1.0
0.998641,0.023438,-0.078125,0.984375
0.998967,0.03125,-0.046875,0.96875
0.999293,0.023438,-0.03125,0.984375
0.999619,0.03125,-0.070312,0.96875
0.999945,0.046875,-0.101562,0.960938
1.000271,0.039062,-0.054688,0.960938
1.000597,0.046875,-0.046875,0.9375
1.000923,0.015625,-0.070312,0.953125
1.001249,0.015625,-0.039062,0.976562
1.001575,0.0,-0.0625,0.984375
1.0019,0.039062,-0.070312,0.945312
1.002226,0.007812,-0.070312,0.96875
1.002552,0.03125,-0.0625,1.0
1.002878,0.046875,-0.0625,1.0
1.003204,0.0625,-0.085938,0.992188
1.00353,0.023438,-0.085938,0.960938
1.003856,0.0,-0.101562,1.007812
1.004182,0.007812,-0.046875,0.992188
1.004508,0.023438,-0.046875,0.953125
1.004834,0.039062,-0.085938,1.0
1.00516,0.007812,-0.054688,0.984375
1.005486,0.054688,-0.078125,0.992188
1.005812,0.023438,-0.070312,0.976562
1.006138,0.0625,-0.070312,1.023438
1.006463,0.0625,-0.046875,0.976562
1.006789,0.03125,-0.03125,0.960938
1.007115,0.046875,-0.0625,0.960938
1.007441,0.0625,-0.085938,1.023438
1.007767,0.078125,-0.054688,0.945312
1.008093,0.023438,-0.054688,0.9375
1.008419,0.023438,-0.054688,0.992188
1.008745,0.070312,-0.117188,0.96875
1.009071,0.023438,-0.046875,1.0
1.009397,0.039062,-0.09375,1.039062
1.009723,0.039062,-0.085938,0.960938
1.010049,0.054688,-0.0625,0.976562
1.010375,0.03125,-0.070312,1.0
1.010701,0.03125,-0.078125,0.898438
1.011026,0.023438,-0.054688,0.976562
1.011352,0.078125,-0.085938,1.0
1.011678,0.046875,-0.085938,0.984375
1.012004,0.03125,-0.085938,0.976562
1.01233,0.046875,-0.085938,1.015625
1.012656,0.046875,-0.109375,0.953125
1.012982,0.023438,-0.09375,0.960938
1.013308,0.039062,-0.0625,0.984375
1.013634,0.039062,-0.046875,0.984375
1.01396,0.015625,-0.039062,0.992188
1.014286,0.023438,-0.09375,0.953125
1.014612,0.101562,-0.078125,0.976562
1.014938,0.023438,-0.078125,0.9375
1.015263,0.085938,-0.09375,1.0
1.015589,0.03125,-0.070312,0.976562
1.015915,0.085938,-0.101562,0.96875
1.016241,0.039062,-0.078125,0.992188
1.016567,0.054688,-0.070312,1.007812
1.016893,0.03125,-0.085938,1.007812
1.017219,0.03125,-0.085938,0.929688
1.017545,0.03125,-0.101562,0.976562
1.017871,0.03125,-0.101562,0.992188
1.018197,0.0625,-0.09375,0.984375
1.018523,0.054688,-0.070312,0.945312
1.018849,0.054688,-0.101562,0.960938
1.019175,0.070312,-0.0625,1.0
1.019501,0.023438,-0.078125,0.96875
1.019826,0.023438,-0.070312,0.992188
1.020152,0.054688,-0.054688,0.96875
1.020478,0.046875,-0.046875,0.96875
1.020804,0.0625,-0.054688,0.976562
1.02113,0.09375,-0.078125,0.992188
1.021456,0.0625,-0.078125,1.0
1.021782,0.046875,-0.0625,0.984375
1.022108,0.039062,-0.054688,0.96875
1.022434,0.007812,-0.046875,1.0
1.02276,0.007812,-0.070312,1.007812
1.023086,0.046875,-0.0625,1.015625
1.023412,0.015625,-0.046875,0.960938
1.023738,0.046875,-0.007812,0.929688
1.024064,0.03125,-0.101562,0.984375
1.024389,0.070312,-0.078125,1.0
1.024715,0.0625,-0.039062,0.984375
1.025041,0.046875,-0.101562,1.007812
1.025367,0.0625,-0.046875,0.9375
1.025693,0.054688,-0.070312,1.0
1.026019,0.070312,-0.046875,0.96875
1.026345,0.023438,-0.117188,0.992188
1.026671,0.046875,-0.054688,1.007812
1.026997,0.085938,-0.054688,1.0
1.027323,0.0625,-0.054688,0.992188
1.027649,0.0625,-0.085938,0.992188
1.027975,0.023438,-0.070312,0.96875
1.028301,0.03125,-0.054688,0.9375
1.028627,0.046875,-0.078125,0.984375
1.028952,0.046875,-0.117188,1.039062
1.029278,0.046875,-0.101562,0.960938
1.029604,0.039062,-0.085938,0.992188
1.02993,0.054688,-0.117188,0.96875
1.030256,0.03125,-0.0625,0.953125
1.030582,0.070312,-0.0625,0.976562
1.030908,0.03125,-0.070312,0.96875
1.031234,0.023438,-0.0625,0.992188
1.03156,0.054688,-0.0625,0.992188
1.031886,0.070312,-0.117188,1.0
1.032212,0.039062,-0.054688,0.96875
1.032538,0.03125,-0.101562,0.960938
1.032864,0.0625,-0.070312,0.976562
1.033189,0.023438,-0.101562,0.960938
1.033515,0.03125,-0.070312,0.960938
1.033841,0.054688,-0.070312,1.007812
1.034167,0.046875,-0.101562,0.96875
1.034493,0.0625,-0.070312,0.984375
1.034819,0.046875,-0.054688,0.992188
1.035145,0.03125,-0.070312,1.0
1.035471,0.054688,-0.078125,0.992188
1.035797,0.03125,-0.070312,0.960938
1.036123,0.070312,-0.09375,1.023438
1.036449,0.023438,-0.0625,0.992188
1.036775,0.039062,-0.09375,1.0
1.037101,0.046875,-0.0625,0.960938
1.037427,0.039062,-0.101562,0.992188
1.037752,0.039062,-0.101562,1.0
1.038078,0.046875,-0.109375,0.984375
1.038404,0.054688,-0.09375,1.0
1.03873,0.070312,-0.085938,0.984375
1.039056,0.054688,-0.101562,0.992188
1.039382,0.007812,-0.109375,1.015625
1.039708,0.0,-0.046875,0.992188
1.040034,0.0,-0.054688,0.992188
1.04036,0.0625,-0.0625,0.976562
1.040686,0.046875,-0.101562,1.0
1.041012,0.03125,-0.046875,0.960938
1.041338,0.054688,-0.085938,0.945312
1.041664,0.03125,-0.054688,0.945312
1.04199,0.0625,-0.117188,1.007812
1.042315,0.0,-0.070312,1.0
1.042641,0.03125,-0.078125,1.0
1.042967,0.0,-0.046875,0.976562
1.043293,0.046875,-0.054688,0.953125
1.043619,0.0625,-0.070312,1.023438
1.043945,0.054688,-0.101562,0.992188
1.044271,0.039062,-0.046875,0.953125
1.044597,0.0,-0.046875,1.03125
1.044923,0.046875,-0.078125,1.0
1.045249,0.0625,-0.03125,1.023438
1.045575,0.046875,-0.085938,1.007812
1.045901,0.046875,-0.0625,0.976562
1.046227,0.023438,-0.09375,0.9375
1.046553,0.070312,-0.078125,0.992188
1.046878,0.046875,-0.078125,0.945312
1.047204,0.039062,-0.078125,0.992188
1.04753,0.023438,-0.023438,0.992188
1.047856,0.054688,-0.09375,0.992188
1.048182,0.023438,-0.070312,0.960938
1.048508,0.039062,-0.09375,0.992188
1.048834,0.046875,-0.054688,0.9375
1.04916,0.03125,-0.078125,1.0
1.049486,0.0,-0.0625,0.976562
1.049812,0.054688,-0.070312,0.976562
1.050138,0.023438,-0.046875,0.914062
1.050464,0.054688,-0.101562,0.976562
1.05079,0.023438,-0.078125,0.960938
1.051115,0.023438,-0.09375,1.0
1.051441,0.0625,-0.0625,1.0
1.051767,0.039062,-0.070312,1.023438
1.052093,0.0,-0.078125,0.945312
1.052419,0.0625,-0.085938,0.960938
1.052745,0.039062,-0.0625,0.96875
1.053071,0.03125,-0.078125,0.96875
1.053397,0.046875,-0.070312,1.015625
1.053723,0.039062,-0.046875,0.984375
1.054049,0.070312,-0.046875,1.0
1.054375,0.046875,-0.09375,1.023438
1.054701,0.039062,-0.0625,0.984375
1.055027,0.070312,-0.085938,0.992188
1.055353,0.078125,-0.070312,1.0
1.055678,0.023438,-0.070312,0.953125
1.056004,0.078125,-0.078125,0.953125
1.05633,0.046875,-0.0625,1.0
1.056656,0.015625,-0.09375,0.960938
1.056982,0.03125,-0.070312,0.96875
1.057308,0.054688,-0.0625,1.0
1.057634,0.03125,-0.039062,0.984375
1.05796,0.007812,-0.085938,1.007812
1.058286,0.046875,-0.070312,0.9375
1.058612,0.007812,-0.078125,0.984375
1.058938,0.023438,-0.078125,0.953125
1.059264,0.046875,-0.0625,0.992188
1.05959,0.039062,-0.101562,0.96875
1.059916,0.0,-0.085938,0.945312
1.060241,0.015625,-0.046875,0.96875
1.060567,0.03125,-0.0625,1.0
1.060893,0.0,-0.085938,0.96875
1.061219,0.03125,-0.09375,0.9375
1.061545,0.054688,-0.070312,1.015625
1.061871,0.03125,-0.085938,0.992188
1.062197,0.03125,-0.070312,0.976562
1.062523,0.046875,-0.085938,1.0
1.062849,0.03125,-0.070312,0.984375
1.063175,0.0625,-0.09375,0.992188
1.063501,0.039062,-0.09375,1.0
1.063827,0.0625,-0.0625,0.992188
1.064153,0.054688,-0.085938,1.0
1.064479,0.046875,-0.078125,1.023438
1.064804,0.046875,-0.023438,0.96875
1.06513,0.03125,-0.054688,0.976562
1.065456,0.046875,-0.085938,0.960938
1.065782,0.046875,-0.070312,0.976562
1.066108,0.054688,-0.0625,0.960938
1.066434,0.0625,-0.09375,1.03125
1.06676,0.039062,-0.078125,0.984375
1.067086,0.039062,-0.046875,0.960938
1.067412,0.023438,-0.0625,0.945312
1.067738,0.046875,-0.085938,0.976562
1.068064,0.039062,-0.070312,1.0
1.06839,0.046875,-0.070312,0.976562
1.068716,0.039062,-0.070312,0.960938
1.069041,0.03125,-0.070312,0.976562
1.069367,0.023438,-0.101562,0.976562
1.069693,0.054688,-0.0625,1.023438
1.070019,0.078125,-0.09375,0.992188
1.070345,0.023438,-0.101562,1.0
1.070671,0.054688,-0.09375,0.992188
1.070997,0.023438,-0.085938,0.984375
1.071323,0.023438,-0.0625,0.9375
1.071649,0.039062,-0.078125,0.992188
1.071975,0.023438,-0.09375,0.945312
1.072301,0.023438,-0.0625,0.929688
1.072627,0.054688,-0.117188,0.984375
1.072953,0.0625,-0.078125,0.960938
1.073279,0.03125,-0.070312,1.0
1.073604,0.023438,-0.070312,1.023438
1.07393,0.046875,-0.101562,0.992188
1.074256,0.070312,-0.070312,0.96875
1.074582,0.0625,-0.101562,0.96875
1.074908,0.0625,-0.054688,0.960938
1.075234,0.039062,-0.023438,0.976562
1.07556,0.03125,-0.0625,1.0
1.075886,0.015625,-0.109375,0.96875
1.076212,0.0625,-0.085938,1.0
1.076538,0.039062,-0.054688,0.976562
1.076864,0.039062,-0.039062,0.976562
1.07719,0.007812,-0.0625,0.992188
1.077516,0.039062,-0.085938,0.96875
1.077842,0.046875,-0.007812,0.984375
1.078167,0.054688,-0.078125,0.960938
1.078493,0.0625,-0.070312,0.96875
1.078819,0.023438,-0.101562,1.03125
1.079145,0.054688,-0.039062,0.992188
1.079471,0.054688,-0.085938,0.976562
1.079797,0.007812,-0.085938,0.992188
1.080123,0.015625,-0.070312,0.929688
1.080449,0.023438,-0.070312,1.0
1.080775,0.054688,-0.09375,0.992188
1.081101,0.078125,-0.101562,1.0
1.081427,0.015625,-0.09375,1.007812
1.081753,0.03125,-0.070312,0.976562
1.082079,0.007812,-0.078125,0.976562
1.082405,0.015625,-0.039062,0.953125
1.08273,0.046875,-0.117188,0.992188
1.083056,0.0,-0.101562,0.96875
1.083382,0.054688,-0.070312,0.96875
1.083708,0.03125,-0.0625,0.984375
1.084034,0.046875,-0.03125,0.945312
1.08436,0.039062,-0.070312,1.0
1.084686,0.070312,-0.070312,0.945312
1.085012,0.023438,-0.070312,1.0
1.085338,0.015625,-0.046875,0.984375
1.085664,0.023438,-0.03125,0.945312
1.08599,0.0,-0.039062,0.976562
1.086316,0.054688,-0.0625,1.023438
1.086642,0.03125,-0.054688,1.007812
1.086968,0.03125,-0.0625,1.03125
1.087293,0.070312,-0.0625,0.992188
1.087619,0.007812,-0.125,1.039062
1.087945,0.039062,-0.101562,1.0
1.088271,0.054688,-0.070312,0.976562
1.088597,0.03125,-0.078125,0.976562
1.088923,0.007812,-0.070312,0.976562
1.089249,0.023438,-0.070312,1.015625
1.089575,0.039062,-0.078125,0.9375
1.089901,0.085938,-0.101562,1.0
1.090227,0.0625,-0.078125,0.953125
1.090553,0.046875,-0.070312,0.953125
1.090879,0.0625,-0.070312,0.921875
1.091205,0.054688,-0.078125,0.992188
1.09153,0.046875,-0.0625,0.96875
1.091856,0.039062,-0.117188,1.03125
1.092182,0.007812,-0.046875,0.960938
1.092508,0.0,-0.046875,0.992188
1.092834,0.0,-0.054688,1.0
1.09316,0.015625,-0.054688,0.96875
1.093486,0.09375,-0.070312,1.039062
1.093812,0.03125,-0.054688,0.96875
1.094138,0.054688,-0.117188,1.023438
1.094464,0.023438,-0.078125,1.0
1.09479,0.0,-0.085938,0.96875
1.095116,0.03125,-0.078125,0.9375
1.095442,0.054688,-0.085938,0.96875
1.095768,0.023438,-0.054688,0.945312
1.096093,0.054688,-0.070312,0.945312
1.096419,0.015625,-0.09375,0.976562
1.096745,0.039062,-0.085938,0.984375
1.097071,0.070312,-0.078125,0.976562
1.097397,0.039062,-0.070312,0.984375
1.097723,0.039062,-0.015625,0.953125
1.098049,0.0625,-0.054688,0.96875
1.098375,0.0,-0.101562,0.960938
1.098701,0.015625,-0.070312,0.992188
1.099027,0.03125,-0.101562,1.015625
1.099353,0.015625,-0.117188,0.984375
1.099679,0.015625,-0.070312,1.03125
1.100005,0.0,-0.09375,1.007812
1.100331,0.039062,-0.085938,1.0
1.100656,0.0,-0.0625,0.929688
1.100982,0.023438,-0.054688,1.0
1.101308,0.03125,-0.023438,0.96875
1.101634,0.007812,-0.046875,0.960938
1.10196,0.054688,-0.070312,0.992188
1.102286,0.054688,-0.101562,0.992188
1.102612,0.039062,-0.09375,0.960938
1.102938,0.070312,-0.078125,0.984375
1.103264,0.039062,-0.070312,0.984375
1.10359,0.023438,-0.0625,0.992188
1.103916,0.039062,-0.046875,1.0
1.104242,0.015625,-0.070312,0.992188
1.104568,0.023438,-0.039062,0.945312
1.104894,0.03125,-0.09375,0.945312
1.105219,0.03125,-0.070312,0.992188
1.105545,0.054688,-0.070312,1.0
1.105871,0.046875,-0.070312,1.0
1.106197,0.023438,-0.054688,0.992188
1.106523,0.0,-0.0625,0.984375
1.106849,0.0,-0.070312,0.992188
1.107175,0.03125,-0.078125,0.945312
1.107501,0.054688,-0.070312,0.960938
1.107827,0.054688,-0.0625,0.960938
1.108153,0.023438,-0.023438,1.0
1.108479,0.03125,-0.039062,0.953125
1.108805,0.03125,-0.101562,0.992188
1.109131,0.039062,-0.09375,1.0
1.109456,0.046875,-0.0625,0.953125
1.109782,0.046875,-0.101562,0.96875
1.110108,0.070312,-0.101562,1.007812
1.110434,0.054688,-0.070312,0.960938
1.11076,0.046875,-0.101562,0.992188
1.111086,0.03125,-0.078125,0.953125
1.111412,0.054688,-0.09375,1.023438
1.111738,0.03125,-0.054688,0.9375
1.112064,0.054688,-0.085938,0.960938
1.11239,0.054688,-0.078125,0.945312
1.112716,0.023438,-0.039062,0.9375
1.113042,0.046875,-0.054688,0.960938
1.113368,0.070312,-0.0625,1.015625
1.113694,0.070312,-0.125,0.984375
1.114019,0.023438,-0.078125,0.953125
1.114345,0.054688,-0.070312,0.9375
1.114671,0.023438,-0.085938,0.992188
1.114997,0.054688,-0.03125,0.96875
1.115323,0.046875,-0.015625,0.96875
1.115649,0.015625,-0.125,0.992188
1.115975,0.015625,-0.0625,0.96875
1.116301,0.046875,-0.054688,0.984375
1.116627,0.0625,-0.070312,1.015625
1.116953,0.046875,-0.054688,1.023438
1.117279,0.015625,-0.039062,0.960938
1.117605,0.039062,-0.046875,0.984375
1.117931,0.054688,-0.039062,0.976562
1.118257,0.023438,-0.039062,1.015625
1.118582,0.070312,-0.085938,1.015625
1.118908,0.039062,-0.0625,1.015625
1.119234,0.0625,-0.078125,1.007812
1.11956,0.007812,-0.09375,0.96875
1.119886,0.0625,-0.0625,1.0
1.120212,0.054688,-0.101562,0.992188
1.120538,0.007812,-0.070312,1.0
1.120864,0.039062,-0.070312,0.992188
1.12119,0.03125,-0.109375,1.007812
1.121516,0.03125,-0.023438,0.921875
1.121842,0.03125,-0.070312,0.992188
1.122168,0.015625,-0.070312,0.96875
1.122494,0.046875,-0.0625,0.992188
1.12282,0.039062,-0.109375,1.023438
1.123145,0.023438,-0.070312,0.960938
1.123471,0.054688,-0.070312,0.976562
1.123797,0.023438,-0.0625,0.96875
1.124123,0.0625,-0.085938,0.976562
1.124449,0.054688,-0.046875,0.992188
1.124775,0.0625,-0.0625,0.992188
1.125101,0.03125,-0.101562,0.953125
1.125427,0.054688,-0.101562,1.0
1.125753,0.078125,-0.0625,0.960938
1.126079,0.039062,-0.078125,0.992188
1.126405,0.046875,-0.09375,0.984375
1.126731,0.03125,-0.085938,0.992188
1.127057,0.070312,-0.0625,0.992188
1.127382,0.007812,-0.09375,1.007812
1.127708,0.03125,-0.054688,0.992188
1.128034,0.03125,-0.0625,0.96875
1.12836,0.03125,-0.054688,1.0
1.128686,0.070312,-0.054688,0.992188
1.129012,0.070312,-0.09375,0.96875
1.129338,0.070312,-0.101562,0.992188
1.129664,0.03125,-0.085938,1.007812
1.12999,0.023438,-0.054688,0.992188
1.130316,0.03125,-0.023438,1.015625
1.130642,0.054688,-0.109375,0.992188
1.130968,0.054688,-0.085938,1.007812
1.131294,0.023438,-0.070312,0.992188
1.13162,0.070312,-0.125,1.023438
1.131945,0.0625,-0.046875,0.984375
1.132271,0.015625,-0.09375,0.984375
1.132597,0.039062,-0.054688,0.992188
1.132923,0.070312,-0.085938,0.992188
1.133249,0.039062,-0.117188,0.992188
1.133575,0.046875,-0.054688,0.992188
1.133901,0.03125,-0.09375,0.960938
1.134227,0.03125,-0.085938,0.976562
1.134553,0.023438,-0.070312,0.984375
1.134879,0.023438,-0.054688,0.992188
1.135205,0.0625,-0.101562,0.96875
1.135531,0.023438,-0.078125,0.976562
1.135857,0.023438,-0.054688,1.007812
1.136183,0.046875,-0.101562,1.007812
1.136508,0.03125,-0.070312,0.953125
1.136834,0.046875,-0.070312,1.007812
1.13716,0.023438,-0.070312,0.96875
1.137486,0.054688,-0.070312,0.96875
1.137812,0.039062,-0.085938,1.0
1.138138,0.015625,-0.070312,0.992188
1.138464,0.046875,-0.039062,0.976562
1.13879,0.039062,-0.0625,0.992188
1.139116,0.070312,-0.085938,0.984375
1.139442,0.0625,-0.070312,1.0
1.139768,0.03125,-0.09375,0.96875
1.140094,0.054688,-0.085938,0.984375
1.14042,0.039062,-0.078125,0.929688
1.140746,0.03125,-0.054688,0.992188
1.141071,0.03125,-0.054688,1.007812
1.141397,0.03125,-0.03125,1.0
1.141723,0.023438,-0.0625,0.960938
1.142049,0.070312,-0.046875,0.945312
1.142375,0.015625,-0.085938,0.96875
1.142701,0.007812,-0.0625,1.007812
1.143027,0.03125,-0.09375,0.984375
1.143353,0.046875,-0.070312,1.0
1.143679,0.023438,-0.078125,0.96875
1.144005,0.007812,-0.039062,0.992188
1.144331,0.03125,-0.085938,1.0
1.144657,0.054688,-0.085938,0.960938
1.144983,0.015625,-0.0625,0.921875
1.145308,0.046875,-0.078125,0.9375
1.145634,0.03125,-0.085938,0.945312
1.14596,0.039062,-0.085938,1.0
1.146286,0.046875,-0.085938,0.976562
1.146612,0.039062,-0.054688,0.992188
1.146938,0.054688,-0.085938,0.929688
1.147264,0.007812,-0.101562,1.0
1.14759,0.03125,-0.101562,1.039062
1.147916,0.039062,-0.109375,1.0
1.148242,0.023438,-0.070312,1.0
1.148568,0.039062,-0.09375,1.007812
1.148894,0.046875,-0.0625,0.992188
1.14922,0.03125,-0.101562,0.992188
1.149546,0.039062,-0.054688,0.96875
1.149871,0.015625,-0.023438,0.992188
1.150197,0.070312,-0.054688,0.976562
1.150523,0.0625,-0.117188,0.992188
1.150849,0.039062,-0.101562,1.0
1.151175,0.054688,-0.109375,0.992188
1.151501,0.070312,-0.085938,0.992188
1.151827,0.007812,-0.101562,0.992188
1.152153,0.023438,-0.101562,0.992188
1.152479,0.039062,-0.101562,0.992188
1.152805,0.046875,-0.070312,1.0
1.153131,0.046875,-0.09375,0.992188
1.153457,0.023438,-0.085938,0.992188
1.153783,0.015625,-0.09375,0.945312
1.154109,0.046875,-0.070312,0.992188
1.154434,0.054688,-0.085938,0.984375
1.15476,0.023438,-0.046875,0.945312
1.155086,0.070312,-0.109375,0.992188
1.155412,0.046875,-0.054688,1.023438
1.155738,0.046875,-0.078125,0.992188
1.156064,0.046875,-0.070312,0.976562
1.15639,0.015625,-0.070312,0.945312
1.156716,0.054688,-0.0625,0.984375
1.157042,0.03125,-0.046875,0.976562
1.157368,0.007812,-0.09375,0.976562
1.157694,0.03125,-0.046875,0.96875
1.15802,0.0625,-0.054688,1.0
1.158346,0.054688,-0.0625,0.96875
1.158672,0.039062,-0.070312,0.976562
1.158997,0.007812,-0.0625,0.960938
1.159323,0.046875,-0.078125,1.0
1.159649,0.023438,-0.054688,1.015625
1.159975,0.023438,-0.0625,0.953125
1.160301,0.070312,-0.070312,0.992188
1.160627,0.054688,-0.0625,0.992188
1.160953,0.023438,-0.085938,0.984375
1.161279,0.023438,-0.0625,0.992188
1.161605,0.070312,-0.070312,0.96875
1.161931,0.054688,-0.054688,1.0
1.162257,0.054688,-0.078125,0.960938
1.162583,0.046875,-0.078125,0.984375
1.162909,0.039062,-0.109375,0.992188
1.163234,0.039062,-0.054688,0.9375
1.16356,0.015625,-0.054688,0.976562
1.163886,0.039062,-0.125,1.0
1.164212,0.046875,-0.070312,0.96875
1.164538,0.015625,-0.054688,0.929688
1.164864,0.039062,-0.101562,0.984375
1.16519,0.03125,-0.0625,0.984375
1.165516,0.0,-0.046875,1.0
1.165842,0.054688,-0.09375,0.992188
1.166168,0.015625,-0.054688,0.945312
1.166494,0.054688,-0.101562,1.0
1.16682,0.054688,-0.046875,0.960938
1.167146,0.046875,-0.085938,0.96875
1.167472,0.0,-0.070312,0.945312
1.167797,0.03125,-0.0625,1.039062
1.168123,0.0,-0.070312,0.992188
1.168449,0.054688,-0.046875,0.960938
1.168775,0.0,-0.09375,0.953125
1.169101,0.039062,-0.070312,0.992188
1.169427,0.054688,-0.09375,0.976562
1.169753,0.046875,-0.070312,0.96875
1.170079,0.015625,-0.070312,0.992188
1.170405,0.039062,-0.0625,0.976562
1.170731,0.054688,-0.039062,0.984375
1.171057,0.039062,-0.046875,0.984375
1.171383,0.054688,-0.0625,0.992188
1.171709,0.03125,-0.023438,0.960938
1.172035,0.046875,-0.078125,0.984375
1.17236,0.0625,-0.085938,0.96875
1.172686,0.007812,-0.039062,1.0
1.173012,0.0625,-0.09375,0.992188
1.173338,0.0,-0.070312,0.992188
1.173664,0.007812,-0.070312,0.953125
1.17399,0.039062,-0.054688,1.0
1.174316,0.007812,-0.0625,0.992188
1.174642,0.023438,-0.070312,0.976562
1.174968,0.03125,-0.0625,1.0
1.175294,0.0,-0.046875,0.953125
1.17562,0.039062,-0.078125,0.96875
1.175946,0.015625,-0.101562,1.03125
1.176272,0.0625,-0.0625,0.960938
1.176598,0.0,-0.054688,0.96875
1.176923,0.0625,-0.101562,0.976562
1.177249,0.046875,-0.101562,1.0
1.177575,0.046875,-0.070312,1.0
1.177901,0.015625,-0.054688,0.976562
1.178227,0.046875,-0.09375,0.960938
1.178553,0.0625,-0.101562,0.9375
1.178879,0.0,-0.078125,0.960938
1.179205,0.054688,-0.085938,0.960938
1.179531,0.0,-0.085938,0.992188
1.179857,0.023438,-0.0625,0.953125
1.180183,0.054688,-0.085938,0.984375
1.180509,0.039062,-0.078125,0.992188
1.180835,0.078125,-0.039062,0.992188
1.18116,0.0625,-0.0625,0.992188
1.181486,0.054688,-0.070312,1.007812
1.181812,0.0,-0.054688,0.96875
1.182138,0.070312,-0.0625,0.992188
1.182464,0.023438,-0.054688,0.960938
1.18279,0.054688,-0.101562,0.976562
1.183116,0.039062,-0.0625,0.96875
1.183442,0.046875,-0.109375,1.007812
1.183768,0.039062,-0.109375,0.984375
1.184094,0.054688,-0.078125,1.023438
1.18442,0.0,-0.078125,0.96875
1.184746,0.070312,-0.054688,1.0
1.185072,0.015625,-0.070312,0.960938
1.185398,0.046875,-0.101562,1.0
1.185723,0.0,-0.070312,1.023438
1.186049,0.03125,-0.101562,0.992188
1.186375,0.0625,-0.054688,0.96875
1.186701,0.023438,-0.078125,1.0
1.187027,0.007812,-0.09375,0.992188
1.187353,0.0625,-0.085938,0.976562
1.187679,0.0625,-0.078125,1.0
1.188005,0.0625,-0.070312,0.960938
1.188331,0.015625,-0.0625,1.023438
1.188657,0.023438,-0.0625,0.9375
1.188983,0.03125,-0.070312,1.0
1.189309,0.054688,-0.023438,0.992188
1.189635,0.03125,-0.0625,0.976562
1.189961,0.03125,-0.085938,0.992188
1.190286,0.03125,-0.085938,1.0
1.190612,0.023438,-0.070312,0.992188
1.190938,0.046875,-0.054688,1.0
1.191264,0.03125,-0.046875,0.992188
1.19159,0.046875,-0.085938,0.960938
1.191916,0.015625,-0.070312,1.023438
1.192242,0.03125,-0.0625,0.945312
1.192568,0.0,-0.046875,1.0
1.192894,0.046875,-0.0625,1.0
1.19322,0.039062,-0.09375,0.984375
1.193546,0.015625,-0.0625,0.984375
1.193872,0.054688,-0.085938,0.960938
1.194198,0.039062,-0.085938,0.976562
1.194524,0.039062,-0.0625,1.0
1.194849,0.03125,-0.0625,1.023438
1.195175,0.054688,-0.085938,0.953125
1.195501,0.03125,-0.070312,0.96875
1.195827,0.023438,-0.070312,0.984375
1.196153,0.03125,-0.03125,1.015625
1.196479,0.023438,-0.09375,0.984375
1.196805,0.0625,-0.0625,1.0
1.197131,0.078125,-0.085938,0.96875
1.197457,0.015625,-0.046875,0.96875
1.197783,0.023438,-0.0625,0.992188
1.198109,0.03125,-0.046875,0.960938
1.198435,0.054688,-0.085938,1.0
1.198761,0.023438,-0.0625,0.992188
1.199086,0.039062,-0.0625,1.0
1.199412,0.039062,-0.054688,0.984375
1.199738,0.054688,-0.0625,0.984375
1.200064,0.0625,-0.070312,1.0
1.20039,0.015625,-0.015625,0.929688
1.200716,0.046875,-0.039062,1.0
1.201042,0.0625,-0.0625,1.015625
1.201368,0.054688,-0.070312,0.992188
1.201694,0.0625,-0.070312,0.960938
1.20202,0.054688,-0.046875,0.960938
1.202346,0.078125,-0.101562,0.984375
1.202672,0.0625,-0.070312,0.984375
1.202998,0.03125,-0.070312,0.976562
1.203324,0.054688,-0.070312,1.0
1.203649,0.039062,-0.101562,0.992188
1.203975,0.085938,-0.070312,0.976562
1.204301,0.023438,-0.0625,0.960938
1.204627,0.023438,-0.085938,0.992188
1.204953,0.046875,-0.046875,0.976562
1.205279,0.023438,-0.03125,0.9375
1.205605,0.054688,-0.070312,0.9375
1.205931,0.0,-0.070312,1.0
1.206257,0.0625,-0.09375,0.953125
1.206583,0.046875,-0.085938,0.960938
1.206909,0.039062,-0.085938,0.992188
1.207235,0.054688,-0.078125,0.984375
1.207561,0.039062,-0.046875,0.929688
1.207887,0.023438,-0.0625,0.945312
1.208212,0.0625,-0.09375,1.0
1.208538,0.039062,-0.078125,0.96875
1.208864,0.0625,-0.054688,0.976562
1.20919,0.023438,-0.070312,0.976562
1.209516,0.054688,-0.0625,0.960938
1.209842,0.007812,-0.039062,0.96875
1.210168,0.03125,-0.0625,0.976562
1.210494,0.078125,-0.070312,1.023438
1.21082,0.054688,-0.085938,0.976562
1.211146,0.054688,-0.054688,0.992188
1.211472,0.023438,-0.0625,0.992188
1.211798,0.007812,-0.078125,0.976562
1.212124,0.039062,0.0,0.984375
1.21245,0.0625,-0.070312,0.984375
1.212775,0.039062,-0.085938,1.023438
1.213101,0.070312,-0.0625,0.929688
1.213427,0.023438,-0.054688,1.0
1.213753,0.023438,-0.046875,0.976562
1.214079,0.054688,-0.085938,0.96875
1.214405,0.09375,-0.078125,0.984375
1.214731,0.046875,-0.046875,0.9375
1.215057,0.046875,-0.070312,0.992188
1.215383,0.03125,-0.101562,1.0
1.215709,0.0625,-0.078125,1.0
1.216035,0.03125,-0.0625,0.960938
1.216361,0.023438,-0.0625,1.015625
1.216687,0.015625,-0.070312,0.992188
1.217012,0.046875,-0.085938,0.953125
1.217338,0.007812,-0.085938,0.984375
1.217664,0.03125,-0.039062,0.929688
1.21799,0.03125,-0.109375,1.007812
1.218316,0.0625,-0.0625,0.984375
1.218642,0.03125,-0.101562,0.960938
1.218968,0.039062,-0.078125,1.0
1.219294,0.03125,-0.078125,0.976562
1.21962,0.054688,-0.09375,1.007812
1.219946,0.039062,-0.085938,0.984375
1.220272,0.0625,-0.0625,0.96875
1.220598,0.015625,-0.078125,0.96875
1.220924,0.015625,-0.0625,0.96875
1.22125,0.03125,-0.085938,1.0
1.221575,0.046875,-0.085938,1.015625
1.221901,0.023438,-0.054688,0.976562
1.222227,0.046875,-0.09375,1.015625
1.222553,0.023438,-0.039062,1.015625
1.222879,0.0625,-0.078125,0.976562
1.223205,0.0625,-0.070312,1.007812
1.223531,0.0625,-0.070312,0.929688
1.223857,0.039062,-0.101562,0.976562
1.224183,0.070312,-0.09375,0.953125
1.224509,0.078125,-0.101562,0.945312
1.224835,0.039062,-0.054688,0.984375
1.225161,0.03125,-0.078125,0.984375
1.225487,0.046875,-0.070312,0.976562
1.225813,0.007812,-0.101562,0.992188
1.226138,0.015625,-0.046875,1.007812
1.226464,0.007812,-0.0625,0.976562
1.22679,0.070312,-0.101562,0.976562
1.227116,0.039062,-0.0625,0.992188
1.227442,0.007812,-0.09375,0.96875
1.227768,0.0,-0.046875,0.992188
1.228094,0.054688,-0.085938,1.023438
1.22842,0.039062,-0.078125,1.0
1.228746,0.023438,-0.0625,1.0
1.229072,0.054688,-0.078125,1.015625
1.229398,0.015625,-0.0625,0.953125
1.229724,0.007812,-0.078125,0.976562
1.23005,0.0625,-0.046875,0.984375
1.230376,0.0625,-0.078125,0.945312
1.230701,0.046875,-0.039062,0.960938
1.231027,0.054688,-0.0625,0.960938
1.231353,0.015625,-0.078125,0.984375
1.231679,0.054688,-0.039062,0.953125
1.232005,0.023438,-0.078125,1.015625
1.232331,0.054688,-0.070312,1.023438
1.232657,0.03125,-0.09375,0.992188
1.232983,0.054688,-0.09375,0.992188
1.233309,0.03125,-0.101562,1.046875
1.233635,0.054688,-0.09375,0.992188
1.233961,0.078125,-0.085938,0.96875
1.234287,0.046875,-0.0625,0.984375
1.234613,0.015625,-0.078125,0.992188
1.234938,0.03125,-0.09375,0.992188
1.235264,0.046875,-0.09375,0.992188
1.23559,0.007812,-0.039062,0.960938
1.235916,0.015625,-0.0625,1.0
1.236242,0.046875,-0.09375,0.992188
1.236568,0.0,-0.046875,0.945312
1.236894,0.023438,-0.0625,0.992188
1.23722,0.015625,-0.0625,1.007812
1.237546,0.039062,-0.078125,0.992188
1.237872,0.054688,-0.117188,1.007812
1.238198,0.03125,-0.070312,0.960938
1.238524,0.054688,-0.09375,1.0
1.23885,0.054688,-0.070312,0.9375
1.239176,0.023438,-0.101562,0.976562
1.239501,0.039062,-0.078125,1.0
1.239827,0.054688,-0.070312,0.992188
1.240153,0.0,-0.070312,0.96875
1.240479,0.015625,-0.054688,1.0
1.240805,0.046875,-0.046875,0.992188
1.241131,0.054688,-0.039062,1.007812
1.241457,0.015625,-0.0625,0.976562
1.241783,0.054688,-0.085938,0.945312
1.242109,0.023438,-0.09375,0.976562
1.242435,0.0625,-0.0625,0.992188
1.242761,0.039062,-0.0625,0.976562
1.243087,0.054688,-0.070312,0.960938
1.243413,0.046875,-0.0625,1.0
1.243739,0.039062,-0.101562,0.992188
1.244064,0.054688,-0.078125,0.992188
1.24439,0.0,-0.085938,1.0
1.244716,0.054688,-0.039062,0.992188
1.245042,0.03125,-0.09375,1.0
1.245368,0.03125,-0.03125,0.992188
1.245694,0.0625,-0.070312,0.992188
1.24602,0.0,-0.070312,1.007812
1.246346,0.015625,-0.078125,0.992188
1.246672,0.039062,-0.0625,0.96875
1.246998,0.0625,-0.054688,0.921875
1.247324,0.054688,-0.070312,0.984375
1.24765,0.023438,-0.078125,0.960938
1.247976,0.039062,-0.0625,1.0
1.248302,0.039062,-0.054688,0.984375
1.248627,0.007812,-0.078125,0.992188
1.248953,0.054688,-0.054688,1.0
1.249279,0.03125,-0.085938,0.984375
1.249605,0.03125,-0.117188,0.976562
1.249931,0.054688,-0.078125,0.929688
1.250257,0.039062,-0.054688,1.0
1.250583,0.054688,-0.046875,1.0
1.250909,0.023438,-0.070312,1.015625
1.251235,0.023438,-0.054688,0.960938
1.251561,0.054688,-0.085938,0.992188
1.251887,0.007812,-0.085938,1.0
1.252213,0.015625,-0.078125,0.96875
1.252539,0.039062,-0.070312,0.976562
1.252864,0.03125,-0.078125,0.984375
1.25319,0.046875,-0.078125,0.976562
1.253516,0.046875,-0.039062,0.953125
1.253842,0.046875,-0.078125,0.96875
1.254168,0.023438,-0.0625,0.945312
1.254494,0.070312,-0.046875,0.960938
1.25482,0.039062,-0.054688,1.007812
1.255146,0.054688,-0.0625,1.023438
1.255472,0.046875,-0.046875,0.945312
1.255798,0.03125,-0.03125,0.9375
1.256124,0.046875,-0.070312,1.007812
1.25645,0.039062,-0.0625,1.007812
1.256776,0.054688,-0.101562,0.984375
1.257102,0.054688,-0.078125,0.992188
1.257427,0.0,-0.054688,0.960938
1.257753,0.0,-0.078125,0.992188
1.258079,0.015625,-0.0625,0.953125
1.258405,0.023438,-0.109375,1.007812
1.258731,0.03125,-0.054688,0.96875
1.259057,0.046875,-0.046875,0.992188
1.259383,0.070312,-0.054688,1.0
1.259709,0.054688,-0.078125,0.984375
1.260035,0.046875,-0.109375,1.0
1.260361,0.015625,-0.085938,0.984375
1.260687,0.039062,-0.070312,1.0
1.261013,0.046875,-0.101562,0.992188
1.261339,0.023438,-0.054688,1.0
1.261665,0.046875,-0.039062,1.015625
1.26199,0.070312,-0.101562,0.96875
1.262316,0.03125,-0.070312,0.984375
1.262642,0.070312,-0.054688,1.015625
1.262968,0.039062,-0.078125,1.0
1.263294,0.054688,-0.0625,0.992188
1.26362,0.054688,-0.117188,0.992188
1.263946,0.039062,-0.078125,0.984375
1.264272,0.0625,-0.0625,0.960938
1.264598,0.046875,-0.0625,0.992188
1.264924,0.03125,-0.09375,1.0
1.26525,0.054688,-0.09375,1.0
1.265576,0.070312,-0.070312,0.953125
1.265902,0.054688,-0.085938,1.0
1.266228,0.054688,-0.078125,0.984375
1.266553,0.078125,-0.085938,1.007812
1.266879,0.0625,-0.085938,1.0
1.267205,0.070312,-0.078125,0.945312
1.267531,0.03125,-0.054688,1.0
1.267857,0.023438,-0.070312,0.960938
1.268183,0.023438,-0.070312,0.992188
1.268509,0.023438,-0.109375,0.960938
1.268835,0.046875,-0.09375,0.984375
1.269161,0.0625,-0.101562,0.96875
1.269487,0.054688,-0.046875,0.960938
1.269813,0.015625,-0.046875,0.992188
1.270139,0.046875,-0.0625,0.945312
1.270465,0.046875,-0.070312,0.984375
1.27079,0.03125,-0.070312,0.960938
1.271116,0.023438,-0.109375,0.945312
1.271442,0.03125,-0.117188,1.0
1.271768,0.0625,-0.085938,1.007812
1.272094,0.007812,-0.109375,0.984375
1.27242,0.023438,-0.0625,0.992188
1.272746,0.0625,-0.125,0.96875
1.273072,0.039062,-0.101562,0.960938
1.273398,0.054688,-0.070312,1.007812
1.273724,0.046875,-0.09375,1.0
1.27405,0.046875,-0.054688,0.929688
1.274376,0.015625,-0.054688,0.945312
1.274702,0.039062,-0.078125,0.992188
1.275028,0.015625,-0.0625,0.992188
1.275353,0.0,-0.023438,0.960938
1.275679,0.023438,-0.085938,0.992188
1.276005,0.007812,-0.0625,0.914062
1.276331,0.046875,-0.078125,1.0
1.276657,0.03125,-0.085938,1.015625
1.276983,0.046875,-0.023438,0.984375
1.277309,0.085938,-0.078125,0.984375
1.277635,0.0625,-0.070312,1.007812
1.277961,0.03125,-0.046875,0.945312
1.278287,0.054688,-0.09375,0.992188
1.278613,0.039062,-0.101562,1.0
1.278939,0.03125,-0.070312,1.0
1.279265,0.070312,-0.070312,0.960938
1.279591,0.054688,-0.0625,1.0
1.279916,0.007812,-0.070312,0.9375
1.280242,0.015625,-0.039062,0.992188
1.280568,0.023438,-0.039062,0.984375
1.280894,0.039062,-0.0625,0.976562
1.28122,0.070312,-0.054688,0.96875
1.281546,0.023438,-0.0625,0.9375
1.281872,0.039062,-0.0625,0.992188
1.282198,0.023438,-0.0625,0.960938
1.282524,0.0,-0.09375,0.945312
1.28285,0.054688,-0.070312,0.992188
1.283176,0.0625,-0.117188,1.0
1.283502,0.015625,-0.039062,0.992188
1.283828,0.007812,-0.0625,1.0
1.284154,0.007812,-0.070312,1.0
1.284479,0.007812,-0.0625,0.945312
1.284805,0.023438,-0.046875,1.0
1.285131,0.03125,-0.070312,0.96875
1.285457,0.039062,-0.085938,1.039062
1.285783,0.023438,-0.109375,0.984375
1.286109,0.054688,-0.101562,0.992188
1.286435,0.03125,-0.054688,0.960938
1.286761,0.03125,-0.039062,0.929688
1.287087,0.023438,-0.054688,0.992188
1.287413,0.039062,-0.039062,0.992188
1.287739,0.0625,-0.078125,1.007812
1.288065,0.0625,-0.070312,0.953125
1.288391,0.03125,-0.054688,0.945312
1.288716,0.039062,-0.101562,0.984375
1.289042,0.007812,-0.070312,1.0
1.289368,0.023438,-0.039062,0.960938
1.289694,0.039062,-0.117188,1.0
1.29002,0.054688,-0.054688,0.984375
1.290346,0.03125,-0.078125,0.960938
1.290672,0.039062,-0.054688,0.992188
1.290998,0.039062,-0.0625,1.0
1.291324,0.023438,-0.09375,0.984375
1.29165,0.054688,-0.085938,0.96875
1.291976,0.023438,-0.101562,0.992188
1.292302,0.023438,-0.101562,0.953125
1.292628,0.039062,-0.09375,1.0
1.292954,0.03125,-0.09375,0.976562
1.293279,0.0625,-0.046875,0.992188
1.293605,0.054688,-0.078125,0.960938
1.293931,0.03125,-0.070312,0.984375
1.294257,0.039062,-0.0625,0.992188
1.294583,0.0,-0.054688,0.976562
1.294909,0.054688,-0.054688,0.96875
1.295235,0.070312,-0.054688,0.96875
1.295561,0.039062,-0.109375,1.023438
1.295887,0.070312,-0.070312,0.976562
1.296213,0.0,-0.070312,0.945312
1.296539,0.039062,-0.070312,0.96875
1.296865,0.03125,-0.0625,1.015625
1.297191,0.070312,-0.070312,0.945312
1.297517,0.054688,-0.0625,1.0
1.297842,0.023438,-0.070312,1.015625
1.298168,0.046875,-0.09375,0.992188
1.298494,0.03125,-0.0625,1.015625
1.29882,0.046875,-0.101562,0.96875
1.299146,0.054688,-0.101562,0.992188
1.299472,0.0625,-0.0625,1.039062
1.299798,0.039062,-0.054688,0.992188
1.300124,0.007812,-0.054688,0.992188
1.30045,0.0,-0.078125,0.960938
1.300776,0.046875,-0.070312,0.945312
1.301102,0.03125,-0.085938,1.0
1.301428,0.023438,-0.085938,0.976562
1.301754,0.054688,-0.070312,0.976562
1.30208,0.054688,-0.078125,1.007812
1.302405,0.023438,-0.054688,0.960938
1.302731,0.054688,-0.078125,1.0
1.303057,0.015625,-0.085938,0.992188
1.303383,0.015625,-0.0625,0.945312
1.303709,0.007812,-0.0625,0.929688
1.304035,0.007812,-0.070312,0.984375
1.304361,0.0625,-0.039062,0.992188
1.304687,0.070312,-0.085938,0.960938
1.305013,0.023438,-0.039062,0.96875
1.305339,0.007812,-0.085938,0.96875
1.305665,0.054688,-0.070312,1.0
1.305991,0.0625,-0.078125,0.929688
1.306317,0.03125,-0.078125,1.0
1.306642,0.046875,-0.070312,1.0
1.306968,0.054688,-0.0625,0.992188
1.307294,0.054688,-0.085938,1.0
1.30762,0.023438,-0.046875,0.945312
1.307946,0.023438,-0.070312,0.96875
1.308272,0.054688,-0.085938,0.992188
1.308598,0.023438,-0.0625,0.992188
1.308924,0.078125,-0.125,1.0
1.30925,0.03125,-0.046875,0.976562
1.309576,0.054688,-0.0625,0.945312
1.309902,0.023438,-0.085938,0.992188
1.310228,0.054688,-0.09375,0.992188
1.310554,0.054688,-0.046875,0.960938
1.31088,0.070312,-0.0625,0.984375
1.311205,0.007812,-0.078125,0.960938
1.311531,0.039062,-0.0625,0.984375
1.311857,0.0625,-0.070312,0.945312
1.312183,0.03125,-0.09375,0.976562
1.312509,0.039062,-0.0625,0.960938
1.312835,0.015625,-0.054688,0.976562
1.313161,0.070312,-0.078125,0.992188
1.313487,0.054688,-0.078125,0.984375
1.313813,0.039062,-0.101562,1.015625
1.314139,0.039062,-0.070312,0.992188
1.314465,0.078125,-0.0625,0.945312
1.314791,0.054688,-0.078125,0.945312
1.315117,0.046875,-0.039062,0.984375
1.315443,0.046875,-0.0625,0.96875
1.315768,0.039062,-0.085938,1.007812
1.316094,0.023438,-0.101562,0.960938
1.31642,0.023438,-0.039062,0.953125
1.316746,0.046875,-0.070312,0.992188
1.317072,0.046875,-0.101562,0.992188
1.317398,0.023438,-0.085938,0.984375
1.317724,0.054688,-0.0625,0.96875
1.31805,0.023438,-0.0625,0.976562
1.318376,0.046875,0.007812,0.960938
1.318702,0.039062,-0.0625,0.984375
1.319028,0.054688,-0.0625,0.976562
1.319354,0.023438,-0.085938,0.984375
1.31968,0.023438,-0.09375,0.960938
1.320006,0.046875,-0.054688,1.0
1.320331,0.015625,-0.085938,0.992188
1.320657,0.03125,-0.054688,0.984375
1.320983,0.070312,-0.070312,0.976562
1.321309,0.046875,-0.085938,1.0
1.321635,0.03125,-0.0625,0.992188
1.321961,0.03125,-0.0625,0.992188
1.322287,0.015625,-0.070312,0.992188
1.322613,0.046875,-0.054688,0.992188
1.322939,0.03125,-0.046875,0.976562
1.323265,0.046875,-0.070312,0.984375
1.323591,0.03125,-0.070312,0.984375
1.323917,0.015625,-0.054688,0.992188
1.324243,0.046875,-0.101562,1.015625
1.324568,0.039062,-0.0625,1.0
1.324894,0.054688,-0.046875,0.96875
1.32522,0.03125,-0.085938,0.976562
1.325546,0.03125,-0.070312,0.984375
1.325872,0.039062,-0.0625,0.992188
1.326198,0.054688,-0.0625,0.992188
1.326524,0.023438,-0.054688,0.96875
1.32685,0.023438,-0.0625,1.0
1.327176,0.03125,-0.09375,0.976562
1.327502,0.007812,-0.078125,0.992188
1.327828,0.023438,-0.078125,0.992188
1.328154,0.007812,-0.078125,0.9375
1.32848,0.023438,-0.078125,1.0
1.328806,0.046875,-0.054688,0.96875
1.329131,0.039062,-0.0625,1.0
1.329457,0.046875,-0.070312,0.96875
1.329783,0.023438,-0.039062,0.960938
1.330109,0.070312,-0.0625,0.984375
1.330435,0.046875,-0.085938,0.976562
1.330761,0.039062,-0.085938,0.992188
1.331087,0.054688,-0.070312,0.960938
1.331413,0.054688,-0.070312,0.984375
1.331739,0.039062,-0.101562,1.0
1.332065,0.046875,-0.078125,0.984375
1.332391,0.039062,-0.078125,1.0
1.332717,0.03125,-0.078125,0.953125
1.333043,0.03125,-0.101562,0.984375
1.333369,0.023438,-0.0625,0.96875
1.333694,0.03125,-0.0625,0.976562
1.33402,0.023438,-0.070312,0.984375
1.334346,0.023438,-0.070312,0.960938
1.334672,0.039062,-0.078125,0.984375
1.334998,0.03125,-0.03125,1.0
1.335324,0.03125,-0.09375,1.0
1.33565,0.039062,-0.0625,0.992188
1.335976,0.023438,-0.101562,0.96875
1.336302,0.015625,-0.023438,1.0
1.336628,0.023438,-0.039062,0.992188
1.336954,0.046875,-0.070312,1.007812
1.33728,0.023438,-0.070312,0.953125
1.337606,0.039062,-0.054688,1.0
1.337932,0.023438,-0.0625,0.96875
1.338257,0.007812,-0.085938,0.992188
1.338583,0.039062,-0.054688,0.984375
1.338909,0.078125,-0.046875,0.976562
1.339235,0.054688,-0.09375,0.96875
1.339561,0.046875,-0.0625,0.96875
1.339887,0.03125,-0.0625,1.0
1.340213,0.023438,-0.070312,1.015625
1.340539,0.070312,-0.085938,1.0
1.340865,0.0625,-0.0625,0.992188
1.341191,0.03125,-0.09375,1.0
1.341517,0.015625,-0.117188,1.015625
1.341843,0.039062,-0.0625,0.960938
1.342169,0.046875,-0.09375,0.992188
1.342494,0.03125,-0.09375,1.0
1.34282,0.046875,-0.125,1.015625
1.343146,0.046875,-0.070312,0.960938
1.343472,0.007812,-0.054688,0.984375
1.343798,0.007812,-0.125,0.984375
1.344124,0.007812,-0.117188,1.007812
1.34445,0.039062,-0.070312,0.984375
1.344776,0.007812,-0.078125,0.929688
1.345102,0.007812,-0.054688,0.960938
1.345428,0.039062,-0.0625,1.0
1.345754,0.078125,-0.078125,0.992188
1.34608,0.03125,-0.09375,0.960938
1.346406,0.023438,-0.039062,0.984375
1.346732,0.015625,-0.039062,0.992188
1.347057,0.054688,-0.085938,0.960938
1.347383,0.046875,-0.054688,1.023438
1.347709,0.039062,-0.070312,0.96875
1.348035,0.03125,-0.046875,0.992188
1.348361,0.0625,-0.0625,0.992188
1.348687,0.046875,-0.070312,0.992188
1.349013,0.0625,-0.054688,0.945312
1.349339,0.054688,-0.070312,1.0
1.349665,0.046875,-0.054688,0.984375
1.349991,0.046875,-0.054688,0.976562
1.350317,0.0625,-0.070312,1.0
1.350643,0.046875,-0.054688,1.023438
1.350969,0.070312,-0.078125,1.007812
1.351295,0.054688,-0.0625,1.015625
1.35162,0.039062,-0.039062,0.976562
1.351946,0.015625,-0.085938,1.0
1.352272,0.023438,-0.09375,0.976562
1.352598,0.054688,-0.078125,0.960938
1.352924,0.054688,-0.117188,0.960938
1.35325,0.023438,-0.0625,1.023438
1.353576,0.03125,-0.109375,1.015625
1.353902,0.0625,-0.0625,0.96875
1.354228,0.023438,-0.039062,0.984375
1.354554,0.03125,-0.0625,0.992188
1.35488,0.070312,-0.078125,0.96875
1.355206,0.023438,-0.0625,0.984375
1.355532,0.0625,-0.0625,0.96875
1.355858,0.03125,-0.09375,0.945312
1.356183,0.0,-0.0625,1.007812
1.356509,0.078125,-0.09375,0.992188
1.356835,0.054688,-0.070312,0.953125
1.357161,0.0625,-0.070312,0.9375
1.357487,0.039062,-0.085938,0.929688
1.357813,0.085938,-0.070312,0.929688
1.358139,0.054688,-0.085938,1.007812
1.358465,0.03125,-0.09375,0.992188
1.358791,0.03125,-0.085938,1.0
1.359117,0.0,-0.0625,0.945312
1.359443,0.054688,-0.078125,0.976562
1.359769,0.0,-0.054688,0.992188
1.360095,0.054688,-0.101562,0.976562
1.36042,0.054688,-0.09375,0.976562
1.360746,0.03125,-0.039062,1.007812
1.361072,0.054688,-0.0625,0.984375
1.361398,0.0625,-0.085938,0.945312
1.361724,0.015625,-0.023438,0.96875
1.36205,0.015625,-0.039062,1.0
1.362376,0.03125,-0.0625,0.960938
1.362702,0.054688,-0.0625,0.976562
1.363028,0.03125,-0.046875,1.0
1.363354,0.023438,-0.046875,0.976562
1.36368,0.046875,-0.09375,0.976562
1.364006,0.046875,-0.046875,0.976562
1.364332,0.0625,-0.125,0.960938
1.364658,0.078125,-0.070312,0.992188
1.364983,0.03125,-0.046875,1.007812
1.365309,0.03125,-0.078125,1.015625
1.365635,0.054688,-0.109375,1.015625
1.365961,0.03125,-0.054688,0.945312
1.366287,0.023438,-0.078125,0.960938
1.366613,0.046875,-0.070312,0.984375
1.366939,0.015625,-0.078125,0.992188
1.367265,0.0,-0.046875,0.945312
1.367591,0.046875,-0.070312,0.992188
1.367917,0.054688,-0.054688,0.984375
1.368243,0.046875,-0.03125,1.0
1.368569,0.03125,-0.078125,0.929688
1.368895,0.046875,-0.085938,1.0
1.369221,0.070312,-0.039062,1.015625
1.369546,0.0,-0.078125,0.953125
1.369872,0.046875,-0.078125,0.96875
1.370198,0.085938,-0.101562,1.023438
1.370524,0.0625,-0.0625,1.023438
1.37085,0.03125,-0.054688,1.0
1.371176,0.03125,-0.0625,0.984375
1.371502,0.054688,-0.0625,0.960938
1.371828,0.0625,-0.070312,0.960938
1.372154,0.054688,-0.046875,1.007812
1.37248,0.046875,-0.09375,1.007812
1.372806,0.03125,-0.039062,0.984375
1.373132,0.070312,-0.0625,0.960938
1.373458,0.0,-0.09375,0.984375
1.373784,0.039062,-0.109375,1.023438
1.374109,0.046875,-0.09375,0.992188
1.374435,0.046875,-0.085938,0.96875
1.374761,0.0,-0.039062,1.0
1.375087,0.078125,-0.0625,1.0
1.375413,0.03125,-0.085938,0.953125
1.375739,0.046875,-0.070312,0.960938
1.376065,0.039062,-0.070312,0.953125
1.376391,0.039062,-0.054688,0.984375
1.376717,0.03125,-0.078125,0.96875
1.377043,0.023438,-0.070312,0.921875
1.377369,0.0,-0.085938,0.945312
1.377695,0.046875,-0.109375,0.992188
1.378021,0.023438,-0.070312,0.992188
1.378346,0.078125,-0.085938,0.992188
1.378672,0.03125,-0.046875,0.929688
1.378998,0.070312,-0.070312,0.992188
1.379324,0.054688,-0.085938,0.976562
1.37965,0.0,-0.101562,1.023438
1.379976,0.007812,-0.070312,0.992188
1.380302,0.070312,-0.109375,0.960938
1.380628,0.039062,-0.078125,0.992188
1.380954,0.039062,-0.125,1.007812
1.38128,0.03125,-0.039062,0.992188
1.381606,0.0,-0.0625,1.0
1.381932,0.046875,-0.023438,0.96875
1.382258,0.054688,-0.054688,1.007812
1.382584,0.078125,-0.109375,1.03125
1.382909,0.023438,-0.039062,0.992188
1.383235,0.070312,-0.039062,0.992188
1.383561,0.03125,-0.0625,0.984375
1.383887,0.03125,-0.0625,0.96875
1.384213,0.046875,-0.070312,0.953125
1.384539,0.046875,-0.0625,1.007812
1.384865,0.054688,-0.046875,0.992188
1.385191,0.054688,-0.070312,0.960938
1.385517,0.039062,-0.054688,0.96875
1.385843,0.054688,-0.039062,0.992188
1.386169,0.054688,-0.039062,0.945312
1.386495,0.046875,-0.070312,0.992188
1.386821,0.023438,-0.085938,0.9375
1.387147,0.078125,-0.070312,0.992188
1.387472,0.054688,-0.085938,0.992188
1.387798,0.054688,-0.078125,0.992188
1.388124,0.0,-0.0625,0.976562
1.38845,0.046875,-0.070312,0.992188
1.388776,0.0625,-0.054688,0.96875
1.389102,0.070312,-0.054688,1.007812
1.389428,0.046875,-0.054688,0.945312
1.389754,0.023438,-0.09375,1.0
1.39008,0.054688,-0.046875,0.976562
1.390406,0.054688,-0.101562,1.023438
1.390732,0.015625,-0.070312,0.960938
1.391058,0.054688,-0.054688,1.03125
1.391384,0.0625,-0.078125,1.0
1.39171,0.054688,-0.046875,0.992188
1.392035,0.039062,-0.054688,1.007812
1.392361,0.054688,-0.0625,0.984375
1.392687,0.0,-0.054688,1.0
1.393013,0.046875,-0.09375,1.0
1.393339,0.046875,-0.070312,1.0
1.393665,0.046875,-0.101562,0.960938
1.393991,0.023438,-0.054688,0.976562
1.394317,0.015625,-0.09375,0.992188
1.394643,0.023438,-0.09375,0.984375
1.394969,0.039062,-0.039062,1.015625
1.395295,0.046875,-0.085938,1.007812
1.395621,0.023438,-0.046875,1.0
1.395947,0.0625,-0.109375,0.984375
1.396272,0.046875,-0.117188,0.992188
1.396598,0.023438,-0.054688,1.015625
1.396924,0.023438,-0.0625,0.960938
1.39725,0.015625,-0.085938,0.992188
1.397576,0.054688,-0.09375,1.007812
1.397902,0.046875,-0.125,0.953125
1.398228,0.039062,-0.0625,0.96875
1.398554,0.054688,-0.046875,1.0
1.39888,0.03125,-0.101562,1.0
1.399206,0.0625,-0.078125,0.945312
1.399532,0.023438,-0.070312,0.953125
1.399858,0.0625,-0.046875,1.0
1.400184,0.039062,-0.0625,0.953125
1.40051,0.046875,-0.0625,0.9375
1.400835,0.023438,-0.0625,1.0
1.401161,0.023438,-0.046875,1.015625
1.401487,0.046875,-0.046875,0.960938
1.401813,0.023438,-0.078125,0.984375
1.402139,0.039062,-0.054688,0.96875
1.402465,0.046875,-0.09375,0.992188
1.402791,0.03125,-0.015625,0.960938
1.403117,0.03125,-0.039062,0.960938
1.403443,0.046875,-0.09375,1.0
1.403769,0.054688,-0.101562,0.96875
1.404095,0.03125,-0.09375,0.992188
1.404421,0.070312,-0.070312,0.960938
1.404747,0.039062,-0.09375,0.96875
1.405073,0.054688,-0.070312,0.960938
1.405398,0.0625,-0.054688,1.0
1.405724,0.023438,-0.09375,1.007812
1.40605,0.078125,-0.09375,0.984375
1.406376,0.007812,-0.09375,0.953125
1.406702,0.03125,-0.039062,0.953125
1.407028,0.007812,-0.078125,0.96875
1.407354,0.054688,-0.054688,1.007812
1.40768,0.054688,-0.078125,1.0
1.408006,0.03125,-0.039062,0.976562
1.408332,0.046875,-0.054688,1.0
1.408658,0.0,-0.054688,0.984375
1.408984,0.03125,-0.078125,0.945312
1.40931,0.023438,-0.0625,0.960938
1.409636,0.015625,-0.101562,1.0
1.409961,0.054688,-0.054688,0.992188
1.410287,0.070312,-0.078125,0.953125
1.410613,0.046875,-0.078125,0.976562
1.410939,0.046875,-0.117188,1.023438
1.411265,0.0625,-0.070312,0.960938
1.411591,0.054688,-0.046875,0.984375
1.411917,0.054688,-0.078125,0.992188
1.412243,0.03125,-0.09375,0.976562
1.412569,0.046875,-0.054688,1.0
1.412895,0.03125,-0.117188,0.992188
1.413221,0.046875,-0.054688,0.992188
1.413547,0.0625,-0.085938,1.015625
1.413873,0.007812,-0.046875,0.96875
1.414198,0.039062,-0.039062,1.0
1.414524,0.085938,-0.132812,0.992188
1.41485,0.070312,-0.09375,0.992188
1.415176,0.007812,-0.070312,0.929688
1.415502,0.039062,-0.101562,0.953125
1.415828,0.03125,-0.054688,1.0
1.416154,0.03125,-0.0625,0.992188
1.41648,0.03125,-0.0625,0.976562
1.416806,0.054688,-0.09375,1.023438
1.417132,0.054688,-0.117188,1.0
1.417458,0.007812,-0.117188,0.992188
1.417784,0.039062,-0.0625,1.007812
1.41811,0.039062,-0.078125,0.992188
1.418436,0.023438,-0.0625,1.0
1.418761,0.023438,-0.085938,0.992188
1.419087,0.0,-0.054688,0.992188
1.419413,0.046875,-0.078125,1.0
1.419739,0.046875,-0.125,0.992188
1.420065,0.039062,-0.078125,0.992188
1.420391,0.0625,-0.109375,1.0
1.420717,0.0,-0.070312,0.992188
1.421043,0.046875,-0.046875,0.984375
1.421369,0.054688,-0.0625,0.96875
1.421695,0.015625,-0.085938,0.992188
1.422021,0.0625,-0.0625,1.0
1.422347,0.03125,-0.070312,0.96875
1.422673,0.03125,-0.117188,0.992188
1.422999,0.023438,-0.070312,0.992188
1.423324,0.046875,-0.054688,1.007812
1.42365,0.039062,-0.054688,1.007812
1.423976,0.023438,-0.046875,1.0
1.424302,0.054688,-0.09375,1.0
1.424628,0.070312,-0.03125,1.023438
1.424954,0.070312,-0.070312,0.992188
1.42528,0.03125,-0.0625,0.976562
1.425606,0.054688,-0.0625,0.992188
1.425932,0.054688,-0.078125,0.976562
1.426258,0.054688,-0.0625,0.96875
1.426584,0.054688,-0.070312,0.960938
1.42691,0.007812,-0.070312,1.0
1.427236,0.007812,-0.039062,1.0
1.427562,0.023438,-0.085938,0.984375
1.427887,0.0625,-0.09375,0.96875
1.428213,0.03125,-0.0625,0.984375
1.428539,0.015625,-0.046875,1.0
1.428865,0.046875,-0.070312,0.976562
1.429191,0.039062,-0.054688,0.992188
1.429517,0.03125,-0.101562,0.984375
1.429843,0.039062,-0.039062,1.007812
1.430169,0.039062,-0.054688,0.929688
1.430495,0.0625,-0.117188,0.984375
1.430821,0.0,-0.023438,0.914062
1.431147,0.023438,-0.039062,0.945312
1.431473,0.078125,-0.078125,1.023438
1.431799,0.023438,-0.078125,0.992188
1.432124,0.070312,-0.070312,1.007812
1.43245,0.054688,-0.0625,0.9375
1.432776,0.046875,-0.070312,0.992188
1.433102,0.023438,-0.101562,0.96875
1.433428,0.03125,-0.023438,0.953125
1.433754,0.015625,-0.015625,0.960938
1.43408,0.015625,-0.09375,0.960938
1.434406,0.054688,-0.054688,0.976562
1.434732,0.054688,-0.054688,0.984375
1.435058,0.054688,-0.0625,0.992188
1.435384,0.054688,-0.078125,1.03125
1.43571,0.023438,-0.046875,0.992188
1.436036,0.09375,-0.101562,0.9375
1.436362,0.03125,-0.054688,0.992188
1.436687,0.03125,-0.070312,0.976562
1.437013,0.023438,-0.09375,0.945312
1.437339,0.015625,-0.09375,0.953125
1.437665,0.03125,-0.046875,0.921875
1.437991,0.015625,-0.085938,1.0
1.438317,0.054688,-0.070312,1.007812
1.438643,0.023438,-0.0625,0.96875
1.438969,0.03125,-0.109375,0.96875
1.439295,0.046875,-0.070312,0.992188
1.439621,0.03125,-0.070312,0.984375
1.439947,0.046875,-0.054688,0.992188
1.440273,0.0625,-0.054688,0.960938
1.440599,0.054688,-0.078125,0.96875
1.440925,0.023438,-0.0625,0.96875
1.44125,0.039062,-0.078125,0.992188
1.441576,0.054688,-0.0625,0.960938
1.441902,0.039062,-0.039062,0.992188
1.442228,0.046875,-0.101562,0.992188
1.442554,0.0,-0.085938,1.023438
1.44288,0.046875,-0.070312,1.007812
1.443206,0.015625,-0.09375,0.992188
1.443532,0.023438,-0.070312,0.992188
1.443858,0.03125,-0.070312,0.992188
1.444184,0.039062,-0.070312,0.960938
1.44451,0.0,-0.054688,0.953125
1.444836,0.015625,-0.039062,0.992188
1.445162,0.015625,-0.0625,0.992188
1.445488,0.039062,-0.09375,1.0
1.445813,0.0625,-0.0625,0.992188
1.446139,0.039062,-0.0625,0.992188
1.446465,0.046875,-0.046875,0.929688
1.446791,0.070312,-0.046875,0.960938
1.447117,0.046875,-0.09375,1.007812
1.447443,0.039062,-0.070312,1.0
1.447769,0.054688,-0.0625,1.0
1.448095,0.0,-0.0625,0.96875
1.448421,0.054688,-0.09375,0.984375
1.448747,0.039062,-0.078125,0.984375
1.449073,0.054688,-0.070312,1.0
1.449399,0.039062,-0.101562,0.945312
1.449725,0.0625,-0.070312,0.96875
1.45005,0.015625,-0.0625,0.96875
1.450376,0.054688,-0.085938,0.960938
1.450702,0.023438,-0.070312,0.984375
1.451028,0.078125,-0.039062,0.960938
1.451354,0.007812,-0.070312,0.984375
1.45168,0.007812,-0.023438,0.984375
1.452006,0.046875,-0.046875,1.0
1.452332,0.039062,-0.054688,0.992188
1.452658,0.03125,-0.09375,0.984375
1.452984,0.023438,-0.039062,1.023438
1.45331,0.046875,-0.085938,0.984375
1.453636,0.0625,-0.046875,1.007812
1.453962,0.007812,-0.078125,0.945312
1.454288,0.015625,-0.046875,0.96875
1.454613,0.0625,-0.03125,0.929688
1.454939,0.03125,-0.085938,0.992188
1.455265,0.0625,-0.101562,1.0
1.455591,0.085938,-0.085938,1.007812
1.455917,0.03125,-0.101562,0.953125
1.456243,0.03125,-0.085938,1.0
1.456569,0.03125,-0.039062,0.992188
1.456895,0.054688,-0.0625,0.984375
1.457221,0.0625,-0.085938,0.960938
1.457547,0.03125,-0.085938,0.992188
1.457873,0.03125,-0.046875,1.023438
1.458199,0.054688,-0.0625,0.953125
1.458525,0.054688,-0.0625,0.96875
1.458851,0.03125,-0.046875,1.0
1.459176,0.054688,-0.09375,1.03125
1.459502,0.03125,-0.0625,1.015625
1.459828,0.015625,-0.085938,0.976562
1.460154,0.007812,-0.046875,0.9375
1.46048,0.070312,-0.070312,0.976562
1.460806,0.023438,-0.023438,0.992188
1.461132,0.015625,-0.078125,0.976562
1.461458,0.078125,-0.0625,1.023438
1.461784,0.054688,-0.070312,0.96875
1.46211,0.007812,-0.046875,0.96875
1.462436,0.054688,-0.054688,1.0
1.462762,0.054688,-0.070312,0.976562
1.463088,0.03125,-0.101562,0.945312
1.463414,0.015625,-0.078125,0.960938
1.463739,0.046875,-0.085938,1.0
1.464065,0.054688,-0.085938,0.96875
1.464391,0.03125,-0.054688,0.9375
1.464717,0.03125,-0.070312,0.945312
1.465043,0.054688,-0.039062,0.96875
1.465369,0.0625,-0.117188,0.992188
1.465695,0.070312,-0.070312,0.976562
1.466021,0.03125,-0.007812,0.976562
1.466347,0.039062,-0.046875,1.007812
1.466673,0.039062,-0.054688,0.960938
1.466999,0.054688,-0.023438,0.960938
1.467325,0.03125,-0.070312,0.984375
1.467651,0.0625,-0.0625,0.992188
1.467976,0.054688,-0.039062,1.0
1.468302,0.0625,-0.085938,0.992188
1.468628,0.023438,-0.09375,0.984375
1.468954,0.023438,-0.054688,0.992188
1.46928,0.03125,-0.101562,1.0
1.469606,0.054688,-0.054688,0.960938
1.469932,0.054688,-0.101562,1.0
1.470258,0.085938,-0.101562,0.984375
1.470584,0.039062,-0.085938,0.960938
1.47091,0.007812,-0.109375,1.015625
1.471236,0.054688,-0.101562,0.9375
1.471562,0.03125,-0.070312,0.984375
1.471888,0.03125,-0.078125,0.953125
1.472214,0.078125,-0.101562,0.976562
1.472539,0.0625,-0.054688,1.0
1.472865,0.023438,-0.054688,0.984375
1.473191,0.054688,-0.0625,0.984375
1.473517,0.007812,-0.101562,0.984375
1.473843,0.0625,-0.046875,1.0
1.474169,0.039062,-0.09375,1.007812
1.474495,0.054688,-0.046875,0.976562
1.474821,0.054688,-0.09375,0.96875
1.475147,0.046875,-0.09375,0.960938
1.475473,0.054688,-0.101562,1.0
1.475799,0.03125,-0.070312,0.96875
1.476125,0.039062,-0.054688,1.0
1.476451,0.015625,-0.101562,0.960938
1.476777,0.085938,-0.078125,0.976562
1.477102,0.03125,-0.101562,0.992188
1.477428,0.023438,-0.054688,0.992188
1.477754,0.039062,-0.046875,0.960938
1.47808,0.03125,-0.039062,0.992188
1.478406,0.03125,-0.101562,0.992188
1.478732,0.054688,-0.070312,0.960938
1.479058,0.007812,-0.085938,0.984375
1.479384,0.046875,-0.0625,0.96875
1.47971,0.0,-0.117188,0.984375
1.480036,0.03125,-0.0625,1.023438
1.480362,0.039062,-0.101562,0.992188
1.480688,0.078125,-0.0625,1.0
1.481014,0.023438,-0.070312,1.007812
1.48134,0.070312,-0.0625,0.976562
1.481665,0.03125,-0.125,1.007812
1.481991,0.0,-0.054688,0.9375
1.482317,0.046875,-0.070312,0.984375
1.482643,0.0,-0.070312,0.976562
1.482969,0.039062,-0.078125,1.007812
1.483295,0.070312,-0.0625,0.992188
1.483621,0.0625,-0.0625,1.0
1.483947,0.039062,-0.046875,0.929688
1.484273,0.007812,-0.117188,0.96875
1.484599,0.085938,-0.054688,0.976562
1.484925,0.023438,-0.078125,1.03125
1.485251,0.015625,-0.09375,0.929688
1.485577,0.0625,-0.125,1.0
1.485902,0.023438,-0.078125,0.984375
1.486228,0.046875,-0.023438,0.992188
1.486554,0.046875,-0.054688,1.023438
1.48688,0.03125,-0.0625,1.015625
1.487206,0.023438,-0.015625,0.984375
1.487532,0.023438,-0.054688,0.953125
1.487858,0.03125,-0.046875,0.992188
1.488184,0.078125,-0.078125,0.992188
1.48851,0.054688,-0.070312,1.0
1.488836,0.054688,-0.070312,1.03125
1.489162,0.03125,-0.054688,1.0
1.489488,0.054688,-0.046875,0.929688
1.489814,0.03125,-0.070312,1.0
1.49014,0.007812,-0.046875,1.0
1.490465,0.023438,-0.0625,0.9375
1.490791,0.039062,-0.0625,0.992188
1.491117,0.046875,-0.046875,1.007812
1.491443,0.070312,-0.109375,0.992188
1.491769,0.039062,-0.054688,1.0
1.492095,0.03125,-0.046875,0.984375
1.492421,0.046875,-0.0625,0.984375
1.492747,0.007812,-0.09375,0.953125
1.493073,0.007812,-0.09375,1.023438
1.493399,0.046875,-0.070312,0.992188
1.493725,0.046875,-0.101562,0.992188
1.494051,0.0625,-0.0625,1.0
1.494377,0.007812,-0.0625,0.945312
1.494703,0.015625,-0.09375,1.0
1.495028,0.03125,-0.070312,1.0
1.495354,0.015625,-0.054688,0.929688
1.49568,0.039062,-0.09375,1.0
1.496006,0.0625,-0.070312,1.0
1.496332,0.070312,-0.054688,0.945312
1.496658,0.039062,-0.054688,0.984375
1.496984,0.023438,-0.046875,0.960938
1.49731,0.039062,-0.03125,1.054688
1.497636,0.070312,-0.078125,0.96875
1.497962,0.023438,-0.070312,0.992188
1.498288,0.054688,-0.070312,1.023438
1.498614,0.007812,-0.0625,0.976562
1.49894,0.015625,-0.078125,0.953125
1.499266,0.023438,-0.101562,1.007812
1.499591,0.0625,-0.070312,1.0
1.499917,0.046875,-0.054688,0.992188
1.500243,0.015625,-0.070312,0.976562
1.500569,0.0,-0.0625,1.0
1.500895,0.046875,-0.054688,0.984375
1.501221,0.023438,-0.054688,0.992188
1.501547,0.023438,-0.054688,0.984375
1.501873,0.0,-0.078125,0.992188
1.502199,0.046875,-0.085938,0.96875
1.502525,0.007812,-0.09375,1.007812
1.502851,0.046875,-0.0625,0.992188
1.503177,0.015625,-0.046875,1.0
1.503503,0.03125,-0.070312,0.96875
1.503828,0.039062,-0.078125,1.0
1.504154,0.023438,-0.085938,0.992188
1.50448,0.03125,-0.039062,1.0
1.504806,0.070312,-0.101562,0.953125
1.505132,0.039062,-0.109375,0.992188
1.505458,0.054688,-0.0625,1.015625
1.505784,0.015625,-0.0625,0.976562
1.50611,0.007812,-0.101562,0.96875
1.506436,0.03125,-0.054688,0.992188
1.506762,0.039062,-0.078125,0.945312
1.507088,0.054688,-0.09375,1.0
1.507414,0.03125,-0.039062,0.9375
1.50774,0.039062,-0.054688,0.96875
1.508066,0.039062,-0.039062,1.023438
1.508391,0.0,-0.023438,1.0
1.508717,0.0625,-0.054688,0.984375
1.509043,0.085938,-0.0625,1.03125
1.509369,0.03125,-0.0625,0.976562
1.509695,0.046875,-0.085938,0.992188
1.510021,0.054688,-0.0625,1.023438
1.510347,0.039062,-0.109375,1.007812
1.510673,0.046875,-0.085938,0.960938
1.510999,0.007812,-0.0625,0.96875
1.511325,0.054688,-0.078125,0.96875
1.511651,0.015625,-0.109375,0.96875
1.511977,0.054688,-0.101562,0.945312
1.512303,0.015625,-0.046875,0.921875
1.512629,0.039062,-0.070312,0.953125
1.512954,0.0625,-0.085938,0.992188
1.51328,0.039062,-0.0625,0.984375
1.513606,0.046875,-0.078125,0.929688
1.513932,0.070312,-0.078125,0.953125
1.514258,0.046875,-0.070312,1.0
1.514584,0.054688,-0.039062,0.992188
1.51491,0.0,-0.070312,1.0
1.515236,0.039062,-0.0625,0.9375
1.515562,0.046875,-0.070312,0.960938
1.515888,0.039062,-0.101562,0.984375
1.516214,0.0,-0.046875,0.96875
1.51654,0.039062,-0.0625,0.945312
1.516866,0.0625,-0.070312,1.0
1.517192,0.046875,-0.125,0.992188
1.517517,0.015625,-0.078125,1.007812
1.517843,0.007812,-0.054688,0.96875
1.518169,0.046875,-0.125,0.992188
1.518495,0.0625,-0.054688,0.953125
1.518821,0.0625,-0.109375,1.007812
1.519147,0.054688,-0.070312,0.992188
1.519473,0.054688,-0.09375,0.992188
1.519799,0.054688,-0.078125,0.960938
1.520125,0.023438,-0.046875,0.945312
1.520451,0.039062,-0.0625,0.960938
1.520777,0.046875,-0.0625,0.945312
1.521103,0.0,-0.0625,0.945312
1.521429,0.015625,-0.070312,0.976562
1.521755,0.054688,-0.085938,0.984375
1.52208,0.015625,-0.0625,0.945312
1.522406,0.023438,-0.070312,0.984375
1.522732,0.039062,-0.070312,0.984375
1.523058,0.015625,-0.085938,1.023438
1.523384,0.039062,-0.0625,0.984375
1.52371,0.046875,-0.0625,0.984375
1.524036,0.0625,-0.070312,1.007812
1.524362,0.023438,-0.054688,0.992188
1.524688,0.070312,-0.078125,0.992188
1.525014,0.046875,-0.070312,0.992188
1.52534,0.007812,-0.054688,0.96875
1.525666,0.046875,-0.109375,1.0
1.525992,0.0625,-0.09375,0.953125
1.526317,0.046875,-0.070312,0.992188
1.526643,0.070312,-0.054688,0.992188
1.526969,0.070312,-0.109375,1.0
1.527295,0.054688,-0.070312,0.953125
1.527621,0.03125,-0.054688,1.007812
1.527947,0.054688,-0.0625,0.960938
1.528273,0.039062,-0.078125,0.992188
1.528599,0.0625,-0.054688,0.984375
1.528925,0.070312,-0.03125,1.007812
1.529251,0.054688,-0.09375,0.96875
1.529577,0.054688,-0.078125,1.03125
1.529903,0.046875,-0.078125,0.984375
1.530229,0.039062,-0.070312,1.0
1.530555,0.054688,-0.039062,1.0
1.53088,0.0,-0.054688,0.992188
1.531206,0.070312,-0.046875,0.953125
1.531532,0.0625,-0.070312,0.945312
1.531858,0.046875,-0.09375,0.96875
1.532184,0.039062,-0.046875,0.96875
1.53251,0.070312,-0.085938,1.007812
1.532836,0.015625,-0.039062,0.984375
1.533162,0.039062,-0.117188,0.992188
1.533488,0.023438,-0.046875,0.992188
1.533814,0.046875,-0.039062,0.992188
1.53414,0.007812,-0.0625,0.992188
1.534466,0.023438,-0.117188,1.0
1.534792,0.046875,-0.0625,0.984375
1.535118,0.054688,-0.070312,0.945312
1.535443,0.007812,-0.101562,0.96875
1.535769,0.0,-0.085938,1.0
1.536095,0.03125,-0.09375,0.992188
1.536421,0.054688,-0.0625,0.992188
1.536747,0.0,-0.109375,0.992188
1.537073,0.085938,-0.070312,0.9375
1.537399,0.023438,-0.109375,0.953125
1.537725,0.070312,-0.101562,1.007812
1.538051,0.09375,-0.109375,0.9375
1.538377,0.03125,-0.0625,1.0
1.538703,0.070312,-0.039062,0.953125
1.539029,0.039062,-0.085938,0.992188
1.539355,0.046875,-0.078125,0.96875
1.539681,0.046875,-0.0625,0.992188
1.540006,0.046875,-0.070312,0.960938
1.540332,0.085938,-0.085938,0.96875
1.540658,0.03125,-0.078125,0.96875
1.540984,0.0625,-0.101562,1.0
1.54131,0.070312,-0.09375,0.992188
1.541636,0.085938,-0.070312,1.0
1.541962,0.054688,-0.0625,1.0
1.542288,0.070312,-0.109375,0.96875
1.542614,0.046875,-0.070312,1.023438
1.54294,0.007812,-0.117188,1.0
1.543266,0.039062,-0.09375,0.992188
1.543592,0.054688,-0.039062,0.96875
1.543918,0.054688,-0.085938,0.992188
1.544243,0.023438,-0.046875,0.921875
1.544569,0.023438,-0.070312,0.984375
1.544895,0.070312,-0.101562,0.960938
1.545221,0.007812,-0.101562,0.960938
1.545547,0.023438,-0.070312,0.945312
1.545873,0.039062,-0.070312,0.992188
1.546199,0.03125,-0.054688,1.015625
1.546525,0.023438,-0.0625,0.976562
1.546851,0.039062,-0.0625,0.992188
1.547177,0.046875,-0.078125,0.984375
1.547503,0.023438,-0.070312,0.960938
1.547829,0.039062,-0.125,1.007812
1.548155,0.039062,-0.054688,0.984375
1.548481,0.070312,-0.09375,1.015625
1.548806,0.023438,-0.070312,1.023438
1.549132,0.007812,-0.078125,0.945312
1.549458,0.039062,-0.046875,0.984375
1.549784,0.070312,-0.09375,0.984375
1.55011,0.015625,-0.046875,0.992188
1.550436,0.09375,-0.078125,1.0
1.550762,0.078125,-0.054688,0.992188
1.551088,0.03125,-0.0625,1.007812
1.551414,0.054688,-0.046875,1.0
1.55174,0.023438,-0.101562,0.984375
1.552066,0.046875,-0.054688,0.960938
1.552392,0.054688,-0.078125,0.984375
1.552718,0.046875,-0.101562,0.960938
1.553044,0.054688,-0.054688,0.976562
1.553369,0.054688,-0.078125,0.96875
1.553695,0.070312,-0.101562,0.992188
1.554021,0.054688,-0.109375,0.960938
1.554347,0.03125,-0.070312,0.984375
1.554673,0.054688,-0.0625,0.984375
1.554999,0.039062,-0.09375,1.007812
1.555325,0.054688,-0.101562,0.992188
1.555651,0.03125,-0.101562,1.0
1.555977,0.070312,-0.078125,1.0
1.556303,0.054688,-0.09375,0.96875
1.556629,0.0,-0.070312,0.96875
1.556955,0.023438,-0.054688,0.976562
1.557281,0.046875,-0.054688,0.960938
1.557607,0.039062,-0.070312,0.96875
1.557932,0.0625,-0.070312,0.96875
1.558258,0.03125,-0.046875,1.007812
1.558584,0.0625,-0.085938,1.007812
1.55891,0.054688,-0.0625,0.992188
1.559236,0.03125,-0.054688,1.0
1.559562,0.039062,-0.09375,1.015625
1.559888,0.03125,-0.09375,0.984375
1.560214,0.007812,-0.046875,0.960938
1.56054,0.070312,-0.039062,0.953125
1.560866,0.046875,-0.054688,0.992188
1.561192,0.054688,-0.109375,0.960938
1.561518,0.070312,-0.078125,1.015625
1.561844,0.03125,-0.054688,1.007812
1.562169,0.046875,-0.054688,0.96875
1.562495,0.0,-0.0625,0.992188
1.562821,0.0625,-0.070312,1.0
1.563147,0.015625,-0.070312,0.992188
1.563473,0.03125,-0.09375,0.953125
1.563799,-0.007812,-0.0625,0.992188
1.564125,0.0,-0.0625,0.960938
1.564451,0.039062,-0.09375,1.0
1.564777,0.070312,-0.070312,1.0
1.565103,0.0,-0.078125,0.960938
1.565429,0.039062,-0.09375,1.0
1.565755,0.054688,-0.0625,0.96875
1.566081,0.023438,-0.046875,0.96875
1.566407,0.046875,-0.085938,1.0
1.566732,0.0625,-0.0625,1.015625
1.567058,0.054688,-0.101562,0.976562
1.567384,0.070312,-0.078125,0.984375
1.56771,0.085938,-0.078125,0.976562
1.568036,0.054688,-0.085938,1.015625
1.568362,0.039062,-0.078125,0.984375
1.568688,0.039062,-0.101562,1.039062
1.569014,0.023438,-0.054688,0.960938
1.56934,0.03125,-0.0625,1.015625
1.569666,0.054688,-0.054688,1.0
1.569992,0.085938,-0.101562,0.9375
1.570318,0.03125,-0.085938,0.992188
1.570644,0.03125,-0.117188,0.945312
1.57097,0.007812,-0.09375,0.960938
1.571295,0.046875,-0.085938,0.992188
1.571621,0.039062,-0.078125,0.992188
1.571947,0.03125,-0.070312,0.9375
1.572273,0.054688,-0.054688,0.960938
1.572599,0.046875,-0.0625,0.984375
1.572925,0.03125,-0.070312,0.976562
1.573251,0.046875,-0.070312,1.007812
1.573577,0.070312,-0.085938,0.976562
1.573903,0.054688,-0.03125,0.960938
1.574229,0.023438,-0.0625,0.960938
1.574555,0.054688,-0.09375,0.945312
1.574881,0.023438,-0.078125,0.960938
1.575207,0.039062,-0.046875,0.945312
1.575533,0.054688,-0.101562,0.992188
1.575858,0.023438,-0.0625,1.0
1.576184,0.046875,-0.054688,0.976562
1.57651,0.023438,-0.054688,0.976562
1.576836,0.023438,-0.0625,0.953125
1.577162,0.03125,-0.039062,0.96875
1.577488,0.070312,-0.070312,0.976562
1.577814,0.03125,-0.078125,1.0
1.57814,0.054688,-0.09375,0.945312
1.578466,0.023438,-0.054688,0.945312
1.578792,0.015625,-0.078125,0.953125
1.579118,0.054688,-0.085938,1.015625
1.579444,0.054688,-0.070312,0.976562
1.57977,0.023438,-0.070312,1.0
1.580095,0.0,-0.0625,0.984375
1.580421,0.039062,-0.101562,0.960938
1.580747,0.070312,-0.117188,0.992188
1.581073,0.03125,-0.054688,0.976562
1.581399,0.054688,-0.070312,0.96875
1.581725,0.03125,-0.070312,1.0
1.582051,0.023438,-0.0625,0.96875
1.582377,0.054688,-0.0625,0.960938
1.582703,0.007812,-0.054688,1.0
1.583029,0.054688,-0.070312,1.015625
1.583355,0.101562,-0.070312,0.96875
1.583681,0.0,-0.070312,0.976562
1.584007,0.09375,-0.101562,1.039062
1.584333,0.0625,-0.101562,1.0
1.584658,0.03125,-0.0625,0.984375
1.584984,0.023438,-0.085938,0.992188
1.58531,0.054688,-0.03125,0.976562
1.585636,0.023438,-0.070312,0.960938
1.585962,0.054688,-0.0625,1.007812
1.586288,0.039062,-0.09375,0.976562
1.586614,0.03125,-0.070312,0.976562
1.58694,0.070312,-0.09375,0.96875
1.587266,0.015625,-0.09375,0.960938
1.587592,0.046875,-0.09375,1.0
1.587918,0.039062,-0.101562,0.992188
1.588244,0.054688,-0.046875,0.992188
1.58857,0.078125,-0.078125,0.976562
1.588896,0.0625,-0.0625,0.960938
1.589221,0.03125,-0.0625,0.984375
1.589547,0.054688,-0.101562,1.0
1.589873,0.015625,-0.085938,0.992188
1.590199,0.0625,-0.070312,1.0
1.590525,0.023438,-0.085938,0.976562
1.590851,0.054688,-0.046875,1.0
1.591177,0.046875,-0.085938,0.96875
1.591503,0.046875,-0.070312,0.960938
1.591829,0.015625,-0.054688,1.03125
1.592155,0.015625,-0.046875,1.039062
1.592481,0.03125,-0.070312,1.0
1.592807,0.0625,-0.070312,0.921875
1.593133,0.0625,-0.054688,1.0
1.593459,0.023438,-0.078125,0.984375
1.593784,0.046875,-0.085938,1.007812
1.59411,0.09375,-0.085938,1.007812
1.594436,0.070312,-0.070312,0.96875
1.594762,0.046875,-0.078125,0.953125
1.595088,0.039062,-0.109375,0.960938
1.595414,0.046875,-0.101562,0.984375
1.59574,0.023438,-0.085938,0.984375
1.596066,0.03125,-0.054688,1.0
1.596392,0.03125,-0.078125,1.007812
1.596718,0.03125,-0.070312,0.984375
1.597044,0.054688,-0.101562,0.960938
1.59737,0.078125,-0.085938,0.992188
1.597696,0.03125,-0.085938,0.960938
1.598021,0.03125,-0.070312,0.976562
1.598347,0.054688,-0.070312,0.929688
1.598673,0.03125,-0.09375,0.992188
1.598999,0.0625,-0.046875,0.953125
1.599325,0.007812,-0.03125,0.984375
1.599651,0.023438,-0.101562,0.992188
1.599977,0.03125,-0.070312,1.007812
1.600303,0.085938,-0.078125,0.992188
1.600629,0.054688,-0.054688,1.0
1.600955,0.015625,-0.046875,0.992188
1.601281,0.054688,-0.070312,0.976562
1.601607,0.039062,-0.09375,0.992188
1.601933,0.054688,-0.0625,1.015625
1.602259,0.03125,-0.0625,0.929688
1.602584,0.054688,-0.085938,1.0
1.60291,0.03125,-0.078125,0.984375
1.603236,0.046875,-0.09375,1.0
1.603562,0.03125,-0.070312,0.960938
1.603888,0.046875,-0.070312,0.976562
1.604214,0.0,-0.078125,0.976562
1.60454,0.046875,-0.125,0.984375
1.604866,0.046875,-0.117188,0.960938
1.605192,0.0,-0.070312,0.992188
1.605518,0.023438,-0.054688,0.96875
1.605844,0.046875,-0.078125,1.023438
1.60617,0.023438,-0.078125,0.921875
1.606496,0.03125,-0.039062,1.0
1.606822,0.101562,-0.09375,0.992188
1.607147,0.023438,-0.070312,0.976562
1.607473,0.03125,-0.054688,0.992188
1.607799,0.046875,-0.070312,0.9375
1.608125,0.023438,-0.101562,0.992188
1.608451,0.070312,-0.0625,0.96875
1.608777,0.015625,-0.046875,0.96875
1.609103,0.015625,-0.0625,0.9375
1.609429,0.0625,-0.070312,0.992188
1.609755,0.0625,-0.0625,1.0
1.610081,0.007812,-0.0625,0.992188
1.610407,0.046875,-0.078125,0.992188
1.610733,0.03125,-0.070312,0.96875
1.611059,0.03125,-0.070312,0.96875
1.611385,0.023438,-0.078125,1.007812
1.61171,0.054688,-0.070312,0.960938
1.612036,0.054688,-0.101562,1.0
1.612362,0.0,-0.070312,1.0
1.612688,0.03125,-0.085938,0.992188
1.613014,0.0625,-0.039062,0.976562
1.61334,0.015625,-0.117188,0.992188
1.613666,0.03125,-0.046875,1.007812
1.613992,0.085938,-0.085938,1.0
1.614318,0.023438,-0.085938,0.96875
1.614644,0.0,-0.09375,0.992188
1.61497,0.054688,-0.0625,1.0
1.615296,0.023438,-0.054688,0.953125
1.615622,0.078125,-0.054688,0.992188
1.615947,0.054688,-0.0625,0.992188
1.616273,0.039062,-0.085938,1.007812
1.616599,0.015625,-0.078125,0.945312
1.616925,0.054688,-0.085938,0.992188
1.617251,0.039062,-0.078125,1.007812
1.617577,0.054688,-0.054688,1.0
1.617903,0.023438,-0.070312,1.007812
1.618229,0.046875,-0.0625,1.0
1.618555,0.03125,-0.046875,1.015625
1.618881,0.023438,-0.054688,0.992188
1.619207,0.039062,-0.054688,0.976562
1.619533,0.0625,-0.109375,0.96875
1.619859,0.015625,-0.078125,1.0
1.620185,0.03125,-0.09375,0.992188
1.62051,0.023438,-0.070312,0.992188
1.620836,0.046875,-0.046875,0.976562
1.621162,0.023438,-0.0625,0.976562
1.621488,0.03125,-0.078125,0.992188
1.621814,0.039062,-0.0625,0.96875
1.62214,0.03125,-0.085938,0.992188
1.622466,0.0625,-0.09375,1.0
1.622792,0.0625,-0.09375,1.015625
1.623118,0.007812,-0.085938,1.007812
1.623444,0.023438,-0.101562,0.960938
1.62377,0.046875,-0.054688,0.976562
1.624096,0.023438,-0.078125,1.0
1.624422,0.0,-0.0625,1.0
1.624748,0.0625,-0.039062,1.023438
1.625073,0.054688,-0.09375,1.007812
1.625399,0.070312,-0.039062,0.984375
1.625725,0.070312,-0.085938,0.992188
1.626051,0.0,-0.046875,0.976562
1.626377,0.039062,-0.03125,0.953125
1.626703,0.0,-0.078125,1.0
1.627029,0.054688,-0.054688,0.976562
1.627355,0.039062,-0.085938,1.0
1.627681,0.039062,-0.0625,1.007812
1.628007,0.039062,-0.0625,0.992188
1.628333,0.070312,-0.101562,0.976562
1.628659,0.039062,-0.0625,1.007812
1.628985,0.054688,-0.101562,0.992188
1.629311,0.046875,-0.078125,0.984375
1.629636,0.054688,-0.0625,1.007812
1.629962,0.046875,-0.054688,0.992188
1.630288,0.023438,-0.054688,0.992188
1.630614,0.023438,-0.09375,0.953125
1.63094,0.0625,-0.101562,0.984375
1.631266,0.054688,-0.101562,0.992188
1.631592,0.054688,-0.0625,0.976562
1.631918,0.046875,-0.09375,1.007812
1.632244,0.054688,-0.046875,0.992188
1.63257,0.054688,-0.085938,0.953125
1.632896,0.046875,-0.039062,1.0
1.633222,0.046875,-0.101562,0.992188
1.633548,0.015625,-0.101562,1.015625
1.633873,0.078125,-0.109375,0.976562
1.634199,0.023438,-0.046875,0.976562
1.634525,0.070312,-0.109375,0.992188
1.634851,0.0625,-0.039062,0.976562
1.635177,0.054688,-0.046875,0.976562
1.635503,0.0,-0.039062,0.96875
1.635829,0.070312,-0.078125,1.015625
1.636155,0.039062,-0.085938,1.0
1.636481,0.023438,-0.0625,0.976562
1.636807,0.046875,-0.078125,0.984375
1.637133,0.046875,-0.070312,0.960938
1.637459,0.023438,-0.070312,0.960938
1.637785,0.039062,-0.109375,1.0
1.638111,0.046875,-0.09375,0.953125
1.638436,0.007812,-0.078125,1.0
1.638762,0.054688,-0.070312,0.96875
1.639088,0.039062,-0.070312,0.992188
1.639414,0.039062,-0.078125,0.96875
1.63974,0.0625,-0.078125,0.992188
1.640066,0.039062,-0.078125,0.984375
1.640392,0.015625,-0.078125,0.960938
1.640718,0.054688,-0.09375,0.953125
1.641044,0.0625,-0.054688,0.96875
1.64137,0.03125,-0.0625,1.0
1.641696,0.0,-0.046875,0.953125
1.642022,0.046875,-0.070312,0.992188
1.642348,0.007812,-0.046875,0.96875
1.642674,0.039062,-0.070312,1.03125
1.642999,0.039062,-0.0625,1.007812
1.643325,0.039062,-0.078125,0.9375
1.643651,0.039062,-0.0625,1.015625
1.643977,0.015625,-0.046875,0.953125
1.644303,0.023438,-0.054688,0.992188
1.644629,0.03125,-0.070312,0.960938
1.644955,0.023438,-0.070312,0.976562
1.645281,0.046875,-0.070312,0.976562
1.645607,0.054688,-0.085938,0.976562
1.645933,0.023438,-0.054688,0.960938
1.646259,0.039062,-0.070312,0.976562
1.646585,0.0625,-0.0625,0.96875
1.646911,0.023438,-0.0625,0.96875
1.647237,0.007812,-0.09375,0.96875
1.647562,0.03125,-0.0625,0.9375
1.647888,0.015625,-0.085938,0.96875
1.648214,0.0625,-0.054688,1.0
1.64854,0.039062,-0.078125,0.992188
1.648866,0.085938,-0.085938,1.007812
1.649192,0.039062,-0.054688,0.953125
1.649518,0.03125,-0.054688,0.992188
1.649844,0.070312,-0.0625,1.0
1.65017,0.046875,-0.054688,0.960938
1.650496,0.007812,-0.039062,0.992188
1.650822,0.054688,-0.054688,1.0
1.651148,0.007812,-0.03125,0.9375
1.651474,0.054688,-0.0625,0.992188
1.651799,0.054688,-0.0625,0.984375
1.652125,0.085938,-0.085938,0.984375
1.652451,0.054688,-0.078125,1.007812
1.652777,0.0625,-0.046875,0.976562
1.653103,0.007812,-0.070312,0.976562
1.653429,0.085938,-0.09375,1.03125
1.653755,0.03125,-0.046875,0.945312
1.654081,0.023438,-0.039062,1.0
1.654407,0.054688,-0.078125,1.023438
1.654733,0.039062,-0.109375,0.984375
1.655059,0.0,-0.078125,0.984375
1.655385,0.046875,-0.070312,1.023438
1.655711,0.046875,-0.078125,1.0
1.656037,0.03125,-0.070312,0.992188
1.656362,0.046875,-0.0625,0.992188
1.656688,0.054688,-0.046875,1.0
1.657014,0.046875,-0.070312,1.0
1.65734,0.023438,-0.070312,0.992188
1.657666,0.03125,-0.039062,1.007812
1.657992,0.023438,-0.085938,0.976562
1.658318,0.023438,-0.0625,0.992188
1.658644,0.046875,-0.117188,1.0
1.65897,0.054688,-0.09375,0.960938
1.659296,0.023438,-0.03125,0.945312
1.659622,0.03125,-0.03125,1.0
1.659948,0.03125,-0.085938,0.984375
1.660274,0.046875,-0.039062,0.9375
1.6606,0.039062,-0.0625,1.0
1.660925,0.03125,-0.054688,0.96875
1.661251,0.046875,-0.085938,0.945312
1.661577,0.039062,-0.085938,0.992188
1.661903,0.023438,-0.078125,0.96875
1.662229,0.046875,-0.078125,1.007812
1.662555,0.015625,-0.125,0.960938
1.662881,0.054688,-0.09375,1.015625
1.663207,0.03125,-0.054688,0.9375
1.663533,0.046875,-0.0625,0.953125
1.663859,0.039062,-0.085938,0.976562
1.664185,0.015625,-0.054688,1.007812
1.664511,0.054688,-0.070312,0.960938
1.664837,0.023438,-0.046875,1.039062
1.665163,0.0625,-0.101562,0.992188
1.665488,0.03125,-0.070312,0.960938
1.665814,0.007812,-0.054688,0.953125
1.66614,0.046875,-0.085938,0.984375
1.666466,0.054688,-0.078125,1.007812
1.666792,0.007812,-0.09375,1.0
1.667118,0.023438,-0.085938,0.984375
1.667444,0.0625,-0.09375,1.0
1.66777,0.054688,-0.085938,0.992188
1.668096,0.039062,-0.0625,0.96875
1.668422,0.007812,-0.03125,1.0
1.668748,0.0,-0.054688,0.976562
1.669074,0.046875,-0.046875,0.992188
1.6694,0.054688,-0.046875,0.953125
1.669725,0.039062,-0.101562,0.976562
1.670051,0.0,-0.070312,0.96875
1.670377,0.0,-0.070312,0.992188
1.670703,0.046875,-0.0625,0.992188
1.671029,0.046875,-0.0625,1.0
1.671355,0.03125,-0.0625,0.960938
1.671681,0.054688,-0.078125,0.976562
1.672007,0.015625,-0.0625,0.992188
1.672333,0.0625,-0.085938,0.992188
1.672659,0.046875,-0.101562,1.023438
1.672985,0.0625,-0.085938,0.976562
1.673311,0.054688,-0.054688,0.984375
1.673637,0.054688,-0.070312,0.976562
1.673963,0.015625,-0.078125,0.960938
1.674288,0.039062,-0.054688,0.945312
1.674614,0.054688,-0.101562,0.960938
1.67494,0.039062,-0.054688,1.007812
1.675266,0.054688,-0.070312,1.0
1.675592,0.054688,-0.054688,0.976562
1.675918,0.046875,-0.078125,0.960938
1.676244,0.046875,-0.0625,0.984375
1.67657,0.0625,-0.09375,0.992188
1.676896,0.03125,-0.09375,0.976562
1.677222,0.007812,-0.039062,1.015625
1.677548,0.046875,-0.070312,1.007812
1.677874,0.054688,-0.054688,1.0
1.6782,0.0625,-0.039062,0.984375
1.678526,0.054688,-0.09375,0.992188
1.678851,0.007812,-0.046875,0.960938
1.679177,0.046875,-0.054688,0.953125
1.679503,0.0625,-0.09375,0.984375
1.679829,0.039062,-0.101562,0.976562
1.680155,0.054688,-0.078125,0.984375
1.680481,0.023438,-0.054688,0.960938
1.680807,0.054688,-0.09375,1.0
1.681133,0.0625,-0.0625,0.945312
1.681459,0.039062,-0.085938,0.96875
1.681785,0.03125,-0.0625,1.007812
1.682111,0.0625,-0.132812,0.976562
1.682437,0.039062,-0.101562,0.976562
1.682763,0.03125,-0.054688,0.960938
1.683089,0.015625,-0.070312,0.992188
1.683414,0.023438,-0.054688,0.992188
1.68374,0.007812,-0.0625,0.953125
1.684066,0.0625,-0.03125,0.992188
1.684392,0.023438,-0.070312,0.960938
1.684718,0.054688,-0.101562,1.0
1.685044,0.046875,-0.078125,0.9375
1.68537,0.039062,-0.09375,0.960938
1.685696,0.0625,-0.085938,1.0
1.686022,0.023438,-0.078125,0.96875
1.686348,0.0625,-0.0625,0.984375
1.686674,0.046875,-0.078125,1.03125
1.687,0.023438,-0.0625,0.953125
1.687326,0.007812,-0.070312,0.992188
1.687651,0.023438,-0.0625,0.992188
1.687977,0.046875,-0.101562,1.0
1.688303,0.023438,-0.03125,0.976562
1.688629,0.023438,-0.070312,0.960938
1.688955,0.03125,-0.0625,1.0
1.689281,0.078125,-0.054688,0.960938
1.689607,0.039062,-0.070312,0.992188
1.689933,0.03125,-0.054688,0.984375
1.690259,0.0625,-0.070312,1.023438
1.690585,0.046875,-0.046875,0.984375
1.690911,0.0625,-0.09375,1.0
1.691237,0.03125,-0.0625,1.007812
1.691563,0.023438,-0.0625,0.976562
1.691889,0.023438,-0.070312,1.0
1.692214,0.054688,-0.085938,0.976562
1.69254,0.023438,-0.03125,0.960938
1.692866,0.046875,-0.085938,0.960938
1.693192,0.046875,-0.03125,0.96875
1.693518,0.039062,-0.03125,0.992188
1.693844,0.023438,-0.0625,0.992188
1.69417,0.046875,-0.070312,0.992188
1.694496,0.046875,-0.054688,0.96875
1.694822,0.03125,-0.085938,0.945312
1.695148,0.039062,-0.039062,1.007812
1.695474,0.023438,-0.101562,0.96875
1.6958,0.039062,-0.0625,0.976562
1.696126,0.007812,-0.070312,0.960938
1.696452,0.039062,-0.085938,0.984375
1.696777,0.023438,-0.03125,0.945312
1.697103,0.054688,-0.0625,1.0
1.697429,0.039062,-0.03125,1.0
1.697755,0.03125,-0.0625,1.0
1.698081,0.023438,-0.03125,0.992188
1.698407,0.054688,-0.0625,1.0
1.698733,0.046875,-0.09375,0.976562
1.699059,0.023438,-0.070312,1.0
1.699385,0.054688,-0.0625,0.976562
1.699711,0.0625,-0.070312,0.953125
1.700037,0.046875,-0.070312,1.0
1.700363,0.046875,-0.085938,0.960938
1.700689,0.054688,-0.070312,1.007812
1.701015,0.007812,-0.054688,0.960938
1.70134,0.0625,-0.09375,0.984375
1.701666,0.03125,-0.070312,0.945312
1.701992,0.015625,-0.09375,0.992188
1.702318,0.023438,-0.070312,0.945312
1.702644,0.023438,-0.054688,0.976562
1.70297,0.03125,-0.070312,0.992188
1.703296,0.015625,-0.015625,0.976562
1.703622,0.054688,-0.078125,1.0
1.703948,0.054688,-0.117188,0.992188
1.704274,0.054688,-0.054688,0.984375
1.7046,0.046875,-0.070312,0.945312
1.704926,0.023438,-0.09375,1.0
1.705252,0.0,-0.101562,1.0
1.705577,0.007812,-0.101562,1.007812
1.705903,0.03125,-0.085938,0.992188
1.706229,0.039062,-0.070312,0.976562
1.706555,0.039062,-0.0625,0.984375
1.706881,0.03125,-0.09375,0.984375
1.707207,0.0625,-0.070312,0.96875
1.707533,0.054688,-0.054688,0.976562
1.707859,0.0625,-0.09375,1.0
1.708185,0.039062,-0.0625,0.992188
1.708511,0.0,-0.070312,1.0
1.708837,0.007812,-0.070312,1.0
1.709163,0.023438,-0.039062,0.953125
1.709489,0.054688,-0.039062,0.9375
1.709815,0.070312,-0.0625,1.007812
1.71014,0.046875,-0.085938,1.0
1.710466,0.070312,-0.070312,0.9375
1.710792,0.054688,-0.085938,1.0
1.711118,0.03125,-0.078125,0.960938
1.711444,0.046875,-0.007812,0.984375
1.71177,0.039062,-0.070312,0.984375
1.712096,0.0,-0.054688,1.0
1.712422,0.03125,-0.054688,0.984375
1.712748,0.007812,-0.070312,1.0
1.713074,0.039062,-0.054688,1.0
1.7134,0.03125,-0.085938,0.992188
1.713726,0.03125,-0.054688,1.007812
1.714052,0.085938,-0.070312,0.960938
1.714378,0.007812,-0.109375,0.992188
1.714703,0.054688,-0.0625,1.0
1.715029,0.015625,-0.070312,0.976562
1.715355,0.070312,-0.054688,0.976562
1.715681,0.039062,-0.054688,0.960938
1.716007,0.03125,-0.09375,0.976562
1.716333,0.03125,-0.039062,0.960938
1.716659,0.023438,-0.070312,0.929688
1.716985,0.054688,-0.0625,0.96875
1.717311,0.070312,-0.09375,0.960938
1.717637,0.046875,-0.0625,1.007812
1.717963,0.03125,-0.109375,0.992188
1.718289,0.046875,-0.0625,1.0
1.718615,0.078125,-0.0625,1.015625
1.718941,0.070312,-0.0625,1.007812
1.719266,0.054688,-0.03125,1.0
1.719592,0.070312,-0.015625,0.976562
1.719918,0.046875,-0.039062,0.984375
1.720244,0.03125,-0.023438,0.976562
1.72057,0.046875,-0.0625,0.945312
1.720896,0.054688,-0.015625,0.976562
1.721222,0.007812,-0.0625,0.992188
1.721548,0.007812,-0.054688,0.984375
1.721874,0.023438,-0.0625,0.992188
1.7222,0.039062,-0.0625,1.0
1.722526,0.039062,-0.070312,0.992188
1.722852,0.023438,-0.078125,0.96875
1.723178,0.023438,-0.039062,0.992188
1.723503,0.070312,-0.046875,0.984375
1.723829,0.046875,-0.054688,1.0
1.724155,0.054688,-0.117188,0.960938
1.724481,0.039062,-0.101562,0.960938
1.724807,0.007812,-0.09375,0.992188
1.725133,0.039062,-0.0625,0.96875
1.725459,0.015625,-0.046875,0.976562
1.725785,0.054688,-0.070312,0.90625
1.726111,0.054688,-0.0625,1.0
1.726437,0.039062,-0.070312,0.992188
1.726763,0.0625,-0.054688,1.0
1.727089,0.054688,-0.0625,1.039062
1.727415,0.070312,-0.070312,0.976562
1.727741,0.054688,-0.046875,0.960938
1.728066,0.0,-0.070312,0.984375
1.728392,0.046875,-0.070312,1.015625
1.728718,0.0625,-0.054688,0.976562
1.729044,0.015625,-0.078125,0.96875
1.72937,0.0,-0.09375,0.984375
1.729696,0.046875,-0.101562,1.007812
1.730022,0.023438,-0.078125,1.007812
1.730348,0.03125,-0.085938,0.960938
1.730674,0.03125,-0.070312,1.0
1.731,0.054688,-0.0625,0.929688
1.731326,0.0,-0.085938,0.992188
1.731652,0.023438,-0.070312,1.007812
1.731978,0.023438,-0.070312,0.976562
1.732304,0.0625,-0.070312,0.96875
1.732629,0.0625,-0.164062,0.96875
1.732955,0.070312,-0.070312,0.976562
1.733281,0.046875,-0.101562,0.992188
1.733607,0.078125,-0.054688,1.0
1.733933,0.054688,-0.101562,1.039062
1.734259,0.03125,-0.03125,0.992188
1.734585,0.054688,-0.054688,0.96875
1.734911,0.046875,-0.09375,1.007812
1.735237,0.039062,-0.070312,1.0
1.735563,0.0625,-0.09375,0.976562
1.735889,0.046875,-0.117188,1.023438
1.736215,0.070312,-0.0625,0.96875
1.736541,0.046875,-0.070312,0.96875
1.736867,0.023438,-0.0625,1.0
1.737192,0.007812,-0.078125,1.0
1.737518,0.0625,-0.101562,0.984375
1.737844,0.015625,-0.085938,0.953125
1.73817,0.023438,-0.070312,0.976562
1.738496,0.0625,-0.117188,0.929688
1.738822,0.070312,-0.070312,1.007812
1.739148,0.054688,-0.085938,0.992188
1.739474,0.023438,-0.070312,0.960938
1.7398,0.046875,-0.0625,1.0
1.740126,0.09375,-0.101562,1.0
1.740452,0.0625,-0.078125,1.023438
1.740778,0.070312,-0.046875,0.992188
1.741104,0.054688,-0.039062,0.992188
1.741429,0.039062,-0.070312,1.0
1.741755,0.054688,-0.054688,0.9375
1.742081,0.046875,-0.0625,0.992188
1.742407,0.023438,-0.070312,0.976562
1.742733,0.046875,-0.070312,1.007812
1.743059,0.054688,-0.085938,0.976562
1.743385,0.039062,-0.085938,0.976562
1.743711,0.046875,-0.054688,1.0
1.744037,0.054688,-0.085938,0.960938
1.744363,0.054688,-0.101562,1.0
1.744689,0.03125,-0.070312,0.984375
1.745015,0.046875,-0.078125,1.015625
1.745341,0.0625,-0.0625,0.96875
1.745667,0.046875,-0.070312,1.0
1.745992,0.0625,-0.0625,0.976562
1.746318,0.03125,-0.109375,0.945312
1.746644,0.023438,-0.070312,0.921875
1.74697,0.054688,-0.0625,1.0
1.747296,0.046875,-0.054688,0.953125
1.747622,0.007812,-0.054688,0.992188
1.747948,0.046875,-0.0625,0.960938
1.748274,0.039062,-0.039062,0.984375
1.7486,0.046875,-0.078125,0.992188
1.748926,0.039062,-0.054688,0.992188
1.749252,0.046875,-0.070312,0.945312
1.749578,0.039062,-0.078125,1.0
1.749904,0.054688,-0.070312,0.984375
1.75023,0.0625,-0.054688,0.96875
1.750555,0.054688,-0.085938,0.984375
1.750881,0.03125,-0.109375,1.015625
1.751207,0.054688,-0.039062,0.984375
1.751533,0.03125,-0.101562,1.0
1.751859,0.046875,-0.054688,0.976562
1.752185,0.03125,-0.070312,0.96875
1.752511,0.007812,-0.0625,0.960938
1.752837,0.046875,-0.046875,1.0
1.753163,0.03125,-0.101562,1.0
1.753489,0.03125,-0.085938,0.984375
1.753815,0.046875,-0.046875,0.90625
1.754141,0.054688,-0.101562,0.9375
1.754467,0.070312,-0.101562,1.046875
1.754793,0.015625,-0.046875,0.96875
1.755118,0.039062,-0.09375,0.992188
1.755444,0.007812,-0.039062,0.992188
1.75577,0.054688,-0.078125,1.007812
1.756096,0.023438,-0.054688,0.953125
1.756422,0.03125,-0.101562,1.0
1.756748,0.0,-0.039062,1.0
1.757074,0.023438,-0.0625,0.976562
1.7574,0.039062,-0.054688,0.960938
1.757726,0.03125,-0.0625,0.992188
1.758052,0.007812,-0.070312,0.976562
1.758378,0.039062,-0.070312,1.0
1.758704,0.015625,-0.078125,0.976562
1.75903,0.0,-0.085938,0.984375
1.759355,0.054688,-0.070312,0.96875
1.759681,0.046875,-0.070312,1.007812
1.760007,0.023438,-0.09375,0.96875
1.760333,0.023438,-0.078125,0.9375
1.760659,0.03125,-0.078125,0.9375
1.760985,0.054688,-0.0625,1.0
1.761311,0.03125,-0.0625,0.96875
1.761637,0.03125,-0.070312,0.945312
1.761963,0.054688,-0.0625,0.96875
1.762289,0.023438,-0.085938,0.953125
1.762615,0.007812,-0.046875,0.9375
1.762941,0.007812,-0.046875,0.960938
1.763267,0.007812,-0.09375,0.960938
1.763593,0.054688,-0.085938,1.0
1.763918,0.015625,-0.039062,1.007812
1.764244,0.054688,-0.054688,1.0
1.76457,0.070312,-0.054688,0.976562
1.764896,0.039062,-0.070312,0.953125
1.765222,0.046875,-0.0625,1.007812
1.765548,0.023438,-0.046875,0.96875
1.765874,0.007812,-0.070312,1.015625
1.7662,0.023438,-0.0625,0.96875
1.766526,0.0,-0.054688,1.0
1.766852,0.046875,-0.09375,0.960938
1.767178,0.039062,-0.054688,1.0
1.767504,0.054688,-0.070312,0.984375
1.76783,0.0625,-0.039062,1.015625
1.768156,0.023438,-0.039062,0.984375
1.768481,0.070312,-0.046875,1.007812
1.768807,0.015625,-0.03125,0.992188
1.769133,0.015625,-0.046875,0.984375
1.769459,0.015625,-0.039062,0.992188
1.769785,0.078125,-0.070312,0.96875
1.770111,0.0,-0.0625,0.960938
1.770437,0.03125,-0.078125,0.992188
1.770763,0.0625,-0.070312,0.960938
1.771089,0.046875,-0.078125,0.992188
1.771415,0.023438,-0.054688,1.0
1.771741,0.023438,-0.070312,0.984375
1.772067,0.046875,-0.070312,1.0
1.772393,0.03125,-0.046875,0.96875
1.772719,0.078125,-0.085938,0.992188
1.773044,0.039062,-0.054688,0.96875
1.77337,0.007812,-0.046875,0.96875
1.773696,0.0,-0.078125,0.984375
1.774022,0.046875,-0.085938,1.007812
1.774348,0.046875,-0.078125,0.960938
1.774674,0.039062,-0.046875,0.992188
1.775,0.039062,-0.109375,1.007812
1.775326,0.054688,-0.0625,1.039062
1.775652,0.070312,-0.046875,1.0
1.775978,0.007812,-0.070312,0.960938
1.776304,0.054688,-0.039062,1.007812
1.77663,0.039062,-0.054688,1.0
1.776956,0.03125,-0.054688,0.976562
1.777281,0.046875,-0.078125,1.015625
1.777607,0.007812,-0.101562,1.0
1.777933,0.054688,-0.054688,0.984375
1.778259,0.023438,-0.078125,1.007812
1.778585,0.015625,-0.0625,0.976562
1.778911,0.039062,-0.0625,0.992188
1.779237,0.039062,-0.078125,1.0
1.779563,0.007812,-0.039062,1.007812
1.779889,0.03125,-0.085938,0.992188
1.780215,0.070312,-0.078125,0.953125
1.780541,0.0625,-0.054688,0.96875
1.780867,0.023438,-0.0625,0.984375
1.781193,0.046875,-0.085938,1.0
1.781519,0.023438,-0.046875,1.023438
1.781844,0.078125,-0.070312,1.023438
1.78217,0.0,-0.015625,0.984375
1.782496,0.054688,-0.0625,0.960938
1.782822,0.023438,-0.070312,1.0
1.783148,0.078125,-0.085938,1.0
1.783474,0.046875,-0.0625,0.976562
1.7838,0.070312,-0.054688,0.90625
1.784126,0.015625,-0.0625,1.007812
1.784452,0.03125,-0.101562,1.007812
1.784778,0.070312,-0.03125,0.960938
1.785104,0.007812,-0.070312,1.015625
1.78543,0.023438,-0.101562,0.984375
1.785756,0.046875,-0.085938,1.0
1.786082,0.078125,-0.101562,0.953125
1.786407,0.046875,-0.085938,0.992188
1.786733,0.046875,-0.101562,1.0
1.787059,0.015625,-0.070312,1.015625
1.787385,0.078125,-0.078125,0.96875
1.787711,0.007812,-0.085938,1.007812
1.788037,0.046875,-0.101562,0.976562
1.788363,0.046875,-0.09375,1.0
1.788689,0.007812,-0.085938,0.96875
1.789015,0.039062,-0.070312,0.960938
1.789341,0.054688,-0.070312,0.960938
1.789667,0.015625,-0.070312,0.960938
1.789993,0.03125,-0.070312,0.960938
1.790319,0.03125,-0.070312,1.007812
1.790645,0.023438,-0.101562,0.976562
1.79097,0.03125,-0.0625,0.96875
1.791296,0.023438,-0.046875,0.976562
1.791622,0.007812,-0.101562,0.945312
1.791948,0.085938,-0.101562,1.0
1.792274,0.039062,-0.054688,0.984375
1.7926,0.023438,-0.054688,0.992188
1.792926,0.015625,-0.101562,0.992188
1.793252,0.085938,-0.0625,1.0
1.793578,0.0625,-0.085938,1.0
1.793904,0.023438,-0.0625,0.953125
1.79423,0.046875,-0.0625,0.953125
1.794556,0.023438,-0.101562,0.992188
1.794882,0.039062,-0.078125,1.0
1.795207,0.046875,-0.070312,0.984375
1.795533,0.03125,-0.0625,0.992188
1.795859,0.03125,-0.101562,0.976562
1.796185,0.007812,-0.078125,0.960938
1.796511,0.046875,-0.078125,0.992188
1.796837,0.023438,-0.054688,0.984375
1.797163,0.09375,-0.070312,1.015625
1.797489,0.023438,-0.09375,0.960938
1.797815,0.0625,-0.070312,0.992188
1.798141,0.070312,-0.046875,0.976562
1.798467,0.039062,-0.078125,1.023438
1.798793,0.03125,-0.125,1.007812
1.799119,0.03125,-0.039062,0.960938
1.799445,0.023438,-0.046875,1.0
1.79977,0.0625,-0.054688,0.984375
1.800096,0.039062,-0.046875,0.945312
1.800422,0.03125,-0.0625,1.007812
1.800748,0.039062,-0.085938,0.984375
1.801074,0.054688,-0.070312,0.992188
1.8014,0.054688,-0.078125,0.976562
1.801726,0.039062,-0.085938,0.96875
1.802052,0.023438,-0.085938,0.984375
1.802378,0.054688,-0.070312,0.992188
1.802704,0.03125,-0.070312,1.0
1.80303,0.0,-0.0625,0.992188
1.803356,0.03125,-0.070312,1.0
1.803682,0.039062,-0.070312,0.984375
1.804008,0.0625,-0.078125,0.976562
1.804333,0.0,-0.03125,1.007812
1.804659,0.039062,-0.070312,0.953125
1.804985,0.0625,-0.070312,0.9375
1.805311,0.046875,-0.09375,1.007812
1.805637,0.039062,-0.070312,0.984375
1.805963,0.039062,-0.109375,0.992188
1.806289,0.023438,-0.101562,0.96875
1.806615,0.0625,-0.070312,0.96875
1.806941,0.007812,-0.0625,0.960938
1.807267,0.070312,-0.109375,0.992188
1.807593,0.023438,-0.085938,0.96875
1.807919,0.039062,-0.09375,1.0
1.808245,0.046875,-0.109375,0.976562
1.808571,0.023438,-0.039062,0.992188
1.808896,0.046875,-0.070312,0.960938
1.809222,0.039062,-0.0625,0.953125
1.809548,0.03125,-0.078125,1.0
1.809874,0.03125,-0.078125,0.984375
1.8102,0.039062,-0.070312,0.992188
1.810526,0.023438,-0.085938,1.0
1.810852,0.039062,-0.085938,0.992188
1.811178,0.023438,-0.046875,0.984375
1.811504,0.039062,-0.046875,1.0
1.81183,0.054688,-0.054688,1.0
1.812156,0.078125,-0.039062,1.015625
1.812482,0.039062,-0.070312,0.992188
1.812808,0.007812,-0.0625,0.96875
1.813133,0.023438,-0.039062,0.96875
1.813459,0.054688,-0.070312,0.953125
1.813785,0.054688,-0.070312,0.960938
1.814111,0.039062,-0.070312,0.984375
1.814437,0.046875,-0.101562,1.007812
1.814763,0.039062,-0.117188,0.976562
1.815089,0.03125,-0.085938,0.992188
1.815415,0.023438,-0.070312,0.976562
1.815741,0.046875,-0.078125,0.945312
1.816067,0.0,-0.054688,0.96875
1.816393,0.015625,-0.109375,1.0
1.816719,0.03125,-0.0625,0.960938
1.817045,0.039062,-0.070312,0.976562
1.817371,0.054688,-0.078125,0.9375
1.817696,0.054688,-0.085938,0.945312
1.818022,0.054688,-0.070312,1.015625
1.818348,0.054688,-0.09375,0.992188
1.818674,0.023438,-0.070312,0.960938
1.819,0.039062,-0.085938,1.0
1.819326,0.007812,-0.046875,0.976562
1.819652,0.054688,-0.070312,1.0
1.819978,0.070312,-0.101562,1.015625
1.820304,0.03125,-0.0625,1.0
1.82063,0.015625,-0.054688,0.960938
1.820956,0.007812,-0.054688,0.960938
1.821282,0.0,-0.046875,0.976562
1.821608,0.03125,-0.070312,0.96875
1.821934,0.054688,-0.085938,1.0
1.822259,0.039062,-0.085938,1.0
1.822585,0.023438,-0.070312,1.0
1.822911,0.03125,-0.0625,0.96875
1.823237,0.03125,-0.101562,1.0
1.823563,0.023438,-0.046875,0.96875
1.823889,0.023438,-0.039062,1.0
1.824215,0.0625,-0.0625,1.007812
1.824541,0.054688,-0.101562,1.0
1.824867,0.03125,-0.015625,0.960938
1.825193,0.078125,-0.085938,0.992188
1.825519,0.039062,-0.09375,0.992188
1.825845,0.070312,-0.078125,1.0
1.826171,0.03125,-0.0625,0.992188
1.826497,0.046875,-0.09375,0.984375
1.826822,0.046875,-0.070312,0.992188
1.827148,0.0625,-0.070312,1.0
1.827474,0.078125,-0.046875,0.992188
1.8278,0.03125,-0.0625,1.0
1.828126,0.03125,-0.046875,0.945312
1.828452,0.023438,-0.070312,0.992188
1.828778,0.046875,-0.085938,0.992188
1.829104,0.070312,-0.054688,0.984375
1.82943,0.054688,-0.070312,1.0
1.829756,0.03125,-0.070312,0.960938
1.830082,0.046875,-0.039062,1.0
1.830408,0.03125,-0.070312,1.015625
1.830734,0.046875,-0.101562,1.0
1.831059,0.03125,-0.054688,0.992188
1.831385,0.023438,-0.070312,1.0
1.831711,0.023438,-0.09375,0.960938
1.832037,0.03125,-0.0625,0.984375
1.832363,0.046875,-0.085938,0.984375
1.832689,0.03125,-0.078125,1.0
1.833015,0.007812,-0.078125,0.96875
1.833341,0.0625,-0.070312,0.984375
1.833667,0.039062,-0.0625,1.0
1.833993,0.03125,-0.0625,0.960938
1.834319,0.023438,-0.078125,0.96875
1.834645,0.039062,-0.070312,0.976562
1.834971,0.03125,-0.085938,0.976562
1.835297,0.046875,-0.09375,0.976562
1.835622,0.015625,-0.085938,0.960938
1.835948,0.007812,-0.085938,0.992188
1.836274,0.054688,-0.078125,0.976562
1.8366,0.023438,-0.101562,1.0
1.836926,0.070312,-0.054688,0.992188
1.837252,0.0625,-0.078125,0.992188
1.837578,0.078125,-0.070312,0.992188
1.837904,0.039062,-0.054688,0.984375
1.83823,0.054688,-0.046875,1.0
1.838556,0.023438,-0.046875,0.992188
1.838882,0.070312,-0.054688,0.96875
1.839208,0.054688,-0.078125,1.0
1.839534,0.0625,-0.09375,0.992188
1.83986,0.085938,-0.09375,0.960938
1.840185,0.054688,-0.070312,0.945312
1.840511,0.070312,-0.101562,1.015625
1.840837,0.0,-0.0625,0.992188
1.841163,0.078125,-0.085938,1.0
1.841489,0.03125,-0.085938,0.976562
1.841815,0.023438,-0.039062,0.953125
1.842141,0.054688,-0.101562,0.960938
1.842467,0.03125,-0.070312,0.960938
1.842793,0.101562,-0.109375,0.984375
1.843119,0.054688,-0.0625,0.984375
1.843445,0.03125,-0.039062,1.0
1.843771,0.023438,-0.054688,0.984375
1.844097,0.054688,-0.078125,0.96875
1.844423,0.070312,-0.054688,0.992188
1.844748,0.039062,-0.078125,1.007812
1.845074,0.015625,-0.0625,0.992188
1.8454,0.023438,-0.101562,0.976562
1.845726,0.078125,-0.101562,0.96875
1.846052,0.039062,-0.03125,0.960938
1.846378,0.046875,-0.046875,1.0
1.846704,0.054688,-0.101562,0.992188
1.84703,0.03125,-0.085938,0.960938
1.847356,0.046875,-0.09375,0.992188
1.847682,0.070312,-0.0625,1.023438
1.848008,0.054688,-0.070312,1.023438
1.848334,0.03125,-0.078125,0.96875
1.84866,0.085938,-0.140625,1.070312
1.848985,0.03125,-0.03125,1.007812
1.849311,0.054688,-0.070312,0.984375
1.849637,0.015625,-0.070312,1.023438
1.849963,0.0625,-0.078125,1.023438
1.850289,0.03125,-0.03125,0.929688
1.850615,0.007812,-0.070312,0.992188
1.850941,0.039062,-0.070312,0.960938
1.851267,0.03125,-0.070312,0.992188
1.851593,0.039062,-0.0625,0.976562
1.851919,0.078125,-0.078125,0.953125
1.852245,0.09375,-0.117188,0.960938
1.852571,0.023438,-0.070312,1.0
1.852897,0.03125,-0.015625,0.945312
1.853223,0.078125,-0.070312,0.96875
1.853548,0.039062,-0.070312,0.945312
1.853874,0.039062,-0.039062,0.945312
1.8542,0.03125,-0.117188,0.984375
1.854526,0.03125,-0.046875,0.976562
1.854852,0.023438,-0.070312,0.929688
1.855178,0.03125,-0.054688,1.0
1.855504,0.0625,-0.085938,0.960938
1.85583,0.0625,-0.023438,0.976562
1.856156,0.070312,-0.03125,0.96875
1.856482,0.070312,-0.078125,0.992188
1.856808,0.046875,-0.085938,1.0
1.857134,0.054688,-0.070312,0.9375
1.85746,0.039062,-0.023438,1.023438
1.857786,0.046875,-0.070312,1.0
1.858111,0.03125,-0.0625,0.945312
1.858437,0.039062,-0.101562,0.96875
1.858763,0.007812,-0.070312,0.945312
1.859089,0.070312,-0.085938,1.023438
1.859415,0.046875,-0.101562,0.984375
1.859741,0.039062,-0.070312,1.007812
1.860067,0.023438,-0.0625,0.992188
1.860393,0.03125,-0.039062,0.984375
1.860719,0.0,-0.054688,0.945312
1.861045,0.03125,-0.070312,0.992188
1.861371,0.046875,-0.0625,0.945312
1.861697,0.03125,-0.117188,1.0
1.862023,0.054688,-0.0625,0.984375
1.862349,0.015625,-0.101562,0.992188
1.862674,0.03125,-0.0625,0.976562
1.863,0.03125,-0.078125,0.984375
1.863326,0.023438,-0.070312,1.0
1.863652,0.03125,-0.0625,0.96875
1.863978,0.023438,-0.085938,0.992188
1.864304,0.007812,-0.0625,1.0
1.86463,0.046875,-0.070312,0.992188
1.864956,0.054688,-0.054688,0.992188
1.865282,0.0,-0.132812,0.960938
1.865608,0.015625,-0.039062,0.96875
1.865934,0.0625,-0.078125,1.0
1.86626,0.007812,-0.070312,0.96875
1.866586,0.023438,-0.085938,0.992188
1.866911,0.015625,-0.0625,0.953125
1.867237,0.0625,-0.070312,0.992188
1.867563,0.039062,-0.078125,1.0
1.867889,0.046875,-0.117188,0.984375
1.868215,0.0625,-0.03125,1.007812
1.868541,0.0625,-0.054688,0.984375
1.868867,0.023438,-0.085938,0.992188
1.869193,0.078125,-0.078125,1.007812
1.869519,0.054688,-0.046875,1.0
1.869845,0.054688,-0.070312,1.007812
1.870171,0.046875,-0.054688,0.960938
1.870497,0.054688,-0.054688,0.960938
1.870823,0.03125,-0.109375,0.992188
1.871149,0.078125,-0.023438,0.890625
1.871474,0.03125,-0.070312,0.929688
1.8718,0.023438,-0.039062,1.0
1.872126,0.0,-0.0625,1.0
1.872452,0.023438,-0.101562,0.984375
1.872778,0.03125,-0.078125,0.96875
1.873104,0.070312,-0.0625,0.976562
1.87343,0.03125,-0.054688,1.0
1.873756,0.070312,-0.070312,0.992188
1.874082,0.03125,-0.078125,0.960938
1.874408,0.0625,-0.070312,1.0
1.874734,0.0,-0.109375,0.992188
1.87506,0.03125,-0.054688,1.007812
1.875386,0.046875,-0.09375,0.992188
1.875712,0.0625,-0.109375,0.992188
1.876037,0.023438,-0.078125,1.0
1.876363,0.03125,-0.070312,1.0
1.876689,0.039062,-0.078125,0.960938
1.877015,0.054688,-0.070312,1.0
1.877341,0.0625,-0.09375,0.960938
1.877667,0.046875,-0.070312,0.96875
1.877993,0.023438,-0.070312,0.960938
1.878319,0.078125,-0.09375,0.992188
1.878645,0.023438,-0.0625,0.984375
1.878971,0.023438,-0.0625,0.9375
1.879297,0.015625,-0.03125,0.992188
1.879623,0.03125,-0.0625,0.960938
1.879949,0.03125,-0.078125,1.007812
1.880275,0.039062,-0.09375,0.960938
1.8806,0.015625,-0.0625,0.976562
1.880926,0.007812,-0.039062,0.992188
1.881252,0.0,-0.070312,0.945312
1.881578,0.046875,-0.054688,0.984375
1.881904,0.007812,-0.0625,0.945312
1.88223,0.007812,-0.070312,0.960938
1.882556,0.03125,-0.070312,0.976562
1.882882,0.054688,-0.070312,1.015625
1.883208,0.0625,-0.0625,0.984375
1.883534,0.03125,-0.0625,1.007812
1.88386,0.046875,-0.078125,1.0
1.884186,0.015625,-0.039062,0.96875
1.884512,0.03125,-0.101562,0.992188
1.884837,0.054688,-0.070312,1.0
1.885163,0.015625,-0.070312,0.976562
1.885489,0.054688,-0.0625,0.976562
1.885815,0.023438,-0.070312,0.914062
1.886141,0.054688,-0.085938,0.96875
1.886467,0.054688,-0.09375,0.992188
1.886793,0.015625,-0.0625,0.9375
1.887119,0.03125,-0.078125,1.0
1.887445,0.046875,-0.070312,1.007812
1.887771,0.039062,-0.046875,1.007812
1.888097,0.03125,-0.078125,0.992188
1.888423,0.039062,-0.078125,0.992188
1.888749,0.023438,-0.054688,0.96875
1.889075,0.007812,-0.015625,1.0
1.8894,0.023438,-0.085938,0.992188
1.889726,0.023438,-0.0625,0.953125
1.890052,0.023438,-0.054688,1.0
1.890378,0.039062,-0.085938,1.0
1.890704,0.023438,-0.03125,0.992188
1.89103,0.046875,-0.070312,0.992188
1.891356,0.046875,-0.023438,0.976562
1.891682,0.054688,-0.09375,1.0
1.892008,0.039062,-0.070312,0.976562
1.892334,0.03125,-0.054688,0.992188
1.89266,0.015625,-0.046875,1.0
1.892986,0.070312,-0.070312,0.960938
1.893312,0.054688,-0.078125,1.0
1.893638,0.039062,-0.078125,1.0
1.893963,0.046875,-0.078125,1.0
1.894289,0.039062,-0.0625,0.960938
1.894615,0.007812,-0.0625,0.976562
1.894941,0.054688,-0.101562,0.992188
1.895267,0.039062,-0.078125,0.992188
1.895593,0.023438,-0.070312,0.96875
1.895919,0.03125,-0.0625,0.984375
1.896245,0.023438,-0.078125,0.984375
1.896571,0.039062,-0.070312,0.976562
1.896897,0.03125,-0.054688,0.960938
1.897223,0.0625,-0.085938,1.015625
1.897549,0.007812,-0.085938,1.0
1.897875,0.046875,-0.070312,1.0
1.898201,0.007812,-0.03125,1.0
1.898526,0.0625,-0.023438,0.960938
1.898852,0.054688,-0.070312,0.976562
1.899178,0.023438,-0.09375,0.976562
1.899504,0.054688,-0.03125,0.953125
1.89983,0.054688,-0.070312,1.0
1.900156,0.046875,-0.09375,1.0
1.900482,0.046875,-0.046875,0.960938
1.900808,0.023438,-0.070312,1.007812
1.901134,0.023438,-0.0625,1.015625
1.90146,0.070312,-0.101562,1.0
1.901786,0.023438,-0.0625,0.984375
1.902112,0.054688,-0.101562,0.976562
1.902438,0.015625,-0.070312,1.007812
1.902763,0.023438,-0.117188,1.0
1.903089,0.0,-0.078125,0.96875
1.903415,0.03125,-0.054688,0.992188
1.903741,0.0625,-0.0625,1.0
1.904067,0.015625,-0.0625,0.96875
1.904393,0.0625,-0.054688,0.984375
1.904719,0.039062,-0.078125,0.953125
1.905045,0.023438,-0.046875,1.0
1.905371,0.03125,-0.054688,1.0
1.905697,0.015625,-0.078125,0.953125
1.906023,0.046875,-0.078125,1.0
1.906349,0.039062,-0.054688,1.0
1.906675,0.023438,-0.054688,0.984375
1.907001,0.023438,-0.0625,0.96875
1.907326,0.03125,-0.085938,1.007812
1.907652,0.03125,-0.078125,0.960938
1.907978,0.0625,-0.070312,0.976562
1.908304,0.054688,-0.085938,1.0
1.90863,0.046875,-0.070312,1.015625
1.908956,0.007812,-0.070312,1.0
1.909282,0.023438,-0.046875,1.0
1.909608,0.046875,-0.0625,1.03125
1.909934,0.03125,-0.101562,0.976562
1.91026,0.007812,-0.09375,0.992188
1.910586,0.023438,-0.09375,0.976562
1.910912,0.046875,-0.09375,0.960938
1.911238,0.007812,-0.046875,0.929688
1.911564,0.054688,-0.070312,0.984375
1.911889,0.03125,-0.0625,0.960938
1.912215,0.015625,-0.054688,0.976562
1.912541,0.054688,-0.046875,0.992188
1.912867,0.023438,-0.101562,0.976562
1.913193,0.039062,-0.070312,1.0
1.913519,0.023438,-0.0625,0.976562
1.913845,0.007812,-0.0625,0.976562
1.914171,0.046875,-0.070312,1.0
1.914497,0.03125,-0.03125,0.929688
1.914823,0.023438,-0.046875,0.976562
1.915149,0.023438,-0.070312,0.96875
1.915475,0.039062,-0.085938,0.976562
1.915801,0.054688,-0.101562,1.0
1.916127,0.054688,-0.085938,0.976562
1.916452,0.046875,-0.078125,0.992188
1.916778,0.085938,-0.085938,1.023438
1.917104,0.03125,-0.070312,1.03125
1.91743,0.078125,-0.078125,1.007812
1.917756,0.039062,-0.0625,0.992188
1.918082,0.046875,-0.09375,0.976562
1.918408,0.015625,-0.070312,0.976562
1.918734,0.09375,-0.085938,0.992188
1.91906,0.046875,-0.0625,0.9375
1.919386,0.054688,-0.054688,1.03125
1.919712,0.039062,-0.0625,0.992188
1.920038,0.03125,-0.078125,0.984375
1.920364,0.0625,-0.046875,0.96875
1.920689,0.023438,-0.101562,0.96875
1.921015,0.023438,-0.078125,1.023438
1.921341,0.03125,-0.070312,0.992188
1.921667,0.023438,-0.085938,0.992188
1.921993,0.039062,-0.0625,0.96875
1.922319,0.03125,-0.023438,0.953125
1.922645,0.054688,-0.078125,0.984375
1.922971,0.046875,-0.070312,0.976562
1.923297,0.023438,-0.078125,0.914062
1.923623,0.023438,-0.054688,0.953125
1.923949,0.046875,-0.046875,0.96875
1.924275,0.039062,-0.070312,1.0
1.924601,0.039062,-0.03125,1.0
1.924927,0.03125,-0.101562,0.960938
1.925252,0.0625,-0.085938,0.953125
1.925578,0.046875,-0.078125,1.0
1.925904,0.023438,-0.046875,0.976562
1.92623,0.046875,-0.101562,1.039062
1.926556,0.046875,-0.109375,1.0
1.926882,0.039062,-0.078125,0.96875
1.927208,0.015625,-0.046875,0.984375
1.927534,0.046875,-0.070312,0.992188
1.92786,0.054688,-0.085938,0.945312
1.928186,0.023438,-0.070312,1.007812
1.928512,0.0,-0.007812,1.0
1.928838,0.0625,-0.039062,0.96875
1.929164,0.046875,-0.054688,1.054688
1.92949,0.054688,-0.054688,0.992188
1.929815,0.054688,-0.09375,0.953125
1.930141,0.015625,-0.023438,0.984375
1.930467,0.039062,-0.078125,0.953125
1.930793,0.0625,-0.078125,0.960938
1.931119,0.0625,-0.09375,0.9375
1.931445,0.039062,-0.046875,1.0
1.931771,0.054688,-0.085938,1.007812
1.932097,0.0,-0.054688,1.03125
1.932423,0.0,-0.117188,0.96875
1.932749,0.03125,-0.085938,0.984375
1.933075,0.101562,-0.03125,1.0
1.933401,0.023438,-0.085938,0.976562
1.933727,0.03125,-0.085938,0.992188
1.934053,0.039062,-0.09375,0.992188
1.934378,0.039062,-0.125,0.992188
1.934704,0.046875,-0.070312,0.9375
1.93503,0.039062,-0.109375,0.992188
1.935356,0.023438,-0.039062,0.992188
1.935682,0.023438,-0.054688,0.976562
1.936008,0.039062,-0.0625,0.976562
1.936334,0.039062,-0.070312,0.976562
1.93666,0.0625,-0.09375,0.984375
1.936986,0.046875,-0.0625,0.960938
1.937312,0.070312,-0.085938,1.007812
1.937638,0.039062,-0.054688,1.023438
1.937964,0.03125,-0.0625,0.96875
1.93829,0.0625,-0.09375,0.992188
1.938615,0.046875,-0.085938,1.023438
1.938941,0.0625,-0.039062,1.0
1.939267,0.046875,-0.03125,0.976562
1.939593,0.0625,-0.070312,0.960938
1.939919,0.03125,-0.03125,0.960938
1.940245,0.007812,-0.039062,0.960938
1.940571,0.039062,-0.046875,0.960938
1.940897,0.023438,-0.070312,0.976562
1.941223,0.046875,-0.09375,1.0
1.941549,0.046875,-0.078125,0.976562
1.941875,0.039062,-0.085938,0.992188
1.942201,0.070312,-0.0625,1.039062
1.942527,0.0,-0.054688,1.015625
1.942853,0.039062,-0.101562,0.953125
1.943178,0.03125,-0.117188,0.984375
1.943504,0.03125,-0.117188,1.0
1.94383,0.0625,-0.070312,1.0
1.944156,0.007812,-0.085938,0.984375
1.944482,0.0,-0.023438,1.0
1.944808,0.007812,-0.070312,0.960938
1.945134,0.101562,-0.101562,0.976562
1.94546,0.046875,-0.039062,0.960938
1.945786,0.03125,-0.09375,0.984375
1.946112,0.054688,-0.09375,0.953125
1.946438,0.046875,-0.101562,1.007812
1.946764,0.007812,-0.101562,0.984375
1.94709,0.023438,-0.078125,1.0
1.947416,0.078125,-0.046875,1.0
1.947741,0.0625,-0.085938,0.96875
1.948067,0.054688,-0.09375,0.992188
1.948393,0.0625,-0.078125,1.0
1.948719,0.0,-0.070312,0.976562
1.949045,0.054688,-0.070312,0.96875
1.949371,0.070312,-0.046875,1.0
1.949697,0.054688,-0.0625,1.015625
1.950023,0.046875,-0.054688,0.984375
1.950349,0.023438,-0.007812,1.0
1.950675,0.070312,-0.09375,1.007812
1.951001,0.039062,-0.078125,1.0
1.951327,0.007812,-0.046875,0.960938
1.951653,0.0625,-0.054688,0.960938
1.951979,0.039062,-0.101562,0.96875
1.952304,0.0625,-0.09375,0.976562
1.95263,0.054688,-0.054688,1.023438
1.952956,0.03125,-0.0625,0.96875
1.953282,0.023438,-0.101562,0.992188
1.953608,0.054688,-0.0625,0.992188
1.953934,0.054688,-0.09375,0.953125
1.95426,0.054688,-0.078125,0.9375
1.954586,0.0625,-0.0625,0.992188
1.954912,0.046875,-0.085938,1.015625
1.955238,0.046875,-0.085938,1.0
1.955564,0.054688,-0.0625,0.96875
1.95589,0.046875,-0.09375,0.96875
1.956216,0.054688,-0.085938,0.976562
1.956542,0.046875,-0.0625,1.0
1.956867,0.023438,-0.09375,0.992188
1.957193,0.03125,-0.085938,0.992188
1.957519,0.0625,-0.046875,1.0
1.957845,0.03125,-0.101562,1.007812
1.958171,0.054688,-0.039062,0.953125
1.958497,0.046875,-0.054688,0.929688
1.958823,0.0,-0.078125,0.984375
1.959149,0.023438,-0.0625,0.96875
1.959475,0.039062,-0.078125,0.953125
1.959801,0.046875,-0.078125,0.960938
1.960127,0.054688,-0.054688,0.960938
1.960453,0.03125,-0.085938,0.96875
1.960779,0.054688,-0.117188,0.96875
1.961104,0.046875,-0.078125,0.984375
1.96143,0.054688,-0.054688,0.984375
1.961756,0.03125,-0.070312,0.914062
1.962082,0.03125,-0.09375,0.960938
1.962408,0.070312,-0.070312,0.992188
1.962734,0.054688,-0.09375,0.960938
1.96306,0.023438,-0.101562,0.960938
1.963386,0.070312,-0.109375,1.015625
1.963712,0.054688,-0.09375,1.007812
1.964038,0.070312,-0.070312,0.984375
1.964364,0.03125,-0.078125,1.007812
1.96469,0.007812,-0.101562,0.992188
1.965016,0.0625,-0.054688,1.0
1.965342,0.054688,-0.0625,0.945312
1.965667,0.023438,-0.054688,0.984375
1.965993,0.0625,-0.070312,0.929688
1.966319,0.054688,-0.125,0.976562
1.966645,0.023438,-0.078125,0.96875
1.966971,0.046875,-0.0625,0.984375
1.967297,0.03125,-0.039062,0.984375
1.967623,0.03125,-0.085938,0.992188
1.967949,0.039062,-0.070312,0.984375
1.968275,0.039062,-0.046875,1.0
1.968601,0.03125,-0.070312,0.992188
1.968927,0.0625,-0.0625,0.984375
1.969253,0.054688,-0.101562,0.976562
1.969579,0.054688,-0.0625,0.992188
1.969905,0.023438,-0.0625,1.0
1.97023,0.039062,-0.085938,0.976562
1.970556,0.054688,-0.078125,0.976562
1.970882,0.0625,-0.117188,1.0
1.971208,0.03125,-0.085938,0.984375
1.971534,0.0,-0.0625,0.984375
1.97186,0.039062,-0.085938,1.03125
1.972186,0.054688,-0.085938,0.976562
1.972512,0.023438,-0.0625,0.945312
1.972838,0.023438,-0.0625,1.007812
1.973164,0.054688,-0.070312,1.015625
1.97349,0.0,-0.046875,0.945312
1.973816,0.085938,-0.070312,0.960938
1.974142,0.0625,-0.046875,0.992188
1.974468,0.054688,-0.054688,0.976562
1.974793,0.046875,-0.085938,0.992188
1.975119,0.023438,-0.0625,0.984375
1.975445,0.046875,-0.070312,0.984375
1.975771,0.046875,-0.070312,0.984375
1.976097,0.046875,-0.054688,0.96875
1.976423,0.054688,-0.070312,0.992188
1.976749,0.046875,-0.09375,1.015625
1.977075,0.054688,-0.046875,0.953125
1.977401,0.007812,-0.054688,1.0
1.977727,0.023438,-0.023438,0.96875
1.978053,0.015625,-0.0625,0.992188
1.978379,0.007812,-0.054688,1.0
1.978705,0.054688,-0.117188,1.007812
1.97903,0.0625,-0.09375,0.960938
1.979356,0.015625,-0.046875,0.992188
1.979682,0.046875,-0.101562,1.007812
1.980008,0.03125,-0.070312,0.96875
1.980334,0.0625,-0.109375,0.976562
1.98066,0.03125,-0.078125,1.0
1.980986,0.054688,-0.070312,0.953125
1.981312,0.046875,-0.070312,1.0
1.981638,0.039062,-0.070312,0.976562
1.981964,0.039062,-0.039062,0.976562
1.98229,0.03125,-0.070312,0.976562
1.982616,0.070312,-0.09375,1.007812
1.982942,0.046875,-0.0625,0.960938
1.983268,0.007812,-0.070312,0.992188
1.983593,0.054688,-0.054688,0.992188
1.983919,0.039062,-0.0625,0.976562
1.984245,0.03125,-0.070312,0.945312
1.984571,0.046875,-0.0625,0.992188
1.984897,0.039062,-0.078125,0.984375
1.985223,0.054688,-0.046875,0.976562
1.985549,0.0,-0.070312,0.992188
1.985875,0.0,-0.023438,0.992188
1.986201,0.0,-0.054688,1.0
1.986527,0.03125,-0.070312,0.960938
1.986853,0.054688,-0.09375,0.976562
1.987179,0.054688,-0.070312,0.96875
1.987505,0.0625,-0.078125,0.953125
1.987831,0.054688,-0.070312,1.0
1.988156,0.023438,-0.101562,0.984375
1.988482,0.046875,-0.0625,0.96875
1.988808,0.023438,-0.070312,1.007812
1.989134,0.0625,-0.085938,0.953125
1.98946,0.0625,-0.09375,0.976562
1.989786,0.039062,-0.0625,0.984375
1.990112,0.039062,-0.070312,0.96875
1.990438,0.039062,-0.070312,1.0
1.990764,0.0625,-0.0625,1.0
1.99109,0.070312,-0.0625,0.992188
1.991416,0.046875,-0.0625,0.953125
1.991742,0.046875,-0.070312,0.96875
1.992068,0.0625,-0.0625,0.976562
1.992394,0.015625,-0.101562,0.953125
1.992719,0.054688,-0.070312,0.96875
1.993045,0.03125,-0.0625,1.0
1.993371,0.054688,-0.0625,0.992188
1.993697,0.070312,-0.085938,1.015625
1.994023,0.039062,-0.101562,0.984375
1.994349,0.046875,-0.0625,0.96875
1.994675,0.0625,-0.09375,1.0
1.995001,0.039062,-0.0625,0.992188
1.995327,0.03125,-0.0625,1.0
1.995653,0.007812,-0.085938,0.992188
1.995979,0.0625,-0.085938,0.960938
1.996305,0.023438,-0.0625,0.96875
1.996631,0.039062,-0.085938,1.0
1.996956,0.03125,-0.070312,0.992188
1.997282,0.054688,-0.054688,0.9375
1.997608,0.046875,-0.070312,0.992188
1.997934,0.039062,-0.070312,1.0
1.99826,0.0625,-0.125,1.023438
1.998586,0.023438,-0.0625,0.960938
1.998912,0.023438,-0.070312,0.984375
1.999238,0.0625,-0.0625,0.976562
1.999564,0.023438,-0.101562,0.960938
1.99989,0.054688,-0.0625,1.0
2.000216,0.039062,-0.054688,0.945312
2.000542,0.039062,-0.101562,0.992188
2.000868,0.054688,-0.085938,0.992188
2.001194,0.015625,-0.054688,0.96875
2.001519,0.039062,-0.09375,0.992188
2.001845,0.046875,-0.046875,1.0
2.002171,0.054688,-0.03125,0.945312
2.002497,0.0625,-0.03125,1.015625
2.002823,0.054688,-0.054688,0.976562
2.003149,0.085938,-0.078125,0.992188
2.003475,0.039062,-0.101562,0.984375
2.003801,0.046875,-0.140625,0.976562
2.004127,0.054688,-0.101562,0.96875
2.004453,0.046875,-0.070312,0.953125
2.004779,0.015625,-0.039062,0.984375
2.005105,0.0,-0.078125,0.992188
2.005431,0.0625,-0.070312,1.0
2.005757,0.0,-0.117188,0.992188
2.006082,0.054688,-0.09375,0.953125
2.006408,0.046875,-0.085938,0.992188
2.006734,0.023438,-0.054688,0.953125
2.00706,0.023438,-0.070312,0.960938
2.007386,0.007812,-0.09375,0.953125
2.007712,0.03125,-0.0625,1.015625
2.008038,0.046875,-0.054688,1.0
2.008364,0.007812,-0.054688,0.984375
2.00869,0.0625,-0.085938,0.992188
2.009016,0.03125,-0.0625,0.945312
2.009342,0.054688,-0.09375,1.0
2.009668,0.054688,-0.078125,0.984375
2.009994,0.054688,-0.09375,0.976562
2.01032,0.054688,-0.0625,0.992188
2.010645,0.03125,-0.070312,0.960938
2.010971,0.054688,-0.109375,0.984375
2.011297,0.046875,-0.09375,0.960938
2.011623,0.046875,-0.109375,0.976562
2.011949,0.054688,-0.109375,0.976562
2.012275,0.054688,-0.117188,0.992188
2.012601,0.03125,-0.039062,1.0
2.012927,0.0625,-0.0625,0.953125
2.013253,0.015625,-0.046875,1.015625
2.013579,0.046875,-0.070312,1.0
2.013905,0.023438,-0.085938,0.960938
2.014231,0.015625,-0.046875,1.015625
2.014557,0.039062,-0.054688,1.007812
2.014882,0.03125,-0.117188,0.976562
2.015208,0.054688,-0.078125,1.007812
2.015534,0.039062,-0.101562,1.0
2.01586,0.023438,-0.101562,0.945312
2.016186,0.054688,-0.09375,0.984375
2.016512,0.054688,-0.078125,1.015625
2.016838,0.054688,-0.0625,0.96875
2.017164,0.0625,-0.0625,1.023438
2.01749,0.007812,-0.0625,1.0
2.017816,0.046875,-0.070312,1.007812
2.018142,0.015625,-0.0625,1.0
2.018468,0.039062,-0.070312,0.953125
2.018794,0.023438,-0.070312,0.96875
2.01912,0.023438,-0.0625,1.007812
2.019445,0.054688,-0.078125,0.992188
2.019771,0.046875,-0.046875,0.984375
2.020097,0.046875,-0.078125,0.992188
2.020423,0.03125,-0.085938,1.023438
2.020749,0.0625,-0.078125,0.992188
2.021075,0.023438,-0.0625,1.0
2.021401,0.023438,-0.039062,1.007812
2.021727,0.046875,-0.054688,1.023438
2.022053,0.070312,-0.070312,0.984375
2.022379,0.046875,-0.070312,0.9375
2.022705,0.046875,-0.101562,1.0
2.023031,0.023438,-0.085938,1.0
2.023357,0.03125,-0.09375,0.984375
2.023683,0.03125,-0.039062,0.953125
2.024008,0.0,-0.070312,0.945312
2.024334,0.039062,-0.070312,1.0
2.02466,0.023438,-0.109375,0.960938
2.024986,0.054688,-0.085938,0.960938
2.025312,0.085938,-0.0625,1.023438
2.025638,0.023438,-0.054688,1.015625
2.025964,0.015625,-0.070312,0.984375
2.02629,0.0625,-0.070312,1.007812
2.026616,0.03125,-0.0625,0.945312
2.026942,0.03125,-0.078125,0.992188
2.027268,0.0,-0.0625,0.960938
2.027594,0.007812,-0.054688,0.976562
2.02792,0.03125,-0.125,1.0
2.028246,0.070312,-0.046875,0.992188
2.028571,0.046875,-0.070312,0.992188
2.028897,0.0,-0.023438,0.984375
2.029223,0.03125,-0.0625,1.0
2.029549,0.054688,-0.09375,0.96875
2.029875,0.007812,-0.039062,1.0
2.030201,0.03125,-0.046875,1.0
2.030527,0.03125,-0.0625,0.976562
2.030853,0.03125,-0.085938,0.9375
2.031179,0.023438,-0.101562,0.953125
2.031505,0.03125,-0.070312,0.945312
2.031831,0.023438,-0.078125,0.976562
2.032157,0.054688,-0.101562,0.984375
2.032483,0.054688,-0.0625,0.984375
2.032808,0.03125,-0.09375,1.039062
2.033134,0.054688,-0.101562,0.992188
2.03346,0.03125,-0.070312,1.0
2.033786,0.0625,-0.070312,0.96875
2.034112,0.046875,-0.070312,0.992188
2.034438,0.03125,-0.070312,0.984375
2.034764,0.015625,-0.0625,0.953125
2.03509,0.023438,-0.054688,0.960938
2.035416,0.039062,-0.0625,0.976562
2.035742,0.039062,-0.085938,0.984375
2.036068,0.023438,-0.070312,0.984375
2.036394,0.054688,-0.0625,0.984375
2.03672,0.023438,-0.109375,0.976562
2.037046,0.03125,-0.054688,1.007812
2.037371,0.023438,-0.085938,1.007812
2.037697,0.0625,-0.0625,0.976562
2.038023,0.03125,-0.070312,0.992188
2.038349,0.023438,-0.046875,0.984375
2.038675,0.046875,-0.070312,0.945312
2.039001,0.046875,-0.070312,1.0
2.039327,0.039062,-0.070312,0.976562
2.039653,0.085938,-0.101562,1.015625
2.039979,0.054688,-0.09375,0.929688
2.040305,0.007812,-0.054688,0.984375
2.040631,0.0625,-0.0625,0.976562
2.040957,0.015625,-0.101562,0.992188
2.041283,0.039062,-0.046875,0.96875
2.041609,0.0625,-0.070312,0.976562
2.041934,0.039062,-0.070312,1.0
2.04226,0.039062,-0.070312,0.960938
2.042586,0.03125,-0.046875,1.0
2.042912,0.023438,-0.078125,0.96875
2.043238,0.0,-0.09375,0.992188
2.043564,0.039062,-0.09375,0.945312
2.04389,0.054688,-0.0625,0.960938
2.044216,0.0625,-0.09375,0.960938
2.044542,0.03125,-0.03125,0.976562
2.044868,0.015625,-0.09375,1.0
2.045194,0.054688,-0.078125,0.984375
2.04552,0.03125,-0.085938,0.960938
2.045846,0.046875,-0.070312,1.0
2.046172,0.03125,-0.070312,1.0
2.046497,0.046875,-0.085938,0.96875
2.046823,0.015625,-0.046875,0.96875
2.047149,0.054688,-0.03125,0.992188
2.047475,0.023438,-0.078125,0.976562
2.047801,0.023438,-0.070312,0.976562
2.048127,0.054688,-0.070312,0.984375
2.048453,0.03125,-0.039062,0.984375
2.048779,0.0625,-0.09375,0.992188
2.049105,0.023438,-0.09375,0.976562
2.049431,0.0625,-0.070312,0.921875
2.049757,0.054688,-0.085938,0.960938
2.050083,0.039062,-0.070312,1.0
2.050409,0.023438,-0.0625,0.976562
2.050734,0.0625,-0.09375,1.023438
2.05106,0.039062,-0.078125,0.96875
2.051386,0.03125,-0.148438,0.953125
2.051712,0.039062,-0.0625,0.976562
2.052038,0.039062,-0.070312,1.007812
2.052364,0.054688,-0.085938,0.945312
2.05269,0.039062,-0.0625,0.976562
2.053016,0.054688,-0.101562,0.992188
2.053342,0.015625,-0.09375,1.0
2.053668,0.007812,-0.0625,0.976562
2.053994,0.039062,-0.054688,0.953125
2.05432,0.046875,-0.03125,0.992188
2.054646,0.0625,-0.085938,1.046875
2.054972,0.046875,-0.085938,1.0
2.055297,0.023438,-0.046875,0.992188
2.055623,0.046875,-0.070312,0.984375
2.055949,0.023438,-0.0625,1.0
2.056275,0.0,-0.0625,0.96875
2.056601,0.03125,-0.054688,0.992188
2.056927,0.023438,-0.046875,0.945312
2.057253,0.046875,-0.046875,0.953125
2.057579,0.054688,-0.0625,0.992188
2.057905,0.023438,-0.070312,0.914062
2.058231,0.054688,-0.09375,1.0
2.058557,0.054688,-0.09375,0.992188
2.058883,0.054688,-0.070312,0.945312
2.059209,0.007812,-0.101562,0.992188
2.059535,0.054688,-0.046875,0.945312
2.05986,0.023438,-0.046875,0.960938
2.060186,0.023438,-0.046875,0.960938
2.060512,0.039062,-0.09375,0.976562
2.060838,0.054688,-0.085938,1.023438
2.061164,0.03125,-0.0625,1.0
2.06149,0.03125,-0.070312,0.984375
2.061816,0.015625,-0.101562,0.984375
2.062142,0.070312,-0.070312,1.007812
2.062468,0.046875,-0.0625,0.960938
2.062794,0.054688,-0.085938,0.945312
2.06312,0.007812,-0.101562,0.960938
2.063446,0.046875,-0.09375,1.007812
2.063772,0.039062,-0.039062,0.960938
2.064098,0.054688,-0.070312,0.96875
2.064423,0.015625,0.0,1.0
2.064749,0.046875,-0.054688,1.007812
2.065075,0.054688,-0.0625,0.992188
2.065401,0.054688,-0.078125,0.976562
2.065727,0.101562,-0.101562,1.0
2.066053,0.03125,-0.101562,0.992188
2.066379,0.03125,-0.09375,1.007812
2.066705,0.046875,-0.0625,0.992188
2.067031,0.039062,-0.085938,1.023438
2.067357,0.0,-0.101562,0.976562
2.067683,0.0625,-0.101562,0.960938
2.068009,0.054688,-0.0625,1.0
2.068335,0.039062,-0.078125,1.0
2.06866,0.046875,-0.09375,1.023438
2.068986,0.03125,-0.078125,0.984375
2.069312,0.054688,-0.046875,0.976562
2.069638,0.03125,-0.078125,1.0
2.069964,0.0625,-0.101562,0.984375
2.07029,0.0625,-0.085938,0.992188
2.070616,0.054688,-0.078125,0.984375
2.070942,0.0,-0.117188,1.0
2.071268,0.023438,-0.085938,0.9375
2.071594,0.0,-0.085938,1.0
2.07192,0.015625,-0.070312,0.992188
2.072246,0.0,-0.054688,0.992188
2.072572,0.070312,-0.078125,1.007812
2.072898,0.039062,-0.070312,0.96875
2.073223,0.046875,-0.09375,1.007812
2.073549,0.007812,-0.070312,0.992188
2.073875,0.023438,-0.101562,0.992188
2.074201,0.039062,-0.085938,1.0
2.074527,0.070312,-0.070312,0.960938
2.074853,0.046875,-0.070312,0.984375
2.075179,0.039062,-0.0625,1.0
2.075505,0.039062,-0.09375,0.945312
2.075831,0.070312,-0.054688,0.96875
2.076157,0.03125,-0.054688,1.0
2.076483,0.03125,-0.070312,0.96875
2.076809,0.03125,-0.039062,0.976562
2.077135,0.039062,-0.078125,0.96875
2.077461,0.03125,-0.070312,0.976562
2.077786,0.03125,-0.09375,0.960938
2.078112,0.054688,-0.0625,1.015625
2.078438,0.0,-0.039062,1.0
2.078764,0.046875,-0.023438,0.929688
2.07909,0.070312,-0.085938,0.976562
2.079416,0.054688,-0.09375,0.984375
2.079742,0.023438,-0.039062,0.945312
2.080068,0.046875,-0.070312,0.976562
2.080394,0.054688,-0.0625,1.0
2.08072,0.007812,-0.0625,1.007812
2.081046,0.046875,-0.054688,0.992188
2.081372,0.0,-0.054688,0.984375
2.081698,0.0,-0.070312,0.992188
2.082024,0.023438,-0.078125,0.96875
2.082349,0.0625,-0.0625,0.96875
2.082675,0.03125,-0.0625,0.96875
2.083001,0.070312,-0.09375,0.992188
2.083327,0.070312,-0.03125,0.9375
2.083653,0.078125,-0.054688,0.984375
2.083979,0.03125,-0.101562,0.992188
2.084305,0.039062,-0.0625,0.953125
2.084631,0.0625,-0.054688,1.023438
2.084957,0.0625,-0.101562,0.992188
2.085283,0.046875,-0.070312,0.992188
2.085609,0.054688,-0.054688,0.984375
2.085935,0.054688,-0.085938,1.023438
2.086261,0.03125,-0.070312,0.960938
2.086586,0.046875,-0.0625,1.007812
2.086912,0.023438,-0.039062,0.984375
2.087238,0.070312,-0.078125,0.992188
2.087564,0.023438,-0.054688,0.984375
2.08789,0.0,-0.039062,0.992188
2.088216,0.03125,-0.0625,0.945312
2.088542,0.007812,-0.070312,1.0
2.088868,0.046875,-0.046875,0.992188
2.089194,0.023438,-0.070312,0.976562
2.08952,0.015625,-0.078125,0.96875
2.089846,0.046875,-0.054688,0.992188
2.090172,0.046875,-0.078125,1.015625
2.090498,0.007812,-0.078125,1.007812
2.090824,0.054688,-0.0625,1.007812
2.091149,0.0,-0.101562,0.992188
2.091475,0.015625,-0.054688,0.984375
2.091801,0.054688,-0.070312,0.96875
2.092127,0.039062,-0.0625,1.0
2.092453,0.015625,-0.085938,0.992188
2.092779,0.054688,-0.070312,1.0
2.093105,0.023438,-0.054688,0.960938
2.093431,0.046875,-0.085938,0.96875
2.093757,0.054688,-0.0625,0.992188
2.094083,0.070312,-0.070312,1.0
2.094409,0.007812,-0.0625,0.960938
2.094735,0.0,-0.070312,0.984375
2.095061,0.039062,-0.09375,0.953125
2.095387,0.046875,-0.101562,1.0
2.095712,0.023438,-0.078125,0.976562
2.096038,0.023438,-0.039062,0.976562
2.096364,0.0625,-0.039062,0.960938
2.09669,0.03125,-0.039062,0.992188
2.097016,0.054688,-0.09375,0.992188
2.097342,0.039062,-0.0625,0.992188
2.097668,0.03125,-0.070312,0.960938
2.097994,0.046875,-0.085938,0.992188
2.09832,0.015625,-0.070312,0.960938
2.098646,0.0,-0.070312,0.984375
2.098972,0.054688,-0.046875,0.976562
2.099298,0.015625,-0.078125,0.945312
2.099624,0.023438,-0.046875,0.992188
2.09995,0.03125,-0.0625,0.96875
2.100275,0.054688,-0.0625,0.992188
2.100601,0.046875,-0.09375,0.976562
2.100927,0.0625,-0.0625,0.992188
2.101253,0.0625,-0.070312,0.992188
2.101579,0.03125,-0.054688,0.976562
2.101905,0.007812,-0.0625,1.0
2.102231,0.070312,-0.0625,1.0
2.102557,0.054688,-0.03125,1.0
2.102883,0.054688,-0.070312,1.0
2.103209,0.0625,-0.078125,0.992188
2.103535,0.023438,-0.070312,0.992188
2.103861,0.046875,-0.070312,0.96875
2.104187,0.039062,-0.039062,0.960938
2.104512,0.0625,-0.085938,0.984375
2.104838,0.046875,-0.054688,1.015625
2.105164,0.023438,-0.054688,0.960938
2.10549,0.046875,-0.0625,0.992188
2.105816,0.046875,-0.0625,1.007812
2.106142,0.007812,-0.085938,0.992188
2.106468,0.03125,-0.0625,0.960938
2.106794,0.039062,-0.054688,0.96875
2.10712,0.007812,-0.0625,0.984375
2.107446,0.0625,-0.0625,0.984375
2.107772,0.070312,-0.09375,1.015625
2.108098,0.0625,-0.0625,0.953125
2.108424,0.054688,-0.054688,1.03125
2.10875,0.054688,-0.0625,0.992188
2.109075,0.03125,-0.046875,0.984375
2.109401,0.046875,-0.070312,1.0
2.109727,0.070312,-0.070312,1.0
2.110053,0.046875,-0.09375,1.0
2.110379,0.015625,-0.070312,0.9375
2.110705,0.023438,-0.09375,0.953125
2.111031,0.039062,-0.0625,1.007812
2.111357,0.046875,-0.0625,0.992188
2.111683,0.023438,-0.085938,0.960938
2.112009,0.039062,-0.054688,0.992188
2.112335,0.023438,-0.054688,0.992188
2.112661,0.046875,-0.078125,0.992188
2.112987,0.023438,-0.078125,0.984375
2.113313,0.007812,-0.078125,0.929688
2.113638,0.023438,-0.0625,1.0
2.113964,0.054688,-0.078125,0.953125
2.11429,0.023438,-0.078125,1.007812
2.114616,0.023438,-0.070312,0.976562
2.114942,0.046875,-0.046875,0.984375
2.115268,0.023438,-0.03125,0.953125
2.115594,0.03125,-0.09375,0.976562
2.11592,0.023438,-0.078125,0.960938
2.116246,0.0,-0.046875,0.976562
2.116572,0.046875,-0.070312,1.023438
2.116898,0.0,-0.078125,0.976562
2.117224,0.039062,-0.039062,0.976562
2.11755,0.046875,-0.039062,1.0
2.117876,0.0,-0.070312,0.992188
2.118201,0.054688,-0.054688,1.015625
2.118527,0.054688,-0.078125,1.0
2.118853,0.0625,-0.109375,0.992188
2.119179,0.007812,-0.0625,1.0
2.119505,0.046875,-0.070312,0.976562
2.119831,0.03125,-0.054688,1.0
2.120157,0.015625,-0.0625,0.960938
2.120483,0.03125,-0.054688,0.984375
2.120809,0.03125,-0.039062,1.0
2.121135,0.046875,-0.070312,1.023438
2.121461,0.03125,-0.0625,1.0
2.121787,0.0,-0.078125,0.960938
2.122113,0.039062,-0.085938,0.976562
2.122438,0.03125,-0.046875,0.984375
2.122764,0.0625,-0.070312,0.953125
2.12309,0.054688,-0.054688,1.0
2.123416,0.070312,-0.070312,1.0
2.123742,0.054688,-0.0625,0.984375
2.124068,0.039062,-0.070312,1.0
2.124394,0.007812,-0.070312,1.007812
2.12472,0.0625,-0.0625,0.953125
2.125046,0.046875,-0.101562,0.953125
2.125372,0.054688,-0.046875,1.007812
2.125698,0.03125,-0.0625,0.992188
2.126024,0.070312,-0.078125,0.992188
2.12635,0.03125,-0.03125,0.992188
2.126676,0.070312,-0.070312,0.960938
2.127001,0.078125,-0.09375,1.007812
2.127327,0.039062,-0.054688,0.96875
2.127653,0.046875,-0.039062,1.0
2.127979,0.046875,-0.0625,0.96875
2.128305,0.070312,-0.09375,1.0
2.128631,0.046875,-0.023438,1.0
2.128957,0.039062,-0.085938,1.0
2.129283,0.046875,-0.070312,1.0
2.129609,0.046875,-0.070312,1.007812
2.129935,0.070312,-0.09375,0.914062
2.130261,0.046875,-0.078125,0.945312
2.130587,0.0,-0.09375,0.992188
2.130913,0.070312,-0.070312,0.976562
2.131239,0.0625,-0.046875,0.992188
2.131564,0.054688,-0.0625,0.96875
2.13189,0.03125,-0.0625,0.960938
2.132216,0.0,-0.070312,0.96875
2.132542,0.046875,-0.039062,0.976562
2.132868,0.03125,-0.039062,0.992188
2.133194,0.054688,-0.109375,1.0
2.13352,0.0625,-0.078125,0.984375
2.133846,0.054688,-0.078125,1.0
2.134172,0.0625,-0.078125,0.984375
2.134498,0.046875,-0.0625,0.984375
2.134824,0.0625,-0.085938,0.9375
2.13515,0.015625,-0.046875,0.992188
2.135476,0.023438,-0.070312,0.992188
2.135802,0.007812,-0.070312,1.0
2.136127,0.039062,-0.054688,0.945312
2.136453,0.054688,-0.070312,1.015625
2.136779,0.0625,-0.09375,0.960938
2.137105,0.03125,-0.054688,0.960938
2.137431,0.015625,-0.046875,0.9375
2.137757,0.046875,-0.070312,0.976562
2.138083,0.03125,-0.070312,0.992188
2.138409,0.046875,-0.03125,0.984375
2.138735,0.03125,-0.070312,0.992188
2.139061,0.03125,-0.101562,0.960938
2.139387,0.0625,-0.054688,0.984375
2.139713,0.039062,-0.09375,0.992188
2.140039,0.054688,-0.078125,1.054688
2.140364,0.039062,-0.109375,1.007812
2.14069,0.039062,-0.054688,0.992188
2.141016,0.046875,-0.101562,1.023438
2.141342,0.007812,-0.039062,0.953125
2.141668,0.046875,-0.070312,0.992188
2.141994,0.085938,-0.09375,1.0
2.14232,0.070312,-0.085938,1.0
2.142646,0.039062,-0.070312,1.0
2.142972,0.007812,-0.09375,0.9375
2.143298,0.054688,-0.054688,1.007812
2.143624,0.0,-0.046875,0.96875
2.14395,0.054688,-0.09375,1.0
2.144276,0.023438,-0.039062,0.929688
2.144602,0.054688,-0.070312,1.015625
2.144927,0.0,-0.09375,0.9375
2.145253,0.039062,-0.085938,0.976562
2.145579,0.046875,-0.085938,0.945312
2.145905,0.039062,-0.09375,0.992188
2.146231,0.007812,-0.070312,1.023438
2.146557,0.007812,-0.0625,0.992188
2.146883,0.023438,-0.078125,0.953125
2.147209,0.039062,-0.070312,0.960938
2.147535,0.046875,-0.09375,1.007812
2.147861,0.046875,-0.070312,0.96875
2.148187,0.007812,-0.070312,0.9375
2.148513,0.046875,-0.054688,0.984375
2.148839,0.046875,-0.09375,0.992188
2.149165,0.03125,-0.070312,0.960938
2.14949,0.03125,-0.039062,0.992188
2.149816,0.070312,-0.046875,1.023438
2.150142,0.070312,-0.09375,0.984375
2.150468,0.023438,-0.078125,0.953125
2.150794,0.046875,-0.078125,0.976562
2.15112,0.015625,-0.039062,0.96875
2.151446,0.03125,-0.0625,0.953125
2.151772,0.007812,-0.054688,1.0
2.152098,0.0625,-0.054688,0.960938
2.152424,0.03125,-0.046875,0.960938
2.15275,0.054688,-0.101562,1.0
2.153076,0.007812,-0.039062,0.984375
2.153402,0.023438,-0.070312,0.984375
2.153728,0.023438,-0.078125,0.992188
2.154053,0.054688,-0.070312,0.992188
2.154379,0.070312,-0.054688,0.90625
2.154705,0.046875,-0.054688,1.0
2.155031,0.03125,-0.078125,1.0
2.155357,0.023438,-0.0625,0.984375
2.155683,0.039062,-0.039062,0.960938
2.156009,0.046875,-0.054688,0.96875
2.156335,0.046875,-0.101562,0.953125
2.156661,0.054688,-0.046875,0.984375
2.156987,0.070312,-0.078125,0.992188
2.157313,0.0625,-0.09375,0.953125
2.157639,0.03125,-0.109375,0.992188
2.157965,0.023438,-0.078125,0.976562
2.15829,0.046875,-0.078125,1.0
2.158616,0.03125,-0.039062,1.0
2.158942,0.054688,-0.070312,0.96875
2.159268,0.054688,-0.070312,0.9375
2.159594,0.015625,-0.03125,1.0
2.15992,0.007812,-0.054688,0.945312
2.160246,0.023438,-0.039062,1.0
2.160572,0.054688,-0.09375,1.015625
2.160898,0.0625,-0.070312,1.0
2.161224,0.039062,-0.0625,1.007812
2.16155,0.054688,-0.085938,0.976562
2.161876,0.015625,-0.078125,1.0
2.162202,0.046875,-0.054688,0.953125
2.162528,0.0,-0.039062,1.0
2.162853,0.054688,-0.0625,0.976562
2.163179,0.03125,-0.070312,0.960938
2.163505,0.0625,-0.0625,0.96875
2.163831,0.054688,-0.054688,0.992188
2.164157,0.085938,-0.101562,0.976562
2.164483,0.015625,-0.0625,0.945312
2.164809,0.015625,-0.09375,0.976562
2.165135,0.007812,-0.0625,0.929688
2.165461,0.023438,-0.085938,0.96875
2.165787,0.039062,-0.117188,0.976562
2.166113,0.070312,-0.070312,1.0
2.166439,0.039062,-0.078125,0.984375
2.166765,0.015625,-0.070312,0.976562
2.167091,0.0625,-0.046875,1.03125
2.167416,0.039062,-0.054688,1.0
2.167742,0.046875,-0.039062,0.976562
2.168068,0.023438,-0.015625,0.953125
2.168394,0.039062,-0.070312,1.023438
2.16872,0.03125,-0.085938,0.984375
2.169046,0.085938,-0.015625,0.9375
2.169372,0.046875,-0.03125,0.992188
2.169698,0.023438,-0.078125,0.960938
2.170024,0.054688,-0.078125,0.992188
2.17035,0.054688,-0.054688,0.984375
2.170676,0.054688,-0.0625,1.007812
2.171002,0.070312,-0.070312,1.0
2.171328,0.054688,-0.09375,0.992188
2.171654,0.046875,-0.054688,1.015625
2.171979,0.03125,-0.070312,0.992188
2.172305,0.0625,-0.0625,0.984375
2.172631,0.0625,-0.023438,0.960938
2.172957,0.054688,-0.101562,0.992188
2.173283,0.039062,-0.078125,1.0
2.173609,0.007812,-0.078125,0.984375
2.173935,0.03125,-0.039062,0.9375
2.174261,0.039062,-0.070312,0.929688
2.174587,0.0,-0.046875,0.976562
2.174913,0.0625,-0.039062,0.96875
2.175239,0.007812,-0.078125,0.96875
2.175565,0.023438,-0.054688,0.9375
2.175891,0.054688,-0.085938,0.992188
2.176216,0.023438,-0.039062,0.960938
2.176542,0.046875,-0.039062,0.921875
2.176868,0.03125,-0.070312,1.0
2.177194,0.039062,-0.039062,0.984375
2.17752,0.007812,-0.070312,1.0
2.177846,0.023438,-0.070312,0.992188
2.178172,0.023438,-0.078125,0.992188
2.178498,0.054688,-0.078125,0.960938
2.178824,0.054688,-0.054688,0.976562
2.17915,0.039062,-0.046875,0.976562
2.179476,0.054688,-0.0625,0.976562
2.179802,0.0625,-0.101562,0.976562
2.180128,0.039062,-0.070312,0.945312
2.180454,0.03125,-0.09375,1.0
2.180779,0.054688,-0.039062,0.992188
2.181105,0.023438,-0.0625,0.984375
2.181431,0.03125,-0.09375,1.015625
2.181757,0.0,-0.054688,1.0
2.182083,0.015625,-0.0625,1.0
2.182409,0.03125,-0.101562,1.007812
2.182735,0.03125,-0.023438,0.953125
2.183061,0.023438,-0.101562,0.992188
2.183387,0.046875,-0.078125,0.984375
2.183713,0.0625,-0.078125,0.96875
2.184039,0.015625,-0.03125,0.976562
2.184365,0.03125,-0.0625,1.0
2.184691,0.054688,-0.078125,0.96875
2.185017,0.054688,-0.109375,0.992188
2.185342,0.023438,-0.023438,0.960938
2.185668,0.007812,-0.046875,0.984375
2.185994,0.046875,-0.085938,0.984375
2.18632,0.046875,-0.070312,0.992188
2.186646,0.0625,-0.070312,0.976562
2.186972,0.023438,-0.109375,0.976562
2.187298,0.054688,-0.09375,1.023438
2.187624,0.03125,-0.054688,1.023438
2.18795,0.03125,-0.0625,0.976562
2.188276,0.023438,-0.054688,1.0
2.188602,0.054688,-0.09375,1.0
2.188928,0.023438,-0.0625,0.96875
2.189254,0.007812,-0.054688,0.96875
2.18958,0.007812,-0.0625,0.96875
2.189905,0.054688,-0.070312,0.992188
2.190231,0.039062,-0.0625,1.0
2.190557,0.039062,-0.054688,0.960938
2.190883,0.023438,-0.070312,0.992188
2.191209,0.070312,-0.09375,0.984375
2.191535,0.039062,-0.125,0.953125
2.191861,0.015625,-0.070312,1.0
2.192187,0.015625,-0.09375,0.992188
2.192513,0.085938,-0.101562,0.992188
2.192839,0.0625,-0.046875,0.960938
2.193165,0.0625,-0.070312,0.992188
2.193491,0.023438,-0.085938,1.0
2.193817,0.03125,-0.070312,1.0
2.194142,0.046875,-0.070312,0.992188
2.194468,0.015625,-0.054688,0.984375
2.194794,0.054688,-0.070312,0.992188
2.19512,0.046875,-0.078125,0.992188
2.195446,0.03125,-0.054688,0.992188
2.195772,0.054688,-0.0625,1.015625
2.196098,0.03125,-0.039062,0.96875
2.196424,0.023438,-0.085938,0.984375
2.19675,0.054688,-0.085938,0.976562
2.197076,0.007812,-0.046875,0.992188
2.197402,0.03125,-0.054688,0.9375
2.197728,0.046875,-0.046875,0.976562
2.198054,0.054688,-0.09375,0.984375
2.19838,0.015625,-0.070312,0.976562
2.198705,0.054688,-0.0625,1.0
2.199031,0.007812,-0.101562,0.945312
2.199357,0.039062,-0.0625,0.960938
2.199683,0.046875,-0.09375,0.992188
2.200009,0.023438,-0.070312,1.015625
2.200335,0.054688,-0.070312,1.03125
2.200661,0.0625,-0.046875,0.9375
2.200987,0.046875,-0.054688,0.976562
2.201313,0.054688,-0.0625,0.992188
2.201639,0.03125,-0.09375,0.992188
2.201965,0.054688,-0.109375,1.0
2.202291,0.023438,-0.085938,1.0
2.202617,0.023438,-0.078125,1.0
2.202943,0.054688,-0.09375,0.96875
2.203268,0.03125,-0.054688,1.0
2.203594,0.046875,-0.101562,1.007812
2.20392,0.015625,-0.09375,0.960938
2.204246,0.046875,-0.109375,0.96875
2.204572,0.054688,-0.054688,1.0
2.204898,0.015625,-0.039062,0.96875
2.205224,0.054688,-0.0625,1.023438
2.20555,0.023438,-0.070312,0.960938
2.205876,0.054688,-0.085938,0.992188
2.206202,0.054688,-0.0625,0.984375
2.206528,0.03125,-0.101562,1.0
2.206854,0.023438,-0.070312,1.007812
2.20718,0.054688,-0.054688,0.96875
2.207506,0.046875,-0.109375,0.984375
2.207831,0.046875,-0.09375,0.960938
2.208157,0.0625,-0.078125,1.007812
2.208483,0.054688,-0.070312,0.992188
2.208809,0.054688,-0.09375,0.9375
2.209135,0.015625,-0.070312,1.0
2.209461,0.039062,-0.101562,1.015625
2.209787,0.023438,-0.109375,0.992188
2.210113,0.03125,-0.0625,1.007812
2.210439,0.015625,-0.070312,1.007812
2.210765,0.03125,-0.0625,1.0
2.211091,0.015625,-0.054688,0.992188
2.211417,0.015625,-0.0625,0.960938
2.211743,0.023438,-0.078125,0.992188
2.212068,0.046875,-0.039062,1.015625
2.212394,0.085938,-0.03125,0.992188
2.21272,0.109375,-0.085938,1.0
2.213046,0.023438,-0.070312,0.976562
2.213372,0.007812,-0.085938,0.960938
2.213698,0.054688,-0.101562,0.976562
2.214024,0.054688,-0.078125,0.984375
2.21435,0.03125,-0.039062,0.992188
2.214676,0.039062,-0.085938,0.976562
2.215002,0.054688,-0.085938,0.96875
2.215328,0.039062,-0.09375,0.992188
2.215654,0.0625,-0.070312,0.992188
2.21598,0.039062,-0.0625,0.984375
2.216306,0.015625,-0.09375,1.007812
2.216631,0.039062,-0.078125,0.960938
2.216957,0.054688,-0.039062,0.96875
2.217283,0.007812,-0.070312,0.992188
2.217609,0.03125,-0.054688,0.976562
2.217935,0.023438,-0.078125,1.0
2.218261,0.023438,-0.039062,1.007812
2.218587,0.046875,-0.0625,0.960938
2.218913,0.054688,-0.054688,0.992188
2.219239,0.046875,-0.054688,0.992188
2.219565,0.0,-0.0625,1.007812
2.219891,0.054688,-0.0625,0.992188
2.220217,0.054688,-0.046875,0.992188
2.220543,0.015625,-0.046875,0.953125
2.220869,0.054688,-0.085938,0.984375
2.221194,0.023438,-0.070312,0.992188
2.22152,0.023438,-0.085938,1.0
2.221846,0.054688,-0.054688,0.976562
2.222172,0.039062,-0.085938,0.992188
2.222498,0.054688,-0.09375,0.945312
2.222824,0.007812,-0.09375,0.992188
2.22315,0.070312,-0.046875,0.960938
2.223476,0.0625,-0.070312,0.960938
2.223802,0.03125,-0.070312,0.984375
2.224128,0.023438,-0.046875,0.992188
2.224454,0.039062,-0.109375,0.976562
2.22478,0.046875,-0.085938,1.023438
2.225106,0.070312,-0.078125,0.992188
2.225432,0.023438,-0.039062,1.0
2.225757,0.085938,-0.070312,0.984375
2.226083,0.039062,-0.046875,0.992188
2.226409,0.03125,-0.039062,0.984375
2.226735,0.015625,-0.101562,0.992188
2.227061,0.0625,-0.125,0.960938
2.227387,0.070312,-0.046875,0.976562
2.227713,0.023438,-0.0625,1.0
2.228039,0.015625,-0.09375,0.976562
2.228365,0.015625,-0.085938,0.984375
2.228691,0.054688,-0.070312,0.960938
2.229017,0.0625,-0.09375,0.96875
2.229343,0.0625,-0.09375,1.0
2.229669,0.085938,-0.085938,1.03125
2.229994,0.046875,-0.09375,0.992188
2.23032,0.046875,-0.0625,0.960938
2.230646,0.015625,-0.0625,0.992188
2.230972,0.023438,-0.0625,0.953125
2.231298,0.046875,-0.078125,0.960938
2.231624,0.054688,-0.078125,0.960938
2.23195,0.03125,-0.09375,1.0
2.232276,0.023438,-0.070312,0.984375
2.232602,0.054688,-0.09375,0.976562
2.232928,0.085938,-0.117188,1.023438
2.233254,0.023438,-0.0625,0.9375
2.23358,0.03125,-0.046875,1.0
2.233906,0.0,-0.09375,0.992188
2.234232,0.054688,-0.078125,0.992188
2.234557,0.09375,-0.054688,0.976562
2.234883,0.0625,-0.070312,0.945312
2.235209,0.0,-0.039062,0.976562
2.235535,0.0,-0.0625,0.976562
2.235861,0.03125,-0.078125,0.992188
2.236187,0.054688,-0.085938,1.0
2.236513,0.023438,-0.101562,0.992188
2.236839,0.054688,-0.09375,0.984375
2.237165,0.039062,-0.070312,0.96875
2.237491,0.078125,-0.0625,0.96875
2.237817,0.070312,-0.078125,0.945312
2.238143,0.023438,-0.03125,1.0
2.238469,0.023438,-0.070312,0.976562
2.238795,0.054688,-0.046875,0.953125
2.23912,0.046875,-0.054688,0.96875
2.239446,0.054688,-0.070312,1.0
2.239772,0.046875,-0.054688,1.0
2.240098,0.0,-0.046875,0.976562
2.240424,0.03125,-0.125,1.0
2.24075,0.039062,-0.085938,1.0625
2.241076,0.03125,-0.070312,0.960938
2.241402,0.0625,-0.078125,1.023438
2.241728,0.046875,-0.085938,1.0
2.242054,0.046875,-0.117188,0.992188
2.24238,0.046875,-0.101562,0.976562
2.242706,0.054688,-0.09375,1.015625
2.243032,0.007812,-0.070312,1.0
2.243358,0.007812,-0.09375,0.984375
2.243683,0.039062,-0.054688,0.984375
2.244009,0.007812,-0.054688,1.0
2.244335,0.054688,-0.078125,0.976562
2.244661,0.039062,-0.046875,0.9375
2.244987,0.054688,-0.0625,0.976562
2.245313,0.0625,-0.0625,0.90625
2.245639,0.070312,-0.085938,0.953125
2.245965,0.046875,-0.101562,1.0
2.246291,0.015625,-0.09375,1.03125
2.246617,0.046875,-0.09375,1.03125
2.246943,0.039062,-0.070312,1.0
2.247269,0.03125,-0.09375,0.945312
2.247595,0.0625,-0.117188,0.960938
2.24792,0.007812,-0.085938,0.960938
2.248246,0.023438,-0.054688,0.984375
2.248572,0.039062,-0.0625,0.960938
2.248898,0.023438,-0.046875,0.984375
2.249224,0.023438,-0.054688,1.0
2.24955,0.03125,-0.078125,1.0
2.249876,0.015625,-0.03125,0.976562
2.250202,0.0,-0.070312,0.976562
2.250528,0.015625,-0.101562,0.953125
2.250854,0.0625,-0.085938,1.023438
2.25118,0.015625,-0.09375,0.960938
2.251506,0.0,-0.070312,0.976562
2.251832,0.054688,-0.0625,0.992188
2.252158,0.054688,-0.078125,0.976562
2.252483,0.03125,-0.101562,1.0
2.252809,0.007812,-0.101562,0.976562
2.253135,0.054688,-0.054688,1.007812
2.253461,0.015625,-0.101562,1.0
2.253787,0.023438,-0.09375,0.976562
2.254113,0.039062,-0.046875,0.992188
2.254439,0.054688,-0.078125,0.992188
2.254765,0.023438,-0.046875,0.984375
2.255091,0.070312,-0.078125,1.0
2.255417,0.046875,-0.046875,1.015625
2.255743,0.039062,-0.039062,0.992188
2.256069,0.03125,-0.0625,0.984375
2.256395,0.0625,-0.070312,1.023438
2.256721,0.046875,-0.078125,0.9375
2.257046,0.0,-0.078125,0.96875
2.257372,0.015625,-0.070312,1.015625
2.257698,0.03125,-0.101562,1.007812
2.258024,0.054688,-0.054688,0.960938
2.25835,0.039062,-0.125,0.976562
2.258676,0.03125,-0.085938,0.953125
2.259002,0.085938,-0.054688,0.976562
2.259328,0.0625,-0.054688,0.960938
2.259654,0.054688,-0.09375,0.992188
2.25998,0.015625,-0.078125,0.984375
2.260306,0.054688,-0.09375,0.953125
2.260632,0.046875,-0.039062,1.0
2.260958,0.054688,-0.09375,0.976562
2.261284,0.039062,-0.0625,0.953125
2.261609,0.046875,-0.101562,0.960938
2.261935,0.054688,-0.109375,0.984375
2.262261,0.007812,-0.070312,0.976562
2.262587,0.023438,-0.109375,0.960938
2.262913,0.039062,-0.125,0.976562
2.263239,0.03125,-0.085938,1.0
2.263565,0.046875,-0.054688,0.992188
2.263891,0.046875,-0.078125,0.984375
2.264217,0.0,-0.039062,1.023438
2.264543,0.015625,-0.046875,1.0
2.264869,0.023438,-0.070312,0.992188
2.265195,0.015625,-0.046875,0.96875
2.265521,0.007812,-0.070312,0.984375
2.265846,0.039062,-0.054688,0.976562
2.266172,0.039062,-0.070312,1.039062
2.266498,0.054688,-0.039062,0.976562
2.266824,0.070312,-0.007812,1.0
2.26715,0.0625,-0.054688,0.976562
2.267476,0.039062,-0.070312,0.992188
2.267802,0.054688,-0.117188,0.96875
2.268128,0.03125,-0.09375,1.0
2.268454,0.070312,-0.070312,0.953125
2.26878,0.007812,-0.09375,1.0
2.269106,0.054688,-0.101562,0.960938
2.269432,0.015625,-0.0625,0.96875
2.269758,0.03125,-0.09375,0.984375
2.270084,0.03125,-0.085938,0.992188
2.270409,0.054688,-0.101562,0.953125
2.270735,0.046875,-0.054688,1.0
2.271061,0.0,-0.0625,0.914062
2.271387,0.070312,-0.070312,0.953125
2.271713,0.054688,-0.0625,0.992188
2.272039,0.023438,-0.070312,0.953125
2.272365,0.023438,-0.085938,0.992188
2.272691,0.039062,-0.039062,0.953125
2.273017,0.03125,-0.117188,0.96875
2.273343,0.046875,-0.0625,0.992188
2.273669,0.023438,-0.070312,0.9375
2.273995,0.015625,-0.054688,0.976562
2.274321,0.015625,-0.054688,0.960938
2.274647,0.03125,-0.09375,0.976562
2.274972,0.023438,-0.09375,0.992188
2.275298,0.054688,-0.039062,0.992188
2.275624,0.085938,-0.101562,0.96875
2.27595,0.0625,-0.0625,0.96875
2.276276,0.023438,-0.101562,1.0
2.276602,0.039062,-0.085938,0.976562
2.276928,0.023438,-0.070312,1.0
2.277254,0.03125,-0.054688,0.992188
2.27758,0.023438,-0.070312,0.953125
2.277906,0.054688,-0.070312,1.0
2.278232,0.039062,-0.085938,0.984375
2.278558,0.023438,-0.046875,0.984375
2.278884,0.039062,-0.070312,0.992188
2.27921,0.023438,-0.078125,0.960938
2.279535,0.0625,-0.09375,1.0
2.279861,0.039062,-0.0625,1.0
2.280187,0.015625,-0.070312,1.015625
2.280513,0.023438,-0.070312,1.007812
2.280839,0.03125,-0.085938,1.0
2.281165,0.070312,-0.09375,0.945312
2.281491,0.015625,-0.0625,1.0
2.281817,0.015625,-0.078125,0.992188
2.282143,0.03125,-0.03125,0.960938
2.282469,0.0625,-0.039062,0.976562
2.282795,0.101562,-0.101562,1.007812
2.283121,0.039062,-0.054688,0.976562
2.283447,0.0,-0.054688,0.96875
2.283772,0.023438,-0.085938,0.945312
2.284098,0.03125,-0.0625,0.945312
2.284424,0.0625,-0.0625,0.976562
2.28475,0.054688,-0.070312,0.992188
2.285076,0.03125,-0.0625,1.0
2.285402,0.03125,-0.054688,0.960938
2.285728,0.046875,-0.085938,1.0
2.286054,0.054688,-0.101562,1.03125
2.28638,0.078125,-0.101562,1.0
2.286706,0.054688,-0.015625,0.976562
2.287032,0.054688,-0.078125,0.976562
2.287358,0.023438,-0.054688,0.984375
2.287684,0.054688,-0.046875,1.015625
2.28801,0.085938,-0.085938,0.984375
2.288335,0.03125,-0.070312,0.914062
2.288661,0.03125,-0.023438,0.984375
2.288987,0.007812,-0.101562,0.984375
2.289313,0.007812,-0.085938,0.984375
2.289639,0.039062,-0.101562,0.992188
2.289965,0.015625,-0.085938,0.9375
2.290291,0.046875,-0.085938,0.992188
2.290617,0.015625,-0.085938,0.976562
2.290943,0.039062,-0.015625,0.960938
2.291269,0.0625,-0.015625,0.976562
2.291595,0.03125,-0.085938,0.992188
2.291921,0.0625,-0.101562,0.9375
2.292247,0.054688,-0.070312,0.992188
2.292573,0.054688,-0.078125,0.96875
2.292898,0.0625,-0.085938,0.976562
2.293224,0.046875,-0.0625,0.929688
2.29355,0.054688,-0.070312,0.945312
2.293876,0.023438,-0.070312,0.960938
2.294202,0.101562,-0.070312,0.992188
2.294528,0.039062,-0.078125,1.0
2.294854,0.039062,-0.0625,0.992188
2.29518,0.054688,-0.09375,0.96875
2.295506,0.046875,-0.085938,0.945312
2.295832,0.03125,-0.0625,1.007812
2.296158,0.015625,-0.039062,1.007812
2.296484,0.046875,-0.101562,1.0
2.29681,0.054688,-0.078125,0.992188
2.297136,0.03125,-0.054688,0.96875
2.297461,0.023438,-0.0625,1.0
2.297787,0.007812,-0.054688,1.03125
2.298113,0.046875,-0.117188,1.054688
2.298439,0.0625,-0.117188,0.960938
2.298765,0.03125,-0.0625,1.007812
2.299091,0.0625,-0.070312,0.914062
2.299417,0.015625,-0.054688,1.0
2.299743,0.023438,-0.0625,0.984375
2.300069,0.046875,-0.085938,1.007812
2.300395,0.0625,-0.085938,1.0
2.300721,0.046875,-0.039062,1.0
2.301047,0.054688,-0.0625,0.984375
2.301373,0.039062,-0.078125,0.960938
2.301698,0.0625,-0.101562,0.953125
2.302024,0.015625,-0.054688,0.976562
2.30235,0.046875,-0.09375,0.992188
2.302676,0.085938,-0.117188,1.0
2.303002,0.03125,-0.101562,1.0
2.303328,0.054688,-0.039062,0.984375
2.303654,0.054688,-0.09375,0.984375
2.30398,0.054688,-0.09375,0.953125
2.304306,0.007812,-0.101562,1.054688
2.304632,0.039062,-0.070312,1.0
2.304958,0.039062,-0.078125,1.007812
2.305284,0.023438,-0.0625,1.023438
2.30561,0.054688,-0.070312,0.9375
2.305936,0.023438,-0.070312,1.0
2.306261,0.023438,-0.054688,0.960938
2.306587,0.0,-0.0625,0.992188
2.306913,0.03125,-0.0625,0.960938
2.307239,0.0,-0.03125,0.992188
2.307565,0.0625,-0.070312,0.992188
2.307891,0.03125,-0.023438,0.984375
2.308217,0.046875,-0.070312,0.9375
2.308543,0.054688,-0.046875,1.015625
2.308869,0.046875,-0.085938,1.007812
2.309195,0.0625,-0.054688,0.984375
2.309521,0.03125,-0.070312,0.9375
2.309847,0.0,-0.078125,0.960938
2.310173,0.03125,-0.085938,1.0
2.310499,0.03125,-0.007812,0.96875
2.310824,0.046875,-0.070312,0.984375
2.31115,0.054688,-0.085938,1.03125
2.311476,0.03125,-0.039062,0.96875
2.311802,0.0,-0.09375,0.960938
2.312128,0.054688,-0.101562,0.992188
2.312454,0.0,-0.0625,1.0
2.31278,0.023438,-0.0625,0.945312
2.313106,0.007812,-0.070312,0.992188
2.313432,0.03125,-0.0625,0.960938
2.313758,0.054688,-0.078125,0.960938
2.314084,0.046875,-0.070312,1.0
2.31441,0.0625,-0.054688,0.9375
2.314736,0.054688,-0.125,0.96875
2.315062,0.023438,-0.054688,0.96875
2.315387,0.046875,-0.085938,0.984375
2.315713,0.039062,-0.070312,0.984375
2.316039,0.023438,-0.078125,0.96875
2.316365,0.054688,-0.117188,0.992188
2.316691,0.054688,-0.0625,0.96875
2.317017,0.007812,-0.046875,0.992188
2.317343,0.046875,-0.078125,0.992188
2.317669,0.023438,-0.046875,0.960938
2.317995,0.039062,-0.0625,0.992188
2.318321,0.03125,-0.03125,0.992188
2.318647,0.015625,-0.039062,1.007812
2.318973,0.070312,-0.085938,0.984375
2.319299,0.0625,-0.078125,1.0
2.319624,0.023438,-0.039062,0.953125
2.31995,0.015625,-0.039062,1.046875
2.320276,0.007812,-0.078125,1.0
2.320602,0.054688,-0.054688,1.015625
2.320928,0.015625,-0.03125,0.953125
2.321254,0.0625,-0.070312,1.0
2.32158,0.054688,-0.0625,1.0
2.321906,0.007812,-0.046875,0.945312
2.322232,0.007812,-0.140625,1.0
2.322558,0.039062,-0.09375,1.0
2.322884,0.0625,-0.054688,0.929688
2.32321,0.046875,-0.039062,0.992188
2.323536,0.0625,-0.085938,0.96875
2.323862,0.046875,-0.078125,0.96875
2.324187,0.0625,-0.070312,1.0
2.324513,0.039062,-0.078125,1.039062
2.324839,0.070312,-0.125,1.0
2.325165,0.03125,-0.125,1.0
2.325491,0.070312,-0.054688,1.0
2.325817,0.039062,-0.078125,0.992188
2.326143,0.054688,-0.0625,1.0
2.326469,0.078125,-0.070312,0.960938
2.326795,0.023438,-0.085938,1.0
2.327121,0.03125,-0.054688,0.992188
2.327447,0.023438,-0.085938,1.0
2.327773,0.046875,-0.109375,1.0
2.328099,0.0625,-0.070312,1.007812
2.328425,0.03125,-0.085938,1.0
2.32875,0.007812,0.0,0.96875
2.329076,0.0,-0.039062,1.007812
2.329402,0.015625,-0.078125,0.953125
2.329728,0.070312,-0.09375,0.960938
2.330054,0.023438,-0.101562,0.976562
2.33038,0.0625,-0.078125,1.0
2.330706,0.054688,-0.0625,0.976562
2.331032,0.039062,-0.0625,0.992188
2.331358,0.015625,-0.0625,0.96875
2.331684,0.015625,-0.039062,0.96875
2.33201,0.03125,-0.070312,0.992188
2.332336,0.054688,-0.0625,0.984375
2.332662,0.054688,-0.085938,1.0
2.332988,0.039062,-0.0625,0.992188
2.333313,0.046875,-0.070312,0.976562
2.333639,0.03125,-0.054688,1.0
2.333965,0.039062,-0.101562,0.976562
2.334291,0.039062,-0.070312,0.96875
2.334617,0.03125,-0.054688,0.984375
2.334943,0.070312,-0.109375,0.984375
2.335269,0.03125,-0.109375,0.976562
2.335595,0.039062,-0.0625,1.0
2.335921,0.023438,-0.070312,1.007812
2.336247,0.0625,-0.0625,1.0
2.336573,0.015625,-0.132812,1.0
2.336899,0.007812,-0.0625,0.953125
2.337225,0.03125,-0.039062,0.960938
2.33755,0.023438,-0.054688,0.984375
2.337876,0.023438,-0.070312,0.984375
2.338202,0.023438,-0.0625,0.992188
2.338528,0.03125,-0.0625,0.960938
2.338854,0.046875,-0.070312,0.960938
2.33918,0.03125,-0.085938,0.992188
2.339506,0.03125,-0.078125,1.023438
2.339832,0.03125,-0.0625,0.96875
2.340158,0.0625,-0.039062,1.015625
2.340484,0.054688,-0.039062,0.960938
2.34081,0.03125,-0.070312,0.953125
2.341136,0.03125,-0.0625,0.984375
2.341462,0.03125,-0.101562,0.992188
2.341788,0.03125,-0.078125,1.0
2.342113,0.054688,-0.078125,0.945312
2.342439,0.0625,-0.085938,1.023438
2.342765,0.046875,-0.078125,0.984375
2.343091,0.007812,-0.046875,0.984375
2.343417,0.046875,-0.085938,1.023438
2.343743,0.046875,-0.039062,0.953125
2.344069,0.007812,-0.054688,1.023438
2.344395,0.023438,-0.046875,1.0
2.344721,0.046875,-0.070312,0.976562
2.345047,0.039062,-0.101562,0.976562
2.345373,0.0,-0.046875,0.984375
2.345699,0.070312,-0.0625,0.984375
2.346025,0.039062,-0.101562,1.039062
2.346351,0.039062,-0.070312,0.960938
2.346676,0.039062,-0.078125,0.992188
2.347002,0.054688,-0.101562,1.0
2.347328,0.023438,-0.078125,1.0
2.347654,0.023438,-0.078125,0.960938
2.34798,0.007812,-0.0625,0.929688
2.348306,0.039062,-0.070312,0.992188
2.348632,0.039062,-0.0625,1.03125
2.348958,0.054688,-0.101562,0.992188
2.349284,0.023438,-0.070312,0.984375
2.34961,0.023438,-0.070312,0.992188
2.349936,0.0625,-0.070312,0.921875
2.350262,0.0625,-0.085938,0.984375
2.350588,0.03125,-0.070312,0.929688
2.350914,0.039062,-0.070312,1.03125
2.351239,0.054688,-0.023438,1.0
2.351565,0.039062,-0.054688,1.039062
2.351891,0.007812,-0.054688,1.0
2.352217,0.054688,-0.0625,0.953125
2.352543,0.0625,-0.09375,0.960938
2.352869,0.015625,-0.039062,0.960938
2.353195,0.03125,-0.070312,0.976562
2.353521,0.046875,-0.054688,1.007812
2.353847,0.03125,-0.046875,0.953125
2.354173,0.023438,-0.054688,1.0
2.354499,0.039062,-0.0625,1.023438
2.354825,0.007812,-0.078125,1.0
2.355151,0.007812,-0.046875,0.984375
2.355476,0.039062,-0.070312,0.945312
2.355802,0.023438,-0.09375,0.96875
2.356128,0.078125,-0.070312,0.992188
2.356454,0.007812,-0.070312,0.992188
2.35678,0.0625,-0.125,1.03125
2.357106,0.039062,-0.070312,1.0
2.357432,0.078125,-0.070312,0.960938
2.357758,0.039062,-0.070312,0.96875
2.358084,0.039062,-0.078125,0.960938
2.35841,0.007812,-0.0625,0.96875
2.358736,0.054688,-0.0625,0.976562
2.359062,0.007812,-0.0625,1.0
2.359388,0.039062,-0.070312,0.90625
2.359714,0.0625,-0.0625,1.023438
2.360039,0.039062,-0.046875,1.0
2.360365,0.039062,-0.09375,1.023438
2.360691,0.046875,-0.109375,1.0
2.361017,0.039062,-0.085938,1.0
2.361343,0.0,-0.0625,1.054688
2.361669,0.023438,-0.085938,0.984375
2.361995,0.039062,-0.054688,0.96875
2.362321,0.046875,-0.070312,0.945312
2.362647,0.054688,-0.054688,0.976562
2.362973,0.015625,-0.070312,0.96875
2.363299,0.0,-0.085938,0.992188
2.363625,0.03125,-0.054688,0.921875
2.363951,0.015625,-0.070312,0.984375
2.364277,0.0625,-0.101562,1.046875
2.364602,0.0,-0.101562,0.9375
2.364928,0.054688,-0.101562,0.976562
2.365254,0.039062,-0.085938,0.96875
2.36558,0.023438,-0.039062,0.960938
2.365906,0.007812,-0.125,0.96875
2.366232,0.054688,-0.101562,0.96875
2.366558,0.015625,-0.085938,1.015625
2.366884,0.023438,-0.101562,1.0
2.36721,0.0,-0.109375,1.039062
2.367536,0.03125,-0.101562,0.914062
2.367862,0.0,-0.039062,1.0
2.368188,0.0,-0.0625,0.992188
2.368514,0.03125,-0.085938,0.992188
2.36884,0.007812,-0.070312,0.96875
2.369165,0.023438,-0.046875,0.96875
2.369491,0.046875,-0.039062,0.984375
2.369817,0.039062,-0.039062,1.0
2.370143,0.015625,-0.054688,0.992188
2.370469,0.0625,-0.09375,0.984375
2.370795,0.0625,-0.085938,0.976562
2.371121,0.0,-0.046875,1.015625
2.371447,0.023438,-0.0625,0.96875
2.371773,0.023438,-0.070312,0.96875
2.372099,0.046875,-0.070312,0.976562
2.372425,0.0,-0.09375,0.96875
2.372751,0.054688,-0.0625,1.0
2.373077,0.039062,-0.070312,0.953125
2.373402,0.054688,-0.078125,0.984375
2.373728,0.03125,-0.0625,1.0
2.374054,0.007812,-0.0625,0.960938
2.37438,0.023438,-0.054688,0.992188
2.374706,0.039062,-0.070312,0.976562
2.375032,0.0,-0.0625,0.945312
2.375358,0.046875,-0.085938,0.976562
2.375684,0.039062,-0.078125,0.960938
2.37601,0.0625,-0.070312,0.96875
2.376336,0.03125,-0.078125,0.992188
2.376662,0.007812,-0.054688,0.984375
2.376988,0.054688,-0.0625,0.992188
2.377314,0.039062,-0.039062,0.945312
2.37764,0.054688,-0.0625,0.976562
2.377965,0.023438,-0.0625,1.0
2.378291,0.0,-0.078125,0.976562
2.378617,0.0625,-0.0625,0.96875
2.378943,0.054688,-0.109375,1.0
2.379269,0.039062,-0.101562,0.96875
2.379595,0.03125,-0.085938,1.0
2.379921,0.023438,-0.070312,0.984375
2.380247,0.023438,-0.0625,0.945312
2.380573,0.070312,-0.054688,1.0
2.380899,0.054688,-0.039062,1.007812
2.381225,0.0625,-0.039062,0.921875
2.381551,0.070312,-0.109375,1.0
2.381877,0.070312,-0.078125,1.03125
2.382203,0.039062,-0.039062,0.9375
2.382528,0.015625,-0.054688,1.046875
2.382854,0.039062,-0.039062,1.0
2.38318,0.039062,-0.070312,1.015625
2.383506,0.046875,-0.0625,1.023438
2.383832,0.054688,-0.101562,0.992188
2.384158,0.078125,-0.078125,1.0
2.384484,0.054688,-0.0625,0.984375
2.38481,0.0625,-0.085938,1.0
2.385136,0.070312,-0.0625,1.0
2.385462,0.039062,-0.0625,0.953125
2.385788,0.046875,-0.109375,1.0
2.386114,0.03125,-0.09375,0.992188
2.38644,0.039062,-0.054688,1.015625
2.386766,0.046875,-0.070312,0.984375
2.387091,0.0,-0.070312,0.96875
2.387417,0.046875,-0.085938,1.023438
2.387743,0.039062,-0.0625,1.0
2.388069,0.0,-0.070312,1.007812
2.388395,0.054688,-0.070312,0.976562
2.388721,0.070312,-0.078125,0.953125
2.389047,0.039062,-0.054688,0.992188
2.389373,0.046875,-0.070312,1.0
2.389699,0.046875,-0.09375,1.0
2.390025,0.023438,-0.078125,0.976562
2.390351,0.0625,-0.070312,0.960938
2.390677,0.03125,-0.085938,0.960938
2.391003,0.054688,-0.09375,0.960938
2.391329,0.054688,-0.117188,0.976562
2.391654,0.054688,-0.054688,1.0
2.39198,0.007812,-0.070312,0.992188
2.392306,0.046875,-0.046875,0.984375
2.392632,0.039062,-0.070312,1.0
2.392958,0.0625,-0.101562,0.960938
2.393284,0.070312,-0.046875,1.0
2.39361,0.039062,-0.039062,1.007812
2.393936,0.046875,-0.078125,1.03125
2.394262,0.023438,-0.085938,0.984375
2.394588,0.023438,-0.09375,0.992188
2.394914,0.046875,-0.070312,0.992188
2.39524,0.0625,-0.085938,1.0
2.395566,0.007812,-0.070312,0.984375
2.395891,0.046875,-0.03125,0.953125
2.396217,0.046875,-0.101562,0.96875
2.396543,0.0,-0.0625,0.992188
2.396869,0.046875,-0.078125,1.007812
2.397195,0.039062,-0.0625,1.0
2.397521,0.015625,-0.054688,0.9375
2.397847,0.046875,-0.078125,0.953125
2.398173,0.046875,-0.09375,1.0
2.398499,0.0625,-0.101562,1.0
2.398825,0.023438,-0.0625,0.992188
2.399151,0.0625,-0.054688,0.9375
2.399477,0.046875,-0.117188,1.007812
2.399803,0.046875,-0.070312,0.960938
2.400129,0.03125,-0.09375,0.960938
2.400454,0.023438,-0.0625,1.03125
2.40078,0.023438,-0.085938,0.976562
2.401106,0.039062,-0.078125,0.992188
2.401432,0.039062,-0.085938,0.976562
2.401758,0.03125,-0.046875,0.976562
2.402084,0.007812,-0.046875,0.984375
2.40241,0.0625,-0.0625,1.015625
2.402736,0.015625,-0.0625,0.976562
2.403062,0.054688,-0.070312,1.0
2.403388,0.054688,-0.101562,1.0
2.403714,0.054688,-0.070312,0.976562
2.40404,0.0625,-0.070312,0.96875
2.404366,0.007812,-0.039062,1.0
2.404692,0.023438,-0.070312,1.0
2.405017,0.054688,-0.0625,1.0
2.405343,0.023438,-0.085938,0.984375
2.405669,0.0625,-0.0625,0.960938
2.405995,0.03125,-0.101562,0.976562
2.406321,0.046875,-0.0625,1.0
2.406647,0.023438,-0.046875,1.0
2.406973,0.054688,-0.070312,1.0
2.407299,0.007812,-0.085938,0.96875
2.407625,0.039062,-0.070312,0.992188
2.407951,0.046875,-0.09375,0.984375
2.408277,0.054688,-0.070312,1.0
2.408603,0.054688,-0.078125,0.953125
2.408929,0.023438,-0.101562,1.015625
2.409255,0.0625,-0.101562,1.0
2.40958,0.03125,-0.078125,1.0
2.409906,0.046875,-0.0625,0.992188
2.410232,0.046875,-0.054688,0.96875
2.410558,0.070312,-0.0625,0.992188
2.410884,0.023438,-0.054688,1.007812
2.41121,0.0625,-0.046875,0.960938
2.411536,0.0625,-0.070312,1.0
2.411862,0.054688,-0.09375,1.0
2.412188,0.070312,-0.09375,0.976562
2.412514,0.054688,-0.078125,1.007812
2.41284,0.046875,-0.085938,0.929688
2.413166,0.0625,-0.0625,0.96875
2.413492,0.054688,-0.03125,1.0
2.413817,0.039062,-0.070312,1.0
2.414143,0.023438,-0.085938,0.992188
2.414469,0.023438,-0.03125,0.929688
2.414795,0.046875,-0.101562,0.992188
2.415121,0.007812,-0.0625,0.960938
2.415447,0.046875,-0.070312,0.976562
2.415773,0.046875,-0.09375,0.960938
2.416099,0.046875,-0.070312,0.953125
2.416425,0.0625,-0.085938,1.046875
2.416751,0.039062,-0.070312,0.96875
2.417077,0.039062,-0.0625,1.023438
2.417403,0.023438,-0.070312,0.929688
2.417729,0.070312,-0.070312,0.960938
2.418055,0.054688,-0.070312,0.96875
2.41838,0.054688,-0.078125,0.992188
2.418706,0.023438,-0.070312,0.960938
2.419032,0.039062,-0.101562,1.0
2.419358,0.054688,-0.125,1.015625
2.419684,0.023438,-0.0625,0.992188
2.42001,0.070312,-0.09375,0.984375
2.420336,0.0,-0.039062,0.976562
2.420662,0.023438,-0.054688,1.007812
2.420988,0.054688,-0.085938,0.976562
2.421314,0.054688,-0.0625,0.992188
2.42164,0.054688,-0.101562,0.992188
2.421966,0.0,-0.09375,0.953125
2.422292,0.023438,-0.085938,0.992188
2.422618,0.0,-0.0625,1.0
2.422943,0.015625,-0.085938,0.945312
2.423269,0.03125,-0.078125,0.976562
2.423595,0.054688,-0.0625,1.046875
2.423921,0.03125,-0.09375,1.0
2.424247,0.015625,0.0,0.953125
2.424573,0.046875,-0.085938,0.992188
2.424899,0.085938,-0.09375,0.984375
2.425225,0.03125,-0.09375,1.007812
2.425551,0.070312,-0.078125,0.960938
2.425877,0.078125,-0.070312,0.992188
2.426203,0.03125,-0.070312,1.023438
2.426529,0.015625,-0.070312,0.960938
2.426855,0.03125,-0.070312,1.0
2.427181,0.0,-0.054688,0.992188
2.427506,0.03125,-0.09375,0.992188
2.427832,0.054688,-0.070312,0.960938
2.428158,0.0625,-0.078125,1.0
2.428484,0.039062,-0.09375,0.992188
2.42881,0.078125,-0.070312,0.992188
2.429136,0.0,-0.0625,0.96875
2.429462,0.046875,-0.070312,1.007812
2.429788,0.007812,-0.039062,1.0
2.430114,0.039062,-0.070312,0.992188
2.43044,0.03125,-0.0625,0.976562
2.430766,0.085938,-0.070312,1.0
2.431092,0.046875,-0.054688,1.0
2.431418,0.007812,-0.0625,0.984375
2.431743,0.078125,-0.117188,0.984375
2.432069,0.054688,-0.0625,0.929688
2.432395,0.023438,-0.070312,0.976562
2.432721,0.054688,-0.070312,0.929688
2.433047,0.03125,-0.09375,1.023438
2.433373,0.03125,-0.070312,0.945312
2.433699,0.054688,-0.078125,0.960938
2.434025,0.054688,-0.070312,1.0
2.434351,0.039062,-0.085938,0.984375
2.434677,0.078125,-0.09375,0.945312
2.435003,0.023438,-0.078125,1.0
2.435329,0.03125,-0.054688,0.992188
2.435655,0.085938,-0.070312,0.96875
2.435981,0.015625,-0.023438,0.984375
2.436306,0.023438,-0.070312,0.992188
2.436632,0.046875,-0.109375,0.992188
2.436958,0.046875,-0.0625,0.96875
2.437284,0.015625,-0.0625,1.007812
2.43761,0.039062,-0.078125,0.992188
2.437936,0.0,-0.046875,1.015625
2.438262,0.054688,-0.070312,0.984375
2.438588,0.039062,-0.054688,0.945312
2.438914,0.046875,-0.0625,0.953125
2.43924,0.0625,-0.09375,0.992188
2.439566,0.078125,-0.0625,0.984375
2.439892,0.015625,-0.046875,0.992188
2.440218,0.039062,-0.0625,0.992188
2.440544,0.054688,-0.070312,1.0
2.440869,0.023438,-0.054688,0.9375
2.441195,0.054688,-0.039062,0.96875
2.441521,0.007812,-0.054688,0.960938
2.441847,0.046875,-0.078125,0.960938
2.442173,0.070312,-0.054688,0.96875
2.442499,0.023438,-0.0625,0.976562
2.442825,0.015625,-0.09375,1.007812
2.443151,0.0625,-0.09375,1.0
2.443477,0.054688,-0.070312,0.976562
2.443803,0.03125,-0.0625,1.0
2.444129,0.0,-0.054688,0.96875
2.444455,0.070312,-0.070312,0.9375
2.444781,0.039062,-0.046875,0.945312
2.445107,0.03125,-0.039062,0.992188
2.445432,0.070312,-0.046875,0.992188
2.445758,0.0625,-0.101562,0.992188
2.446084,0.015625,-0.046875,1.039062
2.44641,0.054688,-0.101562,1.023438
2.446736,0.046875,-0.039062,1.0
2.447062,0.09375,-0.054688,0.96875
2.447388,0.023438,-0.070312,0.976562
2.447714,0.03125,-0.054688,0.96875
2.44804,0.046875,-0.046875,0.984375
2.448366,0.015625,-0.046875,1.0
2.448692,0.054688,-0.054688,0.984375
2.449018,0.054688,-0.132812,1.0
2.449344,0.054688,-0.078125,0.976562
2.449669,0.054688,-0.078125,1.0
2.449995,0.046875,-0.09375,0.945312
2.450321,0.039062,-0.085938,1.0
2.450647,0.015625,-0.046875,0.960938
2.450973,0.070312,-0.101562,0.976562
2.451299,0.03125,-0.078125,0.992188
2.451625,0.039062,-0.078125,0.984375
2.451951,0.054688,-0.054688,0.992188
2.452277,0.070312,-0.125,0.953125
2.452603,0.0,-0.070312,0.992188
2.452929,0.015625,-0.109375,0.945312
2.453255,0.015625,-0.117188,0.992188
2.453581,0.023438,-0.078125,1.023438
2.453907,0.007812,-0.09375,0.976562
2.454232,0.039062,-0.0625,1.0
2.454558,0.015625,-0.0625,0.953125
2.454884,0.023438,-0.039062,0.984375
2.45521,0.03125,-0.078125,0.960938
2.455536,0.070312,-0.09375,1.007812
2.455862,0.0625,-0.039062,0.953125
2.456188,0.070312,-0.070312,0.992188
2.456514,0.007812,-0.0625,1.03125
2.45684,0.039062,-0.0625,1.0
2.457166,0.0625,-0.054688,1.0
2.457492,0.03125,-0.023438,0.992188
2.457818,0.0,-0.101562,0.953125
2.458144,0.0,-0.070312,0.960938
2.45847,0.03125,-0.054688,1.0
2.458795,0.023438,-0.070312,0.992188
2.459121,0.054688,-0.070312,0.992188
2.459447,0.078125,-0.101562,1.015625
2.459773,0.0625,-0.101562,1.0
2.460099,0.070312,-0.0625,0.96875
2.460425,0.070312,-0.09375,1.0
2.460751,0.015625,-0.054688,1.0
2.461077,0.054688,-0.070312,1.015625
2.461403,0.054688,-0.101562,1.0
2.461729,0.03125,-0.0625,0.976562
2.462055,0.007812,-0.101562,1.0
2.462381,0.070312,-0.117188,1.0
2.462707,0.0,-0.078125,0.960938
2.463033,0.046875,-0.070312,0.984375
2.463358,0.046875,-0.03125,0.96875
2.463684,0.046875,-0.09375,1.007812
2.46401,0.046875,-0.023438,0.96875
2.464336,0.007812,-0.070312,0.96875
2.464662,0.015625,-0.039062,1.0
2.464988,0.023438,-0.101562,0.992188
2.465314,0.015625,-0.101562,0.96875
2.46564,0.046875,-0.085938,0.992188
2.465966,0.023438,-0.070312,0.976562
2.466292,0.054688,-0.054688,1.0
2.466618,0.007812,-0.070312,0.945312
2.466944,0.023438,-0.0625,0.992188
2.46727,0.03125,-0.054688,0.976562
2.467595,0.046875,-0.0625,0.992188
2.467921,0.03125,-0.070312,1.0
2.468247,0.03125,-0.0625,1.0
2.468573,0.054688,-0.085938,0.96875
2.468899,0.039062,-0.03125,1.0
2.469225,0.039062,-0.117188,0.984375
2.469551,0.023438,-0.054688,0.984375
2.469877,0.054688,-0.046875,0.984375
2.470203,0.070312,-0.09375,1.0
2.470529,0.046875,-0.101562,1.015625
2.470855,0.023438,-0.117188,0.984375
2.471181,0.023438,-0.085938,0.976562
2.471507,0.054688,-0.085938,1.046875
2.471833,0.046875,-0.0625,1.0
2.472158,0.007812,-0.085938,0.992188
2.472484,0.0625,-0.0625,0.992188
2.47281,0.023438,-0.070312,0.953125
2.473136,0.015625,-0.046875,0.953125
2.473462,0.03125,-0.054688,1.0
2.473788,0.054688,-0.101562,1.023438
2.474114,0.039062,-0.101562,1.0
2.47444,0.03125,-0.09375,0.945312
2.474766,0.0625,-0.070312,0.984375
2.475092,0.023438,-0.046875,0.992188
2.475418,0.039062,-0.054688,0.9375
2.475744,0.0,-0.070312,0.96875
2.47607,0.054688,-0.054688,0.96875
2.476396,0.078125,-0.039062,0.945312
2.476721,0.023438,-0.054688,0.976562
2.477047,0.085938,-0.070312,0.953125
2.477373,0.023438,-0.054688,0.992188
2.477699,0.039062,-0.070312,1.015625
2.478025,0.039062,-0.0625,0.976562
2.478351,0.070312,-0.0625,0.992188
2.478677,0.015625,-0.101562,0.976562
2.479003,0.046875,-0.078125,1.0
2.479329,0.078125,-0.046875,1.0
2.479655,0.015625,-0.0625,0.960938
2.479981,0.0,-0.070312,0.984375
2.480307,0.054688,-0.078125,1.023438
2.480633,0.054688,-0.09375,1.0
2.480959,0.03125,-0.117188,0.96875
2.481284,0.03125,-0.101562,0.976562
2.48161,0.015625,-0.117188,0.960938
2.481936,0.03125,-0.046875,0.96875
2.482262,0.03125,-0.0625,1.007812
2.482588,0.070312,-0.09375,1.007812
2.482914,0.039062,-0.109375,1.0
2.48324,0.0,-0.046875,0.976562
2.483566,0.0625,-0.078125,0.984375
2.483892,0.015625,-0.0625,0.992188
2.484218,0.03125,-0.09375,0.976562
2.484544,0.03125,-0.070312,0.984375
2.48487,0.046875,-0.070312,0.9375
2.485196,0.007812,-0.054688,0.976562
2.485521,0.0625,-0.085938,0.960938
2.485847,0.054688,-0.039062,0.976562
2.486173,0.03125,-0.046875,0.992188
2.486499,0.007812,-0.070312,0.953125
2.486825,0.070312,-0.054688,0.976562
2.487151,0.054688,-0.046875,0.984375
2.487477,0.039062,-0.046875,0.976562
2.487803,0.054688,-0.085938,1.0
2.488129,0.0,-0.054688,0.976562
2.488455,0.03125,-0.0625,0.984375
2.488781,0.070312,-0.070312,0.945312
2.489107,0.0,-0.046875,1.023438
2.489433,0.054688,-0.070312,0.976562
2.489759,0.03125,-0.0625,0.960938
2.490084,0.046875,-0.0625,0.992188
2.49041,0.03125,-0.046875,1.0
2.490736,0.046875,-0.054688,0.984375
2.491062,0.03125,-0.09375,1.03125
2.491388,0.085938,-0.101562,0.96875
2.491714,0.039062,-0.0625,1.023438
2.49204,0.054688,-0.070312,0.96875
2.492366,0.054688,-0.070312,1.007812
2.492692,0.046875,-0.109375,1.007812
2.493018,0.039062,-0.0625,0.960938
2.493344,0.101562,-0.085938,0.984375
2.49367,0.015625,-0.070312,1.015625
2.493996,0.054688,-0.101562,1.03125
2.494322,0.0,-0.101562,1.03125
2.494647,0.039062,-0.078125,0.984375
2.494973,0.054688,-0.078125,1.0
2.495299,0.046875,-0.085938,0.960938
2.495625,0.054688,-0.054688,1.039062
2.495951,0.039062,-0.101562,0.992188
2.496277,0.023438,-0.070312,0.929688
2.496603,0.03125,-0.023438,0.96875
2.496929,0.085938,-0.078125,0.960938
2.497255,0.054688,-0.101562,1.039062
2.497581,0.046875,-0.023438,0.976562
2.497907,0.039062,-0.070312,0.976562
2.498233,0.0625,-0.0625,0.992188
2.498559,0.007812,-0.070312,1.023438
2.498885,0.03125,-0.085938,0.96875
2.49921,0.039062,-0.078125,1.0
2.499536,0.054688,-0.0625,0.960938
2.499862,0.039062,-0.085938,1.0
2.500188,0.039062,-0.078125,0.9375
2.500514,0.03125,-0.039062,1.0
2.50084,0.054688,-0.070312,0.992188
2.501166,0.070312,-0.078125,0.976562
2.501492,0.039062,-0.039062,0.953125
2.501818,0.054688,-0.078125,0.960938
2.502144,0.03125,-0.0625,0.96875
2.50247,0.015625,-0.046875,0.992188
2.502796,0.039062,-0.09375,0.976562
2.503122,0.046875,-0.078125,0.976562
2.503447,0.03125,-0.085938,0.96875
2.503773,0.046875,-0.101562,1.0
2.504099,0.0625,-0.054688,0.96875
2.504425,0.039062,-0.046875,0.96875
2.504751,0.023438,-0.054688,0.992188
2.505077,0.0625,-0.101562,0.960938
2.505403,0.085938,-0.09375,0.992188
2.505729,0.046875,-0.046875,0.960938
2.506055,0.03125,-0.101562,0.992188
2.506381,0.007812,-0.125,1.03125
2.506707,0.070312,-0.125,0.984375
2.507033,0.054688,-0.054688,1.007812
2.507359,0.007812,-0.039062,0.992188
2.507685,0.0,-0.070312,1.015625
2.50801,0.023438,-0.054688,1.03125
2.508336,0.0,-0.101562,1.007812
2.508662,0.0625,-0.054688,1.0
2.508988,0.054688,-0.039062,0.976562
2.509314,0.054688,-0.09375,0.984375
2.50964,0.015625,-0.078125,0.953125
2.509966,0.007812,-0.0625,1.007812
2.510292,0.007812,-0.09375,1.015625
2.510618,0.0625,-0.0625,0.953125
2.510944,0.070312,-0.09375,1.0
2.51127,0.023438,-0.070312,1.0
2.511596,0.054688,-0.117188,1.0
2.511922,0.023438,-0.09375,0.96875
2.512248,0.023438,-0.054688,0.960938
2.512573,0.03125,-0.039062,0.976562
2.512899,0.023438,-0.078125,1.023438
2.513225,0.015625,-0.054688,0.992188
2.513551,0.0625,-0.101562,1.007812
2.513877,0.03125,-0.09375,0.960938
2.514203,0.046875,-0.085938,1.007812
2.514529,0.054688,-0.085938,0.992188
2.514855,0.054688,-0.078125,0.960938
2.515181,0.046875,-0.070312,0.945312
2.515507,0.046875,-0.085938,0.96875
2.515833,0.03125,-0.0625,1.0
2.516159,0.039062,-0.085938,1.007812
2.516485,0.0625,-0.039062,0.960938
2.516811,0.03125,-0.070312,0.929688
2.517136,0.039062,-0.03125,0.960938
2.517462,0.023438,-0.039062,0.9375
2.517788,0.015625,-0.070312,0.960938
2.518114,0.054688,-0.085938,0.976562
2.51844,0.054688,-0.09375,1.0
2.518766,0.054688,-0.0625,0.96875
2.519092,0.03125,-0.0625,0.929688
2.519418,0.046875,-0.039062,1.0
2.519744,0.039062,-0.054688,0.984375
2.52007,0.023438,-0.0625,0.984375
2.520396,0.054688,-0.085938,0.992188
2.520722,0.070312,-0.070312,1.0
2.521048,0.039062,-0.101562,0.984375
2.521373,0.0625,-0.070312,1.0
2.521699,0.046875,-0.085938,1.015625
2.522025,0.046875,-0.054688,0.96875
2.522351,0.03125,-0.046875,0.992188
2.522677,0.046875,-0.054688,0.976562
2.523003,0.046875,-0.070312,1.0
2.523329,0.078125,-0.085938,0.984375
2.523655,0.007812,-0.046875,0.976562
2.523981,0.0,-0.078125,1.0
2.524307,0.03125,-0.101562,0.976562
2.524633,0.054688,-0.046875,0.984375
2.524959,0.023438,-0.078125,0.992188
2.525285,0.054688,-0.070312,0.992188
2.525611,0.046875,-0.101562,0.9375
2.525936,0.007812,-0.101562,0.984375
2.526262,0.046875,-0.070312,1.007812
2.526588,0.03125,-0.085938,1.0
2.526914,0.0625,-0.085938,1.007812
2.52724,0.007812,-0.054688,0.953125
2.527566,0.0625,-0.078125,0.953125
2.527892,0.023438,-0.054688,0.9375
2.528218,0.046875,-0.039062,1.0
2.528544,0.039062,-0.101562,1.007812
2.52887,0.054688,-0.070312,0.976562
2.529196,0.03125,-0.078125,0.96875
2.529522,0.007812,-0.070312,0.984375
2.529848,0.046875,-0.070312,1.03125
2.530174,0.023438,-0.09375,0.96875
2.530499,0.03125,-0.09375,1.0
2.530825,0.007812,-0.070312,0.976562
2.531151,0.03125,-0.109375,0.992188
2.531477,0.015625,-0.085938,0.945312
2.531803,0.023438,-0.078125,0.96875
2.532129,0.0,-0.09375,0.984375
2.532455,0.039062,-0.085938,0.992188
2.532781,0.015625,-0.09375,1.0
2.533107,0.023438,-0.070312,0.984375
2.533433,0.03125,-0.101562,0.96875
2.533759,0.03125,-0.0625,1.0
2.534085,0.015625,-0.085938,0.976562
2.534411,0.054688,-0.085938,1.0
2.534737,0.023438,-0.070312,0.976562
2.535062,0.03125,-0.109375,0.992188
2.535388,0.054688,-0.085938,0.960938
2.535714,0.046875,-0.039062,1.0
2.53604,0.023438,-0.054688,0.960938
2.536366,0.023438,-0.046875,0.945312
2.536692,0.046875,-0.054688,1.0
2.537018,0.070312,-0.03125,1.0
2.537344,0.054688,-0.007812,0.96875
2.53767,0.054688,-0.070312,0.9375
2.537996,0.039062,-0.09375,1.023438
2.538322,0.054688,-0.0625,1.0
2.538648,0.03125,-0.0625,0.976562
2.538974,0.054688,-0.085938,1.0
2.539299,0.03125,-0.046875,0.984375
2.539625,0.070312,-0.039062,0.9375
2.539951,0.039062,-0.070312,0.992188
2.540277,0.046875,-0.039062,0.960938
2.540603,0.007812,-0.0625,0.992188
2.540929,0.054688,-0.070312,0.96875
2.541255,0.007812,-0.101562,0.945312
2.541581,0.039062,-0.101562,0.96875
2.541907,0.09375,-0.0625,1.007812
2.542233,0.054688,-0.070312,1.0
2.542559,0.054688,-0.0625,0.960938
2.542885,0.046875,-0.078125,1.007812
2.543211,0.03125,-0.117188,0.945312
2.543537,0.03125,-0.070312,0.960938
2.543862,0.039062,-0.070312,0.929688
2.544188,0.023438,-0.039062,0.976562
2.544514,0.039062,-0.09375,0.992188
2.54484,0.0625,-0.046875,1.0
2.545166,0.0,-0.039062,0.914062
2.545492,0.039062,-0.054688,0.960938
2.545818,0.007812,-0.054688,0.992188
2.546144,0.03125,-0.101562,1.0
2.54647,0.039062,-0.039062,1.0
2.546796,0.023438,-0.023438,0.945312
2.547122,0.039062,-0.046875,0.9375
2.547448,0.03125,-0.101562,0.992188
2.547774,0.054688,-0.054688,0.992188
2.5481,0.046875,-0.054688,0.9375
2.548425,0.046875,-0.085938,0.984375
2.548751,0.023438,-0.0625,1.0
2.549077,0.0625,-0.09375,0.976562
2.549403,0.039062,-0.054688,0.992188
2.549729,0.070312,-0.070312,1.007812
2.550055,0.070312,-0.054688,0.96875
2.550381,0.078125,-0.070312,0.960938
2.550707,0.039062,-0.070312,0.96875
2.551033,0.007812,-0.070312,0.9375
2.551359,0.078125,-0.046875,0.945312
2.551685,0.054688,-0.070312,1.007812
2.552011,0.039062,-0.070312,0.960938
2.552337,0.023438,-0.085938,1.023438
2.552663,0.039062,-0.09375,0.984375
2.552988,0.070312,-0.085938,1.0
2.553314,0.054688,-0.070312,0.953125
2.55364,0.054688,-0.046875,0.976562
2.553966,0.078125,-0.085938,1.015625
2.554292,0.078125,-0.085938,1.0
2.554618,0.085938,-0.078125,0.929688
2.554944,0.054688,-0.0625,0.984375
2.55527,0.03125,-0.078125,0.984375
2.555596,0.078125,-0.078125,0.992188
2.555922,0.0,-0.046875,0.96875
2.556248,0.054688,-0.09375,0.984375
2.556574,0.0625,-0.0625,1.007812
2.5569,0.054688,-0.09375,0.945312
2.557225,0.023438,-0.101562,1.023438
2.557551,0.054688,-0.101562,0.96875
2.557877,0.039062,-0.085938,0.9375
2.558203,0.046875,-0.054688,1.0
2.558529,0.078125,-0.070312,0.992188
2.558855,0.015625,-0.0625,1.007812
2.559181,0.03125,-0.046875,0.96875
2.559507,0.046875,-0.070312,0.960938
2.559833,0.023438,-0.0625,0.984375
2.560159,0.0625,-0.109375,0.96875
2.560485,0.046875,-0.078125,0.960938
2.560811,0.054688,-0.070312,1.0
2.561137,0.070312,-0.101562,0.921875
2.561463,0.039062,-0.046875,0.9375
2.561788,0.0,-0.109375,0.960938
2.562114,0.0625,-0.054688,1.023438
2.56244,0.070312,-0.0625,1.007812
2.562766,0.0625,-0.046875,0.96875
2.563092,0.046875,-0.085938,0.992188
2.563418,0.046875,-0.101562,0.992188
2.563744,0.039062,-0.09375,0.984375
2.56407,0.039062,-0.132812,0.984375
2.564396,0.015625,-0.0625,0.992188
2.564722,0.023438,-0.039062,0.960938
2.565048,0.007812,-0.078125,1.007812
2.565374,0.023438,-0.078125,0.96875
2.5657,0.0625,-0.0625,0.96875
2.566026,0.03125,-0.070312,1.0
2.566351,0.023438,-0.039062,0.992188
2.566677,0.03125,-0.078125,0.960938
2.567003,0.023438,-0.117188,1.007812
2.567329,0.046875,-0.0625,0.984375
2.567655,0.039062,-0.046875,1.0
2.567981,0.015625,-0.054688,0.9375
2.568307,0.03125,-0.0625,0.953125
2.568633,0.054688,-0.070312,1.007812
2.568959,0.078125,-0.085938,0.945312
2.569285,0.015625,-0.109375,0.992188
2.569611,0.054688,-0.054688,0.96875
2.569937,0.015625,-0.0625,1.0
2.570263,0.023438,-0.101562,0.992188
2.570589,0.054688,-0.078125,1.0
2.570914,0.0625,-0.09375,1.0
2.57124,0.023438,-0.054688,0.992188
2.571566,0.0625,-0.039062,1.0
2.571892,0.046875,-0.070312,0.945312
2.572218,0.023438,-0.070312,1.0
2.572544,0.054688,-0.070312,0.992188
2.57287,0.015625,-0.101562,0.960938
2.573196,0.023438,-0.054688,0.976562
2.573522,0.0,-0.0625,0.984375
2.573848,0.039062,-0.0625,0.992188
2.574174,0.023438,-0.078125,0.992188
2.5745,0.007812,-0.078125,0.976562
2.574826,0.03125,-0.078125,1.023438
2.575151,0.054688,-0.03125,0.960938
2.575477,0.070312,-0.070312,0.992188
2.575803,0.015625,-0.070312,0.992188
2.576129,0.054688,-0.078125,0.96875
2.576455,0.023438,-0.085938,1.023438
2.576781,0.046875,-0.039062,0.984375
2.577107,0.039062,-0.101562,0.96875
2.577433,0.023438,-0.054688,0.992188
2.577759,0.03125,-0.0625,0.960938
2.578085,0.054688,-0.039062,0.992188
2.578411,0.070312,-0.085938,1.007812
2.578737,0.023438,-0.0625,0.9375
2.579063,0.054688,-0.085938,1.015625
2.579389,0.070312,-0.070312,1.0
2.579714,0.046875,-0.101562,0.96875
2.58004,0.070312,-0.070312,0.953125
2.580366,0.054688,-0.054688,0.992188
2.580692,0.0625,-0.09375,1.0
2.581018,0.023438,-0.070312,0.976562
2.581344,0.054688,-0.085938,0.984375
2.58167,0.054688,-0.0625,1.007812
2.581996,0.046875,-0.085938,0.945312
2.582322,0.015625,-0.085938,0.960938
2.582648,0.078125,-0.054688,0.992188
2.582974,0.054688,-0.046875,0.992188
2.5833,0.03125,-0.101562,0.976562
2.583626,0.03125,-0.046875,0.984375
2.583952,0.0625,-0.085938,0.984375
2.584277,0.039062,-0.046875,0.96875
2.584603,0.054688,-0.09375,0.976562
2.584929,0.078125,-0.085938,0.984375
2.585255,0.054688,-0.070312,1.023438
2.585581,0.054688,-0.101562,0.992188
2.585907,0.054688,-0.070312,0.992188
2.586233,0.046875,-0.054688,1.0
2.586559,0.046875,-0.078125,0.953125
2.586885,0.054688,-0.101562,1.0
2.587211,0.046875,-0.078125,1.0
2.587537,0.03125,-0.0625,0.976562
2.587863,0.03125,-0.039062,0.992188
2.588189,0.0625,-0.085938,1.007812
2.588515,0.054688,-0.101562,1.0
2.58884,0.046875,-0.070312,0.945312
2.589166,0.039062,-0.0625,1.0
2.589492,0.046875,-0.078125,1.015625
2.589818,0.03125,-0.070312,0.945312
2.590144,0.023438,-0.070312,0.96875
2.59047,0.007812,-0.054688,0.992188
2.590796,0.03125,-0.054688,1.0
2.591122,0.054688,-0.054688,0.992188
2.591448,0.046875,-0.109375,0.992188
2.591774,0.070312,-0.101562,1.007812
2.5921,0.070312,-0.070312,0.96875
2.592426,0.023438,-0.101562,0.992188
2.592752,0.03125,-0.09375,1.015625
2.593077,0.03125,-0.085938,1.0
2.593403,0.054688,-0.070312,0.960938
2.593729,0.046875,-0.101562,0.976562
2.594055,0.015625,-0.054688,0.992188
2.594381,0.054688,-0.078125,0.945312
2.594707,0.03125,-0.09375,0.953125
2.595033,0.0625,-0.085938,0.984375
2.595359,0.007812,-0.101562,1.039062
2.595685,0.046875,-0.0625,1.0
2.596011,0.03125,-0.046875,0.960938
2.596337,0.023438,-0.054688,0.992188
2.596663,0.015625,-0.070312,0.992188
2.596989,0.046875,-0.046875,0.953125
2.597315,0.054688,-0.085938,0.992188
2.59764,0.015625,-0.085938,0.992188
2.597966,0.0625,-0.039062,0.992188
2.598292,0.0,-0.046875,0.976562
2.598618,0.0,-0.070312,0.960938
2.598944,0.039062,-0.070312,0.96875
2.59927,0.007812,-0.0625,0.945312
2.599596,0.0,-0.039062,1.0
2.599922,0.054688,-0.109375,0.960938
2.600248,0.054688,-0.070312,0.96875
2.600574,0.054688,-0.117188,0.992188
2.6009,0.046875,-0.054688,0.992188
2.601226,0.09375,-0.101562,0.992188
2.601552,0.078125,-0.09375,0.96875
2.601878,0.0625,-0.085938,0.96875
2.602203,0.054688,-0.070312,0.960938
2.602529,0.0625,-0.0625,0.96875
2.602855,0.054688,-0.078125,1.007812
2.603181,0.070312,-0.054688,0.960938
2.603507,0.03125,-0.070312,1.015625
2.603833,0.085938,-0.109375,0.960938
2.604159,0.070312,-0.0625,1.046875
2.604485,0.046875,-0.070312,1.0
2.604811,0.046875,-0.039062,1.03125
2.605137,0.023438,-0.054688,1.0
2.605463,0.023438,-0.0625,0.976562
2.605789,0.054688,-0.09375,0.992188
2.606115,0.070312,-0.101562,0.992188
2.606441,0.046875,-0.078125,0.992188
2.606766,0.070312,-0.078125,0.976562
2.607092,0.046875,-0.039062,1.0
2.607418,0.054688,-0.085938,1.015625
2.607744,0.007812,-0.054688,0.984375
2.60807,0.007812,-0.070312,0.976562
2.608396,0.03125,-0.085938,1.0
2.608722,0.054688,-0.070312,0.945312
2.609048,0.03125,-0.085938,1.0
2.609374,0.03125,-0.085938,0.976562
2.6097,0.015625,-0.03125,0.96875
2.610026,0.046875,-0.070312,0.976562
2.610352,0.039062,-0.054688,0.921875
2.610678,0.046875,-0.0625,0.992188
2.611003,0.039062,-0.125,0.976562
2.611329,0.0,-0.054688,0.992188
2.611655,0.046875,-0.070312,0.992188
2.611981,0.046875,-0.0625,0.96875
2.612307,0.070312,-0.078125,0.960938
2.612633,0.070312,-0.101562,0.960938
2.612959,0.046875,-0.085938,1.0
2.613285,0.03125,-0.117188,0.96875
2.613611,0.03125,-0.039062,0.960938
2.613937,0.023438,-0.085938,0.960938
2.614263,0.03125,-0.046875,0.992188
2.614589,0.03125,-0.054688,0.890625
2.614915,0.007812,-0.054688,0.984375
2.615241,0.015625,-0.054688,0.992188
2.615566,0.046875,-0.109375,0.96875
2.615892,0.023438,-0.046875,0.960938
2.616218,0.039062,-0.078125,1.0
2.616544,0.054688,-0.085938,0.96875
2.61687,0.0,-0.085938,1.0
2.617196,0.023438,-0.09375,1.03125
2.617522,0.046875,-0.046875,1.0
2.617848,0.039062,-0.046875,1.007812
2.618174,0.070312,-0.0625,1.015625
2.6185,0.03125,-0.078125,1.0
2.618826,0.0,-0.09375,1.023438
2.619152,0.070312,-0.046875,0.984375
2.619478,0.054688,-0.101562,0.992188
2.619804,0.023438,-0.109375,0.976562
2.620129,0.0625,-0.125,1.0
2.620455,0.015625,-0.0625,0.976562
2.620781,0.046875,-0.054688,0.96875
2.621107,0.046875,-0.085938,0.96875
2.621433,0.015625,-0.054688,1.03125
2.621759,0.0625,-0.117188,1.015625
2.622085,0.046875,-0.078125,0.953125
2.622411,0.046875,-0.046875,0.992188
2.622737,0.054688,-0.070312,0.945312
2.623063,0.015625,-0.070312,0.984375
2.623389,0.03125,-0.09375,0.96875
2.623715,0.046875,-0.101562,0.992188
2.624041,0.054688,-0.109375,1.0
2.624367,0.03125,-0.109375,1.0
2.624692,0.023438,-0.070312,0.992188
2.625018,0.039062,-0.054688,0.992188
2.625344,0.03125,-0.109375,1.0
2.62567,0.03125,-0.0625,0.992188
2.625996,0.03125,-0.078125,0.96875
2.626322,0.039062,-0.054688,0.929688
2.626648,0.015625,-0.085938,0.992188
2.626974,0.0625,-0.0625,0.992188
2.6273,0.015625,-0.039062,1.0
2.627626,0.046875,-0.070312,1.0
2.627952,0.023438,-0.03125,0.976562
2.628278,0.039062,-0.070312,0.984375
2.628604,0.023438,-0.070312,0.976562
2.628929,0.015625,-0.09375,0.992188
2.629255,0.0625,-0.070312,1.007812
2.629581,0.015625,-0.070312,0.960938
2.629907,0.023438,-0.070312,0.945312
2.630233,0.039062,-0.046875,0.984375
2.630559,0.054688,-0.085938,0.96875
2.630885,0.0625,-0.09375,1.046875
2.631211,0.03125,-0.101562,0.992188
2.631537,0.0625,-0.101562,0.992188
2.631863,0.070312,-0.0625,0.984375
2.632189,0.0625,-0.09375,0.929688
2.632515,0.054688,-0.09375,0.976562
2.632841,0.023438,-0.0625,1.007812
2.633167,0.085938,-0.070312,0.96875
2.633492,0.039062,-0.054688,0.984375
2.633818,0.039062,-0.078125,1.0
2.634144,0.023438,-0.046875,0.960938
2.63447,0.0625,-0.023438,1.0
2.634796,0.03125,-0.078125,1.023438
2.635122,0.015625,-0.0625,0.992188
2.635448,0.007812,-0.0625,1.0
2.635774,0.046875,-0.09375,0.976562
2.6361,0.023438,-0.023438,0.96875
2.636426,0.046875,-0.054688,0.960938
2.636752,0.007812,-0.070312,1.0
2.637078,0.039062,-0.09375,0.984375
2.637404,0.023438,-0.046875,1.0
2.63773,0.03125,-0.039062,1.0
2.638055,0.023438,-0.070312,0.992188
2.638381,0.0625,-0.085938,1.0
2.638707,0.054688,-0.0625,0.976562
2.639033,0.0625,-0.085938,0.929688
2.639359,0.023438,-0.046875,1.0
2.639685,0.054688,-0.085938,0.96875
2.640011,0.03125,-0.03125,0.984375
2.640337,0.039062,-0.054688,0.945312
2.640663,0.039062,-0.078125,1.007812
2.640989,0.070312,-0.054688,0.929688
2.641315,0.039062,-0.085938,1.007812
2.641641,0.046875,-0.09375,0.953125
2.641967,0.046875,-0.09375,0.953125
2.642293,0.054688,-0.078125,0.992188
2.642618,0.054688,-0.070312,0.976562
2.642944,0.015625,-0.0625,0.976562
2.64327,0.023438,-0.09375,1.0
2.643596,0.023438,-0.101562,0.976562
2.643922,0.03125,-0.0625,0.96875
2.644248,0.0,-0.078125,0.992188
2.644574,0.039062,-0.09375,1.0
2.6449,0.078125,-0.09375,0.992188
2.645226,0.039062,-0.078125,0.992188
2.645552,0.023438,-0.070312,0.96875
2.645878,0.054688,-0.070312,0.976562
2.646204,0.039062,-0.085938,1.0
2.64653,0.015625,-0.039062,0.984375
2.646855,0.03125,-0.054688,1.0
2.647181,0.03125,-0.085938,0.976562
2.647507,0.046875,-0.070312,0.976562
2.647833,0.039062,-0.070312,1.0
2.648159,0.039062,-0.070312,1.0
2.648485,0.0625,-0.132812,1.015625
2.648811,0.023438,-0.078125,1.0
2.649137,0.039062,-0.070312,0.921875
2.649463,0.046875,-0.046875,1.03125
2.649789,0.039062,-0.078125,0.984375
2.650115,0.0625,-0.070312,0.960938
2.650441,0.0625,-0.039062,0.9375
2.650767,0.046875,-0.078125,0.953125
2.651093,0.007812,-0.070312,0.96875
2.651418,0.0,-0.0625,0.960938
2.651744,0.054688,-0.085938,0.984375
2.65207,0.007812,-0.0625,0.992188
2.652396,0.039062,-0.078125,0.96875
2.652722,0.070312,-0.046875,1.0
2.653048,0.023438,-0.085938,0.960938
2.653374,0.039062,-0.070312,1.007812
2.6537,0.046875,-0.0625,0.96875
2.654026,0.023438,-0.054688,1.007812
2.654352,0.015625,-0.070312,0.976562
2.654678,0.015625,-0.039062,0.953125
2.655004,0.039062,-0.101562,0.976562
2.65533,0.03125,-0.085938,0.960938
2.655656,0.03125,-0.078125,0.96875
2.655981,0.054688,-0.085938,0.992188
2.656307,0.03125,-0.070312,0.96875
2.656633,0.054688,-0.070312,0.9375
2.656959,0.03125,-0.070312,1.0
2.657285,0.046875,-0.070312,1.0
2.657611,0.046875,-0.046875,0.96875
2.657937,0.023438,-0.0625,0.9375
2.658263,0.039062,-0.09375,0.984375
2.658589,0.023438,-0.046875,0.960938
2.658915,0.03125,-0.070312,0.929688
2.659241,0.0625,-0.078125,0.96875
2.659567,0.0,-0.054688,0.96875
2.659893,0.023438,-0.03125,0.976562
2.660219,0.0625,-0.070312,0.96875
2.660544,0.046875,-0.070312,0.992188
2.66087,0.039062,-0.070312,0.992188
2.661196,0.03125,-0.085938,0.96875
2.661522,0.007812,-0.054688,0.984375
2.661848,0.039062,-0.078125,1.0
2.662174,0.007812,-0.070312,0.976562
2.6625,0.03125,-0.039062,0.976562
2.662826,0.085938,-0.070312,0.960938
2.663152,0.078125,-0.070312,1.0
2.663478,0.0625,-0.03125,1.023438
2.663804,0.046875,-0.046875,0.976562
2.66413,0.039062,-0.046875,0.945312
2.664456,0.03125,-0.078125,0.976562
2.664781,0.046875,-0.101562,1.0
2.665107,0.039062,-0.085938,0.976562
2.665433,0.0625,-0.09375,0.992188
2.665759,0.0625,-0.078125,0.976562
2.666085,0.046875,-0.070312,1.007812
2.666411,0.03125,-0.070312,1.0
2.666737,0.046875,-0.101562,0.992188
2.667063,0.046875,-0.09375,1.0
2.667389,0.023438,-0.078125,0.976562
2.667715,0.039062,-0.0625,0.96875
2.668041,0.023438,-0.054688,0.953125
2.668367,0.039062,-0.0625,0.960938
2.668693,0.015625,-0.039062,1.007812
2.669019,0.0625,-0.085938,1.0
2.669344,0.023438,-0.09375,0.953125
2.66967,0.007812,-0.046875,1.023438
2.669996,0.015625,-0.085938,0.976562
2.670322,0.023438,-0.085938,0.992188
2.670648,0.078125,-0.0625,0.945312
2.670974,0.078125,-0.070312,1.0
2.6713,0.039062,-0.054688,0.929688
2.671626,0.078125,-0.09375,0.984375
2.671952,0.039062,-0.0625,0.976562
2.672278,0.03125,-0.070312,0.992188
2.672604,0.046875,-0.039062,0.960938
2.67293,0.023438,-0.078125,0.976562
2.673256,0.0625,-0.0625,1.0
2.673582,0.023438,-0.070312,0.992188
2.673907,0.023438,-0.054688,0.960938
2.674233,0.023438,-0.0625,0.960938
2.674559,0.007812,-0.0625,1.0
2.674885,0.070312,-0.0625,0.960938
2.675211,0.046875,-0.070312,0.96875
2.675537,0.054688,-0.039062,1.0
2.675863,0.023438,-0.070312,0.992188
2.676189,0.023438,-0.09375,0.984375
2.676515,0.015625,-0.03125,1.0
2.676841,0.039062,-0.0625,1.007812
2.677167,0.046875,-0.054688,1.0
2.677493,0.023438,-0.023438,0.976562
2.677819,0.03125,-0.039062,1.03125
2.678145,0.03125,-0.078125,0.953125
2.67847,0.039062,-0.0625,0.976562
2.678796,0.054688,-0.101562,1.0
2.679122,0.101562,-0.0625,0.992188
2.679448,0.039062,-0.085938,1.0
2.679774,0.085938,-0.085938,0.976562
2.6801,0.054688,-0.054688,1.007812
2.680426,0.015625,-0.09375,1.015625
2.680752,0.046875,-0.0625,0.96875
2.681078,0.023438,-0.0625,1.007812
2.681404,0.046875,-0.101562,1.039062
2.68173,0.046875,-0.078125,0.992188
2.682056,0.023438,-0.070312,0.96875
2.682382,0.054688,-0.0625,0.976562
2.682707,0.085938,-0.054688,0.960938
2.683033,0.054688,-0.039062,0.984375
2.683359,0.039062,-0.09375,0.984375
2.683685,0.054688,-0.085938,0.953125
2.684011,0.023438,-0.070312,0.9375
2.684337,0.023438,-0.070312,0.984375
2.684663,0.015625,-0.070312,0.992188
2.684989,0.0,-0.070312,0.96875
2.685315,0.0,-0.039062,0.976562
2.685641,0.03125,-0.085938,1.0
2.685967,0.023438,-0.085938,0.953125
2.686293,0.039062,-0.070312,0.945312
2.686619,0.039062,-0.046875,0.992188
2.686945,0.039062,-0.085938,0.929688
2.68727,0.023438,-0.054688,0.960938
2.687596,0.0625,-0.09375,0.96875
2.687922,0.054688,-0.070312,0.992188
2.688248,0.070312,-0.039062,0.984375
2.688574,0.007812,-0.03125,1.0
2.6889,0.03125,-0.0625,1.023438
2.689226,0.070312,-0.085938,0.976562
2.689552,0.0625,-0.070312,0.929688
2.689878,0.054688,-0.101562,0.976562
2.690204,0.007812,-0.070312,0.960938
2.69053,0.0,-0.078125,0.96875
2.690856,0.0,-0.078125,1.0
2.691182,0.0625,-0.070312,0.992188
2.691508,0.023438,-0.078125,0.96875
2.691833,0.007812,-0.09375,1.0
2.692159,0.039062,-0.078125,0.984375
2.692485,0.03125,-0.085938,0.96875
2.692811,0.046875,-0.085938,1.046875
2.693137,0.039062,-0.03125,0.992188
2.693463,0.0625,-0.070312,1.0
2.693789,0.023438,-0.070312,0.976562
2.694115,0.039062,-0.109375,0.960938
2.694441,0.039062,-0.054688,1.0
2.694767,0.039062,-0.0625,1.03125
2.695093,0.0625,-0.039062,1.007812
2.695419,0.023438,-0.070312,1.0
2.695745,0.03125,-0.03125,0.96875
2.696071,0.054688,-0.078125,1.0
2.696396,0.03125,-0.0625,1.03125
2.696722,0.039062,-0.070312,0.984375
2.697048,0.09375,-0.070312,1.039062
2.697374,0.023438,-0.0625,0.96875
2.6977,0.03125,-0.085938,1.0
2.698026,0.046875,-0.03125,0.945312
2.698352,0.0625,-0.070312,1.0
2.698678,0.070312,-0.0625,0.976562
2.699004,0.023438,-0.070312,0.992188
2.69933,0.039062,-0.070312,1.0
2.699656,0.023438,-0.101562,0.976562
2.699982,0.046875,-0.0625,1.007812
2.700308,0.046875,-0.039062,1.0
2.700633,0.054688,-0.09375,0.984375
2.700959,0.046875,-0.101562,1.0
2.701285,0.039062,-0.0625,0.992188
2.701611,0.046875,-0.046875,0.992188
2.701937,0.046875,-0.109375,1.0
2.702263,0.046875,-0.0625,1.007812
2.702589,0.0625,-0.046875,0.992188
2.702915,0.015625,-0.070312,0.992188
2.703241,0.039062,-0.0625,0.976562
2.703567,0.054688,-0.101562,1.0
2.703893,0.046875,-0.09375,0.953125
2.704219,0.046875,-0.09375,0.945312
2.704545,0.046875,-0.109375,1.0
2.704871,0.046875,-0.046875,1.0
2.705196,0.007812,-0.0625,0.945312
2.705522,0.039062,-0.078125,0.945312
2.705848,0.039062,-0.0625,0.992188
2.706174,0.0625,-0.0625,1.007812
2.7065,0.007812,-0.078125,0.976562
2.706826,0.0,-0.070312,0.953125
2.707152,0.03125,-0.0625,0.953125
2.707478,0.054688,-0.09375,1.0
2.707804,0.054688,-0.09375,0.984375
2.70813,0.023438,-0.078125,0.992188
2.708456,0.03125,-0.046875,1.007812
2.708782,0.054688,-0.070312,0.984375
2.709108,0.0625,-0.039062,1.007812
2.709434,0.015625,-0.070312,1.007812
2.709759,0.03125,-0.078125,0.992188
2.710085,0.023438,-0.054688,0.914062
2.710411,0.0,-0.03125,0.9375
2.710737,0.03125,-0.078125,0.960938
2.711063,0.046875,-0.070312,0.992188
2.711389,0.054688,-0.09375,1.0
2.711715,0.015625,-0.078125,0.984375
2.712041,0.0625,-0.078125,0.953125
2.712367,0.023438,-0.070312,0.976562
2.712693,0.046875,-0.085938,0.992188
2.713019,0.015625,-0.078125,0.976562
2.713345,0.054688,-0.109375,0.992188
2.713671,0.015625,-0.070312,0.96875
2.713997,0.015625,-0.078125,0.976562
2.714322,0.023438,-0.101562,0.96875
2.714648,0.039062,-0.09375,0.984375
2.714974,0.023438,-0.09375,1.0
2.7153,0.03125,-0.054688,0.992188
2.715626,0.0625,-0.117188,0.984375
2.715952,0.070312,-0.09375,0.992188
2.716278,0.03125,-0.085938,0.992188
2.716604,0.054688,-0.101562,0.96875
2.71693,0.046875,-0.0625,1.007812
2.717256,0.046875,-0.039062,0.992188
2.717582,0.046875,-0.078125,1.0
2.717908,0.054688,-0.09375,0.984375
2.718234,0.039062,-0.09375,0.898438
2.718559,0.0625,-0.007812,1.0
2.718885,0.054688,-0.070312,0.96875
2.719211,0.046875,-0.085938,0.976562
2.719537,0.03125,-0.078125,0.976562
2.719863,0.03125,-0.078125,0.976562
2.720189,0.007812,-0.054688,0.976562
2.720515,0.054688,-0.054688,1.007812
2.720841,0.039062,-0.070312,0.953125
2.721167,0.0,-0.070312,0.984375
2.721493,0.078125,-0.085938,0.992188
2.721819,0.054688,-0.039062,1.007812
2.722145,0.054688,-0.101562,0.976562
2.722471,0.03125,-0.039062,0.984375
2.722797,0.054688,-0.09375,0.992188
2.723122,0.007812,-0.039062,0.976562
2.723448,0.0,-0.054688,1.0
2.723774,0.039062,-0.078125,0.992188
2.7241,0.015625,-0.0625,1.007812
2.724426,0.0,-0.09375,0.992188
2.724752,0.054688,-0.070312,0.976562
2.725078,0.0,-0.046875,1.007812
2.725404,0.046875,-0.101562,0.96875
2.72573,0.054688,-0.054688,1.0
2.726056,0.039062,-0.078125,0.976562
2.726382,0.054688,-0.054688,0.976562
2.726708,0.03125,-0.101562,0.953125
2.727034,0.03125,-0.054688,0.960938
2.72736,0.070312,-0.101562,1.0
2.727685,0.085938,-0.09375,1.0
2.728011,0.078125,-0.101562,1.0
2.728337,0.046875,-0.101562,1.007812
2.728663,0.078125,-0.070312,0.992188
2.728989,0.0625,-0.0625,1.0
2.729315,0.023438,-0.054688,0.984375
2.729641,0.023438,-0.085938,1.007812
2.729967,0.03125,-0.054688,1.0
2.730293,0.007812,-0.070312,0.976562
2.730619,0.054688,-0.117188,0.96875
2.730945,0.023438,-0.078125,0.96875
2.731271,0.023438,-0.039062,1.0
2.731597,0.007812,-0.015625,0.96875
2.731923,0.039062,-0.070312,0.96875
2.732248,0.023438,-0.070312,1.0
2.732574,0.03125,-0.054688,1.0
2.7329,0.054688,-0.085938,0.984375
2.733226,0.023438,-0.070312,0.976562
2.733552,0.054688,-0.078125,1.015625
2.733878,0.039062,-0.0625,1.0
2.734204,0.03125,-0.101562,1.007812
2.73453,0.023438,-0.0625,1.0
2.734856,0.023438,-0.101562,1.007812
2.735182,0.023438,-0.070312,0.992188
2.735508,0.039062,-0.070312,1.023438
2.735834,0.054688,-0.101562,1.0
2.73616,0.046875,-0.070312,1.0
2.736485,0.0625,-0.078125,1.0
2.736811,0.054688,-0.078125,0.953125
2.737137,0.03125,-0.0625,0.976562
2.737463,0.007812,-0.039062,0.984375
2.737789,0.046875,-0.09375,1.0
2.738115,0.054688,-0.101562,1.0
2.738441,0.054688,-0.039062,1.0
2.738767,0.015625,-0.046875,0.96875
2.739093,0.039062,-0.0625,1.015625
2.739419,0.039062,-0.054688,0.992188
2.739745,0.046875,-0.070312,0.976562
2.740071,0.039062,-0.070312,1.0
2.740397,0.054688,-0.070312,1.0
2.740723,0.023438,-0.078125,0.96875
2.741048,0.054688,-0.0625,0.992188
2.741374,0.023438,-0.085938,0.960938
2.7417,0.015625,-0.0625,1.0
2.742026,0.039062,-0.101562,0.976562
2.742352,0.039062,-0.09375,0.984375
2.742678,0.054688,-0.070312,0.992188
2.743004,0.007812,-0.101562,0.960938
2.74333,0.046875,-0.046875,0.984375
2.743656,0.046875,-0.0625,1.015625
2.743982,0.078125,-0.078125,0.992188
2.744308,0.039062,-0.0625,0.992188
2.744634,0.046875,-0.070312,1.015625
2.74496,0.023438,-0.039062,0.9375
2.745286,0.039062,-0.070312,0.992188
2.745611,0.039062,-0.09375,0.992188
2.745937,0.0625,-0.085938,0.960938
2.746263,0.015625,-0.054688,0.992188
2.746589,0.007812,-0.117188,0.960938
2.746915,0.054688,-0.09375,0.992188
2.747241,0.0625,-0.101562,0.976562
2.747567,0.046875,-0.078125,0.992188
2.747893,0.007812,-0.03125,1.0
2.748219,0.03125,-0.101562,0.96875
2.748545,0.0,-0.070312,1.0
2.748871,0.023438,-0.070312,0.984375
2.749197,0.03125,-0.03125,1.015625
2.749523,0.023438,-0.0625,0.976562
2.749849,0.070312,-0.054688,0.976562
2.750174,0.046875,-0.078125,0.976562
2.7505,0.039062,-0.070312,0.976562
2.750826,0.015625,-0.070312,1.03125
2.751152,0.03125,-0.070312,0.992188
2.751478,0.03125,-0.085938,0.984375
2.751804,0.054688,-0.085938,0.976562
2.75213,0.0625,-0.078125,1.0
2.752456,0.039062,-0.085938,1.0
2.752782,0.03125,-0.09375,0.984375
2.753108,0.054688,-0.101562,1.007812
2.753434,0.023438,-0.0625,0.960938
2.75376,0.046875,-0.078125,0.984375
2.754086,0.078125,-0.070312,1.015625
2.754411,0.078125,-0.078125,0.976562
2.754737,0.0625,-0.09375,0.984375
2.755063,0.085938,-0.085938,1.03125
2.755389,0.0625,-0.085938,1.0
2.755715,0.0625,-0.078125,0.976562
2.756041,0.046875,-0.070312,0.960938
2.756367,0.054688,-0.046875,1.0
2.756693,0.054688,-0.078125,1.070312
2.757019,0.03125,-0.070312,0.976562
2.757345,0.03125,-0.0625,0.992188
2.757671,0.03125,-0.046875,0.992188
2.757997,0.039062,-0.078125,1.0
2.758323,0.0625,-0.078125,1.007812
2.758649,0.023438,-0.03125,0.96875
2.758974,0.023438,-0.054688,0.960938
2.7593,0.046875,-0.109375,1.0
2.759626,0.03125,-0.054688,0.96875
2.759952,0.085938,-0.070312,0.984375
2.760278,0.03125,-0.039062,0.960938
2.760604,0.023438,-0.078125,1.0
2.76093,0.085938,-0.070312,1.0
2.761256,0.03125,-0.085938,0.984375
2.761582,0.054688,-0.070312,0.992188
2.761908,0.023438,-0.09375,0.96875
2.762234,0.03125,-0.09375,0.96875
2.76256,0.0,-0.085938,0.976562
2.762886,0.023438,-0.046875,0.953125
2.763212,0.023438,-0.0625,0.96875
2.763537,0.023438,-0.046875,0.960938
2.763863,0.070312,-0.09375,1.015625
2.764189,0.039062,-0.054688,0.992188
2.764515,0.046875,-0.09375,0.960938
2.764841,0.054688,-0.078125,1.023438
2.765167,0.015625,-0.03125,0.976562
2.765493,0.046875,-0.054688,0.921875
2.765819,0.039062,-0.054688,1.0
2.766145,0.054688,-0.09375,0.976562
2.766471,0.085938,-0.078125,0.992188
2.766797,0.0,-0.0625,0.960938
2.767123,0.0625,-0.09375,0.976562
2.767449,0.007812,-0.039062,0.992188
2.767775,0.0,-0.054688,1.0
2.7681,0.039062,-0.046875,1.0
2.768426,0.0625,-0.039062,1.0
2.768752,0.007812,-0.109375,0.960938
2.769078,0.0,-0.0625,0.945312
2.769404,0.0625,-0.039062,0.992188
2.76973,0.054688,-0.046875,0.96875
2.770056,0.03125,-0.09375,1.0
2.770382,0.007812,-0.070312,0.960938
2.770708,0.03125,-0.039062,0.984375
2.771034,0.0,-0.070312,1.0
2.77136,0.085938,-0.09375,0.992188
2.771686,0.039062,-0.070312,1.0
2.772012,0.03125,-0.054688,0.960938
2.772337,0.0,-0.101562,1.0
2.772663,0.03125,-0.09375,0.984375
2.772989,0.023438,-0.054688,0.960938
2.773315,0.0,-0.125,0.984375
2.773641,0.023438,-0.039062,0.914062
2.773967,0.023438,-0.054688,0.960938
2.774293,0.03125,-0.054688,1.0
2.774619,0.007812,-0.0625,1.023438
2.774945,0.007812,-0.109375,0.984375
2.775271,0.054688,-0.046875,1.0
2.775597,0.046875,-0.085938,0.976562
2.775923,0.023438,-0.070312,1.03125
2.776249,0.039062,-0.0625,1.0
2.776575,0.046875,-0.054688,0.984375
2.7769,0.070312,-0.085938,0.984375
2.777226,0.023438,-0.054688,1.007812
2.777552,0.039062,-0.0625,0.984375
2.777878,0.054688,-0.070312,1.0
2.778204,0.039062,-0.078125,0.976562
2.77853,0.054688,-0.085938,1.0
2.778856,0.023438,-0.085938,0.976562
2.779182,0.070312,-0.085938,0.984375
2.779508,0.03125,-0.0625,0.992188
2.779834,0.0625,-0.101562,0.945312
2.78016,0.070312,-0.054688,0.96875
2.780486,0.03125,-0.085938,0.992188
2.780812,0.023438,-0.101562,0.992188
2.781138,0.070312,-0.046875,0.976562
2.781463,0.023438,-0.078125,0.960938
2.781789,0.015625,-0.09375,0.992188
2.782115,0.03125,-0.0625,0.976562
2.782441,0.054688,-0.09375,0.984375
2.782767,0.046875,-0.09375,1.0
2.783093,0.046875,-0.085938,0.976562
2.783419,0.03125,-0.070312,0.992188
2.783745,0.046875,-0.101562,0.976562
2.784071,0.054688,-0.039062,1.015625
2.784397,0.023438,-0.09375,0.9375
2.784723,0.039062,-0.054688,0.984375
2.785049,0.078125,-0.09375,1.007812
2.785375,0.023438,-0.070312,0.96875
2.785701,0.007812,-0.039062,0.976562
2.786026,0.03125,-0.078125,0.953125
2.786352,0.070312,-0.0625,0.984375
2.786678,0.03125,-0.0625,1.0
2.787004,0.03125,-0.039062,0.960938
2.78733,0.054688,-0.0625,0.976562
2.787656,0.023438,-0.070312,0.9375
2.787982,0.054688,-0.070312,0.984375
2.788308,0.0,-0.078125,1.007812
2.788634,0.070312,-0.0625,0.992188
2.78896,0.03125,-0.09375,0.984375
2.789286,0.015625,-0.0625,1.0
2.789612,0.0625,-0.117188,0.929688
2.789938,0.054688,-0.085938,0.945312
2.790263,0.070312,-0.03125,0.992188
2.790589,0.0625,-0.085938,1.046875
2.790915,0.007812,-0.085938,1.015625
2.791241,0.023438,-0.070312,0.945312
2.791567,0.078125,-0.085938,0.921875
2.791893,0.054688,-0.070312,1.015625
2.792219,0.023438,-0.046875,0.992188
2.792545,0.046875,-0.117188,0.992188
2.792871,0.0,-0.078125,0.960938
2.793197,0.015625,-0.085938,0.992188
2.793523,0.023438,-0.085938,0.960938
2.793849,0.039062,-0.078125,1.0
2.794175,0.03125,-0.046875,1.0
2.794501,0.078125,-0.085938,1.007812
2.794826,0.046875,-0.085938,0.984375
2.795152,0.046875,-0.039062,1.0
2.795478,0.070312,-0.039062,1.015625
2.795804,0.03125,-0.046875,0.9375
2.79613,0.03125,-0.070312,0.960938
2.796456,0.070312,-0.109375,0.992188
2.796782,0.023438,-0.070312,0.960938
2.797108,0.046875,-0.070312,1.0
2.797434,0.03125,-0.070312,0.96875
2.79776,0.03125,-0.054688,1.0
2.798086,0.0625,-0.085938,0.992188
2.798412,0.03125,-0.09375,0.953125
2.798738,0.070312,-0.085938,0.960938
2.799064,0.0625,-0.078125,1.015625
2.799389,0.046875,-0.070312,0.984375
2.799715,0.03125,-0.085938,1.0
2.800041,0.046875,-0.054688,0.960938
2.800367,0.046875,-0.070312,0.984375
2.800693,0.046875,-0.0625,0.953125
2.801019,0.0625,-0.046875,0.976562
2.801345,0.0,-0.039062,0.992188
2.801671,0.046875,-0.085938,1.0
2.801997,0.054688,-0.085938,0.992188
2.802323,0.054688,-0.070312,1.0
2.802649,0.03125,-0.0625,0.992188
2.802975,0.0625,-0.09375,1.015625
2.803301,0.0625,-0.054688,0.960938
2.803627,0.023438,-0.085938,0.945312
2.803952,0.054688,-0.117188,1.015625
2.804278,0.070312,-0.0625,0.976562
2.804604,0.0,-0.09375,1.0
2.80493,0.039062,-0.0625,0.914062
2.805256,0.039062,-0.085938,0.96875
2.805582,0.0625,-0.117188,0.960938
2.805908,0.0625,-0.09375,0.96875
2.806234,0.054688,-0.109375,0.976562
2.80656,0.007812,-0.085938,0.992188
2.806886,0.070312,-0.0625,1.007812
2.807212,0.054688,-0.09375,1.0
2.807538,0.039062,-0.078125,0.992188
2.807864,0.0625,-0.0625,0.984375
2.808189,0.039062,-0.101562,1.007812
2.808515,0.054688,-0.101562,0.992188
2.808841,0.0625,-0.0625,1.0
2.809167,0.0625,-0.09375,0.96875
2.809493,0.007812,-0.078125,0.992188
2.809819,0.070312,-0.132812,0.992188
2.810145,0.046875,-0.054688,0.960938
2.810471,0.015625,-0.054688,1.0
2.810797,0.03125,-0.09375,0.992188
2.811123,0.03125,-0.039062,1.0
2.811449,0.054688,-0.03125,1.007812
2.811775,0.023438,-0.101562,1.0
2.812101,0.015625,-0.054688,0.992188
2.812427,0.023438,-0.03125,0.960938
2.812752,0.070312,-0.054688,0.992188
2.813078,0.0,-0.09375,1.0
2.813404,0.054688,-0.109375,1.0
2.81373,0.046875,-0.070312,0.96875
2.814056,0.0,-0.085938,0.960938
2.814382,0.046875,-0.085938,0.960938
2.814708,0.015625,-0.085938,0.9375
2.815034,0.046875,-0.085938,0.96875
2.81536,0.078125,-0.0625,0.992188
2.815686,0.023438,-0.09375,0.953125
2.816012,0.054688,-0.085938,0.953125
2.816338,0.03125,-0.054688,0.9375
2.816664,0.046875,-0.09375,0.96875
2.81699,0.03125,-0.070312,1.0
2.817315,0.03125,-0.0625,1.007812
2.817641,0.054688,-0.070312,0.945312
2.817967,0.03125,-0.085938,1.0
2.818293,0.03125,-0.03125,0.992188
2.818619,0.03125,-0.0625,0.960938
2.818945,0.0,-0.0625,1.0
2.819271,0.03125,-0.101562,1.0
2.819597,0.054688,-0.039062,1.0
2.819923,0.03125,-0.054688,0.984375
2.820249,0.03125,-0.109375,0.96875
2.820575,0.023438,-0.117188,0.976562
2.820901,0.046875,-0.070312,0.984375
2.821227,0.046875,-0.085938,0.984375
2.821553,0.046875,-0.070312,0.9375
2.821878,0.046875,-0.078125,0.984375
2.822204,0.054688,-0.070312,1.007812
2.82253,0.0625,-0.070312,0.96875
2.822856,0.054688,-0.054688,0.953125
2.823182,0.046875,-0.09375,0.953125
2.823508,0.054688,-0.054688,0.992188
2.823834,0.054688,-0.0625,0.9375
2.82416,0.054688,-0.078125,0.992188
2.824486,0.023438,-0.070312,0.96875
2.824812,0.0625,-0.078125,0.945312
2.825138,0.0625,-0.0625,0.96875
2.825464,0.039062,-0.039062,0.96875
2.82579,0.046875,-0.046875,1.0
2.826116,0.0625,-0.0625,1.0
2.826441,0.03125,-0.046875,1.023438
2.826767,0.03125,-0.039062,0.96875
2.827093,0.046875,-0.046875,1.0
2.827419,0.046875,-0.078125,1.0
2.827745,0.023438,-0.046875,0.992188
2.828071,0.070312,-0.078125,0.945312
2.828397,0.046875,-0.054688,0.984375
2.828723,0.054688,-0.054688,1.0
2.829049,0.070312,-0.101562,0.96875
2.829375,0.0625,-0.085938,0.96875
2.829701,0.015625,-0.054688,1.0
2.830027,0.023438,-0.0625,1.007812
2.830353,0.039062,-0.0625,1.0
2.830678,0.023438,-0.070312,0.992188
2.831004,0.0625,-0.078125,0.992188
2.83133,0.0625,-0.054688,0.992188
2.831656,0.039062,-0.0625,0.960938
2.831982,0.039062,-0.046875,0.976562
2.832308,0.023438,-0.109375,0.992188
2.832634,0.007812,-0.09375,0.992188
2.83296,0.0625,-0.117188,0.960938
2.833286,0.039062,-0.054688,0.945312
2.833612,0.054688,-0.09375,1.007812
2.833938,0.03125,-0.09375,0.992188
2.834264,0.023438,-0.070312,1.007812
2.83459,0.039062,-0.09375,0.960938
2.834916,0.046875,-0.070312,0.992188
2.835241,0.015625,-0.0625,0.96875
2.835567,0.03125,-0.070312,0.984375
2.835893,0.023438,-0.078125,1.0
2.836219,0.039062,-0.09375,1.0
2.836545,0.023438,-0.054688,1.023438
2.836871,0.078125,-0.085938,1.0
2.837197,0.046875,-0.109375,0.976562
2.837523,0.023438,-0.0625,0.984375
2.837849,0.039062,-0.109375,0.96875
2.838175,0.015625,-0.078125,0.984375
2.838501,0.054688,-0.046875,0.984375
2.838827,0.007812,-0.085938,0.976562
2.839153,0.046875,-0.0625,0.992188
2.839479,0.03125,-0.09375,0.96875
2.839804,0.03125,-0.085938,0.953125
2.84013,0.023438,-0.0625,0.992188
2.840456,0.046875,-0.085938,0.960938
2.840782,0.015625,-0.085938,0.953125
2.841108,0.070312,-0.101562,1.0
2.841434,0.054688,-0.0625,1.0
2.84176,0.046875,-0.0625,0.992188
2.842086,0.054688,-0.070312,0.9375
2.842412,0.039062,-0.070312,1.007812
2.842738,0.03125,-0.125,0.96875
2.843064,0.0,-0.101562,1.039062
2.84339,0.046875,-0.070312,1.0
2.843716,0.046875,-0.078125,0.992188
2.844042,0.054688,-0.070312,0.960938
2.844367,0.046875,-0.101562,0.960938
2.844693,0.023438,-0.054688,0.96875
2.845019,0.039062,-0.0625,1.023438
2.845345,0.0625,-0.054688,0.96875
2.845671,0.054688,-0.070312,0.976562
2.845997,0.015625,-0.054688,0.960938
2.846323,0.0,-0.046875,0.960938
2.846649,0.054688,-0.070312,0.992188
2.846975,0.039062,-0.09375,0.984375
2.847301,0.023438,-0.054688,1.0
2.847627,0.078125,-0.0625,0.992188
2.847953,0.039062,-0.039062,0.992188
2.848279,0.015625,-0.085938,1.0
2.848604,0.03125,-0.070312,0.960938
2.84893,0.046875,-0.09375,1.007812
2.849256,0.054688,-0.101562,0.984375
2.849582,0.046875,-0.078125,1.007812
2.849908,0.046875,-0.046875,0.96875
2.850234,0.054688,-0.054688,0.992188
2.85056,0.023438,-0.101562,0.976562
2.850886,0.039062,-0.101562,1.0
2.851212,0.054688,-0.101562,0.96875
2.851538,0.007812,-0.054688,0.953125
2.851864,0.0,-0.0625,0.992188
2.85219,0.054688,-0.09375,0.984375
2.852516,0.0625,-0.070312,0.953125
2.852842,0.015625,-0.085938,0.976562
2.853167,0.046875,-0.070312,1.0
2.853493,0.03125,-0.054688,1.0
2.853819,0.039062,-0.078125,1.023438
2.854145,0.0,-0.0625,0.929688
2.854471,0.039062,-0.078125,0.960938
2.854797,0.054688,-0.0625,0.984375
2.855123,0.054688,-0.046875,0.96875
2.855449,0.046875,-0.070312,0.992188
2.855775,0.046875,-0.070312,0.992188
2.856101,0.046875,-0.054688,0.992188
2.856427,0.039062,-0.070312,0.992188
2.856753,0.03125,-0.0625,1.03125
2.857079,0.007812,-0.085938,0.992188
2.857405,0.03125,-0.03125,0.984375
2.85773,0.046875,-0.101562,0.96875
2.858056,0.0625,-0.0625,1.007812
2.858382,0.070312,-0.0625,0.976562
2.858708,0.039062,-0.0625,1.0
2.859034,0.054688,-0.0625,1.0
2.85936,0.039062,-0.109375,0.953125
2.859686,0.015625,-0.0625,0.992188
2.860012,0.015625,-0.0625,0.992188
2.860338,0.046875,-0.0625,0.992188
2.860664,0.015625,-0.0625,0.960938
2.86099,0.046875,-0.054688,0.992188
2.861316,0.03125,-0.0625,0.953125
2.861642,0.023438,-0.054688,1.015625
2.861968,0.023438,-0.078125,0.960938
2.862293,0.046875,-0.078125,1.015625
2.862619,0.023438,-0.0625,0.984375
2.862945,0.015625,-0.070312,1.0
2.863271,0.054688,-0.0625,0.984375
2.863597,0.03125,-0.070312,1.0
2.863923,0.039062,-0.0625,1.0
2.864249,0.039062,-0.085938,0.960938
2.864575,0.015625,-0.070312,0.984375
2.864901,0.023438,-0.101562,0.992188
2.865227,0.007812,-0.070312,0.984375
2.865553,0.046875,-0.085938,1.0
2.865879,0.0625,-0.046875,1.0
2.866205,0.023438,-0.09375,0.976562
2.86653,0.054688,-0.078125,0.976562
2.866856,0.023438,-0.101562,0.960938
2.867182,0.023438,-0.09375,1.007812
2.867508,0.023438,-0.0625,0.984375
2.867834,0.023438,-0.0625,0.9375
2.86816,0.054688,-0.078125,1.0
2.868486,0.054688,-0.09375,0.96875
2.868812,0.039062,-0.085938,0.976562
2.869138,0.023438,-0.0625,1.0
2.869464,0.054688,-0.070312,0.976562
2.86979,0.023438,-0.085938,1.0
2.870116,0.03125,-0.046875,0.984375
2.870442,0.015625,-0.0625,1.0
2.870768,0.054688,-0.054688,0.984375
2.871093,0.0625,-0.0625,1.0
2.871419,0.023438,-0.054688,0.96875
2.871745,0.070312,-0.101562,0.96875
2.872071,0.054688,-0.101562,1.015625
2.872397,0.023438,-0.046875,1.0
2.872723,0.023438,-0.085938,0.992188
2.873049,0.054688,-0.09375,0.984375
2.873375,0.015625,-0.070312,0.992188
2.873701,0.046875,-0.085938,0.992188
2.874027,0.054688,-0.0625,0.976562
2.874353,0.03125,-0.09375,0.992188
2.874679,0.046875,-0.078125,0.984375
2.875005,0.015625,-0.085938,1.0
2.875331,0.023438,-0.0625,0.976562
2.875656,0.046875,-0.101562,0.953125
2.875982,0.015625,-0.070312,0.953125
2.876308,0.039062,-0.0625,0.960938
2.876634,0.03125,-0.0625,0.96875
2.87696,0.03125,-0.0625,0.984375
2.877286,0.03125,-0.0625,0.960938
2.877612,0.03125,-0.085938,0.976562
2.877938,0.039062,-0.039062,0.976562
2.878264,0.070312,-0.078125,0.992188
2.87859,0.03125,-0.09375,1.0
2.878916,0.054688,-0.070312,0.992188
2.879242,0.03125,-0.070312,1.023438
2.879568,0.023438,-0.0625,1.0
2.879894,0.054688,-0.109375,1.0
2.880219,0.085938,-0.0625,0.976562
2.880545,0.03125,-0.046875,1.023438
2.880871,0.054688,-0.0625,0.960938
2.881197,0.023438,-0.078125,1.023438
2.881523,0.046875,-0.070312,0.984375
2.881849,0.023438,-0.039062,0.96875
2.882175,0.007812,-0.070312,0.984375
2.882501,0.046875,-0.054688,0.960938
2.882827,0.023438,-0.070312,0.984375
2.883153,0.023438,-0.078125,0.960938
2.883479,0.054688,-0.054688,0.992188
2.883805,0.078125,-0.078125,0.984375
2.884131,0.046875,-0.09375,0.992188
2.884456,0.0,-0.125,1.0
2.884782,0.054688,-0.085938,0.976562
2.885108,0.046875,-0.09375,1.0
2.885434,0.03125,-0.039062,1.0
2.88576,0.007812,-0.085938,0.976562
2.886086,0.015625,-0.070312,1.0
2.886412,0.046875,-0.070312,1.0
2.886738,0.046875,-0.101562,0.992188
2.887064,0.039062,-0.09375,0.960938
2.88739,0.054688,-0.09375,0.992188
2.887716,0.046875,-0.101562,0.976562
2.888042,0.054688,-0.0625,1.015625
2.888368,0.0625,-0.070312,0.992188
2.888694,0.054688,-0.007812,0.921875
2.889019,0.023438,-0.054688,0.945312
2.889345,0.046875,-0.070312,0.984375
2.889671,0.03125,-0.03125,1.0
2.889997,0.039062,-0.0625,1.0
2.890323,0.007812,-0.09375,0.960938
2.890649,0.054688,-0.078125,1.0
2.890975,0.023438,-0.0625,0.992188
2.891301,0.0,-0.015625,0.96875
2.891627,0.03125,-0.085938,0.9375
2.891953,0.03125,-0.078125,1.0
2.892279,0.09375,-0.070312,0.929688
2.892605,0.054688,-0.0625,1.039062
2.892931,0.03125,-0.085938,1.046875
2.893257,0.015625,-0.078125,0.992188
2.893582,0.03125,-0.078125,0.9375
2.893908,0.03125,-0.085938,0.96875
2.894234,0.054688,-0.054688,1.0
2.89456,0.03125,-0.09375,1.023438
2.894886,0.007812,-0.117188,0.992188
2.895212,0.070312,-0.09375,0.976562
2.895538,0.046875,-0.070312,0.984375
2.895864,0.015625,-0.070312,0.992188
2.89619,0.03125,-0.0625,1.007812
2.896516,0.03125,-0.0625,1.0
2.896842,0.054688,-0.078125,0.976562
2.897168,0.070312,-0.085938,0.960938
2.897494,0.0625,-0.101562,0.9375
2.89782,0.054688,-0.101562,1.0
2.898145,0.0625,-0.078125,0.929688
2.898471,0.046875,-0.0625,0.976562
2.898797,0.0625,-0.101562,0.984375
2.899123,0.070312,-0.085938,0.96875
2.899449,0.0625,-0.039062,0.976562
2.899775,0.023438,-0.007812,1.0
2.900101,0.039062,-0.054688,1.023438
2.900427,0.03125,-0.0625,0.992188
2.900753,0.015625,-0.070312,0.992188
2.901079,0.054688,-0.09375,0.945312
2.901405,0.015625,-0.078125,0.96875
2.901731,0.054688,-0.054688,0.976562
2.902057,0.054688,-0.09375,1.0
2.902382,0.007812,-0.039062,1.03125
2.902708,0.023438,-0.070312,0.976562
2.903034,0.03125,-0.054688,0.9375
2.90336,0.054688,-0.070312,0.976562
2.903686,0.0625,-0.070312,0.96875
2.904012,0.085938,-0.078125,0.945312
2.904338,0.101562,-0.117188,1.0
2.904664,0.015625,-0.109375,1.0
2.90499,0.046875,-0.09375,0.984375
2.905316,0.023438,-0.070312,0.984375
2.905642,0.007812,-0.03125,0.960938
2.905968,0.070312,-0.101562,1.0
2.906294,0.03125,-0.070312,0.960938
2.90662,0.007812,-0.085938,0.960938
2.906945,0.039062,-0.078125,0.992188
2.907271,0.03125,-0.054688,0.992188
2.907597,0.046875,-0.03125,0.96875
2.907923,0.078125,-0.09375,0.945312
2.908249,0.054688,-0.0625,1.0
2.908575,0.023438,-0.0625,1.015625
2.908901,0.054688,-0.085938,0.96875
2.909227,0.023438,-0.070312,0.984375
2.909553,0.03125,-0.054688,0.984375
2.909879,0.039062,-0.09375,0.96875
2.910205,0.03125,-0.03125,0.960938
2.910531,0.03125,-0.054688,0.992188
2.910857,0.0625,-0.070312,1.0
2.911183,0.039062,-0.09375,1.0
2.911508,0.046875,-0.09375,1.0
2.911834,0.046875,-0.078125,0.96875
2.91216,0.046875,-0.09375,1.0
2.912486,0.023438,-0.09375,1.007812
2.912812,0.046875,-0.0625,1.0
2.913138,0.0625,-0.054688,1.0
2.913464,0.0625,-0.101562,0.9375
2.91379,0.046875,-0.085938,0.96875
2.914116,0.007812,-0.109375,0.992188
2.914442,0.0625,-0.046875,0.992188
2.914768,0.03125,-0.085938,0.945312
2.915094,0.023438,-0.0625,0.992188
2.91542,0.03125,-0.085938,1.0
2.915746,0.015625,-0.078125,0.945312
2.916071,0.015625,-0.039062,0.953125
2.916397,0.039062,-0.078125,1.015625
2.916723,0.054688,-0.0625,0.992188
2.917049,0.046875,-0.054688,0.945312
2.917375,0.0625,-0.09375,0.945312
2.917701,0.054688,-0.09375,1.0
2.918027,0.0625,-0.039062,1.007812
2.918353,0.023438,-0.0625,0.992188
2.918679,0.039062,-0.09375,0.960938
2.919005,0.015625,-0.0625,1.0
2.919331,0.03125,-0.054688,0.960938
2.919657,0.0,-0.03125,0.945312
2.919983,0.0625,-0.0625,0.96875
2.920308,0.039062,-0.039062,0.914062
2.920634,0.039062,-0.078125,0.992188
2.92096,0.039062,-0.070312,1.0
2.921286,0.0,-0.03125,0.976562
2.921612,0.023438,-0.054688,0.960938
2.921938,0.03125,-0.09375,0.96875
2.922264,0.039062,-0.054688,0.96875
2.92259,0.054688,-0.117188,0.984375
2.922916,0.023438,-0.0625,1.0
2.923242,0.046875,-0.085938,1.007812
2.923568,0.015625,-0.078125,0.984375
2.923894,0.046875,-0.085938,1.0
2.92422,0.070312,-0.054688,0.984375
2.924546,0.054688,-0.101562,0.976562
2.924871,0.0625,-0.054688,0.992188
2.925197,0.023438,-0.0625,0.992188
2.925523,0.054688,-0.085938,0.992188
2.925849,0.054688,-0.085938,0.945312
2.926175,0.03125,-0.054688,0.960938
2.926501,0.039062,-0.046875,0.992188
2.926827,0.054688,-0.054688,0.96875
2.927153,0.007812,-0.09375,1.007812
2.927479,0.03125,-0.070312,0.960938
2.927805,0.054688,-0.078125,0.976562
2.928131,0.023438,-0.054688,0.992188
2.928457,0.0,-0.070312,1.0
2.928783,0.054688,-0.03125,0.992188
2.929109,0.039062,-0.070312,0.984375
2.929434,0.023438,-0.101562,0.945312
2.92976,0.03125,-0.015625,0.929688
2.930086,0.0625,-0.117188,0.992188
2.930412,0.0,-0.0625,0.976562
2.930738,0.03125,-0.078125,0.945312
2.931064,0.0625,-0.101562,1.015625
2.93139,0.023438,-0.070312,1.0
2.931716,0.03125,-0.085938,1.023438
2.932042,0.039062,-0.054688,0.992188
2.932368,0.007812,-0.046875,1.007812
2.932694,0.054688,-0.085938,0.976562
2.93302,0.0,-0.109375,1.0
2.933346,0.046875,-0.054688,0.953125
2.933672,0.007812,-0.078125,0.992188
2.933997,0.023438,-0.039062,0.992188
2.934323,0.03125,-0.054688,0.992188
2.934649,0.054688,-0.0625,0.960938
2.934975,0.03125,-0.054688,0.96875
2.935301,0.046875,-0.054688,0.960938
2.935627,0.039062,-0.070312,0.945312
2.935953,0.015625,-0.070312,0.960938
2.936279,0.078125,-0.078125,0.984375
2.936605,0.0625,-0.070312,0.96875
2.936931,0.03125,-0.078125,0.960938
2.937257,0.0625,-0.101562,0.953125
2.937583,0.039062,-0.0625,1.0
2.937909,0.023438,-0.054688,1.007812
2.938234,0.039062,-0.085938,1.007812
2.93856,0.015625,-0.085938,0.96875
2.938886,0.046875,-0.0625,0.992188
2.939212,0.054688,-0.09375,0.992188
2.939538,0.015625,-0.070312,1.0
2.939864,0.054688,-0.078125,0.976562
2.94019,0.078125,-0.085938,1.0
2.940516,0.054688,-0.078125,0.976562
2.940842,0.03125,-0.117188,1.0
2.941168,0.046875,-0.054688,1.0
2.941494,0.03125,-0.054688,1.015625
2.94182,0.023438,-0.078125,1.0
2.942146,0.03125,-0.070312,1.007812
2.942472,0.03125,-0.0625,0.992188
2.942797,0.054688,-0.078125,1.0
2.943123,0.015625,-0.039062,1.0
2.943449,0.046875,-0.09375,1.0
2.943775,0.03125,-0.070312,0.984375
2.944101,0.046875,-0.085938,0.96875
2.944427,0.039062,-0.085938,0.992188
2.944753,0.03125,-0.070312,0.992188
2.945079,0.046875,-0.09375,0.992188
2.945405,0.0,-0.070312,0.992188
2.945731,0.03125,-0.046875,0.945312
2.946057,0.070312,-0.109375,0.96875
2.946383,0.03125,-0.054688,0.960938
2.946709,0.015625,-0.109375,0.976562
2.947035,0.015625,-0.109375,0.976562
2.94736,0.023438,-0.070312,1.0
2.947686,0.03125,-0.101562,0.976562
2.948012,0.015625,-0.039062,0.992188
2.948338,0.046875,-0.070312,1.0
2.948664,0.054688,-0.101562,0.984375
2.94899,0.0,-0.054688,0.9375
2.949316,0.007812,-0.109375,0.992188
2.949642,0.046875,-0.109375,1.03125
2.949968,0.0,-0.109375,0.992188
2.950294,0.039062,-0.070312,1.0
2.95062,0.023438,-0.0625,0.992188
2.950946,0.03125,-0.085938,0.992188
2.951272,0.054688,-0.070312,0.976562
2.951598,0.046875,-0.054688,0.960938
2.951923,0.054688,-0.101562,1.023438
2.952249,0.085938,-0.109375,1.0
2.952575,0.03125,-0.054688,0.953125
2.952901,0.015625,-0.078125,0.992188
2.953227,0.078125,-0.101562,0.984375
2.953553,0.023438,-0.078125,0.992188
2.953879,0.054688,-0.085938,0.960938
2.954205,0.03125,-0.101562,0.960938
2.954531,0.0,-0.039062,0.992188
2.954857,0.054688,-0.101562,1.023438
2.955183,0.03125,-0.085938,1.0
2.955509,0.054688,-0.070312,0.914062
2.955835,0.046875,-0.078125,0.992188
2.95616,0.023438,-0.039062,0.960938
2.956486,0.054688,-0.101562,0.96875
2.956812,0.03125,-0.117188,0.976562
2.957138,0.0,-0.070312,0.992188
2.957464,0.015625,-0.0625,0.976562
2.95779,0.070312,-0.078125,0.984375
2.958116,0.023438,-0.085938,0.992188
2.958442,0.054688,-0.039062,1.0
2.958768,0.007812,-0.070312,0.953125
2.959094,0.078125,-0.101562,0.984375
2.95942,0.046875,-0.078125,0.976562
2.959746,0.023438,-0.078125,1.0
2.960072,0.046875,-0.03125,0.96875
2.960398,0.015625,-0.085938,0.976562
2.960723,0.054688,-0.0625,1.0
2.961049,0.03125,-0.078125,0.96875
2.961375,0.007812,-0.0625,0.976562
2.961701,0.054688,-0.085938,1.0
2.962027,0.054688,-0.070312,0.992188
2.962353,0.046875,-0.085938,1.015625
2.962679,0.0,-0.070312,1.0
2.963005,0.070312,-0.046875,1.0
2.963331,0.0625,-0.039062,1.0
2.963657,0.015625,-0.085938,0.992188
2.963983,0.03125,-0.070312,0.960938
2.964309,0.054688,-0.078125,1.0
2.964635,0.039062,-0.0625,0.960938
2.964961,0.070312,-0.117188,1.0
2.965286,0.03125,-0.0625,0.96875
2.965612,0.039062,-0.070312,0.992188
2.965938,0.0625,-0.054688,1.0
2.966264,0.039062,-0.046875,0.984375
2.96659,0.039062,-0.070312,0.992188
2.966916,0.070312,-0.0625,0.960938
2.967242,0.007812,-0.046875,0.945312
2.967568,0.0625,-0.0625,0.9375
2.967894,0.0,-0.101562,0.945312
2.96822,0.023438,-0.070312,0.976562
2.968546,0.015625,-0.046875,0.992188
2.968872,0.03125,-0.070312,1.0
2.969198,0.046875,-0.046875,0.96875
2.969524,0.023438,-0.0625,0.984375
2.969849,0.046875,-0.070312,0.960938
2.970175,0.0625,-0.070312,1.0
2.970501,0.054688,-0.078125,0.984375
2.970827,0.039062,-0.0625,1.015625
2.971153,0.046875,-0.046875,1.0
2.971479,0.015625,-0.0625,0.960938
2.971805,0.03125,-0.101562,0.945312
2.972131,0.054688,-0.070312,0.992188
2.972457,0.046875,-0.078125,1.0
2.972783,0.046875,-0.101562,0.960938
2.973109,0.03125,-0.046875,1.0
2.973435,0.054688,-0.03125,0.945312
2.973761,0.078125,-0.0625,1.039062
2.974086,0.070312,-0.046875,1.0
2.974412,0.039062,-0.070312,1.0
2.974738,0.0,-0.085938,0.96875
2.975064,0.0,-0.078125,0.945312
2.97539,0.03125,-0.101562,1.0
2.975716,0.046875,-0.054688,0.984375
2.976042,0.007812,-0.0625,0.953125
2.976368,0.054688,-0.101562,0.984375
2.976694,0.054688,-0.078125,0.96875
2.97702,0.007812,-0.046875,1.0
2.977346,0.007812,-0.09375,0.96875
2.977672,0.03125,-0.054688,0.992188
2.977998,0.007812,-0.054688,1.007812
2.978324,0.054688,-0.101562,1.0
2.978649,0.054688,-0.070312,0.992188
2.978975,0.023438,-0.0625,1.0
2.979301,0.054688,-0.0625,1.0
2.979627,0.046875,-0.09375,1.0
2.979953,0.039062,-0.054688,1.007812
2.980279,0.054688,-0.078125,0.929688
2.980605,0.0625,-0.046875,0.992188
2.980931,0.070312,-0.078125,1.023438
2.981257,0.046875,-0.085938,0.992188
2.981583,0.054688,-0.070312,0.976562
2.981909,0.0625,-0.070312,0.984375
2.982235,0.046875,-0.0625,1.015625
2.982561,0.046875,-0.101562,0.960938
2.982887,0.046875,-0.0625,0.976562
2.983212,0.046875,-0.078125,1.0
2.983538,0.039062,-0.09375,1.0
2.983864,0.0625,-0.039062,0.992188
2.98419,0.070312,-0.054688,0.992188
2.984516,0.007812,-0.03125,0.976562
2.984842,0.0625,-0.054688,1.039062
2.985168,0.0,-0.070312,1.0
2.985494,0.054688,-0.078125,0.984375
2.98582,0.039062,-0.0625,0.984375
2.986146,0.0,-0.046875,0.96875
2.986472,0.0625,-0.070312,1.0
2.986798,0.054688,-0.101562,1.0
2.987124,0.03125,-0.101562,0.96875
2.98745,0.023438,-0.046875,0.992188
2.987775,0.03125,-0.054688,1.0
2.988101,0.054688,-0.046875,1.015625
2.988427,0.054688,-0.054688,0.976562
2.988753,0.054688,-0.054688,1.007812
2.989079,0.03125,-0.070312,1.0
2.989405,0.023438,-0.039062,0.9375
2.989731,0.03125,-0.070312,0.96875
2.990057,0.070312,-0.0625,0.976562
2.990383,0.046875,-0.09375,1.007812
2.990709,0.039062,-0.0625,1.0
2.991035,0.007812,-0.0625,0.992188
2.991361,0.039062,-0.085938,1.0
2.991687,0.039062,-0.046875,0.976562
2.992012,0.039062,-0.09375,1.0
2.992338,0.023438,-0.054688,1.0
2.992664,0.015625,-0.0625,0.9375
2.99299,0.0625,-0.039062,1.0
2.993316,0.054688,-0.078125,0.96875
2.993642,0.039062,-0.078125,0.992188
2.993968,0.023438,-0.0625,0.976562
2.994294,0.0,-0.054688,1.0
2.99462,0.023438,-0.0625,0.96875
2.994946,0.046875,-0.085938,0.992188
2.995272,0.039062,-0.023438,0.96875
2.995598,0.0625,-0.046875,0.992188
2.995924,0.046875,-0.070312,0.953125
2.99625,0.039062,-0.070312,0.96875
2.996575,0.085938,-0.0625,1.015625
2.996901,0.039062,-0.054688,1.0
2.997227,0.054688,-0.09375,0.992188
2.997553,0.046875,-0.070312,0.976562
2.997879,0.039062,-0.0625,0.976562
2.998205,0.046875,-0.101562,0.984375
2.998531,0.015625,-0.070312,0.921875
2.998857,0.007812,-0.0625,0.945312
2.999183,0.039062,-0.0625,0.976562
2.999509,0.015625,-0.039062,0.984375
2.999835,0.0,-0.109375,0.96875
3.000161,0.039062,-0.046875,1.0
3.000487,0.109375,-0.085938,0.9375
3.000813,0.039062,-0.039062,0.929688
3.001138,0.039062,-0.09375,0.976562
3.001464,0.007812,-0.054688,1.0
3.00179,0.046875,-0.078125,1.0
3.002116,0.0,-0.054688,0.96875
3.002442,0.023438,-0.039062,0.960938
3.002768,0.03125,-0.054688,0.984375
3.003094,0.007812,-0.046875,0.960938
3.00342,0.046875,-0.039062,0.984375
3.003746,0.015625,-0.070312,0.976562
3.004072,0.03125,-0.078125,1.0
3.004398,0.0,-0.03125,0.976562
3.004724,0.015625,-0.0625,1.007812
3.00505,0.015625,0.0,1.023438
3.005376,0.015625,-0.070312,1.015625
3.005701,0.046875,-0.101562,0.960938
3.006027,0.023438,-0.046875,1.007812
3.006353,0.007812,-0.09375,1.007812
3.006679,0.0625,-0.070312,0.960938
3.007005,0.039062,-0.078125,0.929688
3.007331,0.0625,-0.101562,0.9375
3.007657,0.054688,-0.0625,1.0
3.007983,0.015625,-0.0625,0.992188
3.008309,0.03125,-0.046875,0.96875
3.008635,0.023438,-0.039062,0.921875
3.008961,0.054688,-0.085938,0.976562
3.009287,0.03125,-0.109375,0.914062
3.009613,0.015625,-0.0625,0.976562
3.009938,0.023438,-0.09375,0.992188
3.010264,0.023438,-0.0625,1.0
3.01059,0.046875,-0.070312,0.953125
3.010916,0.054688,-0.09375,0.992188
3.011242,0.039062,-0.070312,0.984375
3.011568,0.03125,-0.09375,1.0
3.011894,0.070312,-0.078125,0.984375
3.01222,0.015625,-0.0625,1.0
3.012546,0.046875,-0.101562,0.96875
3.012872,0.085938,-0.054688,0.929688
3.013198,0.039062,-0.03125,0.96875
3.013524,0.0,-0.054688,0.953125
3.01385,0.03125,-0.09375,0.953125
3.014176,0.0,-0.070312,0.960938
3.014501,0.007812,-0.085938,1.023438
3.014827,0.023438,-0.046875,1.0
3.015153,0.0625,-0.070312,1.0
3.015479,0.007812,-0.03125,1.0
3.015805,0.015625,-0.070312,0.96875
3.016131,0.046875,-0.09375,0.976562
3.016457,0.023438,-0.070312,1.0
3.016783,0.054688,-0.085938,0.96875
3.017109,0.054688,-0.070312,0.960938
3.017435,0.007812,-0.070312,0.96875
3.017761,0.023438,-0.101562,0.9375
3.018087,0.070312,-0.101562,0.945312
3.018413,0.0,-0.070312,1.0
3.018739,0.015625,-0.046875,0.960938
3.019064,0.007812,-0.070312,0.992188
3.01939,0.023438,-0.0625,0.960938
3.019716,0.085938,-0.070312,0.9375
3.020042,0.023438,-0.070312,0.984375
3.020368,0.039062,-0.046875,0.960938
3.020694,0.023438,-0.039062,0.9375
3.02102,0.03125,-0.09375,1.0
3.021346,0.023438,-0.03125,0.9375
3.021672,0.054688,-0.039062,0.992188
3.021998,0.023438,-0.109375,1.007812
3.022324,0.039062,-0.085938,0.96875
3.02265,0.054688,-0.085938,0.960938
3.022976,0.054688,-0.109375,0.953125
3.023302,0.0625,-0.0625,0.976562
3.023627,0.0625,-0.054688,0.96875
3.023953,0.039062,-0.078125,0.992188
3.024279,0.039062,-0.054688,0.992188
3.024605,0.046875,-0.046875,1.0
3.024931,0.03125,-0.0625,0.953125
3.025257,0.039062,-0.054688,0.992188
3.025583,0.039062,-0.039062,1.039062
3.025909,0.03125,-0.0625,1.015625
3.026235,0.054688,-0.039062,0.945312
3.026561,0.054688,-0.078125,0.96875
3.026887,0.015625,-0.0625,0.984375
3.027213,0.054688,-0.09375,1.007812
3.027539,0.023438,-0.09375,0.96875
3.027864,0.054688,-0.078125,0.984375
3.02819,0.046875,-0.070312,0.960938
3.028516,0.0,-0.085938,1.0
3.028842,0.039062,-0.070312,1.007812
3.029168,0.054688,-0.078125,0.992188
3.029494,0.023438,-0.070312,0.945312
3.02982,0.046875,-0.085938,1.0
3.030146,0.0625,-0.054688,0.992188
3.030472,0.0,-0.046875,0.960938
3.030798,0.070312,-0.046875,1.0
3.031124,0.039062,-0.070312,0.992188
3.03145,0.0625,-0.054688,0.9375
3.031776,0.070312,-0.0625,1.015625
3.032102,0.054688,-0.078125,0.992188
3.032427,0.023438,-0.070312,0.984375
3.032753,0.0,-0.0625,0.9375
3.033079,0.046875,-0.085938,0.984375
3.033405,0.023438,-0.054688,0.984375
3.033731,0.070312,-0.085938,0.9375
3.034057,0.0,-0.054688,0.992188
3.034383,0.054688,-0.0625,0.960938
3.034709,0.0,-0.070312,0.96875
3.035035,0.039062,-0.078125,0.96875
3.035361,0.054688,-0.070312,0.953125
3.035687,0.070312,-0.117188,0.984375
3.036013,0.0625,-0.070312,1.023438
3.036339,0.0625,-0.078125,0.945312
3.036665,0.03125,-0.046875,0.992188
3.03699,0.0625,-0.101562,1.0
3.037316,0.070312,-0.085938,0.929688
3.037642,0.039062,-0.085938,1.007812
3.037968,0.054688,-0.085938,1.0
3.038294,0.015625,-0.09375,0.984375
3.03862,0.015625,-0.054688,1.0
3.038946,0.054688,-0.070312,0.953125
3.039272,0.054688,-0.054688,0.992188
3.039598,0.0,-0.039062,0.9375
3.039924,0.070312,-0.054688,0.96875
3.04025,0.007812,-0.0625,0.960938
3.040576,0.070312,-0.03125,1.0
3.040902,0.023438,-0.070312,1.0
3.041228,0.03125,-0.054688,0.9375
3.041553,0.046875,-0.125,0.992188
3.041879,0.078125,-0.09375,0.945312
3.042205,0.015625,-0.046875,0.945312
3.042531,0.007812,-0.054688,0.992188
3.042857,0.0625,-0.085938,0.976562
3.043183,0.015625,-0.039062,1.007812
3.043509,0.078125,-0.054688,0.992188
3.043835,0.054688,-0.109375,0.992188
3.044161,0.039062,-0.101562,1.0
3.044487,0.039062,-0.09375,1.007812
3.044813,0.0625,-0.078125,0.992188
3.045139,0.015625,-0.0625,1.007812
3.045465,0.046875,-0.046875,1.0
3.04579,0.023438,-0.070312,0.9375
3.046116,0.007812,-0.070312,0.992188
3.046442,0.0625,-0.085938,0.992188
3.046768,0.078125,-0.039062,0.984375
3.047094,0.046875,-0.039062,0.984375
3.04742,0.078125,-0.09375,1.007812
3.047746,0.046875,-0.046875,0.96875
3.048072,0.023438,-0.023438,0.976562
3.048398,0.023438,-0.070312,0.960938
3.048724,0.023438,-0.039062,0.992188
3.04905,0.0,-0.0625,0.976562
3.049376,0.046875,-0.0625,0.992188
3.049702,0.054688,-0.078125,1.0
3.050028,0.070312,-0.109375,0.976562
3.050353,0.054688,-0.078125,0.945312
3.050679,0.054688,-0.078125,1.0
3.051005,0.046875,-0.070312,0.976562
3.051331,0.03125,-0.054688,1.0
3.051657,0.039062,-0.046875,0.992188
3.051983,0.007812,-0.023438,1.007812
3.052309,0.039062,-0.101562,1.007812
3.052635,0.039062,-0.085938,1.015625
3.052961,0.007812,-0.070312,0.953125
3.053287,0.054688,-0.085938,0.976562
3.053613,0.007812,-0.046875,0.96875
3.053939,0.054688,-0.101562,0.992188
3.054265,0.039062,-0.054688,0.96875
3.054591,0.023438,-0.09375,0.96875
3.054916,0.023438,-0.039062,0.976562
3.055242,0.023438,-0.101562,1.0
3.055568,0.015625,-0.070312,1.0
3.055894,0.054688,-0.0625,1.007812
3.05622,0.054688,-0.070312,1.0
3.056546,0.0,-0.0625,1.023438
3.056872,0.046875,-0.054688,1.007812
3.057198,0.0,-0.09375,1.085938
3.057524,0.023438,-0.039062,1.0
3.05785,0.078125,-0.046875,0.953125
3.058176,0.039062,-0.0625,0.984375
3.058502,0.03125,-0.085938,1.023438
3.058828,0.054688,-0.0625,0.976562
3.059154,0.0625,-0.070312,0.976562
3.059479,0.046875,-0.085938,1.007812
3.059805,0.046875,-0.046875,0.914062
3.060131,0.109375,-0.101562,0.953125
3.060457,0.039062,-0.117188,1.0
3.060783,0.015625,-0.0625,1.023438
3.061109,0.0625,-0.09375,0.984375
3.061435,0.03125,-0.070312,0.953125
3.061761,0.015625,-0.0625,0.984375
3.062087,0.039062,-0.023438,0.976562
3.062413,0.015625,-0.054688,0.992188
3.062739,0.03125,-0.101562,0.953125
3.063065,0.03125,-0.085938,0.984375
3.063391,0.0625,-0.101562,0.953125
3.063716,0.039062,-0.085938,0.992188
3.064042,0.054688,-0.078125,0.976562
3.064368,0.0625,-0.054688,0.945312
3.064694,0.046875,-0.046875,0.976562
3.06502,0.007812,-0.0625,0.992188
3.065346,0.03125,-0.070312,1.0
3.065672,0.007812,-0.101562,0.984375
3.065998,0.03125,-0.070312,1.0
3.066324,0.054688,-0.0625,0.992188
3.06665,0.023438,-0.039062,0.96875
3.066976,0.007812,-0.09375,0.992188
3.067302,0.046875,-0.085938,0.976562
3.067628,0.046875,-0.101562,0.992188
3.067954,0.054688,-0.039062,0.9375
3.068279,0.0,-0.046875,1.039062
3.068605,0.054688,-0.039062,0.96875
3.068931,0.023438,-0.054688,0.976562
3.069257,0.046875,-0.0625,0.976562
3.069583,0.085938,-0.085938,0.96875
3.069909,0.023438,-0.085938,1.0
3.070235,0.015625,-0.070312,1.0
3.070561,0.054688,-0.078125,0.96875
3.070887,0.007812,-0.046875,1.0
3.071213,0.039062,-0.0625,0.984375
3.071539,0.0625,-0.078125,0.984375
3.071865,0.023438,-0.0625,0.960938
3.072191,0.007812,-0.0625,0.976562
3.072517,0.054688,-0.070312,0.96875
3.072842,0.0625,-0.054688,0.96875
3.073168,0.039062,-0.078125,0.929688
3.073494,0.007812,-0.0625,0.945312
3.07382,0.007812,-0.070312,0.984375
3.074146,0.03125,-0.101562,0.984375
3.074472,0.03125,-0.085938,0.960938
3.074798,0.015625,-0.078125,0.992188
3.075124,0.03125,-0.039062,1.0
3.07545,0.03125,-0.0625,0.96875
3.075776,0.023438,-0.054688,1.0
3.076102,0.023438,-0.046875,0.984375
3.076428,0.039062,-0.070312,0.9375
3.076754,0.03125,-0.09375,1.007812
3.07708,0.039062,-0.070312,0.96875
3.077405,0.039062,-0.054688,0.976562
3.077731,0.046875,-0.070312,0.9375
3.078057,0.03125,-0.039062,0.992188
3.078383,0.039062,-0.070312,0.96875
3.078709,0.054688,-0.054688,1.0
3.079035,0.023438,-0.109375,0.945312
3.079361,0.046875,-0.109375,1.039062
3.079687,0.046875,-0.070312,0.976562
3.080013,0.0625,-0.046875,0.953125
3.080339,0.054688,-0.109375,0.992188
3.080665,0.070312,-0.070312,1.015625
3.080991,0.054688,-0.039062,0.992188
3.081317,0.0,-0.078125,1.0
3.081642,0.03125,-0.0625,0.992188
3.081968,0.070312,-0.046875,1.0
3.082294,0.015625,-0.046875,0.992188
3.08262,0.046875,-0.054688,0.96875
3.082946,0.0625,-0.054688,0.96875
3.083272,0.023438,-0.0625,0.984375
3.083598,0.046875,-0.039062,0.976562
3.083924,0.046875,-0.0625,0.953125
3.08425,0.054688,-0.070312,1.0
3.084576,0.046875,-0.039062,0.992188
3.084902,0.046875,-0.046875,1.0
3.085228,0.046875,-0.101562,1.0
3.085554,0.007812,-0.0625,0.992188
3.08588,0.046875,-0.101562,1.007812
3.086205,0.007812,-0.046875,0.992188
3.086531,0.0,-0.0625,0.992188
3.086857,0.054688,-0.054688,0.984375
3.087183,0.070312,-0.0625,1.0
3.087509,0.023438,-0.039062,1.0
3.087835,0.039062,-0.09375,0.984375
3.088161,0.039062,-0.070312,0.992188
3.088487,0.054688,-0.085938,0.992188
3.088813,0.015625,-0.054688,0.929688
3.089139,0.054688,-0.046875,0.96875
3.089465,0.0625,-0.0625,0.96875
3.089791,0.070312,-0.070312,0.984375
3.090117,0.023438,-0.101562,0.976562
3.090443,0.046875,-0.070312,0.992188
3.090768,0.054688,-0.078125,1.0
3.091094,0.015625,-0.054688,0.992188
3.09142,0.054688,-0.070312,0.992188
3.091746,0.054688,-0.085938,0.976562
3.092072,0.007812,-0.0625,0.96875
3.092398,0.046875,-0.078125,0.945312
3.092724,0.0,-0.085938,0.9375
3.09305,0.070312,-0.085938,0.992188
3.093376,0.039062,-0.0625,0.953125
3.093702,0.03125,-0.0625,1.023438
3.094028,0.007812,-0.046875,0.992188
3.094354,0.007812,-0.070312,0.96875
3.09468,0.046875,-0.070312,0.984375
3.095006,0.039062,-0.085938,0.992188
3.095331,0.039062,-0.070312,0.953125
3.095657,0.054688,-0.078125,0.96875
3.095983,0.0,-0.070312,0.992188
3.096309,0.039062,-0.070312,1.007812
3.096635,0.046875,-0.054688,0.921875
3.096961,0.039062,-0.117188,0.976562
3.097287,0.046875,-0.085938,1.0
3.097613,0.0,-0.078125,1.0
3.097939,0.054688,-0.0625,0.992188
3.098265,0.046875,-0.101562,0.96875
3.098591,0.046875,-0.125,0.960938
3.098917,0.046875,-0.054688,0.960938
3.099243,0.054688,-0.070312,0.992188
3.099568,0.0625,-0.054688,1.007812
3.099894,0.0625,-0.0625,0.921875
3.10022,0.007812,-0.039062,0.976562
3.100546,0.054688,-0.078125,1.023438
3.100872,0.007812,-0.054688,1.0
3.101198,0.054688,-0.0625,0.945312
3.101524,0.023438,-0.078125,0.984375
3.10185,0.046875,-0.070312,1.007812
3.102176,0.054688,-0.070312,1.0
3.102502,0.054688,-0.078125,0.984375
3.102828,0.023438,-0.085938,0.984375
3.103154,0.03125,-0.117188,0.992188
3.10348,0.054688,-0.078125,0.976562
3.103806,0.054688,-0.085938,1.0
3.104131,0.046875,-0.09375,0.984375
3.104457,0.070312,-0.109375,0.984375
3.104783,0.046875,-0.09375,0.96875
3.105109,0.046875,-0.039062,1.0
3.105435,0.023438,-0.085938,0.960938
3.105761,0.039062,-0.0625,0.96875
3.106087,0.054688,-0.101562,1.007812
3.106413,0.023438,-0.109375,0.984375
3.106739,0.046875,-0.117188,1.007812
3.107065,0.023438,-0.078125,0.953125
3.107391,0.023438,-0.03125,1.0
3.107717,0.03125,-0.046875,0.992188
3.108043,0.039062,-0.046875,0.96875
3.108369,0.054688,-0.085938,0.976562
3.108694,0.023438,-0.09375,0.953125
3.10902,0.054688,-0.0625,0.96875
3.109346,0.046875,-0.015625,0.976562
3.109672,0.039062,-0.070312,1.0
3.109998,0.023438,-0.046875,0.992188
3.110324,0.054688,-0.039062,0.992188
3.11065,0.039062,-0.054688,0.984375
3.110976,0.039062,-0.03125,0.992188
3.111302,0.023438,-0.070312,1.0
3.111628,0.046875,-0.070312,0.984375
3.111954,0.046875,-0.0625,1.015625
3.11228,0.070312,-0.0625,0.945312
3.112606,0.046875,-0.054688,1.0
3.112932,0.023438,-0.070312,0.960938
3.113257,0.039062,-0.085938,0.984375
3.113583,0.03125,-0.0625,0.976562
3.113909,0.023438,-0.085938,0.96875
3.114235,0.046875,-0.046875,0.929688
3.114561,0.046875,-0.101562,1.0
3.114887,0.054688,-0.0625,1.015625
3.115213,0.007812,-0.046875,1.0
3.115539,0.0,-0.054688,0.992188
3.115865,0.054688,-0.0625,1.0
3.116191,0.039062,-0.078125,1.0
3.116517,0.023438,-0.054688,1.0
3.116843,0.046875,-0.09375,0.984375
3.117169,0.023438,-0.085938,0.992188
3.117494,0.03125,-0.101562,0.984375
3.11782,0.0,-0.039062,1.007812
3.118146,0.046875,-0.0625,1.0
3.118472,0.03125,-0.085938,1.007812
3.118798,0.03125,-0.09375,0.992188
3.119124,0.023438,-0.070312,0.960938
3.11945,0.054688,-0.0625,0.984375
3.119776,0.0625,-0.09375,0.976562
3.120102,0.03125,-0.101562,1.0
3.120428,0.03125,-0.117188,1.023438
3.120754,0.039062,-0.03125,0.984375
3.12108,0.046875,-0.0625,1.007812
3.121406,0.070312,-0.039062,1.0
3.121732,0.03125,-0.070312,1.007812
3.122057,0.0625,-0.101562,0.976562
3.122383,0.007812,-0.109375,1.007812
3.122709,0.0625,-0.109375,0.945312
3.123035,0.015625,-0.117188,0.976562
3.123361,0.046875,-0.09375,1.007812
3.123687,0.015625,-0.101562,1.015625
3.124013,0.039062,-0.070312,0.945312
3.124339,0.023438,-0.070312,0.960938
3.124665,0.007812,-0.0625,0.96875
3.124991,0.03125,-0.085938,0.984375
3.125317,0.015625,-0.054688,0.984375
3.125643,0.070312,-0.070312,0.984375
3.125969,0.039062,-0.03125,0.9375
3.126295,0.03125,-0.0625,0.960938
3.12662,0.054688,-0.070312,0.96875
3.126946,0.054688,-0.0625,1.007812
3.127272,0.007812,-0.046875,0.976562
3.127598,0.007812,-0.0625,0.960938
3.127924,0.03125,-0.0625,0.992188
3.12825,0.085938,-0.101562,0.96875
3.128576,0.023438,-0.117188,0.992188
3.128902,0.078125,-0.070312,0.96875
3.129228,0.03125,-0.09375,0.992188
3.129554,0.039062,-0.03125,0.976562
3.12988,0.015625,-0.101562,1.0
3.130206,0.03125,-0.039062,0.992188
3.130532,0.054688,-0.070312,0.945312
3.130858,0.007812,-0.039062,0.96875
3.131183,0.054688,-0.039062,0.976562
3.131509,0.03125,-0.0625,0.976562
3.131835,0.007812,-0.039062,0.992188
3.132161,0.039062,-0.070312,0.960938
3.132487,0.078125,-0.070312,0.953125
3.132813,0.078125,-0.0625,0.9375
3.133139,0.054688,-0.070312,1.023438
3.133465,0.0625,-0.078125,0.976562
3.133791,0.039062,-0.0625,0.960938
3.134117,0.023438,-0.101562,0.984375
3.134443,0.039062,-0.039062,0.976562
3.134769,0.046875,-0.078125,1.023438
3.135095,0.015625,-0.070312,1.0
3.13542,0.015625,-0.046875,0.976562
3.135746,0.039062,-0.023438,1.007812
3.136072,0.007812,-0.070312,0.960938
3.136398,0.023438,-0.101562,0.96875
3.136724,0.023438,-0.09375,1.007812
3.13705,0.015625,-0.085938,1.0
3.137376,0.039062,-0.101562,0.953125
3.137702,0.046875,-0.070312,0.976562
3.138028,0.023438,-0.03125,0.9375
3.138354,0.070312,-0.085938,1.0
3.13868,0.015625,-0.046875,0.96875
3.139006,0.007812,-0.070312,0.976562
3.139332,0.0625,-0.09375,1.046875
3.139658,0.015625,-0.09375,0.992188
3.139983,0.054688,-0.070312,1.0
3.140309,0.078125,-0.109375,0.976562
3.140635,0.023438,-0.054688,0.96875
3.140961,0.03125,-0.0625,0.960938
3.141287,0.023438,-0.046875,1.0
3.141613,0.039062,-0.09375,1.015625
3.141939,0.023438,-0.046875,0.992188
3.142265,0.046875,-0.070312,0.992188
3.142591,0.070312,-0.03125,0.960938
3.142917,0.023438,-0.070312,0.90625
3.143243,0.070312,-0.070312,0.976562
3.143569,0.039062,-0.054688,0.992188
3.143895,0.070312,-0.070312,0.992188
3.144221,0.03125,-0.054688,0.960938
3.144546,0.046875,-0.070312,0.984375
3.144872,0.054688,-0.0625,0.96875
3.145198,0.007812,-0.054688,1.007812
3.145524,0.046875,-0.0625,1.0
3.14585,0.046875,-0.101562,1.0
3.146176,0.03125,-0.039062,0.976562
3.146502,0.0,-0.09375,1.0
3.146828,0.007812,-0.070312,0.953125
3.147154,0.046875,-0.085938,0.976562
3.14748,0.0,-0.046875,0.976562
3.147806,0.03125,-0.070312,0.992188
3.148132,0.03125,-0.070312,0.945312
3.148458,0.015625,-0.070312,1.015625
3.148784,0.054688,-0.054688,0.96875
3.149109,0.007812,-0.085938,0.945312
3.149435,0.03125,-0.015625,0.992188
3.149761,0.054688,-0.070312,0.992188
3.150087,0.0625,-0.078125,0.984375
3.150413,0.03125,-0.023438,0.992188
3.150739,0.015625,-0.101562,0.976562
3.151065,0.0625,-0.101562,0.960938
3.151391,0.046875,-0.03125,0.953125
3.151717,0.007812,-0.070312,0.960938
3.152043,0.054688,-0.070312,0.960938
3.152369,0.078125,-0.046875,1.0
3.152695,0.070312,-0.078125,0.984375
3.153021,0.023438,-0.070312,0.960938
3.153346,0.015625,-0.054688,0.992188
3.153672,0.09375,-0.070312,0.953125
3.153998,0.023438,-0.085938,0.960938
3.154324,0.046875,-0.117188,0.992188
3.15465,0.070312,-0.054688,0.992188
3.154976,0.007812,-0.078125,0.960938
3.155302,0.039062,-0.0625,0.945312
3.155628,0.007812,-0.101562,0.976562
3.155954,0.054688,-0.078125,1.0
3.15628,0.023438,-0.078125,0.929688
3.156606,0.054688,-0.109375,0.992188
3.156932,0.007812,-0.054688,0.976562
3.157258,0.039062,-0.085938,1.007812
3.157584,0.0,-0.109375,0.984375
3.157909,0.023438,-0.070312,0.984375
3.158235,0.03125,-0.078125,0.992188
3.158561,0.015625,-0.046875,0.992188
3.158887,0.03125,-0.070312,1.015625
3.159213,0.054688,-0.078125,0.984375
3.159539,0.054688,-0.109375,0.976562
3.159865,0.007812,-0.054688,1.0
3.160191,0.0,-0.0625,0.976562
3.160517,0.015625,-0.070312,1.0
3.160843,0.007812,-0.046875,0.976562
3.161169,0.023438,-0.039062,0.984375
3.161495,0.054688,-0.039062,0.921875
3.161821,0.023438,-0.070312,1.015625
3.162147,0.054688,-0.0625,0.984375
3.162472,0.046875,-0.070312,0.984375
3.162798,0.023438,-0.046875,0.960938
3.163124,0.070312,-0.070312,0.976562
3.16345,0.03125,-0.054688,0.992188
3.163776,0.070312,-0.046875,0.984375
3.164102,0.015625,-0.039062,0.960938
3.164428,0.0625,-0.039062,1.03125
3.164754,0.054688,-0.070312,0.984375
3.16508,0.054688,-0.101562,0.984375
3.165406,0.023438,-0.078125,1.0
3.165732,0.03125,-0.085938,1.0
3.166058,0.023438,-0.046875,0.96875
3.166384,0.015625,-0.09375,0.992188
3.16671,0.039062,-0.039062,1.0
3.167035,0.007812,-0.054688,0.992188
3.167361,0.054688,-0.09375,0.960938
3.167687,0.03125,-0.101562,0.953125
3.168013,0.015625,-0.085938,0.984375
3.168339,0.078125,-0.085938,0.976562
3.168665,0.03125,-0.054688,0.96875
3.168991,0.007812,-0.078125,0.976562
3.169317,0.046875,-0.054688,0.992188
3.169643,0.023438,-0.054688,0.929688
3.169969,0.03125,-0.070312,1.0
3.170295,0.046875,-0.09375,0.96875
3.170621,0.054688,-0.03125,1.007812
3.170947,0.070312,-0.054688,0.992188
3.171272,0.054688,-0.046875,1.0
3.171598,0.023438,-0.054688,0.96875
3.171924,0.03125,-0.078125,0.992188
3.17225,0.070312,-0.070312,0.992188
3.172576,0.03125,-0.046875,1.023438
3.172902,0.039062,-0.054688,1.007812
3.173228,0.078125,-0.125,0.992188
3.173554,0.03125,-0.054688,0.984375
3.17388,0.0625,-0.085938,0.929688
3.174206,0.054688,-0.046875,0.992188
3.174532,0.039062,-0.070312,1.0
3.174858,0.046875,-0.046875,0.992188
3.175184,0.0,-0.039062,0.945312
3.17551,0.0625,-0.0625,1.015625
3.175835,0.015625,-0.054688,0.96875
3.176161,0.039062,-0.0625,1.0
3.176487,0.054688,-0.101562,0.992188
3.176813,0.070312,-0.054688,0.976562
3.177139,0.054688,-0.054688,1.0
3.177465,0.0,-0.085938,0.960938
3.177791,0.0,-0.054688,0.96875
3.178117,0.03125,-0.070312,0.992188
3.178443,0.039062,-0.0625,0.992188
3.178769,0.007812,-0.070312,0.953125
3.179095,0.03125,-0.054688,0.976562
3.179421,0.015625,-0.078125,0.96875
3.179747,0.054688,-0.101562,1.0
3.180073,0.054688,-0.070312,0.984375
3.180398,0.039062,-0.054688,0.984375
3.180724,0.023438,-0.039062,0.984375
3.18105,0.03125,-0.085938,0.945312
3.181376,0.054688,-0.046875,0.992188
3.181702,0.039062,-0.046875,0.96875
3.182028,0.023438,-0.070312,0.953125
3.182354,0.03125,-0.046875,0.992188
3.18268,0.039062,-0.054688,1.015625
3.183006,0.03125,-0.0625,0.960938
3.183332,0.015625,-0.085938,0.976562
3.183658,0.054688,-0.054688,1.007812
3.183984,0.070312,-0.085938,1.0
3.18431,0.023438,-0.0625,1.015625
3.184636,0.078125,-0.09375,1.0
3.184961,0.054688,-0.03125,1.0
3.185287,0.085938,-0.046875,1.023438
3.185613,0.023438,-0.0625,0.960938
3.185939,0.070312,-0.039062,0.984375
3.186265,0.054688,-0.101562,0.992188
3.186591,0.015625,-0.054688,0.976562
3.186917,0.078125,-0.117188,0.984375
3.187243,0.039062,-0.070312,0.976562
3.187569,0.054688,-0.0625,1.0
3.187895,0.054688,-0.09375,0.976562
3.188221,0.054688,-0.117188,0.976562
3.188547,0.03125,-0.117188,1.0
3.188873,0.023438,-0.0625,0.992188
3.189198,0.054688,-0.070312,1.007812
3.189524,0.03125,-0.101562,0.960938
3.18985,0.023438,-0.078125,0.984375
3.190176,0.054688,-0.039062,0.992188
3.190502,0.054688,-0.101562,0.976562
3.190828,0.023438,-0.070312,0.96875
3.191154,0.0625,-0.0625,0.984375
3.19148,0.054688,-0.117188,0.984375
3.191806,0.0625,-0.070312,0.984375
3.192132,0.023438,-0.070312,0.992188
3.192458,0.03125,-0.078125,0.992188
3.192784,0.039062,-0.054688,1.007812
3.19311,0.046875,-0.070312,0.953125
3.193436,0.039062,-0.039062,1.007812
3.193761,0.03125,-0.085938,0.984375
3.194087,0.070312,-0.039062,0.984375
3.194413,0.03125,-0.101562,1.007812
3.194739,0.03125,-0.039062,0.992188
3.195065,0.023438,-0.046875,0.921875
3.195391,0.039062,-0.0625,1.0
3.195717,0.03125,-0.085938,0.960938
3.196043,0.023438,-0.070312,1.0
3.196369,0.046875,-0.070312,0.992188
3.196695,0.039062,-0.054688,0.96875
3.197021,0.0,-0.046875,0.945312
3.197347,0.023438,-0.085938,0.960938
3.197673,0.039062,-0.078125,0.984375
3.197999,0.007812,-0.023438,1.0
3.198324,0.023438,-0.0625,1.0
3.19865,0.054688,-0.09375,0.984375
3.198976,0.054688,-0.0625,0.960938
3.199302,0.039062,-0.070312,1.0
3.199628,0.046875,-0.101562,0.992188
3.199954,0.054688,-0.0625,1.007812
3.20028,0.023438,-0.085938,0.96875
3.200606,0.070312,-0.101562,1.0
3.200932,0.039062,-0.070312,0.992188
3.201258,0.007812,-0.0625,0.992188
3.201584,0.0625,-0.054688,0.992188
3.20191,0.0625,-0.039062,1.007812
3.202236,0.054688,-0.078125,0.953125
3.202562,0.007812,-0.0625,1.007812
3.202887,0.046875,-0.078125,0.992188
3.203213,0.054688,-0.070312,1.007812
3.203539,0.0,-0.039062,1.0
3.203865,0.054688,-0.054688,0.992188
3.204191,0.0625,-0.070312,0.960938
3.204517,0.054688,-0.117188,1.0
3.204843,0.039062,-0.078125,1.015625
3.205169,0.023438,-0.054688,0.992188
3.205495,0.070312,-0.015625,1.0
3.205821,0.03125,-0.070312,1.0
3.206147,0.054688,-0.078125,0.976562
3.206473,0.078125,-0.070312,0.953125
3.206799,0.046875,-0.0625,0.945312
3.207124,0.070312,-0.078125,0.96875
3.20745,0.085938,-0.0625,0.992188
3.207776,0.0625,-0.070312,0.976562
3.208102,0.0625,-0.070312,1.007812
3.208428,0.054688,-0.117188,0.992188
3.208754,0.054688,-0.0625,0.960938
3.20908,0.054688,-0.085938,0.96875
3.209406,0.0,-0.109375,0.96875
3.209732,0.03125,-0.085938,1.0
3.210058,0.070312,-0.101562,1.015625
3.210384,0.03125,-0.039062,0.960938
3.21071,0.0,-0.0625,0.953125
3.211036,0.046875,-0.101562,1.0
3.211362,0.0,-0.046875,0.976562
3.211687,0.03125,-0.0625,0.976562
3.212013,0.007812,-0.070312,0.945312
3.212339,0.015625,-0.078125,0.96875
3.212665,0.054688,-0.070312,1.023438
3.212991,0.0625,-0.0625,1.023438
3.213317,0.023438,-0.054688,0.96875
3.213643,0.03125,-0.023438,0.992188
3.213969,0.039062,-0.070312,0.960938
3.214295,0.054688,-0.101562,0.992188
3.214621,0.054688,-0.023438,0.945312
3.214947,0.054688,-0.054688,0.96875
3.215273,0.023438,-0.101562,0.945312
3.215599,0.023438,-0.054688,1.0
3.215925,0.046875,-0.109375,1.023438
3.21625,0.070312,-0.078125,1.023438
3.216576,0.0625,-0.039062,0.96875
3.216902,0.023438,-0.070312,0.960938
3.217228,0.03125,-0.0625,0.953125
3.217554,0.070312,-0.101562,0.953125
3.21788,0.0625,-0.09375,0.96875
3.218206,0.015625,-0.078125,1.015625
3.218532,0.03125,-0.054688,0.984375
3.218858,0.054688,-0.0625,1.0
3.219184,0.046875,-0.125,0.984375
3.21951,0.03125,-0.054688,0.96875
3.219836,0.054688,-0.078125,0.992188
3.220162,0.070312,-0.0625,1.0
3.220488,0.023438,-0.054688,1.015625
3.220813,0.03125,-0.070312,1.023438
3.221139,0.054688,-0.085938,0.992188
3.221465,0.007812,-0.101562,1.0
3.221791,0.054688,-0.046875,0.960938
3.222117,0.023438,-0.0625,0.992188
3.222443,0.039062,-0.054688,1.0
3.222769,0.039062,-0.039062,0.992188
3.223095,0.0625,-0.039062,0.960938
3.223421,0.015625,-0.054688,0.976562
3.223747,0.007812,-0.085938,0.976562
3.224073,0.007812,-0.054688,0.992188
3.224399,0.007812,-0.039062,0.984375
3.224725,0.023438,-0.070312,0.929688
3.22505,0.054688,-0.085938,0.96875
3.225376,0.0625,-0.09375,0.984375
3.225702,0.007812,-0.070312,0.945312
3.226028,0.054688,-0.03125,1.0
3.226354,0.039062,-0.070312,1.0
3.22668,0.078125,-0.070312,0.984375
3.227006,0.054688,-0.070312,1.039062
3.227332,0.039062,-0.085938,0.96875
3.227658,0.023438,-0.0625,0.992188
3.227984,0.039062,-0.085938,0.96875
3.22831,0.039062,-0.070312,0.953125
3.228636,0.015625,-0.039062,0.945312
3.228962,0.03125,-0.085938,0.992188
3.229288,0.023438,-0.101562,1.0
3.229613,0.046875,-0.078125,0.992188
3.229939,0.015625,-0.0625,0.929688
3.230265,0.039062,-0.078125,0.960938
3.230591,0.0,-0.046875,0.976562
3.230917,0.070312,-0.0625,0.953125
3.231243,0.046875,-0.070312,1.015625
3.231569,0.03125,-0.070312,0.976562
3.231895,0.007812,-0.101562,0.9375
3.232221,0.03125,-0.085938,0.992188
3.232547,0.007812,-0.054688,0.960938
3.232873,0.0625,-0.085938,1.0
3.233199,0.054688,-0.023438,0.960938
3.233525,0.03125,-0.070312,1.0
3.233851,0.03125,-0.117188,1.0
3.234176,0.023438,-0.085938,1.0
3.234502,0.023438,-0.078125,0.96875
3.234828,0.070312,-0.078125,1.0
3.235154,0.046875,-0.070312,1.023438
3.23548,0.046875,-0.0625,0.992188
3.235806,0.046875,-0.054688,0.992188
3.236132,0.023438,-0.078125,1.0
3.236458,0.039062,-0.039062,0.984375
3.236784,0.0625,-0.101562,1.015625
3.23711,0.046875,-0.085938,0.992188
3.237436,0.085938,-0.0625,1.0
3.237762,0.023438,-0.070312,0.96875
3.238088,0.023438,-0.046875,1.0
3.238414,0.023438,-0.085938,1.023438
3.238739,0.054688,-0.046875,1.023438
3.239065,0.039062,-0.078125,0.992188
3.239391,0.039062,-0.046875,0.960938
3.239717,0.023438,-0.0625,0.992188
3.240043,0.03125,-0.070312,0.945312
3.240369,0.0,-0.070312,0.960938
3.240695,0.039062,-0.085938,1.0
3.241021,0.0625,-0.0625,1.0
3.241347,0.078125,-0.078125,0.960938
3.241673,0.0625,-0.070312,1.0
3.241999,0.03125,-0.085938,1.0
3.242325,0.046875,-0.085938,0.960938
3.242651,0.046875,-0.09375,0.960938
3.242976,0.039062,-0.0625,0.984375
3.243302,0.078125,-0.070312,0.992188
3.243628,0.007812,-0.117188,0.945312
3.243954,0.03125,-0.070312,0.960938
3.24428,0.03125,-0.09375,0.976562
3.244606,0.078125,-0.070312,0.976562
3.244932,0.023438,-0.101562,0.929688
3.245258,0.046875,-0.0625,0.992188
3.245584,0.007812,-0.0625,0.96875
3.24591,0.015625,-0.054688,0.992188
3.246236,0.023438,-0.070312,1.046875
3.246562,0.015625,-0.070312,0.976562
3.246888,0.046875,-0.070312,0.992188
3.247214,0.007812,-0.09375,1.0
3.247539,0.046875,-0.023438,1.0
3.247865,0.023438,-0.0625,0.992188
3.248191,0.023438,-0.085938,0.96875
3.248517,0.039062,-0.0625,0.96875
3.248843,0.015625,-0.054688,1.0
3.249169,0.054688,-0.078125,0.984375
3.249495,0.03125,-0.007812,1.0
3.249821,0.046875,-0.039062,0.960938
3.250147,0.03125,-0.054688,0.992188
3.250473,0.054688,-0.03125,1.0
3.250799,0.054688,-0.09375,1.015625
3.251125,0.0,-0.039062,0.976562
3.251451,0.0,-0.09375,0.992188
3.251777,0.054688,-0.09375,0.96875
3.252102,0.0,-0.09375,0.992188
3.252428,0.0,-0.070312,1.023438
3.252754,0.0625,-0.046875,1.015625
3.25308,0.039062,-0.03125,0.976562
3.253406,0.0,-0.054688,0.984375
3.253732,0.054688,-0.0625,0.960938
3.254058,0.0,-0.085938,1.007812
3.254384,0.054688,-0.078125,1.0
3.25471,0.0625,-0.078125,0.984375
3.255036,0.03125,-0.09375,1.0
3.255362,0.015625,-0.054688,0.992188
3.255688,0.023438,-0.070312,0.9375
3.256014,0.085938,-0.09375,1.0
3.25634,0.0,-0.070312,1.03125
3.256665,0.007812,-0.054688,0.9375
3.256991,0.03125,-0.09375,0.992188
3.257317,0.007812,-0.054688,1.0
3.257643,0.0,-0.085938,1.023438
3.257969,0.0625,-0.070312,1.0
3.258295,0.039062,-0.023438,0.945312
3.258621,0.039062,-0.070312,1.023438
3.258947,0.054688,-0.039062,0.9375
3.259273,0.054688,-0.09375,1.0
3.259599,0.054688,-0.078125,1.0
3.259925,0.039062,-0.039062,0.984375
3.260251,0.023438,-0.09375,0.96875
3.260577,0.054688,-0.015625,0.992188
3.260903,0.039062,-0.078125,0.976562
3.261228,0.046875,-0.0625,0.992188
3.261554,0.054688,-0.054688,0.976562
3.26188,0.085938,-0.070312,0.984375
3.262206,0.03125,-0.09375,0.992188
3.262532,0.03125,-0.070312,0.984375
3.262858,0.015625,-0.09375,0.976562
3.263184,0.054688,-0.078125,0.96875
3.26351,0.015625,-0.054688,1.0
3.263836,0.015625,-0.101562,1.0
3.264162,0.007812,-0.109375,0.976562
3.264488,0.007812,-0.0625,0.953125
3.264814,0.054688,-0.09375,0.976562
3.26514,0.039062,-0.0625,0.992188
3.265465,0.0625,-0.054688,1.0
3.265791,0.039062,-0.0625,0.992188
3.266117,0.046875,-0.054688,1.023438
3.266443,0.03125,-0.085938,0.945312
3.266769,0.023438,-0.046875,1.0
3.267095,0.054688,-0.0625,0.96875
3.267421,0.023438,-0.046875,0.960938
3.267747,0.054688,-0.09375,0.96875
3.268073,0.054688,-0.101562,0.976562
3.268399,0.023438,-0.046875,1.03125
3.268725,0.039062,-0.070312,1.015625
3.269051,0.023438,-0.046875,1.007812
3.269377,0.046875,-0.101562,1.03125
3.269703,0.0625,-0.101562,0.984375
3.270028,0.039062,-0.109375,0.976562
3.270354,0.117188,-0.0625,0.992188
3.27068,0.054688,-0.023438,1.0
3.271006,0.039062,-0.007812,0.96875
3.271332,0.0625,-0.070312,0.960938
3.271658,0.046875,-0.0625,0.976562
3.271984,0.039062,-0.109375,0.960938
3.27231,0.039062,-0.0625,0.984375
3.272636,0.03125,-0.101562,0.960938
3.272962,0.070312,-0.101562,1.007812
3.273288,0.007812,-0.070312,0.96875
3.273614,0.03125,-0.039062,0.953125
3.27394,0.03125,-0.054688,0.96875
3.274266,0.007812,-0.054688,0.960938
3.274591,0.03125,-0.039062,0.96875
3.274917,0.039062,-0.078125,1.0
3.275243,0.0,-0.070312,1.015625
3.275569,0.023438,-0.070312,0.960938
3.275895,0.054688,-0.085938,1.0
3.276221,0.046875,-0.09375,1.007812
3.276547,0.023438,-0.101562,0.992188
3.276873,0.0625,-0.101562,1.0
3.277199,0.085938,-0.0625,1.007812
3.277525,0.023438,-0.054688,1.0
3.277851,0.054688,-0.070312,1.015625
3.278177,0.054688,-0.054688,0.960938
3.278503,0.03125,-0.070312,1.007812
3.278829,0.0,-0.078125,1.0
3.279154,0.046875,-0.078125,1.007812
3.27948,0.054688,-0.101562,0.984375
3.279806,0.015625,-0.0625,0.976562
3.280132,0.046875,-0.085938,0.976562
3.280458,0.023438,-0.046875,1.007812
3.280784,0.015625,-0.085938,0.976562
3.28111,0.0625,-0.054688,0.992188
3.281436,0.0,-0.078125,0.992188
3.281762,0.0625,-0.09375,1.015625
3.282088,0.039062,-0.078125,0.960938
3.282414,0.046875,-0.09375,0.9375
3.28274,0.046875,-0.078125,1.007812
3.283066,0.054688,-0.0625,0.984375
3.283391,0.023438,-0.09375,0.992188
3.283717,0.023438,-0.070312,0.96875
3.284043,0.015625,-0.070312,1.0
3.284369,0.0625,-0.046875,1.0
3.284695,0.054688,-0.070312,1.0
3.285021,0.023438,-0.09375,0.953125
3.285347,0.007812,-0.0625,0.984375
3.285673,0.039062,-0.054688,0.96875
3.285999,0.070312,-0.0625,0.992188
3.286325,0.007812,-0.101562,0.96875
3.286651,0.0,-0.078125,0.960938
3.286977,0.054688,-0.101562,0.960938
3.287303,0.023438,-0.054688,0.992188
3.287629,0.054688,-0.085938,1.0
3.287954,0.023438,-0.039062,0.945312
3.28828,0.070312,-0.054688,0.992188
3.288606,0.054688,-0.046875,1.0
3.288932,0.015625,-0.09375,1.0
3.289258,0.03125,-0.101562,1.0
3.289584,0.039062,-0.078125,1.0
3.28991,0.054688,-0.039062,1.015625
3.290236,0.039062,-0.070312,1.007812
3.290562,0.03125,-0.0625,0.9375
3.290888,0.070312,-0.078125,0.992188
3.291214,0.007812,-0.054688,0.96875
3.29154,0.054688,-0.09375,1.015625
3.291866,0.015625,-0.046875,0.976562
3.292192,0.0625,-0.085938,1.023438
3.292517,0.03125,-0.0625,1.0
3.292843,0.023438,-0.046875,0.976562
3.293169,0.03125,-0.054688,0.96875
3.293495,0.023438,-0.0625,1.0
3.293821,0.007812,-0.0625,0.992188
3.294147,0.03125,-0.101562,0.992188
3.294473,0.007812,-0.046875,0.984375
3.294799,0.007812,-0.0625,0.960938
3.295125,0.070312,-0.078125,0.96875
3.295451,0.015625,-0.0625,1.007812
3.295777,0.023438,-0.0625,0.992188
3.296103,0.046875,-0.0625,1.007812
3.296429,0.0625,-0.085938,0.992188
3.296755,0.078125,-0.0625,0.984375
3.29708,0.0,-0.054688,0.976562
3.297406,0.054688,-0.117188,0.96875
3.297732,0.023438,-0.070312,0.984375
3.298058,0.046875,-0.078125,0.929688
3.298384,0.039062,-0.0625,0.96875
3.29871,0.039062,-0.117188,1.023438
3.299036,0.039062,-0.09375,1.007812
3.299362,0.054688,-0.085938,1.015625
3.299688,0.03125,-0.09375,1.03125
3.300014,0.054688,-0.09375,0.96875
3.30034,0.023438,-0.085938,0.953125
3.300666,0.039062,-0.085938,1.039062
3.300992,0.054688,-0.078125,0.984375
3.301317,0.039062,-0.054688,0.984375
3.301643,0.03125,-0.070312,1.0
3.301969,0.023438,-0.046875,0.953125
3.302295,0.015625,-0.039062,1.015625
3.302621,0.015625,-0.054688,0.960938
3.302947,0.070312,-0.101562,1.015625
3.303273,0.0,-0.109375,0.960938
3.303599,0.0625,-0.085938,0.984375
3.303925,0.007812,-0.085938,0.992188
3.304251,0.03125,-0.039062,0.96875
3.304577,0.0,-0.039062,0.953125
3.304903,0.039062,-0.078125,1.0
3.305229,0.03125,-0.070312,0.992188
3.305555,0.0625,-0.078125,0.953125
3.30588,0.03125,-0.101562,0.945312
3.306206,0.046875,-0.101562,1.007812
3.306532,0.070312,-0.0625,0.976562
3.306858,0.054688,-0.054688,0.960938
3.307184,0.054688,-0.085938,1.007812
3.30751,0.046875,-0.078125,1.007812
3.307836,0.054688,-0.054688,1.0
3.308162,0.054688,-0.109375,0.945312
3.308488,0.054688,-0.054688,0.960938
3.308814,0.039062,-0.054688,0.976562
3.30914,0.03125,-0.085938,1.007812
3.309466,0.023438,-0.0625,0.96875
3.309792,0.054688,-0.085938,1.0
3.310118,0.0625,-0.109375,1.039062
3.310443,0.070312,-0.0625,1.03125
3.310769,0.023438,-0.054688,0.992188
3.311095,0.03125,-0.03125,1.039062
3.311421,0.023438,-0.039062,0.976562
3.311747,0.023438,-0.0625,0.96875
3.312073,0.0625,-0.0625,1.0
3.312399,0.054688,-0.078125,1.0
3.312725,0.070312,-0.078125,1.0
3.313051,0.015625,-0.054688,0.96875
3.313377,0.0625,-0.039062,0.976562
3.313703,0.039062,-0.09375,0.96875
3.314029,0.03125,-0.078125,0.992188
3.314355,0.023438,-0.085938,1.0
3.314681,0.046875,-0.070312,0.960938
3.315006,0.054688,-0.0625,0.976562
3.315332,0.0625,-0.09375,0.984375
3.315658,0.0625,-0.109375,1.007812
3.315984,0.070312,-0.078125,1.007812
3.31631,0.054688,-0.070312,0.992188
3.316636,0.015625,-0.054688,1.0
3.316962,0.070312,-0.117188,0.984375
3.317288,0.039062,-0.09375,0.96875
3.317614,0.054688,-0.085938,0.984375
3.31794,0.054688,-0.078125,0.984375
3.318266,0.023438,-0.117188,0.984375
3.318592,0.0,-0.007812,1.0
3.318918,0.023438,-0.039062,0.9375
3.319243,0.023438,-0.085938,0.976562
3.319569,0.03125,-0.039062,0.945312
3.319895,0.0625,-0.132812,0.992188
3.320221,0.046875,-0.078125,0.976562
3.320547,0.0,-0.101562,1.0
3.320873,0.054688,-0.070312,0.953125
3.321199,0.070312,-0.0625,1.0
3.321525,0.046875,-0.039062,0.992188
3.321851,0.03125,-0.101562,1.03125
3.322177,0.007812,-0.039062,0.960938
3.322503,0.078125,-0.0625,0.992188
3.322829,0.046875,-0.085938,0.992188
3.323155,0.046875,-0.09375,0.992188
3.323481,0.054688,-0.085938,0.984375
3.323806,0.023438,-0.046875,1.0
3.324132,0.054688,-0.078125,0.992188
3.324458,0.054688,-0.109375,0.992188
3.324784,0.023438,-0.078125,0.953125
3.32511,0.054688,-0.070312,0.929688
3.325436,0.046875,-0.085938,0.96875
3.325762,0.054688,-0.0625,1.0
3.326088,0.03125,-0.101562,1.0
3.326414,0.039062,-0.0625,0.953125
3.32674,0.03125,-0.070312,0.992188
3.327066,0.085938,-0.085938,1.007812
3.327392,0.039062,-0.039062,1.0
3.327718,0.078125,-0.0625,1.015625
3.328044,0.007812,-0.023438,0.9375
3.328369,0.070312,-0.117188,0.984375
3.328695,0.03125,-0.0625,1.007812
3.329021,0.070312,-0.039062,0.960938
3.329347,0.070312,-0.070312,0.96875
3.329673,0.023438,-0.078125,0.992188
3.329999,0.046875,-0.046875,0.976562
3.330325,0.046875,-0.09375,0.992188
3.330651,0.03125,-0.085938,0.945312
3.330977,0.015625,-0.039062,1.0
3.331303,0.023438,-0.101562,1.0
3.331629,0.039062,-0.039062,0.960938
3.331955,0.0625,-0.054688,0.96875
3.332281,0.03125,-0.070312,1.0
3.332607,0.0625,-0.101562,0.992188
3.332932,0.015625,-0.09375,1.023438
3.333258,0.054688,-0.070312,1.0
3.333584,0.070312,-0.117188,1.0
3.33391,0.070312,-0.09375,0.992188
3.334236,0.070312,-0.117188,0.984375
3.334562,0.070312,-0.117188,1.0
3.334888,0.03125,-0.046875,0.976562
3.335214,0.0625,-0.070312,0.945312
3.33554,0.039062,-0.09375,0.976562
3.335866,0.054688,-0.0625,1.007812
3.336192,0.046875,-0.0625,0.984375
3.336518,0.03125,-0.054688,1.0
3.336844,0.046875,-0.078125,0.960938
3.337169,0.015625,-0.101562,1.0
3.337495,0.023438,-0.054688,0.976562
3.337821,0.054688,-0.109375,0.992188
3.338147,0.015625,-0.070312,0.960938
3.338473,0.054688,-0.054688,0.984375
3.338799,0.046875,-0.070312,0.992188
3.339125,0.0625,-0.117188,1.0
3.339451,0.0625,-0.070312,0.992188
3.339777,0.03125,-0.09375,0.96875
3.340103,0.03125,-0.0625,0.976562
3.340429,0.046875,-0.070312,0.992188
3.340755,0.046875,-0.0625,0.976562
3.341081,0.03125,-0.101562,1.0
3.341407,0.023438,-0.09375,0.960938
3.341732,0.054688,-0.046875,0.992188
3.342058,0.054688,-0.070312,0.992188
3.342384,0.054688,-0.054688,0.9375
3.34271,0.0,-0.054688,0.9375
3.343036,0.023438,-0.078125,1.046875
3.343362,0.0625,-0.070312,1.0
3.343688,0.007812,-0.015625,0.9375
3.344014,0.015625,-0.03125,0.953125
3.34434,0.039062,-0.054688,0.945312
3.344666,0.0625,-0.054688,0.992188
3.344992,0.015625,-0.046875,0.992188
3.345318,0.046875,-0.070312,0.945312
3.345644,0.007812,-0.046875,1.0
3.34597,0.0625,-0.09375,0.96875
3.346295,0.046875,-0.070312,0.976562
3.346621,0.03125,-0.0625,0.984375
3.346947,0.023438,-0.054688,0.953125
3.347273,0.070312,-0.046875,1.023438
3.347599,0.0625,-0.09375,1.0
3.347925,0.0,-0.054688,0.984375
3.348251,0.039062,-0.070312,0.96875
3.348577,0.03125,-0.0625,0.984375
3.348903,0.03125,-0.085938,1.0
3.349229,0.039062,-0.046875,0.976562
3.349555,0.015625,-0.039062,0.9375
3.349881,0.015625,-0.09375,0.976562
3.350207,0.039062,-0.046875,1.0
3.350533,0.023438,-0.101562,0.992188
3.350858,0.070312,-0.070312,0.96875
3.351184,0.039062,-0.070312,1.007812
3.35151,0.039062,-0.09375,0.960938
3.351836,0.054688,-0.070312,0.96875
3.352162,0.054688,-0.109375,0.976562
3.352488,0.070312,-0.039062,0.960938
3.352814,0.046875,-0.023438,1.0
3.35314,0.03125,-0.085938,0.953125
3.353466,0.0625,-0.046875,1.0
3.353792,0.0,-0.09375,1.0
3.354118,0.054688,-0.085938,1.007812
3.354444,0.046875,-0.109375,1.054688
3.35477,0.054688,-0.09375,0.984375
3.355095,0.015625,-0.0625,0.96875
3.355421,0.007812,-0.070312,0.96875
3.355747,0.023438,-0.085938,0.960938
3.356073,0.03125,-0.078125,0.96875
3.356399,0.015625,-0.078125,0.984375
3.356725,0.039062,-0.09375,0.992188
3.357051,0.039062,-0.085938,0.984375
3.357377,0.0,-0.054688,0.992188
3.357703,0.039062,-0.070312,1.007812
3.358029,0.0,-0.046875,0.976562
3.358355,0.039062,-0.0625,0.976562
3.358681,0.007812,-0.0625,0.976562
3.359007,0.054688,-0.09375,0.960938
3.359333,0.054688,-0.078125,0.945312
3.359658,0.023438,-0.085938,1.0
3.359984,0.023438,-0.09375,0.953125
3.36031,0.023438,-0.0625,1.0
3.360636,0.054688,-0.03125,1.0
3.360962,0.023438,-0.085938,1.0
3.361288,0.023438,-0.070312,1.0
3.361614,0.023438,-0.070312,1.0
3.36194,0.023438,-0.085938,1.0
3.362266,0.023438,-0.085938,0.984375
3.362592,0.0625,-0.078125,0.96875
3.362918,0.03125,-0.078125,0.96875
3.363244,0.023438,-0.03125,0.992188
3.36357,0.023438,-0.078125,0.960938
3.363896,0.046875,-0.070312,0.992188
3.364221,0.023438,-0.101562,0.96875
3.364547,0.007812,-0.039062,0.96875
3.364873,0.015625,-0.09375,0.976562
3.365199,0.039062,-0.0625,0.976562
3.365525,0.046875,-0.054688,1.0
3.365851,0.023438,-0.078125,1.0
3.366177,0.03125,-0.085938,1.0
3.366503,0.039062,-0.070312,0.984375
3.366829,0.015625,-0.101562,1.0
3.367155,0.054688,-0.101562,0.960938
3.367481,0.03125,-0.085938,1.0
3.367807,0.023438,-0.054688,0.976562
3.368133,0.039062,-0.078125,0.960938
3.368459,0.054688,-0.085938,1.0
3.368784,0.03125,-0.0625,0.976562
3.36911,0.03125,-0.09375,0.96875
3.369436,0.046875,-0.085938,0.992188
3.369762,0.0625,-0.09375,0.96875
3.370088,0.023438,-0.085938,1.007812
3.370414,0.0625,-0.039062,1.007812
3.37074,0.03125,-0.0625,0.953125
3.371066,0.0625,-0.101562,0.960938
3.371392,0.03125,-0.070312,0.960938
3.371718,0.054688,-0.0625,1.007812
3.372044,0.039062,-0.054688,1.0
3.37237,0.046875,-0.046875,0.96875
3.372696,0.03125,-0.078125,0.992188
3.373021,0.023438,-0.070312,1.007812
3.373347,0.039062,-0.0625,0.960938
3.373673,0.0625,-0.070312,1.0
3.373999,0.015625,-0.085938,0.960938
3.374325,0.039062,-0.070312,1.0
3.374651,0.054688,-0.078125,0.984375
3.374977,0.039062,-0.078125,0.976562
3.375303,0.085938,-0.101562,0.976562
3.375629,0.03125,-0.0625,1.0
3.375955,0.023438,-0.070312,1.0
3.376281,0.03125,-0.101562,0.992188
3.376607,0.054688,-0.0625,0.992188
3.376933,0.023438,-0.046875,0.96875
3.377259,0.054688,-0.070312,1.0
3.377584,0.046875,-0.0625,0.976562
3.37791,0.046875,-0.039062,0.953125
3.378236,0.039062,-0.078125,0.984375
3.378562,0.054688,-0.078125,0.953125
3.378888,0.023438,-0.085938,1.0
3.379214,0.046875,-0.0625,1.015625
3.37954,0.054688,-0.046875,1.015625
3.379866,0.078125,-0.078125,0.96875
3.380192,0.023438,-0.0625,0.929688
3.380518,0.0625,-0.070312,0.984375
3.380844,0.070312,-0.0625,1.0
3.38117,0.039062,-0.101562,0.984375
3.381496,0.039062,-0.03125,0.976562
3.381822,0.039062,-0.054688,0.976562
3.382147,0.046875,-0.070312,0.992188
3.382473,0.03125,-0.117188,0.992188
3.382799,0.039062,-0.078125,0.992188
3.383125,0.023438,-0.132812,1.046875
3.383451,0.0,-0.085938,0.992188
3.383777,0.0,-0.09375,0.984375
3.384103,0.007812,-0.070312,0.960938
3.384429,0.054688,-0.046875,0.898438
3.384755,0.054688,-0.09375,1.0
3.385081,0.046875,-0.054688,0.929688
3.385407,0.023438,-0.09375,1.0
3.385733,0.03125,-0.023438,1.007812
3.386059,0.023438,-0.070312,0.976562
3.386385,0.0625,-0.078125,0.976562
3.38671,0.0625,-0.125,0.992188
3.387036,0.078125,-0.117188,0.992188
3.387362,0.0625,-0.101562,1.046875
3.387688,0.023438,-0.039062,0.984375
3.388014,0.046875,-0.070312,0.976562
3.38834,0.039062,-0.054688,0.984375
3.388666,0.007812,-0.125,0.992188
3.388992,0.03125,-0.039062,0.96875
3.389318,0.03125,-0.109375,1.039062
3.389644,0.015625,-0.085938,0.960938
3.38997,0.039062,-0.0625,1.0
3.390296,0.039062,-0.070312,0.96875
3.390622,0.09375,-0.039062,0.960938
3.390947,0.0625,-0.0625,1.023438
3.391273,0.015625,-0.0625,0.953125
3.391599,0.007812,-0.046875,1.0
3.391925,0.015625,-0.046875,0.976562
3.392251,0.007812,-0.007812,0.976562
3.392577,0.046875,-0.03125,0.929688
3.392903,0.023438,-0.070312,0.984375
3.393229,0.023438,-0.070312,0.96875
3.393555,0.023438,-0.023438,0.96875
3.393881,0.054688,-0.054688,1.0
3.394207,0.054688,-0.085938,1.0
3.394533,0.054688,-0.078125,0.9375
3.394859,0.0,-0.0625,0.984375
3.395185,0.0,-0.0625,0.976562
3.39551,0.0,-0.125,0.960938
3.395836,0.007812,-0.101562,0.96875
3.396162,0.085938,-0.085938,0.96875
3.396488,0.023438,-0.03125,0.960938
3.396814,0.046875,-0.09375,1.0
3.39714,0.054688,-0.085938,0.96875
3.397466,0.015625,-0.070312,0.992188
3.397792,0.085938,-0.070312,0.96875
3.398118,0.015625,-0.070312,0.984375
3.398444,0.007812,-0.109375,1.0
3.39877,0.039062,-0.070312,0.960938
3.399096,0.039062,-0.085938,0.984375
3.399422,0.046875,-0.070312,0.945312
3.399748,0.0625,-0.070312,0.960938
3.400073,0.007812,-0.070312,0.992188
3.400399,0.054688,-0.0625,0.992188
3.400725,0.023438,-0.078125,1.007812
3.401051,0.046875,-0.046875,0.96875
3.401377,0.046875,-0.078125,0.96875
3.401703,0.09375,-0.09375,0.96875
3.402029,0.023438,-0.0625,0.945312
3.402355,0.046875,-0.09375,0.96875
3.402681,0.078125,-0.085938,0.984375
3.403007,0.023438,-0.085938,0.960938
3.403333,0.070312,-0.085938,0.945312
3.403659,0.0,-0.0625,0.953125
3.403985,0.039062,-0.046875,1.0
3.404311,0.039062,-0.09375,0.953125
3.404636,0.046875,-0.054688,0.992188
3.404962,0.046875,-0.085938,1.0
3.405288,0.039062,-0.140625,1.007812
3.405614,0.015625,-0.0625,0.984375
3.40594,0.046875,-0.101562,0.992188
3.406266,0.03125,-0.109375,1.0
3.406592,0.0625,-0.109375,1.007812
3.406918,0.023438,-0.09375,1.007812
3.407244,0.0625,-0.085938,1.03125
3.40757,0.046875,-0.046875,1.007812
3.407896,0.03125,-0.085938,1.0
3.408222,0.085938,-0.070312,0.992188
3.408548,0.054688,-0.023438,1.0
3.408873,0.0,-0.070312,1.0
3.409199,0.046875,-0.078125,1.0
3.409525,0.03125,-0.078125,0.992188
3.409851,0.054688,-0.070312,1.0
3.410177,0.023438,-0.054688,0.945312
3.410503,0.023438,-0.078125,0.96875
3.410829,0.0625,-0.085938,1.0
3.411155,0.039062,-0.132812,0.992188
3.411481,0.03125,-0.0625,1.007812
3.411807,0.070312,-0.09375,0.96875
3.412133,0.015625,-0.070312,0.984375
3.412459,0.046875,-0.078125,0.992188
3.412785,0.070312,-0.09375,0.992188
3.413111,0.054688,-0.039062,0.992188
3.413436,0.039062,-0.054688,0.976562
3.413762,0.023438,-0.070312,0.945312
3.414088,0.039062,-0.0625,0.960938
3.414414,0.023438,-0.078125,1.0
3.41474,0.039062,-0.054688,1.007812
3.415066,0.046875,-0.070312,1.023438
3.415392,0.0625,-0.078125,1.023438
3.415718,0.023438,-0.054688,1.0
3.416044,0.0625,-0.070312,1.007812
3.41637,0.070312,-0.070312,0.945312
3.416696,0.007812,-0.070312,1.0
3.417022,0.054688,-0.0625,0.992188
3.417348,0.03125,-0.0625,0.953125
3.417674,0.03125,-0.054688,0.960938
3.417999,0.039062,-0.054688,1.0
3.418325,0.03125,-0.046875,1.0
3.418651,0.039062,-0.046875,0.960938
3.418977,0.03125,-0.078125,0.945312
3.419303,0.03125,-0.0625,0.96875
3.419629,0.070312,-0.070312,0.96875
3.419955,0.023438,-0.078125,0.96875
3.420281,0.039062,-0.054688,1.023438
3.420607,0.046875,-0.085938,0.992188
3.420933,0.054688,-0.046875,1.039062
3.421259,0.023438,-0.070312,1.023438
3.421585,0.007812,-0.0625,0.960938
3.421911,0.03125,-0.09375,0.960938
3.422237,0.015625,-0.078125,0.992188
3.422562,0.023438,-0.070312,0.960938
3.422888,0.046875,-0.070312,0.976562
3.423214,0.03125,-0.070312,1.007812
3.42354,0.03125,-0.054688,1.0
3.423866,0.0625,-0.046875,1.015625
3.424192,0.078125,-0.085938,0.976562
3.424518,0.0625,-0.054688,0.976562
3.424844,0.03125,-0.085938,0.953125
3.42517,0.03125,-0.03125,0.976562
3.425496,0.039062,-0.0625,0.976562
3.425822,0.046875,-0.046875,0.960938
3.426148,0.039062,-0.0625,0.9375
3.426474,0.015625,-0.0625,1.0
3.426799,0.054688,-0.101562,1.039062
3.427125,0.0625,-0.101562,1.015625
3.427451,0.039062,-0.039062,0.960938
3.427777,0.015625,-0.070312,0.96875
3.428103,0.023438,-0.070312,0.96875
3.428429,0.023438,-0.078125,0.976562
3.428755,0.03125,-0.0625,0.976562
3.429081,0.015625,-0.046875,0.96875
3.429407,0.023438,-0.078125,1.0
3.429733,0.039062,-0.070312,0.960938
3.430059,0.046875,-0.078125,0.96875
3.430385,0.070312,-0.085938,0.984375
3.430711,0.039062,-0.070312,0.992188
3.431037,0.007812,-0.070312,1.0
3.431362,0.015625,-0.101562,0.984375
3.431688,0.054688,-0.0625,0.976562
3.432014,0.039062,-0.085938,0.960938
3.43234,0.023438,-0.039062,0.953125
3.432666,0.046875,-0.070312,1.0
3.432992,0.023438,-0.078125,0.976562
3.433318,0.046875,-0.09375,0.976562
3.433644,0.046875,-0.085938,1.0
3.43397,0.03125,-0.101562,0.992188
3.434296,0.039062,-0.070312,0.953125
3.434622,0.054688,-0.070312,0.960938
3.434948,0.007812,-0.03125,0.992188
3.435274,0.0625,-0.0625,0.976562
3.4356,0.015625,-0.0625,0.984375
3.435925,0.039062,-0.046875,0.992188
3.436251,0.015625,-0.046875,1.0
3.436577,0.023438,-0.023438,1.023438
3.436903,0.03125,-0.101562,0.992188
3.437229,0.0,-0.09375,0.984375
3.437555,0.054688,-0.085938,0.976562
3.437881,0.039062,-0.023438,0.96875
3.438207,0.054688,-0.023438,0.9375
3.438533,0.023438,-0.054688,0.96875
3.438859,0.03125,-0.109375,1.0
3.439185,0.039062,-0.046875,1.015625
3.439511,0.023438,-0.070312,0.984375
3.439837,0.039062,-0.039062,1.023438
3.440163,0.054688,-0.09375,0.960938
3.440488,0.0625,-0.070312,0.984375
3.440814,0.046875,-0.078125,0.976562
3.44114,0.023438,-0.046875,0.984375
3.441466,0.054688,-0.09375,1.007812
3.441792,0.023438,-0.046875,0.960938
3.442118,0.0,-0.0625,0.976562
3.442444,0.015625,-0.109375,1.023438
3.44277,0.03125,-0.070312,1.007812
3.443096,0.046875,-0.070312,1.0
3.443422,0.015625,-0.039062,0.992188
3.443748,0.070312,-0.039062,0.984375
3.444074,0.054688,-0.070312,0.960938
3.4444,0.054688,-0.0625,0.976562
3.444725,0.085938,-0.070312,1.015625
3.445051,0.0625,-0.039062,0.945312
3.445377,0.046875,-0.046875,0.945312
3.445703,0.054688,-0.046875,1.007812
3.446029,0.039062,-0.085938,0.960938
3.446355,0.015625,-0.0625,0.992188
3.446681,0.085938,-0.117188,0.992188
3.447007,0.0625,-0.078125,0.9375
3.447333,0.0625,-0.117188,1.039062
3.447659,0.007812,-0.070312,1.0
3.447985,0.023438,-0.109375,0.953125
3.448311,0.03125,-0.078125,0.96875
3.448637,0.039062,-0.085938,1.0
3.448963,0.015625,-0.085938,0.960938
3.449288,0.015625,-0.054688,0.960938
3.449614,0.015625,-0.0625,0.984375
3.44994,0.046875,-0.117188,0.984375
3.450266,0.0,-0.039062,0.984375
3.450592,0.03125,-0.070312,0.945312
3.450918,0.023438,-0.054688,0.96875
3.451244,0.023438,-0.070312,1.0
3.45157,0.054688,-0.070312,0.976562
3.451896,0.03125,-0.046875,0.96875
3.452222,0.046875,-0.0625,0.960938
3.452548,0.03125,-0.046875,1.0
3.452874,0.0,-0.046875,0.984375
3.4532,0.015625,-0.085938,0.953125
3.453526,0.046875,-0.054688,0.992188
3.453851,0.070312,-0.0625,0.992188
3.454177,0.039062,-0.0625,0.984375
3.454503,0.023438,-0.085938,0.953125
3.454829,0.070312,-0.085938,0.976562
3.455155,0.015625,-0.046875,0.96875
3.455481,0.054688,-0.117188,1.007812
3.455807,0.023438,-0.078125,0.984375
3.456133,0.015625,-0.039062,0.945312
3.456459,0.0625,-0.0625,0.945312
3.456785,0.015625,-0.070312,0.960938
3.457111,0.046875,-0.070312,1.015625
3.457437,0.007812,-0.046875,0.9375
3.457763,0.070312,-0.039062,0.953125
3.458089,0.054688,-0.054688,0.984375
3.458414,0.03125,-0.03125,1.0
3.45874,0.039062,-0.023438,0.992188
3.459066,0.0625,-0.085938,0.992188
3.459392,0.03125,-0.03125,1.03125
3.459718,0.0625,-0.09375,0.992188
3.460044,0.070312,-0.09375,0.953125
3.46037,0.070312,-0.0625,0.992188
3.460696,0.054688,-0.109375,1.03125
3.461022,0.054688,-0.070312,0.984375
3.461348,0.023438,-0.0625,0.953125
3.461674,0.039062,-0.0625,0.992188
3.462,0.054688,-0.078125,0.984375
3.462326,0.046875,-0.0625,0.984375
3.462651,0.085938,-0.117188,1.007812
3.462977,0.023438,-0.078125,1.0
3.463303,0.070312,-0.078125,1.039062
3.463629,0.015625,-0.078125,1.023438
3.463955,0.023438,-0.046875,1.03125
3.464281,0.0,-0.039062,0.953125
3.464607,0.0625,-0.039062,1.0
3.464933,0.023438,-0.078125,0.984375
3.465259,0.078125,-0.101562,1.007812
3.465585,0.039062,-0.078125,1.0
3.465911,0.078125,-0.054688,0.992188
3.466237,0.0625,-0.078125,1.023438
3.466563,0.046875,-0.039062,1.007812
3.466889,0.0625,-0.023438,0.976562
3.467214,0.039062,-0.054688,0.992188
3.46754,0.023438,-0.085938,0.984375
3.467866,0.054688,-0.0625,0.96875
3.468192,0.023438,-0.046875,1.0
3.468518,0.007812,-0.085938,0.929688
3.468844,0.046875,-0.078125,0.976562
3.46917,0.046875,-0.0625,0.984375
3.469496,0.03125,-0.0625,0.984375
3.469822,0.023438,-0.054688,0.96875
3.470148,0.0,-0.085938,0.992188
3.470474,0.007812,-0.054688,0.976562
3.4708,0.015625,-0.101562,0.992188
3.471126,0.039062,-0.085938,1.007812
3.471452,0.023438,-0.070312,0.976562
3.471777,0.0,-0.0625,0.960938
3.472103,0.046875,-0.085938,0.96875
3.472429,0.054688,-0.039062,0.960938
3.472755,0.023438,-0.0625,0.984375
3.473081,0.03125,-0.085938,0.953125
3.473407,0.070312,-0.109375,0.984375
3.473733,0.039062,-0.085938,0.96875
3.474059,0.046875,-0.0625,0.96875
3.474385,0.039062,-0.078125,0.960938
3.474711,0.03125,-0.117188,1.0
3.475037,0.0625,-0.101562,0.96875
3.475363,0.03125,-0.03125,1.0
3.475689,0.03125,-0.109375,0.992188
3.476015,0.039062,-0.0625,0.992188
3.47634,0.0625,-0.054688,0.953125
3.476666,0.007812,-0.085938,0.960938
3.476992,0.046875,-0.085938,0.992188
3.477318,0.070312,-0.109375,1.007812
3.477644,0.046875,-0.085938,0.992188
3.47797,0.039062,-0.070312,0.96875
3.478296,0.054688,-0.09375,0.984375
3.478622,0.046875,-0.078125,0.984375
3.478948,0.078125,-0.039062,0.984375
3.479274,0.0625,-0.039062,0.945312
3.4796,0.054688,-0.109375,0.9375
3.479926,0.054688,-0.0625,1.0
3.480252,0.054688,-0.054688,1.0
3.480577,0.078125,-0.117188,1.0
3.480903,0.054688,-0.085938,1.0
3.481229,0.0625,-0.078125,0.984375
3.481555,0.007812,-0.078125,0.992188
3.481881,0.03125,-0.054688,1.0
3.482207,0.0625,-0.054688,0.960938
3.482533,0.046875,-0.070312,1.0
3.482859,0.046875,-0.0625,1.0
3.483185,0.039062,-0.039062,0.945312
3.483511,0.054688,-0.078125,0.984375
3.483837,0.054688,-0.101562,0.984375
3.484163,0.023438,-0.070312,0.992188
3.484489,0.03125,-0.085938,0.984375
3.484815,0.007812,-0.039062,0.976562
3.48514,0.03125,-0.085938,0.960938
3.485466,0.007812,-0.046875,1.0
3.485792,0.09375,-0.085938,0.953125
3.486118,0.023438,-0.085938,1.0
3.486444,0.039062,-0.054688,1.0
3.48677,0.03125,-0.078125,0.984375
3.487096,0.039062,-0.0625,0.9375
3.487422,0.046875,-0.0625,0.945312
3.487748,0.023438,-0.0625,0.929688
3.488074,0.03125,-0.054688,0.96875
3.4884,0.015625,-0.054688,1.0
3.488726,0.039062,-0.0625,0.992188
3.489052,0.078125,-0.070312,1.023438
3.489378,0.03125,-0.046875,0.945312
3.489703,0.0,-0.070312,1.007812
3.490029,0.0,-0.0625,0.992188
3.490355,0.039062,-0.0625,0.945312
3.490681,0.039062,-0.085938,0.984375
3.491007,0.0625,-0.0625,0.960938
3.491333,0.0625,-0.054688,1.03125
3.491659,0.054688,-0.085938,0.96875
3.491985,0.046875,-0.046875,0.96875
3.492311,0.054688,-0.078125,0.9375
3.492637,0.039062,-0.085938,0.992188
3.492963,0.023438,-0.070312,0.992188
3.493289,0.03125,-0.125,1.039062
3.493615,0.039062,-0.046875,0.976562
3.493941,0.023438,-0.03125,1.0
3.494266,0.023438,-0.039062,0.96875
3.494592,0.015625,-0.03125,0.945312
3.494918,0.046875,-0.070312,0.96875
3.495244,0.046875,-0.0625,0.984375
3.49557,0.007812,-0.101562,0.96875
3.495896,0.054688,-0.09375,0.984375
3.496222,0.039062,-0.03125,0.992188
3.496548,0.015625,-0.054688,0.992188
3.496874,0.054688,-0.085938,0.992188
3.4972,0.085938,-0.070312,0.960938
3.497526,0.03125,-0.101562,1.015625
3.497852,0.054688,-0.054688,0.992188
3.498178,0.007812,-0.023438,0.914062
3.498503,0.054688,-0.070312,0.960938
3.498829,0.015625,-0.109375,0.992188
3.499155,0.007812,-0.109375,0.992188
3.499481,0.054688,-0.09375,0.992188
3.499807,0.085938,-0.125,1.023438
3.500133,0.054688,-0.0625,0.953125
3.500459,0.078125,-0.070312,0.96875
3.500785,0.023438,-0.039062,1.0
3.501111,0.015625,-0.039062,1.0
3.501437,0.046875,-0.039062,1.0
3.501763,0.078125,-0.0625,0.960938
3.502089,0.085938,-0.070312,0.976562
3.502415,0.023438,-0.0625,0.984375
3.502741,0.039062,-0.046875,0.984375
3.503066,0.023438,-0.085938,1.015625
3.503392,0.015625,-0.0625,1.0
3.503718,0.039062,-0.0625,1.0
3.504044,0.03125,-0.054688,0.960938
3.50437,0.0625,-0.101562,0.945312
3.504696,0.0625,-0.0625,0.976562
3.505022,0.039062,-0.09375,1.0
3.505348,0.0,-0.070312,1.0
3.505674,0.0,-0.0625,1.007812
3.506,0.007812,-0.046875,1.023438
3.506326,0.015625,-0.007812,1.023438
3.506652,0.054688,-0.070312,0.945312
3.506978,0.0625,-0.101562,0.960938
3.507304,0.0625,-0.101562,0.96875
3.507629,0.054688,-0.054688,1.0
3.507955,0.039062,-0.03125,0.992188
3.508281,0.054688,-0.0625,1.0
3.508607,0.023438,-0.046875,1.015625
3.508933,0.0625,-0.101562,0.953125
3.509259,0.015625,-0.09375,1.0
3.509585,0.0,-0.085938,0.976562
3.509911,0.054688,-0.0625,1.007812
3.510237,0.046875,-0.09375,0.9375
3.510563,0.03125,-0.085938,0.992188
3.510889,0.046875,-0.054688,0.992188
3.511215,0.03125,-0.0625,0.960938
3.511541,0.03125,-0.101562,0.992188
3.511867,0.054688,-0.078125,1.007812
3.512192,0.0,-0.101562,0.976562
3.512518,0.03125,-0.070312,0.96875
3.512844,0.046875,-0.070312,0.945312
3.51317,0.023438,-0.046875,0.992188
3.513496,0.0,-0.0625,0.945312
3.513822,0.007812,-0.054688,0.992188
3.514148,0.015625,-0.09375,1.0
3.514474,0.054688,-0.039062,0.945312
3.5148,0.054688,-0.054688,0.992188
3.515126,0.03125,-0.039062,0.96875
3.515452,0.007812,-0.101562,1.0
3.515778,0.078125,-0.09375,0.960938
3.516104,0.070312,-0.0625,1.0
3.516429,0.015625,-0.085938,1.0
3.516755,0.03125,-0.054688,0.992188
3.517081,0.03125,-0.101562,1.0
3.517407,0.054688,-0.0625,0.976562
3.517733,0.054688,-0.09375,0.992188
3.518059,0.03125,-0.046875,0.984375
3.518385,0.023438,-0.0625,0.992188
3.518711,0.0625,-0.117188,0.976562
3.519037,0.0625,-0.078125,0.9375
3.519363,0.0625,-0.046875,0.976562
3.519689,0.023438,-0.078125,0.953125
3.520015,0.03125,-0.046875,1.007812
3.520341,0.046875,-0.03125,1.0
3.520667,0.03125,-0.070312,0.992188
3.520992,0.015625,-0.054688,0.976562
3.521318,0.03125,-0.078125,0.960938
3.521644,0.039062,-0.078125,1.007812
3.52197,0.054688,-0.101562,0.953125
3.522296,0.054688,-0.101562,0.992188
3.522622,0.054688,-0.085938,0.984375
3.522948,0.007812,-0.039062,0.96875
3.523274,0.015625,-0.054688,0.945312
3.5236,0.039062,-0.0625,0.992188
3.523926,0.039062,-0.054688,0.992188
3.524252,0.039062,-0.109375,0.96875
3.524578,0.015625,-0.078125,1.0
3.524904,0.046875,-0.070312,1.0
3.52523,0.039062,-0.054688,0.945312
3.525555,0.039062,-0.054688,0.992188
3.525881,0.015625,-0.085938,0.984375
3.526207,0.039062,-0.070312,0.984375
3.526533,0.070312,-0.070312,0.921875
3.526859,0.007812,-0.054688,0.960938
3.527185,0.023438,-0.039062,0.992188
3.527511,0.03125,-0.0625,1.0
3.527837,0.03125,-0.046875,0.992188
3.528163,0.015625,-0.0625,1.0
3.528489,0.046875,-0.046875,1.0
3.528815,0.046875,-0.085938,0.945312
3.529141,0.007812,-0.085938,0.960938
3.529467,0.03125,-0.03125,0.96875
3.529793,0.046875,-0.046875,0.9375
3.530118,0.007812,-0.085938,0.96875
3.530444,0.046875,-0.09375,0.984375
3.53077,0.0625,-0.0625,0.9375
3.531096,0.046875,-0.046875,1.0
3.531422,0.015625,-0.054688,0.960938
3.531748,0.03125,-0.015625,0.984375
3.532074,0.054688,-0.0625,1.023438
3.5324,0.0,-0.101562,0.96875
3.532726,0.03125,-0.078125,1.0
3.533052,0.023438,-0.101562,0.96875
3.533378,0.085938,-0.09375,1.023438
3.533704,0.070312,-0.101562,0.96875
3.53403,0.015625,-0.070312,1.0
3.534355,0.054688,-0.085938,0.9375
3.534681,0.03125,-0.0625,0.945312
3.535007,0.046875,-0.101562,0.96875
3.535333,0.054688,-0.0625,1.007812
3.535659,0.0625,-0.054688,1.0
3.535985,0.03125,-0.09375,0.976562
3.536311,0.039062,-0.039062,0.992188
3.536637,0.070312,-0.046875,0.984375
3.536963,0.023438,-0.070312,1.0
3.537289,0.054688,-0.09375,0.976562
3.537615,0.0,-0.046875,1.0
3.537941,0.023438,-0.078125,0.992188
3.538267,0.03125,-0.0625,0.945312
3.538593,0.03125,-0.085938,0.945312
3.538918,0.015625,-0.046875,0.984375
3.539244,0.03125,-0.03125,1.0
3.53957,0.054688,-0.085938,0.992188
3.539896,0.054688,-0.03125,1.0
3.540222,0.039062,-0.054688,1.007812
3.540548,0.03125,-0.085938,0.953125
3.540874,0.046875,-0.09375,1.0
3.5412,0.054688,-0.039062,0.992188
3.541526,0.03125,-0.078125,1.007812
3.541852,0.046875,-0.0625,1.007812
3.542178,0.0625,-0.070312,0.9375
3.542504,0.070312,-0.085938,1.007812
3.54283,0.054688,-0.046875,0.984375
3.543156,0.03125,-0.101562,0.953125
3.543481,0.054688,-0.085938,0.992188
3.543807,0.03125,-0.070312,0.992188
3.544133,0.0625,-0.070312,0.96875
3.544459,0.054688,-0.09375,1.0
3.544785,0.023438,-0.0625,0.984375
3.545111,0.0625,-0.070312,0.953125
3.545437,0.0625,-0.0625,0.953125
3.545763,0.0625,-0.0625,0.96875
3.546089,0.023438,-0.117188,1.015625
3.546415,0.046875,-0.070312,0.960938
3.546741,0.03125,-0.070312,1.054688
3.547067,0.039062,-0.039062,0.953125
3.547393,0.046875,-0.03125,0.96875
3.547719,0.070312,-0.039062,0.9375
3.548044,0.039062,-0.007812,0.953125
3.54837,0.054688,-0.046875,1.007812
3.548696,0.054688,-0.09375,0.992188
3.549022,0.054688,-0.070312,0.96875
3.549348,0.015625,-0.0625,0.945312
3.549674,0.03125,-0.046875,0.9375
3.55,0.039062,-0.101562,0.96875
3.550326,0.03125,-0.078125,0.984375
3.550652,0.0,-0.085938,0.945312
3.550978,0.0625,-0.054688,1.0
3.551304,0.046875,-0.0625,0.96875
3.55163,0.046875,-0.101562,1.0
3.551956,0.054688,-0.09375,0.960938
3.552281,0.0625,-0.0625,0.9375
3.552607,0.023438,-0.101562,1.0
3.552933,0.015625,-0.039062,1.0
3.553259,0.0625,-0.054688,0.984375
3.553585,0.0625,-0.046875,0.96875
3.553911,0.070312,-0.0625,0.992188
3.554237,0.046875,-0.046875,0.984375
3.554563,0.070312,-0.070312,0.953125
3.554889,0.046875,-0.023438,0.992188
3.555215,0.015625,-0.070312,1.0
3.555541,0.023438,-0.03125,1.0
3.555867,0.0625,-0.070312,1.015625
3.556193,0.070312,-0.085938,0.984375
3.556519,0.023438,-0.078125,0.96875
3.556844,0.007812,-0.125,0.992188
3.55717,0.023438,-0.046875,1.007812
3.557496,0.070312,-0.109375,0.976562
3.557822,0.046875,-0.070312,0.992188
3.558148,0.0625,-0.085938,1.007812
3.558474,0.0,-0.0625,0.992188
3.5588,0.046875,-0.070312,0.992188
3.559126,0.046875,-0.046875,0.984375
3.559452,0.023438,-0.109375,1.0
3.559778,0.054688,-0.070312,1.0
3.560104,0.015625,-0.117188,0.992188
3.56043,0.046875,-0.054688,1.023438
3.560756,0.039062,-0.0625,1.0
3.561082,0.03125,-0.078125,0.992188
3.561407,0.0625,-0.109375,1.007812
3.561733,0.070312,-0.070312,0.992188
3.562059,0.054688,-0.0625,0.953125
3.562385,0.054688,-0.054688,0.96875
3.562711,0.03125,-0.085938,0.96875
3.563037,0.054688,-0.070312,0.945312
3.563363,0.054688,-0.054688,0.992188
3.563689,0.054688,-0.117188,1.0
3.564015,0.039062,-0.070312,1.0
3.564341,0.054688,-0.070312,0.984375
3.564667,0.023438,-0.085938,1.0
3.564993,0.015625,-0.054688,1.0
3.565319,0.023438,-0.078125,0.992188
3.565645,0.03125,-0.0625,1.0
3.56597,0.039062,-0.070312,0.945312
3.566296,0.015625,-0.070312,1.0
3.566622,0.023438,-0.070312,1.0
3.566948,0.03125,-0.0625,1.0
3.567274,0.054688,-0.101562,1.007812
3.5676,0.070312,-0.101562,0.96875
3.567926,0.039062,-0.070312,1.007812
3.568252,0.007812,-0.085938,0.992188
3.568578,0.054688,-0.046875,1.007812
3.568904,0.0625,-0.0625,1.039062
3.56923,0.023438,-0.046875,0.953125
3.569556,0.03125,-0.085938,1.007812
3.569882,0.039062,-0.0625,0.953125
3.570207,0.03125,-0.109375,0.976562
3.570533,0.015625,-0.046875,0.992188
3.570859,0.023438,-0.085938,0.992188
3.571185,0.054688,-0.085938,1.0
3.571511,0.0,-0.101562,0.9375
3.571837,0.007812,-0.078125,0.976562
3.572163,0.015625,-0.054688,0.960938
3.572489,0.0625,-0.078125,1.007812
3.572815,0.03125,-0.109375,0.960938
3.573141,0.039062,-0.039062,0.992188
3.573467,0.007812,-0.070312,0.976562
3.573793,0.03125,-0.039062,0.953125
3.574119,0.03125,-0.070312,0.9375
3.574445,0.054688,-0.085938,0.976562
3.57477,0.023438,-0.046875,0.992188
3.575096,0.054688,-0.085938,0.953125
3.575422,0.03125,-0.0625,0.992188
3.575748,0.007812,-0.046875,0.976562
3.576074,0.039062,-0.101562,1.007812
3.5764,0.054688,-0.0625,0.96875
3.576726,0.054688,-0.078125,1.007812
3.577052,0.023438,-0.0625,0.976562
3.577378,0.039062,-0.039062,0.992188
3.577704,0.03125,-0.085938,1.0
3.57803,0.054688,-0.0625,0.984375
3.578356,0.070312,-0.054688,0.945312
3.578682,0.0625,-0.0625,1.007812
3.579008,0.03125,-0.054688,1.015625
3.579333,0.0625,-0.117188,1.0
3.579659,0.03125,-0.09375,1.023438
3.579985,0.046875,-0.09375,1.007812
3.580311,0.054688,-0.109375,1.0
3.580637,0.046875,-0.0625,0.976562
3.580963,0.046875,-0.101562,0.992188
3.581289,0.039062,-0.070312,0.992188
3.581615,0.078125,-0.101562,1.0
3.581941,0.03125,-0.132812,1.023438
3.582267,0.03125,-0.0625,1.007812
3.582593,0.03125,-0.078125,1.007812
3.582919,0.015625,-0.054688,0.960938
3.583245,0.054688,-0.0625,1.0
3.583571,0.070312,-0.0625,1.015625
3.583896,0.0625,-0.101562,0.992188
3.584222,0.0625,-0.09375,0.984375
3.584548,0.03125,-0.09375,0.984375
3.584874,0.046875,-0.070312,0.984375
3.5852,0.0,-0.070312,0.945312
3.585526,0.023438,-0.09375,1.0
3.585852,0.046875,-0.09375,1.0
3.586178,0.054688,-0.117188,0.960938
3.586504,0.054688,-0.070312,0.945312
3.58683,0.054688,-0.09375,0.953125
3.587156,0.03125,-0.085938,1.0
3.587482,0.054688,-0.09375,0.984375
3.587808,0.0,0.0,0.992188
3.588133,0.0625,-0.085938,1.015625
3.588459,0.039062,-0.070312,1.0
3.588785,0.023438,-0.039062,1.023438
3.589111,0.046875,-0.101562,1.0
3.589437,0.070312,-0.0625,0.992188
3.589763,0.046875,-0.046875,0.992188
3.590089,0.023438,-0.09375,0.96875
3.590415,0.007812,-0.046875,0.992188
3.590741,0.03125,-0.085938,1.0
3.591067,0.03125,-0.039062,1.007812
3.591393,0.03125,-0.046875,0.984375
3.591719,0.03125,-0.054688,0.984375
3.592045,0.023438,-0.078125,1.0
3.592371,0.046875,-0.09375,1.007812
3.592696,0.023438,-0.054688,0.976562
3.593022,0.0625,-0.085938,0.992188
3.593348,0.054688,-0.054688,1.0
3.593674,0.015625,-0.0625,0.984375
3.594,0.0,-0.070312,0.992188
3.594326,0.015625,-0.070312,0.984375
3.594652,0.039062,-0.078125,0.984375
3.594978,0.007812,-0.0625,0.929688
3.595304,0.015625,-0.039062,0.953125
3.59563,0.007812,-0.078125,1.007812
3.595956,0.007812,-0.09375,0.960938
3.596282,0.046875,-0.09375,1.0
3.596608,0.09375,-0.023438,0.992188
3.596934,0.070312,-0.078125,1.0
3.597259,0.0625,-0.054688,0.992188
3.597585,0.054688,-0.046875,0.96875
3.597911,0.023438,-0.085938,0.953125
3.598237,0.039062,-0.085938,1.0
3.598563,0.023438,-0.070312,1.007812
3.598889,0.046875,-0.070312,0.984375
3.599215,0.03125,-0.054688,1.007812
3.599541,0.078125,-0.0625,0.992188
3.599867,0.023438,-0.054688,1.0
3.600193,0.0625,-0.09375,0.945312
3.600519,0.046875,-0.0625,1.023438
3.600845,0.023438,-0.09375,1.0
3.601171,0.03125,-0.09375,0.960938
3.601497,0.054688,-0.039062,0.9375
3.601822,0.039062,-0.09375,0.9375
3.602148,0.023438,-0.109375,0.929688
3.602474,0.046875,-0.070312,0.992188
3.6028,0.015625,-0.046875,0.953125
3.603126,0.070312,-0.070312,1.023438
3.603452,0.054688,-0.085938,0.945312
3.603778,0.0625,-0.09375,0.960938
3.604104,0.054688,-0.046875,0.992188
3.60443,0.015625,-0.09375,0.96875
3.604756,0.046875,-0.054688,0.960938
3.605082,0.03125,-0.070312,0.992188
3.605408,0.046875,-0.0625,1.015625
3.605734,0.039062,-0.039062,0.984375
3.606059,0.03125,-0.0625,0.992188
3.606385,0.039062,-0.070312,0.96875
3.606711,0.03125,-0.09375,1.0
3.607037,0.023438,-0.046875,1.0
3.607363,0.0,-0.039062,0.992188
3.607689,0.039062,-0.0625,0.953125
3.608015,0.007812,-0.09375,1.0
3.608341,0.007812,-0.054688,0.960938
3.608667,0.046875,-0.09375,1.0
3.608993,0.039062,-0.054688,0.960938
3.609319,0.015625,-0.0625,0.953125
3.609645,0.039062,-0.085938,1.0
3.609971,0.0625,-0.078125,0.96875
3.610297,0.070312,-0.117188,0.992188
3.610622,0.023438,-0.054688,0.992188
3.610948,0.0,-0.09375,0.960938
3.611274,0.046875,-0.109375,0.976562
3.6116,0.054688,-0.0625,0.960938
3.611926,0.03125,-0.085938,0.992188
3.612252,0.023438,-0.046875,0.984375
3.612578,0.015625,-0.0625,0.976562
3.612904,0.046875,-0.101562,1.0
3.61323,0.046875,-0.078125,0.992188
3.613556,0.007812,-0.054688,0.945312
3.613882,0.046875,-0.085938,0.984375
3.614208,0.054688,-0.046875,0.960938
3.614534,0.054688,-0.046875,1.0
3.61486,0.054688,-0.09375,1.0
3.615185,0.007812,-0.109375,1.0
3.615511,0.015625,-0.046875,0.960938
3.615837,0.039062,-0.046875,0.960938
3.616163,0.054688,-0.078125,0.984375
3.616489,0.039062,-0.046875,0.960938
3.616815,0.023438,-0.070312,1.007812
3.617141,0.046875,-0.0625,0.96875
3.617467,0.0625,-0.085938,1.0
3.617793,0.054688,-0.054688,1.007812
3.618119,0.054688,-0.078125,0.960938
3.618445,0.054688,-0.109375,0.953125
3.618771,0.039062,-0.054688,0.992188
3.619097,0.023438,-0.078125,0.976562
3.619423,0.03125,-0.070312,0.984375
3.619748,0.03125,-0.039062,1.015625
3.620074,0.023438,-0.085938,0.960938
3.6204,0.03125,-0.0625,0.992188
3.620726,0.046875,-0.039062,0.976562
3.621052,0.046875,-0.09375,0.976562
3.621378,0.007812,-0.0625,1.015625
3.621704,0.0625,-0.085938,0.984375
3.62203,0.023438,-0.070312,0.960938
3.622356,0.039062,-0.070312,1.0
3.622682,0.054688,-0.085938,0.976562
3.623008,0.0,-0.054688,0.992188
3.623334,0.023438,-0.117188,0.976562
3.62366,0.039062,-0.085938,0.992188
3.623985,0.054688,-0.046875,0.9375
3.624311,0.03125,-0.054688,0.984375
3.624637,0.054688,-0.117188,0.992188
3.624963,0.039062,-0.109375,0.992188
3.625289,0.039062,-0.046875,1.023438
3.625615,0.007812,-0.0625,1.046875
3.625941,0.054688,-0.0625,0.984375
3.626267,0.023438,-0.046875,1.0
3.626593,0.039062,-0.054688,0.992188
3.626919,0.0625,-0.078125,0.921875
3.627245,0.039062,-0.078125,0.992188
3.627571,0.03125,-0.09375,0.992188
3.627897,0.03125,-0.054688,1.0
3.628223,0.0625,-0.0625,1.015625
3.628548,0.015625,-0.054688,0.953125
3.628874,0.070312,-0.054688,0.984375
3.6292,0.039062,-0.109375,1.007812
3.629526,0.054688,-0.078125,0.992188
3.629852,0.007812,-0.078125,0.992188
3.630178,0.015625,-0.0625,0.960938
3.630504,0.054688,-0.125,1.0
3.63083,0.015625,-0.101562,1.007812
3.631156,0.054688,-0.085938,0.992188
3.631482,0.015625,-0.09375,1.0
3.631808,0.054688,-0.054688,1.015625
3.632134,0.046875,-0.085938,0.984375
3.63246,0.023438,-0.0625,0.9375
3.632786,0.046875,-0.117188,1.0
3.633111,0.0,-0.078125,0.992188
3.633437,0.023438,-0.070312,0.984375
3.633763,0.054688,-0.046875,0.992188
3.634089,0.023438,-0.078125,0.945312
3.634415,0.007812,-0.03125,0.96875
3.634741,0.070312,-0.0625,0.976562
3.635067,0.070312,-0.054688,0.992188
3.635393,0.03125,-0.039062,0.976562
3.635719,0.054688,-0.0625,0.96875
3.636045,0.039062,-0.101562,0.96875
3.636371,0.0625,-0.054688,0.984375
3.636697,0.0,-0.078125,0.96875
3.637023,0.03125,-0.085938,1.046875
3.637349,0.007812,-0.0625,0.992188
3.637674,0.054688,-0.054688,0.96875
3.638,0.046875,-0.078125,0.96875
3.638326,0.007812,-0.046875,0.992188
3.638652,0.0625,-0.070312,1.015625
3.638978,0.03125,-0.085938,0.984375
3.639304,0.03125,-0.0625,0.9375
3.63963,0.054688,-0.085938,0.984375
3.639956,0.054688,-0.09375,0.976562
3.640282,0.039062,-0.085938,0.976562
3.640608,0.0625,-0.101562,1.007812
3.640934,0.0,-0.0625,0.984375
3.64126,0.023438,-0.0625,0.960938
3.641586,0.015625,-0.070312,0.96875
3.641911,0.046875,-0.054688,1.0
3.642237,0.054688,-0.09375,0.992188
3.642563,0.070312,-0.085938,0.9375
3.642889,0.023438,-0.0625,1.007812
3.643215,0.03125,-0.070312,0.976562
3.643541,0.023438,-0.101562,0.992188
3.643867,0.0625,-0.101562,1.0
3.644193,0.054688,-0.109375,1.0
3.644519,0.054688,-0.101562,1.0
3.644845,0.007812,-0.046875,0.953125
3.645171,0.023438,-0.054688,0.929688
3.645497,0.046875,-0.054688,1.007812
3.645823,0.023438,-0.054688,1.0
3.646149,0.039062,-0.054688,0.984375
3.646474,0.039062,-0.03125,0.992188
3.6468,0.070312,-0.085938,1.015625
3.647126,0.054688,-0.0625,0.976562
3.647452,0.054688,-0.054688,0.96875
3.647778,0.03125,-0.070312,0.992188
3.648104,0.03125,-0.0625,0.96875
3.64843,0.03125,-0.070312,0.945312
3.648756,0.023438,-0.09375,0.976562
3.649082,0.039062,-0.085938,0.960938
3.649408,0.007812,-0.070312,0.992188
3.649734,0.046875,-0.070312,1.0
3.65006,0.054688,-0.09375,1.0
3.650386,0.0,-0.085938,1.0
3.650712,0.0,-0.0625,0.976562
3.651037,0.046875,-0.09375,0.976562
3.651363,0.101562,-0.078125,0.953125
3.651689,0.023438,-0.078125,0.960938
3.652015,0.03125,-0.070312,1.023438
3.652341,0.039062,-0.078125,0.992188
3.652667,0.039062,-0.085938,0.976562
3.652993,0.054688,-0.070312,0.945312
3.653319,0.054688,-0.054688,0.96875
3.653645,0.046875,-0.09375,0.976562
3.653971,0.039062,-0.070312,0.992188
3.654297,0.023438,-0.085938,0.992188
3.654623,0.0625,-0.070312,0.929688
3.654949,0.039062,-0.070312,0.96875
3.655275,0.070312,-0.0625,0.992188
3.6556,0.015625,-0.0625,0.992188
3.655926,0.0625,-0.078125,0.96875
3.656252,0.015625,-0.0625,0.984375
3.656578,0.039062,-0.054688,1.0
3.656904,0.0625,-0.078125,0.992188
3.65723,0.0625,-0.070312,0.984375
3.657556,0.03125,-0.078125,0.976562
3.657882,0.046875,-0.070312,1.0
3.658208,0.078125,-0.0625,0.960938
3.658534,0.09375,-0.085938,0.96875
3.65886,0.054688,-0.070312,0.976562
3.659186,0.0625,-0.09375,0.976562
3.659512,0.046875,-0.070312,1.0
3.659837,0.039062,-0.109375,0.984375
3.660163,0.039062,-0.078125,1.0
3.660489,0.085938,-0.078125,0.96875
3.660815,0.03125,-0.101562,0.976562
3.661141,0.0625,-0.085938,0.992188
3.661467,0.039062,-0.070312,0.976562
3.661793,0.085938,-0.070312,0.992188
3.662119,0.023438,-0.085938,0.984375
3.662445,0.007812,-0.039062,0.984375
3.662771,0.054688,-0.070312,0.929688
3.663097,0.023438,-0.0625,0.984375
3.663423,0.03125,-0.109375,1.0
3.663749,0.078125,-0.09375,1.0
3.664075,0.03125,-0.078125,1.0
3.6644,0.0625,-0.09375,0.984375
3.664726,0.054688,-0.085938,1.0
3.665052,0.039062,-0.015625,0.984375
3.665378,0.0625,-0.101562,0.992188
3.665704,0.054688,-0.078125,1.007812
3.66603,0.054688,-0.109375,0.976562
3.666356,0.054688,-0.0625,0.992188
3.666682,0.0,-0.078125,1.007812
3.667008,0.039062,-0.101562,0.976562
3.667334,0.078125,-0.101562,1.0
3.66766,0.03125,-0.078125,0.929688
3.667986,0.0625,-0.070312,0.96875
3.668312,0.03125,-0.0625,0.992188
3.668638,0.039062,-0.054688,0.9375
3.668963,0.007812,-0.085938,0.976562
3.669289,0.023438,-0.085938,0.984375
3.669615,0.03125,-0.046875,0.960938
3.669941,0.078125,-0.117188,1.015625
3.670267,0.015625,-0.109375,1.03125
3.670593,0.070312,-0.09375,1.0
3.670919,0.046875,-0.0625,1.0
3.671245,0.03125,-0.0625,1.03125
3.671571,0.054688,-0.09375,1.03125
3.671897,0.03125,-0.054688,0.984375
3.672223,0.03125,-0.046875,1.054688
3.672549,0.054688,-0.09375,0.992188
3.672875,0.054688,-0.078125,0.960938
3.673201,0.070312,-0.085938,0.960938
3.673526,0.007812,-0.070312,1.007812
3.673852,0.03125,-0.0625,0.96875
3.674178,0.039062,-0.054688,0.960938
3.674504,0.039062,-0.070312,0.976562
3.67483,0.0625,-0.101562,0.953125
3.675156,0.03125,-0.09375,0.992188
3.675482,0.03125,-0.09375,1.015625
3.675808,0.0625,-0.078125,0.976562
3.676134,0.0625,-0.0625,0.984375
3.67646,0.023438,-0.015625,0.960938
3.676786,0.039062,-0.070312,0.96875
3.677112,0.023438,-0.070312,0.976562
3.677438,0.046875,-0.046875,1.015625
3.677763,0.085938,-0.070312,0.984375
3.678089,0.039062,-0.085938,0.984375
3.678415,0.054688,-0.0625,1.0
3.678741,0.078125,-0.078125,0.960938
3.679067,0.023438,-0.078125,0.960938
3.679393,0.085938,-0.09375,0.992188
3.679719,0.070312,-0.085938,1.0
3.680045,0.054688,-0.0625,0.984375
3.680371,0.078125,-0.054688,0.960938
3.680697,0.046875,-0.0625,1.0
3.681023,0.046875,-0.109375,0.992188
3.681349,0.046875,-0.0625,0.984375
3.681675,0.007812,-0.0625,0.976562
3.682001,0.054688,-0.039062,0.984375
3.682326,0.046875,-0.0625,0.992188
3.682652,0.039062,-0.117188,1.0
3.682978,0.046875,-0.0625,1.023438
3.683304,0.046875,-0.09375,1.007812
3.68363,0.03125,-0.054688,0.96875
3.683956,0.039062,-0.09375,1.015625
3.684282,0.0625,-0.117188,1.007812
3.684608,0.023438,-0.0625,0.960938
3.684934,0.046875,-0.078125,0.96875
3.68526,0.046875,-0.117188,0.992188
3.685586,0.015625,-0.023438,0.984375
3.685912,0.039062,-0.070312,0.96875
3.686238,0.046875,-0.070312,0.953125
3.686564,0.0,-0.070312,0.992188
3.686889,0.078125,-0.054688,0.992188
3.687215,0.054688,-0.0625,0.960938
3.687541,0.015625,-0.054688,0.9375
3.687867,0.007812,-0.09375,0.953125
3.688193,0.039062,-0.03125,0.96875
3.688519,0.046875,-0.03125,0.976562
3.688845,0.054688,-0.03125,0.953125
3.689171,0.023438,-0.070312,0.960938
3.689497,0.054688,-0.070312,0.929688
3.689823,0.054688,-0.054688,0.953125
3.690149,0.007812,-0.078125,0.976562
3.690475,0.039062,-0.0625,1.0
3.690801,0.070312,-0.09375,0.960938
3.691127,0.03125,-0.054688,0.953125
3.691452,0.039062,-0.078125,0.984375
3.691778,0.046875,-0.09375,0.984375
3.692104,0.03125,-0.046875,0.96875
3.69243,0.03125,-0.101562,1.0
3.692756,0.03125,-0.109375,1.007812
3.693082,0.0625,-0.078125,0.992188
3.693408,0.078125,-0.070312,1.0
3.693734,0.054688,-0.054688,0.960938
3.69406,0.007812,-0.085938,0.976562
3.694386,0.070312,-0.070312,1.0
3.694712,0.015625,-0.046875,1.015625
3.695038,0.054688,-0.054688,0.992188
3.695364,0.054688,-0.085938,1.0
3.69569,0.039062,-0.0625,0.976562
3.696015,0.054688,-0.039062,0.984375
3.696341,0.046875,-0.054688,0.992188
3.696667,0.054688,-0.078125,0.992188
3.696993,0.054688,-0.101562,1.007812
3.697319,0.03125,-0.109375,0.976562
3.697645,0.054688,-0.070312,1.0
3.697971,0.023438,-0.039062,0.96875
3.698297,0.0,-0.0625,1.0
3.698623,0.023438,-0.0625,0.992188
3.698949,0.039062,-0.078125,1.015625
3.699275,0.039062,-0.046875,0.992188
3.699601,0.015625,-0.09375,0.976562
3.699927,0.03125,-0.117188,1.007812
3.700252,0.03125,-0.054688,0.984375
3.700578,0.0625,-0.078125,0.992188
3.700904,0.046875,-0.054688,0.945312
3.70123,0.03125,-0.054688,0.992188
3.701556,0.015625,-0.078125,0.96875
3.701882,0.015625,-0.046875,0.984375
3.702208,0.039062,-0.070312,0.992188
3.702534,0.039062,-0.078125,1.046875
3.70286,0.0,-0.085938,0.953125
3.703186,0.046875,-0.078125,0.992188
3.703512,0.03125,-0.046875,1.007812
3.703838,0.054688,-0.0625,0.984375
3.704164,0.023438,-0.0625,0.992188
3.70449,0.0,-0.0625,0.992188
3.704815,0.054688,-0.070312,1.0
3.705141,0.070312,-0.078125,0.984375
3.705467,0.0,-0.09375,0.96875
3.705793,0.0,-0.070312,0.992188
3.706119,0.0625,-0.09375,0.984375
3.706445,0.070312,-0.0625,0.945312
3.706771,0.085938,-0.070312,1.046875
3.707097,0.046875,-0.0625,1.0
3.707423,0.03125,-0.070312,0.984375
3.707749,0.015625,-0.039062,0.945312
3.708075,0.054688,-0.09375,0.992188
3.708401,0.054688,-0.09375,0.976562
3.708727,0.03125,-0.070312,0.984375
3.709053,0.070312,-0.101562,1.0
3.709378,0.0625,-0.070312,1.0
3.709704,0.039062,-0.078125,0.992188
3.71003,0.046875,-0.03125,0.992188
3.710356,0.054688,-0.070312,1.0
3.710682,0.015625,-0.039062,0.9375
3.711008,0.0625,-0.09375,1.023438
3.711334,0.039062,-0.0625,0.96875
3.71166,0.007812,-0.054688,1.0
3.711986,0.007812,-0.070312,0.976562
3.712312,0.03125,-0.109375,1.0
3.712638,0.046875,-0.078125,1.023438
3.712964,0.054688,-0.0625,1.015625
3.71329,0.039062,-0.109375,0.953125
3.713616,0.039062,-0.054688,0.992188
3.713941,0.046875,-0.09375,0.992188
3.714267,0.054688,-0.054688,0.96875
3.714593,0.054688,-0.101562,1.0
3.714919,0.03125,-0.054688,0.976562
3.715245,0.039062,-0.039062,0.96875
3.715571,0.015625,-0.046875,0.976562
3.715897,0.03125,-0.078125,0.984375
3.716223,0.070312,-0.070312,0.992188
3.716549,0.054688,-0.085938,0.960938
3.716875,0.0625,-0.0625,0.976562
3.717201,0.046875,-0.070312,0.976562
3.717527,0.0,-0.125,1.0
3.717853,0.0625,-0.0625,0.992188
3.718178,0.046875,-0.070312,0.976562
3.718504,0.007812,-0.054688,0.9375
3.71883,0.03125,-0.0625,0.992188
3.719156,0.023438,-0.0625,0.96875
3.719482,0.0625,-0.046875,0.984375
3.719808,0.046875,-0.039062,0.96875
3.720134,0.054688,-0.085938,0.984375
3.72046,0.03125,-0.09375,0.992188
3.720786,0.046875,-0.054688,1.023438
3.721112,0.046875,-0.085938,0.96875
3.721438,0.03125,-0.0625,0.984375
3.721764,0.023438,-0.09375,0.984375
3.72209,0.03125,-0.054688,0.976562
3.722416,0.046875,-0.0625,0.960938
3.722741,0.015625,-0.054688,0.96875
3.723067,0.039062,-0.101562,0.945312
3.723393,0.054688,-0.09375,0.992188
3.723719,0.03125,-0.101562,0.96875
3.724045,0.054688,-0.09375,0.992188
3.724371,0.0625,-0.0625,0.9375
3.724697,0.0625,-0.070312,0.945312
3.725023,0.054688,-0.0625,0.945312
3.725349,0.007812,-0.09375,0.976562
3.725675,0.023438,-0.09375,0.984375
3.726001,0.015625,-0.09375,0.976562
3.726327,0.054688,-0.101562,1.023438
3.726653,0.054688,-0.109375,0.960938
3.726979,0.046875,-0.039062,0.992188
3.727304,0.054688,-0.09375,0.992188
3.72763,0.054688,-0.078125,1.015625
3.727956,0.03125,-0.0625,0.96875
3.728282,0.0,-0.0625,0.96875
3.728608,0.054688,-0.101562,1.015625
3.728934,0.007812,-0.070312,0.945312
3.72926,0.046875,-0.09375,0.992188
3.729586,0.03125,-0.054688,0.9375
3.729912,0.039062,-0.039062,0.984375
3.730238,0.046875,-0.054688,0.960938
3.730564,0.03125,-0.0625,0.976562
3.73089,0.046875,-0.054688,0.96875
3.731216,0.023438,-0.09375,0.992188
3.731542,0.015625,-0.054688,0.992188
3.731867,0.046875,-0.054688,0.945312
3.732193,0.015625,-0.054688,0.984375
3.732519,0.054688,-0.078125,0.960938
3.732845,0.007812,-0.054688,0.992188
3.733171,0.046875,-0.054688,1.0
3.733497,0.023438,-0.078125,1.015625
3.733823,0.039062,-0.09375,0.992188
3.734149,0.023438,-0.101562,0.992188
3.734475,0.03125,-0.085938,0.929688
3.734801,0.023438,-0.054688,0.976562
3.735127,0.039062,-0.085938,0.976562
3.735453,0.03125,-0.070312,0.992188
3.735779,0.054688,-0.0625,0.992188
3.736104,0.039062,-0.078125,0.992188
3.73643,0.046875,-0.125,0.960938
3.736756,0.015625,-0.070312,0.9375
3.737082,0.007812,-0.0625,0.976562
3.737408,0.046875,-0.0625,0.992188
3.737734,0.046875,-0.085938,0.96875
3.73806,0.015625,-0.078125,0.992188
3.738386,0.0625,-0.054688,0.984375
3.738712,0.046875,-0.070312,0.976562
3.739038,0.039062,-0.054688,0.96875
3.739364,0.03125,-0.09375,1.0
3.73969,0.015625,-0.0625,0.984375
3.740016,0.039062,-0.0625,0.992188
3.740342,0.007812,-0.03125,0.96875
3.740667,0.023438,-0.117188,0.992188
3.740993,0.078125,-0.0625,0.96875
3.741319,0.039062,-0.054688,0.953125
3.741645,0.039062,-0.070312,0.984375
3.741971,0.046875,-0.046875,0.945312
3.742297,0.023438,-0.101562,0.976562
3.742623,0.046875,-0.070312,0.96875
3.742949,0.03125,-0.078125,0.960938
3.743275,0.054688,-0.046875,1.007812
3.743601,0.03125,-0.09375,0.921875
3.743927,0.007812,-0.070312,0.960938
3.744253,0.039062,-0.0625,1.0
3.744579,0.0625,-0.085938,1.0
3.744905,0.0,-0.09375,0.960938
3.74523,0.039062,-0.054688,1.015625
3.745556,0.03125,-0.054688,0.984375
3.745882,0.046875,-0.054688,1.023438
3.746208,0.023438,-0.09375,0.976562
3.746534,0.03125,-0.039062,0.992188
3.74686,0.03125,-0.078125,1.0
3.747186,0.023438,-0.070312,0.992188
3.747512,0.039062,-0.0625,0.984375
3.747838,0.054688,-0.070312,1.0
3.748164,0.054688,-0.070312,0.976562
3.74849,0.046875,-0.0625,0.992188
3.748816,0.046875,-0.085938,0.96875
3.749142,0.039062,-0.09375,1.007812
3.749468,0.070312,-0.085938,1.007812
3.749793,0.023438,-0.078125,1.007812
3.750119,0.054688,-0.109375,0.984375
3.750445,0.023438,-0.078125,0.984375
3.750771,0.046875,-0.078125,1.023438
3.751097,0.015625,-0.03125,1.0
3.751423,0.0,-0.039062,0.976562
3.751749,0.054688,-0.054688,1.0
3.752075,0.023438,-0.070312,1.0
3.752401,0.03125,-0.070312,0.992188
3.752727,0.054688,-0.070312,0.992188
3.753053,0.039062,-0.0625,0.984375
3.753379,0.054688,-0.046875,0.96875
3.753705,0.03125,-0.085938,0.984375
3.75403,0.039062,-0.117188,1.0
3.754356,0.054688,-0.070312,1.0
3.754682,0.054688,-0.109375,0.976562
3.755008,0.03125,-0.046875,1.0
3.755334,0.039062,-0.054688,1.0
3.75566,0.023438,-0.03125,0.976562
3.755986,0.0,-0.101562,0.96875
3.756312,0.046875,-0.085938,1.007812
3.756638,0.046875,-0.125,0.992188
3.756964,0.03125,-0.101562,1.0
3.75729,0.070312,-0.0625,0.976562
3.757616,0.070312,-0.078125,0.992188
3.757942,0.023438,-0.078125,1.0
3.758268,0.046875,-0.046875,0.984375
3.758593,0.007812,-0.023438,0.976562
3.758919,0.0625,-0.085938,0.984375
3.759245,0.039062,-0.039062,1.0
3.759571,0.0,-0.078125,0.992188
3.759897,0.039062,-0.078125,0.976562
3.760223,0.0,-0.078125,0.984375
3.760549,0.046875,-0.078125,1.023438
3.760875,0.007812,-0.039062,1.0
3.761201,0.007812,-0.09375,0.992188
3.761527,0.03125,-0.101562,1.007812
3.761853,0.046875,-0.109375,1.023438
3.762179,0.070312,-0.070312,0.992188
3.762505,0.039062,-0.054688,0.96875
3.762831,0.03125,-0.070312,0.9375
3.763156,0.078125,-0.109375,0.992188
3.763482,0.0,-0.054688,0.929688
3.763808,0.039062,-0.078125,0.96875
3.764134,0.046875,-0.070312,1.023438
3.76446,0.023438,-0.070312,0.992188
3.764786,0.054688,-0.0625,0.984375
3.765112,0.085938,-0.039062,0.992188
3.765438,0.054688,-0.09375,0.976562
3.765764,0.054688,-0.109375,0.976562
3.76609,0.015625,-0.0625,0.953125
3.766416,0.070312,-0.070312,0.992188
3.766742,0.0625,-0.070312,1.007812
3.767068,0.03125,-0.054688,0.992188
3.767394,0.023438,-0.070312,0.945312
3.767719,0.0,-0.070312,0.945312
3.768045,0.015625,-0.078125,0.96875
3.768371,0.078125,-0.0625,0.976562
3.768697,0.046875,-0.054688,0.960938
3.769023,0.03125,-0.078125,0.960938
3.769349,0.03125,-0.101562,0.953125
3.769675,0.007812,-0.046875,0.984375
3.770001,0.03125,-0.039062,0.984375
3.770327,0.03125,-0.070312,0.96875
3.770653,0.039062,-0.101562,1.007812
3.770979,0.0,-0.101562,0.960938
3.771305,0.0625,-0.09375,0.992188
3.771631,0.023438,-0.101562,0.953125
3.771956,0.023438,-0.0625,0.96875
3.772282,0.0625,-0.0625,0.976562
3.772608,0.046875,-0.101562,1.023438
3.772934,0.046875,-0.054688,1.0
3.77326,0.046875,-0.070312,1.0
3.773586,0.054688,-0.070312,0.960938
3.773912,0.039062,-0.0625,0.96875
3.774238,0.039062,-0.085938,1.0
3.774564,0.03125,-0.0625,0.984375
3.77489,0.03125,-0.070312,1.0
3.775216,0.023438,-0.101562,0.984375
3.775542,0.054688,-0.085938,1.0
3.775868,0.03125,-0.109375,0.992188
3.776194,0.046875,-0.085938,0.9375
3.776519,0.039062,-0.109375,0.984375
3.776845,0.03125,-0.09375,0.960938
3.777171,0.0625,-0.117188,0.992188
3.777497,0.085938,-0.117188,0.960938
3.777823,0.023438,-0.070312,0.992188
3.778149,0.0625,-0.046875,0.976562
3.778475,0.078125,-0.070312,0.984375
3.778801,0.023438,-0.054688,0.9375
3.779127,0.0625,-0.070312,1.0
3.779453,0.007812,-0.085938,1.015625
3.779779,0.039062,-0.054688,0.984375
3.780105,0.054688,-0.070312,1.0
3.780431,0.054688,-0.09375,0.976562
3.780757,0.03125,-0.054688,1.007812
3.781082,0.03125,-0.0625,0.992188
3.781408,0.054688,-0.070312,1.0
3.781734,0.046875,-0.070312,1.0
3.78206,0.0625,-0.03125,0.960938
3.782386,0.078125,-0.070312,0.984375
3.782712,0.039062,-0.039062,1.007812
3.783038,0.0,-0.054688,0.984375
3.783364,0.039062,-0.070312,1.0
3.78369,0.0625,-0.0625,0.96875
3.784016,0.015625,-0.085938,0.96875
3.784342,0.007812,-0.054688,0.960938
3.784668,0.023438,-0.039062,0.984375
3.784994,0.015625,-0.070312,0.960938
3.78532,0.015625,-0.03125,0.976562
3.785645,0.054688,-0.085938,0.976562
3.785971,0.03125,-0.0625,0.960938
3.786297,0.03125,-0.085938,0.976562
3.786623,0.039062,-0.039062,1.0
3.786949,0.046875,-0.085938,1.007812
3.787275,0.023438,-0.078125,0.96875
3.787601,0.03125,-0.039062,0.984375
3.787927,0.054688,-0.0625,0.929688
3.788253,0.0625,-0.085938,0.960938
3.788579,0.046875,-0.0625,0.976562
3.788905,0.0625,-0.070312,0.945312
3.789231,0.046875,-0.0625,0.960938
3.789557,0.054688,-0.085938,0.976562
3.789882,0.03125,-0.078125,0.976562
3.790208,0.085938,-0.117188,0.960938
3.790534,0.015625,-0.101562,0.96875
3.79086,0.03125,-0.0625,1.0
3.791186,0.0625,-0.046875,0.96875
3.791512,0.039062,-0.085938,0.976562
3.791838,0.046875,-0.070312,0.960938
3.792164,0.085938,-0.101562,1.046875
3.79249,0.007812,-0.085938,0.992188
3.792816,0.046875,-0.070312,0.953125
3.793142,0.023438,-0.03125,0.96875
3.793468,0.0625,-0.101562,0.992188
3.793794,0.054688,-0.101562,0.992188
3.79412,0.046875,-0.09375,1.0
3.794445,0.007812,-0.054688,1.0
3.794771,0.015625,-0.085938,0.945312
3.795097,0.054688,-0.117188,1.023438
3.795423,0.03125,-0.085938,0.976562
3.795749,0.046875,-0.046875,0.960938
3.796075,0.015625,-0.078125,1.0
3.796401,0.070312,-0.085938,0.992188
3.796727,0.007812,-0.046875,0.960938
3.797053,0.054688,-0.070312,0.976562
3.797379,0.007812,-0.03125,0.984375
3.797705,0.054688,-0.039062,0.929688
3.798031,0.070312,-0.039062,0.992188
3.798357,0.023438,-0.0625,0.976562
3.798683,0.023438,-0.101562,0.953125
3.799008,0.039062,-0.085938,1.0
3.799334,0.023438,-0.070312,1.0
3.79966,0.015625,-0.03125,0.992188
3.799986,0.046875,-0.101562,0.984375
3.800312,0.101562,-0.054688,0.984375
3.800638,0.039062,-0.078125,0.960938
3.800964,0.023438,-0.0625,0.992188
3.80129,0.007812,-0.125,0.984375
3.801616,0.023438,-0.070312,0.976562
3.801942,0.039062,-0.0625,0.992188
3.802268,0.039062,-0.054688,0.992188
3.802594,0.0625,-0.101562,0.984375
3.80292,0.007812,-0.039062,0.953125
3.803246,0.015625,-0.101562,0.976562
3.803571,0.0625,-0.070312,0.984375
3.803897,0.046875,-0.09375,0.96875
3.804223,0.085938,-0.039062,1.007812
3.804549,0.023438,-0.070312,0.9375
3.804875,0.0625,-0.085938,1.007812
3.805201,0.0625,-0.085938,1.0
3.805527,0.0,-0.125,1.0
3.805853,0.0,-0.070312,0.992188
3.806179,0.039062,-0.03125,1.0
3.806505,0.03125,-0.0625,0.960938
3.806831,0.015625,-0.054688,0.984375
3.807157,0.0,-0.09375,0.984375
3.807483,0.039062,-0.085938,0.984375
3.807808,0.0,-0.023438,0.992188
3.808134,0.078125,-0.117188,1.007812
3.80846,0.023438,-0.0625,1.0
3.808786,0.054688,-0.046875,0.960938
3.809112,0.023438,-0.039062,0.945312
3.809438,0.007812,-0.070312,0.953125
3.809764,0.015625,-0.09375,0.945312
3.81009,0.070312,-0.09375,0.960938
3.810416,0.046875,-0.09375,0.960938
3.810742,0.023438,-0.070312,1.007812
3.811068,0.078125,-0.070312,0.96875
3.811394,0.023438,-0.09375,0.992188
3.81172,0.054688,-0.070312,0.992188
3.812046,0.039062,-0.078125,1.007812
3.812371,0.046875,-0.039062,0.984375
3.812697,0.078125,-0.070312,0.960938
3.813023,0.054688,-0.0625,0.992188
3.813349,0.023438,-0.070312,0.984375
3.813675,0.039062,-0.09375,0.960938
3.814001,0.085938,-0.101562,0.960938
3.814327,0.03125,-0.070312,1.015625
3.814653,0.078125,-0.101562,0.992188
3.814979,0.023438,-0.078125,0.992188
3.815305,0.054688,-0.078125,1.0
3.815631,0.039062,-0.046875,1.015625
3.815957,0.023438,-0.054688,1.007812
3.816283,0.007812,-0.039062,1.03125
3.816609,0.023438,-0.078125,0.992188
3.816934,0.0625,-0.09375,0.976562
3.81726,0.054688,-0.0625,1.0
3.817586,0.046875,-0.0625,1.0
3.817912,0.023438,-0.03125,1.0
3.818238,0.023438,-0.03125,1.0
3.818564,0.054688,-0.0625,1.0
3.81889,0.023438,-0.070312,1.039062
3.819216,0.039062,-0.101562,0.96875
3.819542,0.054688,-0.070312,0.992188
3.819868,0.03125,-0.070312,1.007812
3.820194,0.03125,-0.054688,0.96875
3.82052,0.007812,-0.085938,0.96875
3.820846,0.054688,-0.054688,0.992188
3.821172,0.03125,-0.0625,0.9375
3.821497,0.046875,-0.0625,1.0
3.821823,0.039062,-0.085938,0.96875
3.822149,0.085938,-0.070312,0.960938
3.822475,0.054688,-0.09375,1.007812
3.822801,0.0,-0.085938,0.976562
3.823127,0.03125,-0.078125,0.976562
3.823453,0.054688,-0.0625,0.96875
3.823779,0.023438,-0.09375,0.992188
3.824105,0.054688,-0.078125,0.96875
3.824431,0.0625,-0.0625,0.984375
3.824757,0.03125,-0.03125,1.0
3.825083,0.03125,-0.078125,0.984375
3.825409,0.0625,-0.039062,1.0
3.825734,0.03125,-0.101562,1.0
3.82606,0.03125,-0.070312,0.976562
3.826386,0.023438,-0.054688,0.992188
3.826712,0.0,-0.0625,0.984375
3.827038,0.054688,-0.0625,0.96875
3.827364,0.015625,-0.0625,0.976562
3.82769,0.039062,-0.046875,0.984375
3.828016,0.054688,-0.078125,0.953125
3.828342,0.015625,-0.070312,0.992188
3.828668,0.046875,-0.054688,0.992188
3.828994,0.0,-0.054688,0.945312
3.82932,0.046875,-0.109375,1.0
3.829646,0.03125,-0.101562,1.007812
3.829972,0.023438,-0.039062,1.0
3.830297,0.054688,-0.078125,1.0
3.830623,0.078125,-0.054688,0.976562
3.830949,0.023438,-0.039062,0.976562
3.831275,0.054688,-0.070312,0.984375
3.831601,0.039062,-0.0625,1.007812
3.831927,0.03125,-0.054688,1.015625
3.832253,0.039062,-0.101562,0.96875
3.832579,0.023438,-0.0625,0.984375
3.832905,0.0,-0.078125,0.945312
3.833231,0.023438,-0.085938,0.976562
3.833557,0.007812,-0.0625,1.0
3.833883,0.046875,-0.054688,0.960938
3.834209,0.03125,-0.054688,0.992188
3.834535,0.039062,-0.070312,0.992188
3.83486,0.0,-0.0625,0.984375
3.835186,0.0625,-0.03125,0.96875
3.835512,0.0625,-0.101562,1.0
3.835838,0.054688,-0.054688,0.992188
3.836164,0.054688,-0.054688,1.023438
3.83649,0.070312,-0.09375,1.0
3.836816,0.046875,-0.0625,0.953125
3.837142,0.0,-0.046875,0.96875
3.837468,0.0625,-0.0625,0.960938
3.837794,0.015625,-0.070312,0.96875
3.83812,0.046875,-0.039062,0.992188
3.838446,0.03125,-0.070312,0.96875
3.838772,0.023438,-0.039062,0.96875
3.839098,0.015625,-0.0625,1.007812
3.839423,0.023438,-0.054688,1.0
3.839749,0.039062,-0.078125,0.960938
3.840075,0.03125,-0.046875,0.929688
3.840401,0.039062,-0.085938,1.0
3.840727,0.046875,-0.070312,0.96875
3.841053,0.046875,-0.078125,1.0
3.841379,0.039062,-0.070312,0.984375
3.841705,0.054688,-0.054688,1.007812
3.842031,0.03125,-0.117188,0.96875
3.842357,0.023438,-0.039062,0.960938
3.842683,0.0,-0.039062,0.976562
3.843009,0.023438,-0.054688,0.9375
3.843335,0.0625,-0.101562,1.0
3.84366,0.046875,-0.070312,0.992188
3.843986,0.03125,-0.0625,1.007812
3.844312,0.039062,-0.070312,1.0
3.844638,0.03125,-0.085938,1.0
3.844964,0.039062,-0.078125,0.976562
3.84529,0.0,-0.070312,0.960938
3.845616,0.039062,-0.070312,1.046875
3.845942,0.03125,-0.101562,1.015625
3.846268,0.046875,-0.03125,0.992188
3.846594,0.015625,-0.0625,0.976562
3.84692,0.039062,-0.078125,0.960938
3.847246,0.03125,-0.070312,1.0
3.847572,0.078125,-0.085938,0.992188
3.847898,0.007812,-0.023438,0.914062
3.848223,0.046875,-0.125,1.0
3.848549,0.046875,-0.070312,0.96875
3.848875,0.03125,-0.0625,0.992188
3.849201,0.023438,-0.09375,1.0
3.849527,0.03125,-0.101562,1.0
3.849853,0.054688,-0.09375,1.007812
3.850179,0.054688,-0.070312,0.992188
3.850505,0.015625,-0.046875,0.960938
3.850831,0.070312,-0.054688,1.0
3.851157,0.023438,-0.09375,1.0
3.851483,0.070312,-0.046875,1.0
3.851809,0.03125,-0.078125,0.984375
3.852135,0.015625,-0.0625,0.9375
3.852461,0.023438,-0.085938,0.984375
3.852786,0.023438,-0.054688,1.0
3.853112,0.054688,-0.054688,0.960938
3.853438,0.0625,-0.0625,1.0
3.853764,0.054688,-0.039062,0.992188
3.85409,0.054688,-0.085938,0.976562
3.854416,0.039062,-0.054688,0.96875
3.854742,0.03125,-0.109375,1.0
3.855068,0.03125,-0.054688,0.992188
3.855394,0.039062,-0.0625,1.007812
3.85572,0.046875,-0.046875,0.984375
3.856046,0.039062,-0.0625,0.976562
3.856372,0.03125,-0.070312,0.929688
3.856698,0.054688,-0.070312,1.007812
3.857024,0.054688,-0.085938,0.992188
3.857349,0.023438,-0.09375,1.007812
3.857675,0.046875,-0.0625,0.992188
3.858001,0.054688,-0.09375,1.0
3.858327,0.078125,-0.085938,1.0
3.858653,0.0625,-0.085938,0.976562
3.858979,0.046875,-0.054688,0.976562
3.859305,0.023438,-0.070312,0.984375
3.859631,0.039062,-0.09375,0.976562
3.859957,0.054688,-0.070312,1.0
3.860283,0.039062,-0.09375,1.0
3.860609,0.015625,-0.070312,0.9375
3.860935,0.023438,-0.054688,0.984375
3.861261,0.007812,-0.0625,1.0
3.861586,0.046875,-0.0625,0.992188
3.861912,0.023438,-0.085938,0.96875
3.862238,0.054688,-0.078125,1.0
3.862564,0.03125,-0.046875,1.0
3.86289,0.054688,-0.0625,1.0
3.863216,0.039062,-0.070312,0.984375
3.863542,0.039062,-0.054688,0.929688
3.863868,0.046875,-0.085938,0.976562
3.864194,0.078125,-0.09375,0.953125
3.86452,0.023438,-0.078125,1.039062
3.864846,0.054688,-0.101562,0.976562
3.865172,0.046875,-0.101562,0.992188
3.865498,0.023438,-0.09375,1.015625
3.865824,0.0,-0.0625,1.023438
3.866149,0.03125,-0.09375,1.0
3.866475,0.054688,-0.109375,0.992188
3.866801,0.070312,-0.054688,0.976562
3.867127,0.0625,-0.078125,0.96875
3.867453,0.0625,-0.09375,1.0
3.867779,0.03125,-0.046875,0.992188
3.868105,0.070312,-0.085938,1.023438
3.868431,0.078125,-0.03125,1.007812
3.868757,0.070312,-0.054688,0.992188
3.869083,0.03125,-0.070312,0.921875
3.869409,0.054688,-0.0625,0.992188
3.869735,0.078125,-0.101562,1.015625
3.870061,0.015625,-0.054688,0.953125
3.870387,0.046875,-0.085938,0.992188
3.870712,0.054688,-0.09375,0.96875
3.871038,0.015625,-0.0625,1.0
3.871364,0.078125,-0.09375,1.0
3.87169,0.023438,-0.078125,0.96875
3.872016,0.054688,-0.039062,0.976562
3.872342,0.070312,-0.125,1.015625
3.872668,0.046875,-0.101562,0.960938
3.872994,0.015625,-0.09375,1.015625
3.87332,0.039062,-0.078125,0.976562
3.873646,0.03125,-0.078125,0.992188
3.873972,0.070312,-0.070312,0.992188
3.874298,0.0625,-0.101562,0.992188
3.874624,0.0625,-0.09375,0.96875
3.87495,0.023438,-0.070312,1.007812
3.875275,0.0625,-0.070312,1.0
3.875601,0.046875,-0.09375,0.984375
3.875927,0.046875,-0.070312,0.992188
3.876253,0.015625,-0.054688,0.96875
3.876579,0.054688,-0.078125,0.9375
3.876905,0.054688,-0.070312,1.007812
3.877231,0.0625,-0.0625,1.0
3.877557,0.0625,-0.054688,0.984375
3.877883,0.015625,-0.054688,0.953125
3.878209,0.03125,-0.054688,1.0
3.878535,0.039062,-0.054688,0.992188
3.878861,0.015625,-0.0625,0.976562
3.879187,0.007812,-0.054688,1.0
3.879512,0.015625,-0.109375,0.96875
3.879838,0.03125,-0.070312,0.992188
3.880164,0.070312,-0.0625,1.0
3.88049,0.054688,-0.054688,1.03125
3.880816,0.007812,-0.0625,1.0
3.881142,0.0625,-0.0625,0.992188
3.881468,0.070312,-0.0625,0.984375
3.881794,0.007812,-0.054688,0.992188
3.88212,0.015625,-0.117188,0.984375
3.882446,0.039062,-0.0625,0.992188
3.882772,0.0625,-0.0625,0.96875
3.883098,0.0625,-0.101562,0.992188
3.883424,0.023438,-0.085938,0.96875
3.88375,0.039062,-0.085938,0.984375
3.884075,0.046875,-0.046875,0.976562
3.884401,0.03125,-0.054688,1.023438
3.884727,0.0625,-0.09375,0.945312
3.885053,0.046875,-0.039062,0.992188
3.885379,0.03125,-0.0625,0.953125
3.885705,0.054688,-0.085938,0.992188
3.886031,0.023438,-0.0625,0.945312
3.886357,0.039062,-0.085938,0.992188
3.886683,0.054688,-0.101562,1.0
3.887009,0.054688,-0.101562,1.0
3.887335,0.054688,-0.054688,1.0
3.887661,0.054688,-0.0625,0.976562
3.887987,0.046875,-0.039062,0.992188
3.888313,0.0625,-0.054688,0.960938
3.888638,0.070312,-0.070312,0.9375
3.888964,0.054688,-0.0625,1.0
3.88929,0.046875,-0.046875,0.945312
3.889616,0.007812,-0.070312,0.992188
3.889942,0.03125,-0.09375,1.0
3.890268,0.015625,-0.078125,0.953125
3.890594,0.054688,-0.117188,1.0
3.89092,0.039062,-0.078125,1.023438
3.891246,0.054688,-0.070312,1.0
3.891572,0.023438,-0.046875,0.976562
3.891898,0.0625,-0.101562,0.960938
3.892224,0.03125,-0.03125,0.992188
3.89255,0.039062,-0.0625,0.976562
3.892876,0.046875,-0.070312,0.976562
3.893201,0.054688,-0.054688,0.992188
3.893527,0.039062,-0.117188,0.984375
3.893853,0.054688,-0.070312,0.984375
3.894179,0.054688,-0.0625,0.945312
3.894505,0.046875,-0.054688,0.945312
3.894831,0.03125,-0.132812,1.0
3.895157,0.015625,-0.039062,0.984375
3.895483,0.007812,-0.117188,1.023438
3.895809,0.023438,-0.0625,0.960938
3.896135,0.023438,-0.070312,0.976562
3.896461,0.0625,-0.0625,0.992188
3.896787,0.007812,-0.046875,0.945312
3.897113,0.039062,-0.09375,0.984375
3.897438,0.023438,-0.0625,1.0
3.897764,0.015625,-0.0625,0.992188
3.89809,0.015625,-0.09375,0.984375
3.898416,0.070312,-0.039062,0.984375
3.898742,0.015625,-0.070312,0.984375
3.899068,0.078125,-0.070312,1.0
3.899394,0.0625,-0.125,0.945312
3.89972,0.046875,-0.0625,0.953125
3.900046,0.078125,-0.101562,0.984375
3.900372,0.039062,-0.070312,0.96875
3.900698,0.007812,-0.054688,0.96875
3.901024,0.046875,-0.070312,0.976562
3.90135,0.054688,-0.078125,0.929688
3.901676,0.070312,-0.0625,0.984375
3.902001,0.023438,-0.101562,0.992188
3.902327,0.039062,-0.070312,0.96875
3.902653,0.054688,-0.085938,0.984375
3.902979,0.039062,-0.0625,0.976562
3.903305,0.0,-0.0625,0.984375
3.903631,0.039062,-0.070312,0.960938
3.903957,0.023438,-0.085938,1.0
3.904283,0.015625,-0.0625,0.976562
3.904609,0.023438,-0.070312,0.992188
3.904935,0.03125,-0.046875,1.0
3.905261,0.023438,-0.070312,0.953125
3.905587,0.023438,-0.0625,0.976562
3.905913,0.046875,-0.0625,1.007812
3.906239,0.039062,-0.078125,0.960938
3.906564,0.03125,-0.085938,1.0
3.90689,0.023438,-0.078125,0.96875
3.907216,0.054688,-0.070312,0.992188
3.907542,0.039062,-0.039062,0.96875
3.907868,0.039062,-0.085938,0.992188
3.908194,0.023438,-0.039062,0.96875
3.90852,0.023438,-0.101562,1.007812
3.908846,0.0625,-0.085938,0.929688
3.909172,0.023438,-0.078125,1.054688
3.909498,0.0625,-0.085938,1.007812
3.909824,0.0625,-0.09375,0.992188
3.91015,0.054688,-0.109375,1.0
3.910476,0.03125,-0.0625,1.0
3.910802,0.03125,-0.070312,1.007812
3.911127,0.03125,-0.101562,1.015625
3.911453,0.054688,-0.09375,0.984375
3.911779,0.03125,-0.0625,1.03125
3.912105,0.023438,-0.0625,0.96875
3.912431,0.03125,-0.0625,1.0
3.912757,0.03125,-0.046875,0.976562
3.913083,0.007812,-0.046875,1.0
3.913409,0.023438,-0.085938,1.03125
3.913735,0.03125,-0.085938,1.015625
3.914061,0.039062,-0.046875,0.96875
3.914387,0.054688,-0.085938,0.960938
3.914713,0.03125,-0.070312,1.039062
3.915039,0.039062,-0.070312,0.953125
3.915364,0.03125,-0.078125,0.992188
3.91569,0.015625,-0.078125,1.0
3.916016,0.054688,-0.054688,0.992188
3.916342,0.054688,-0.070312,0.984375
3.916668,0.03125,-0.085938,0.96875
3.916994,0.046875,-0.0625,0.953125
3.91732,0.0625,-0.054688,0.992188
3.917646,0.03125,-0.054688,0.976562
3.917972,0.046875,-0.054688,1.007812
3.918298,0.039062,-0.0625,1.0
3.918624,0.054688,-0.085938,1.0
3.91895,0.0,-0.085938,0.992188
3.919276,0.015625,-0.0625,1.023438
3.919602,0.015625,-0.0625,0.992188
3.919927,0.015625,-0.070312,1.039062
3.920253,0.03125,-0.078125,1.03125
3.920579,0.0625,-0.117188,0.992188
3.920905,0.054688,-0.109375,0.960938
3.921231,0.023438,-0.054688,0.96875
3.921557,0.085938,-0.078125,0.984375
3.921883,0.03125,-0.039062,1.0
3.922209,0.015625,-0.0625,1.007812
3.922535,0.054688,-0.054688,0.96875
3.922861,0.039062,-0.039062,0.976562
3.923187,0.015625,-0.085938,1.007812
3.923513,0.03125,-0.101562,0.96875
3.923839,0.0625,-0.070312,1.0
3.924165,0.007812,-0.0625,1.007812
3.92449,0.046875,-0.078125,0.976562
3.924816,0.0625,-0.101562,1.015625
3.925142,0.046875,-0.0625,1.023438
3.925468,0.054688,-0.09375,1.007812
3.925794,0.007812,-0.0625,1.054688
3.92612,0.039062,-0.078125,0.929688
3.926446,0.054688,-0.070312,1.023438
3.926772,0.070312,-0.09375,1.0
3.927098,0.023438,-0.046875,0.984375
3.927424,0.039062,-0.070312,1.0
3.92775,0.054688,-0.085938,0.96875
3.928076,0.039062,-0.101562,1.0
3.928402,0.039062,-0.085938,0.945312
3.928728,0.023438,-0.101562,1.054688
3.929053,0.03125,-0.070312,1.0
3.929379,0.101562,-0.125,1.023438
3.929705,0.046875,-0.070312,0.984375
3.930031,0.039062,-0.078125,0.96875
3.930357,0.078125,-0.015625,1.0
3.930683,0.054688,-0.085938,0.9375
3.931009,0.054688,-0.070312,1.0
3.931335,0.046875,-0.070312,0.953125
3.931661,0.03125,-0.070312,0.976562
3.931987,0.007812,-0.046875,0.96875
3.932313,0.054688,-0.054688,0.960938
3.932639,0.039062,-0.070312,0.929688
3.932965,0.039062,-0.085938,1.039062
3.93329,0.039062,-0.0625,0.960938
3.933616,0.015625,-0.070312,1.015625
3.933942,0.054688,-0.039062,0.960938
3.934268,0.039062,-0.054688,1.0
3.934594,0.023438,-0.101562,1.0
3.93492,0.023438,-0.070312,0.984375
3.935246,0.023438,-0.070312,0.953125
3.935572,0.015625,-0.023438,0.921875
3.935898,0.039062,-0.0625,1.0
3.936224,0.054688,-0.078125,1.0
3.93655,0.039062,-0.070312,0.976562
3.936876,0.015625,-0.070312,0.9375
3.937202,0.046875,-0.070312,0.96875
3.937528,0.03125,-0.070312,1.0
3.937853,0.054688,-0.054688,0.96875
3.938179,0.054688,-0.070312,1.0
3.938505,0.046875,-0.054688,0.992188
3.938831,0.054688,-0.070312,0.96875
3.939157,0.007812,-0.09375,0.992188
3.939483,0.03125,-0.09375,0.984375
3.939809,0.007812,-0.078125,0.984375
3.940135,0.0,-0.101562,0.984375
3.940461,0.070312,-0.101562,0.976562
3.940787,0.039062,-0.085938,1.023438
3.941113,0.039062,-0.070312,0.976562
3.941439,0.023438,-0.078125,0.976562
3.941765,0.046875,-0.085938,0.984375
3.942091,0.101562,-0.070312,0.984375
3.942416,0.078125,-0.046875,0.953125
3.942742,0.0625,-0.054688,1.0
3.943068,0.03125,-0.054688,0.976562
3.943394,0.0625,-0.09375,0.976562
3.94372,0.039062,-0.09375,1.0
3.944046,0.046875,-0.0625,0.953125
3.944372,0.0,-0.085938,0.976562
3.944698,0.046875,-0.09375,0.992188
3.945024,0.046875,-0.054688,0.984375
3.94535,0.054688,-0.0625,0.992188
3.945676,0.054688,-0.085938,0.992188
3.946002,0.039062,-0.078125,0.976562
3.946328,0.039062,-0.085938,1.007812
3.946654,0.054688,-0.0625,0.984375
3.946979,0.023438,-0.0625,0.9375
3.947305,0.046875,-0.054688,0.992188
3.947631,0.054688,-0.078125,0.992188
3.947957,0.0625,-0.085938,1.0
3.948283,0.03125,-0.070312,0.984375
3.948609,0.070312,-0.078125,0.992188
3.948935,0.0,-0.03125,0.9375
3.949261,0.023438,-0.070312,0.960938
3.949587,0.046875,-0.054688,1.0
3.949913,0.03125,-0.054688,1.0
3.950239,0.054688,-0.117188,1.007812
3.950565,0.054688,-0.101562,0.984375
3.950891,0.03125,-0.109375,0.96875
3.951216,0.070312,-0.054688,0.992188
3.951542,0.015625,-0.046875,0.992188
3.951868,0.0625,-0.085938,0.992188
3.952194,0.039062,-0.046875,1.0
3.95252,0.03125,-0.101562,1.0
3.952846,0.0,-0.09375,0.96875
3.953172,0.023438,-0.085938,0.984375
3.953498,0.0,-0.0625,0.960938
3.953824,0.0625,-0.109375,0.976562
3.95415,0.039062,-0.101562,0.960938
3.954476,0.046875,-0.0625,0.992188
3.954802,0.046875,-0.046875,0.976562
3.955128,0.046875,-0.054688,0.96875
3.955454,0.0,-0.03125,0.953125
3.955779,0.046875,-0.085938,0.984375
3.956105,0.054688,-0.09375,0.984375
3.956431,0.023438,-0.09375,1.007812
3.956757,0.054688,-0.070312,0.992188
3.957083,0.046875,-0.101562,0.976562
3.957409,0.039062,-0.085938,0.984375
3.957735,0.046875,-0.085938,1.0
3.958061,0.046875,-0.09375,0.96875
3.958387,0.039062,-0.0625,1.0
3.958713,0.0625,-0.070312,0.992188
3.959039,0.0625,-0.109375,0.96875
3.959365,0.046875,-0.054688,0.960938
3.959691,0.039062,-0.054688,0.984375
3.960017,0.03125,-0.0625,1.0
3.960342,0.007812,-0.046875,0.953125
3.960668,0.054688,-0.085938,0.96875
3.960994,0.03125,-0.109375,1.0
3.96132,0.023438,-0.070312,0.945312
3.961646,0.039062,-0.03125,0.96875
3.961972,0.054688,-0.09375,1.0
3.962298,0.070312,-0.054688,0.976562
3.962624,0.078125,-0.054688,1.0
3.96295,0.039062,-0.078125,1.0
3.963276,0.054688,-0.039062,0.992188
3.963602,0.054688,-0.085938,0.976562
3.963928,0.0,-0.070312,0.992188
3.964254,0.054688,-0.070312,0.96875
3.96458,0.054688,-0.046875,1.0
3.964905,0.054688,-0.101562,0.945312
3.965231,0.078125,-0.101562,0.984375
3.965557,0.039062,-0.0625,0.945312
3.965883,0.046875,-0.09375,0.984375
3.966209,0.054688,-0.039062,0.976562
3.966535,0.007812,-0.070312,0.96875
3.966861,0.03125,-0.085938,0.9375
3.967187,0.007812,-0.078125,0.945312
3.967513,0.039062,-0.109375,0.976562
3.967839,0.023438,-0.0625,0.960938
3.968165,0.070312,-0.109375,1.0
3.968491,0.015625,-0.085938,1.0
3.968817,0.0625,-0.101562,0.960938
3.969142,0.023438,-0.101562,0.992188
3.969468,0.070312,-0.101562,1.023438
3.969794,0.085938,-0.023438,0.929688
3.97012,0.007812,-0.054688,0.9375
3.970446,0.078125,-0.070312,1.03125
3.970772,0.023438,-0.070312,0.953125
3.971098,0.015625,-0.078125,1.046875
3.971424,0.0625,-0.054688,1.015625
3.97175,0.046875,-0.078125,1.0
3.972076,0.046875,-0.085938,0.992188
3.972402,0.023438,-0.078125,0.992188
3.972728,0.0625,-0.078125,1.0
3.973054,0.046875,-0.054688,0.984375
3.97338,0.0,-0.039062,0.96875
3.973705,0.015625,-0.03125,1.015625
3.974031,0.054688,-0.070312,1.03125
3.974357,0.046875,-0.054688,1.023438
3.974683,0.046875,-0.023438,0.945312
3.975009,0.078125,-0.039062,0.992188
3.975335,0.046875,-0.117188,0.984375
3.975661,0.046875,-0.101562,1.0
3.975987,0.046875,-0.070312,1.007812
3.976313,0.03125,-0.039062,1.0
3.976639,0.0625,-0.085938,1.015625
3.976965,0.039062,-0.085938,1.0
3.977291,0.046875,-0.101562,0.992188
3.977617,0.023438,-0.039062,0.976562
3.977943,0.070312,-0.085938,0.992188
3.978268,0.007812,-0.070312,0.976562
3.978594,0.023438,-0.070312,0.976562
3.97892,0.054688,-0.085938,1.0
3.979246,0.0,-0.0625,0.976562
3.979572,0.015625,-0.054688,0.960938
3.979898,0.0,-0.09375,0.992188
3.980224,0.007812,-0.078125,1.0
3.98055,0.0,-0.054688,0.960938
3.980876,0.039062,-0.0625,0.992188
3.981202,0.023438,-0.054688,1.007812
3.981528,0.023438,-0.09375,0.984375
3.981854,0.054688,-0.0625,0.992188
3.98218,0.03125,-0.085938,0.96875
3.982506,0.007812,-0.039062,1.039062
3.982831,0.039062,-0.0625,1.0
3.983157,0.023438,-0.109375,0.953125
3.983483,0.046875,-0.046875,1.0
3.983809,0.070312,-0.0625,1.0
3.984135,0.023438,-0.0625,0.953125
3.984461,0.023438,-0.039062,0.9375
3.984787,0.023438,-0.070312,0.976562
3.985113,0.023438,-0.054688,0.976562
3.985439,0.023438,-0.054688,0.96875
3.985765,0.046875,-0.0625,1.0
3.986091,0.023438,-0.070312,1.0
3.986417,0.054688,-0.078125,0.976562
3.986743,0.023438,-0.070312,0.992188
3.987068,0.085938,-0.0625,1.0
3.987394,0.09375,-0.070312,1.0
3.98772,0.078125,-0.0625,0.992188
3.988046,0.023438,-0.085938,0.953125
3.988372,0.054688,-0.078125,0.945312
3.988698,0.0625,-0.070312,0.992188
3.989024,0.054688,-0.101562,1.007812
3.98935,0.039062,-0.070312,0.953125
3.989676,0.054688,-0.054688,0.960938
3.990002,0.054688,-0.046875,0.96875
3.990328,0.03125,-0.070312,0.960938
3.990654,0.046875,-0.09375,0.992188
3.99098,0.03125,-0.070312,0.953125
3.991306,0.046875,-0.054688,1.0
3.991631,0.054688,-0.054688,0.976562
3.991957,0.078125,-0.070312,0.921875
3.992283,0.023438,-0.109375,0.984375
3.992609,0.046875,-0.046875,0.96875
3.992935,0.046875,-0.09375,0.984375
3.993261,0.039062,-0.070312,0.984375
3.993587,0.023438,-0.039062,0.992188
3.993913,0.03125,-0.054688,0.960938
3.994239,0.070312,-0.039062,0.945312
3.994565,0.039062,-0.0625,0.992188
3.994891,0.054688,-0.0625,0.984375
3.995217,0.015625,-0.0625,0.96875
3.995543,0.046875,-0.070312,1.007812
3.995869,0.070312,-0.0625,1.0
3.996194,0.070312,-0.085938,1.0
3.99652,0.0625,-0.078125,0.992188
3.996846,0.0625,-0.148438,0.984375
3.997172,0.046875,-0.09375,1.0
3.997498,0.007812,-0.039062,0.96875
3.997824,0.015625,-0.054688,0.976562
3.99815,0.054688,-0.078125,0.992188
3.998476,0.0,-0.023438,0.9375
3.998802,0.054688,-0.0625,0.984375
3.999128,0.054688,-0.0625,1.0
3.999454,0.03125,-0.078125,0.953125
3.99978,0.015625,-0.09375,0.992188
4.000106,0.023438,-0.09375,0.984375
4.000432,0.070312,-0.085938,1.0
4.000757,0.054688,-0.070312,1.0
4.001083,0.015625,-0.101562,0.960938
4.001409,0.054688,-0.070312,0.96875
4.001735,0.039062,-0.054688,0.984375
4.002061,0.03125,-0.09375,1.0
4.002387,0.023438,-0.070312,0.945312
4.002713,0.007812,-0.078125,0.945312
4.003039,0.0625,-0.070312,0.992188
4.003365,0.007812,-0.046875,0.960938
4.003691,0.023438,-0.101562,0.984375
4.004017,0.070312,-0.085938,1.039062
4.004343,0.046875,-0.0625,0.953125
4.004669,0.0,-0.03125,0.992188
4.004994,0.046875,-0.054688,1.0
4.00532,0.054688,-0.054688,0.992188
4.005646,0.070312,-0.054688,0.992188
4.005972,0.054688,-0.078125,0.992188
4.006298,0.09375,-0.078125,0.945312
4.006624,0.039062,-0.085938,0.984375
4.00695,0.023438,-0.070312,1.023438
4.007276,0.054688,-0.070312,1.0
4.007602,0.023438,-0.09375,0.992188
4.007928,0.070312,-0.070312,0.96875
4.008254,0.015625,-0.0625,0.960938
4.00858,0.039062,-0.054688,0.976562
4.008906,0.046875,-0.039062,0.960938
4.009232,0.070312,-0.078125,0.96875
4.009557,0.023438,-0.0625,0.984375
4.009883,0.015625,-0.0625,0.960938
4.010209,0.007812,-0.046875,0.976562
4.010535,0.046875,-0.070312,1.023438
4.010861,0.0,-0.085938,1.0
4.011187,0.0625,-0.070312,0.96875
4.011513,0.007812,-0.109375,0.96875
4.011839,0.046875,-0.085938,0.992188
4.012165,0.054688,-0.085938,0.992188
4.012491,0.039062,-0.070312,0.984375
4.012817,0.039062,-0.078125,1.0
4.013143,0.039062,-0.070312,1.0
4.013469,0.023438,-0.0625,0.992188
4.013795,0.015625,-0.054688,0.984375
4.01412,0.046875,-0.070312,1.007812
4.014446,0.054688,-0.054688,0.976562
4.014772,0.054688,-0.085938,1.03125
4.015098,0.070312,-0.054688,0.96875
4.015424,0.054688,-0.085938,1.0
4.01575,0.039062,-0.054688,0.992188
4.016076,0.023438,-0.070312,0.953125
4.016402,0.015625,-0.085938,0.984375
4.016728,0.0625,-0.078125,0.992188
4.017054,0.023438,-0.101562,0.953125
4.01738,0.03125,-0.078125,1.0
4.017706,0.023438,-0.09375,0.96875
4.018032,0.039062,-0.039062,0.992188
4.018358,0.070312,-0.101562,1.0
4.018683,0.0625,-0.054688,1.0
4.019009,0.023438,-0.046875,0.984375
4.019335,0.054688,-0.09375,1.0
4.019661,0.023438,-0.0625,0.992188
4.019987,0.054688,-0.085938,1.03125
4.020313,0.054688,-0.070312,1.0
4.020639,0.046875,-0.078125,1.023438
4.020965,0.0625,-0.09375,0.992188
4.021291,0.007812,-0.085938,1.0
4.021617,0.046875,-0.101562,0.992188
4.021943,0.0625,-0.0625,0.984375
4.022269,0.023438,-0.046875,0.945312
4.022595,0.007812,-0.078125,0.976562
4.02292,0.054688,-0.03125,0.9375
4.023246,0.015625,-0.070312,1.007812
4.023572,0.0625,-0.085938,1.015625
4.023898,0.03125,-0.109375,1.0
4.024224,0.023438,-0.039062,0.898438
4.02455,0.039062,-0.046875,0.96875
4.024876,0.039062,-0.085938,1.0
4.025202,0.023438,-0.046875,1.007812
4.025528,0.054688,-0.09375,0.976562
4.025854,0.078125,-0.0625,0.992188
4.02618,0.03125,-0.039062,0.976562
4.026506,0.0,-0.007812,1.023438
4.026832,0.039062,-0.03125,0.976562
4.027158,0.046875,-0.085938,0.976562
4.027483,0.085938,-0.078125,0.992188
4.027809,0.054688,-0.03125,0.960938
4.028135,0.054688,-0.070312,0.992188
4.028461,0.046875,-0.109375,1.0
4.028787,0.039062,-0.085938,0.953125
4.029113,0.007812,-0.070312,0.9375
4.029439,0.0625,-0.0625,1.0
4.029765,0.023438,-0.070312,1.0
4.030091,0.03125,-0.070312,1.0
4.030417,0.039062,-0.070312,1.0
4.030743,0.03125,-0.0625,1.0
4.031069,0.015625,-0.078125,1.03125
4.031395,0.023438,-0.078125,0.984375
4.031721,0.054688,-0.078125,0.992188
4.032046,0.039062,-0.070312,0.984375
4.032372,0.039062,-0.070312,0.96875
4.032698,0.015625,-0.070312,0.984375
4.033024,0.070312,-0.046875,0.96875
4.03335,0.054688,-0.070312,1.007812
4.033676,0.023438,-0.0625,1.0
4.034002,0.007812,-0.101562,1.015625
4.034328,0.007812,-0.023438,0.976562
4.034654,0.070312,-0.070312,0.9375
4.03498,0.054688,-0.0625,0.960938
4.035306,0.0,-0.09375,0.992188
4.035632,0.078125,-0.046875,0.984375
4.035958,0.109375,-0.101562,1.0
4.036284,0.023438,-0.0625,0.984375
4.036609,0.023438,-0.070312,0.953125
4.036935,0.0,-0.046875,1.0
4.037261,0.023438,-0.070312,0.96875
4.037587,0.046875,-0.101562,0.96875
4.037913,0.03125,-0.0625,1.0
4.038239,0.039062,-0.078125,0.976562
4.038565,0.007812,-0.078125,1.0
4.038891,0.039062,-0.085938,0.9375
4.039217,0.03125,-0.085938,0.984375
4.039543,0.0625,-0.078125,0.921875
4.039869,0.054688,-0.085938,0.960938
4.040195,0.046875,-0.09375,0.945312
4.040521,0.03125,-0.039062,0.984375
4.040846,0.046875,-0.109375,0.992188
4.041172,0.101562,-0.09375,0.976562
4.041498,0.054688,-0.046875,0.960938
4.041824,0.054688,-0.015625,1.0
4.04215,0.03125,-0.125,1.039062
4.042476,0.054688,-0.101562,1.023438
4.042802,0.046875,-0.085938,0.984375
4.043128,0.023438,-0.03125,0.96875
4.043454,0.046875,-0.039062,0.960938
4.04378,0.0625,-0.09375,1.0
4.044106,0.070312,-0.078125,0.984375
4.044432,0.0625,-0.101562,0.984375
4.044758,0.054688,-0.039062,0.9375
4.045084,0.039062,-0.070312,0.976562
4.045409,0.03125,-0.078125,0.96875
4.045735,0.039062,-0.070312,0.984375
4.046061,0.039062,-0.046875,1.0
4.046387,0.023438,-0.039062,1.023438
4.046713,0.03125,-0.070312,0.976562
4.047039,0.0625,-0.09375,0.992188
4.047365,0.085938,-0.101562,0.992188
4.047691,0.039062,-0.046875,1.0
4.048017,0.085938,-0.054688,0.953125
4.048343,0.070312,-0.054688,1.0
4.048669,0.039062,-0.101562,0.976562
4.048995,0.007812,-0.117188,1.0
4.049321,0.0,-0.117188,0.992188
4.049647,0.046875,-0.09375,0.96875
4.049972,0.039062,-0.109375,1.023438
4.050298,0.054688,-0.046875,0.929688
4.050624,0.085938,-0.078125,0.976562
4.05095,0.046875,-0.09375,0.960938
4.051276,0.054688,-0.09375,0.992188
4.051602,0.03125,-0.109375,0.953125
4.051928,0.03125,-0.09375,0.960938
4.052254,0.023438,-0.054688,0.992188
4.05258,0.039062,-0.085938,1.007812
4.052906,0.03125,-0.054688,0.976562
4.053232,0.03125,-0.0625,0.984375
4.053558,0.054688,-0.070312,0.945312
4.053884,0.0625,-0.085938,0.992188
4.05421,0.03125,-0.070312,0.976562
4.054535,0.03125,-0.054688,0.976562
4.054861,0.054688,-0.070312,0.976562
4.055187,0.039062,-0.078125,1.0
4.055513,0.039062,-0.070312,0.945312
4.055839,0.054688,-0.09375,1.007812
4.056165,0.03125,-0.046875,1.0
4.056491,0.023438,-0.039062,0.96875
4.056817,0.023438,-0.0625,1.0
4.057143,0.054688,-0.101562,0.960938
4.057469,0.007812,-0.078125,1.007812
4.057795,0.039062,-0.070312,0.992188
4.058121,0.039062,-0.078125,1.007812
4.058447,0.023438,-0.0625,0.984375
4.058772,0.046875,-0.054688,1.007812
4.059098,0.054688,-0.054688,0.9375
4.059424,0.0625,-0.046875,0.945312
4.05975,0.046875,-0.085938,0.984375
4.060076,0.070312,-0.054688,0.976562
4.060402,0.046875,-0.0625,0.976562
4.060728,0.054688,-0.117188,0.992188
4.061054,0.023438,-0.085938,0.960938
4.06138,0.015625,-0.054688,0.96875
4.061706,0.054688,-0.101562,1.0
4.062032,0.015625,-0.101562,0.984375
4.062358,0.03125,-0.054688,1.0
4.062684,0.03125,-0.046875,0.992188
4.06301,0.0625,-0.0625,1.0
4.063335,0.007812,-0.039062,0.929688
4.063661,0.039062,-0.046875,0.992188
4.063987,0.070312,-0.101562,0.96875
4.064313,0.0,-0.0625,0.976562
4.064639,0.023438,-0.054688,1.0
4.064965,0.046875,-0.039062,1.0
4.065291,0.054688,-0.023438,0.976562
4.065617,0.039062,-0.0625,0.953125
4.065943,0.023438,-0.046875,0.945312
4.066269,0.054688,-0.078125,0.984375
4.066595,0.03125,-0.0625,0.976562
4.066921,0.046875,-0.085938,1.0
4.067247,0.039062,-0.054688,0.960938
4.067573,0.078125,-0.03125,0.992188
4.067898,0.023438,-0.085938,0.953125
4.068224,0.046875,-0.085938,0.984375
4.06855,0.054688,-0.046875,0.976562
4.068876,0.0625,-0.078125,1.0
4.069202,0.039062,-0.085938,1.015625
4.069528,0.015625,-0.03125,1.023438
4.069854,0.054688,-0.0625,0.929688
4.07018,0.046875,-0.070312,0.992188
4.070506,0.03125,-0.078125,1.0
4.070832,0.039062,-0.078125,0.992188
4.071158,0.054688,-0.0625,1.007812
4.071484,0.03125,-0.09375,0.96875
4.07181,0.054688,-0.085938,1.007812
4.072136,0.03125,-0.070312,1.007812
4.072461,0.054688,-0.09375,0.992188
4.072787,0.039062,-0.0625,1.0
4.073113,0.070312,-0.070312,0.992188
4.073439,0.039062,-0.039062,0.984375
4.073765,0.023438,-0.101562,1.0
4.074091,0.054688,-0.0625,0.992188
4.074417,0.070312,-0.078125,0.960938
4.074743,0.039062,-0.070312,0.984375
4.075069,0.046875,-0.101562,1.007812
4.075395,0.039062,-0.101562,1.03125
4.075721,0.03125,-0.101562,0.9375
4.076047,0.046875,-0.023438,0.929688
4.076373,0.03125,-0.070312,0.960938
4.076698,0.023438,-0.046875,0.992188
4.077024,0.039062,-0.03125,0.9375
4.07735,0.015625,-0.054688,0.992188
4.077676,0.007812,-0.085938,0.96875
4.078002,0.0625,-0.070312,0.984375
4.078328,0.023438,-0.0625,0.9375
4.078654,0.046875,-0.070312,0.96875
4.07898,0.046875,-0.054688,0.960938
4.079306,0.070312,-0.085938,0.984375
4.079632,0.023438,-0.0625,0.984375
4.079958,0.054688,-0.085938,1.0
4.080284,0.007812,-0.054688,0.929688
4.08061,0.070312,-0.054688,1.0
4.080936,0.039062,-0.070312,0.992188
4.081261,0.0,-0.0625,1.0
4.081587,0.039062,-0.070312,0.976562
4.081913,0.023438,-0.078125,1.0
4.082239,0.046875,-0.039062,1.0
4.082565,0.054688,-0.039062,0.921875
4.082891,0.046875,-0.039062,0.992188
4.083217,0.046875,-0.09375,1.007812
4.083543,0.054688,-0.078125,1.0
4.083869,0.03125,-0.0625,0.960938
4.084195,0.03125,-0.039062,0.960938
4.084521,0.03125,-0.054688,0.992188
4.084847,0.023438,-0.085938,1.0
4.085173,0.046875,-0.101562,1.0
4.085499,0.015625,-0.070312,0.992188
4.085824,0.03125,-0.101562,0.984375
4.08615,0.070312,-0.101562,0.992188
4.086476,0.039062,-0.070312,1.0
4.086802,0.046875,-0.070312,1.0
4.087128,0.03125,-0.054688,0.976562
4.087454,0.054688,-0.078125,1.0
4.08778,0.046875,-0.054688,1.0
4.088106,0.023438,-0.078125,0.96875
4.088432,0.0,-0.078125,1.0
4.088758,0.054688,-0.078125,1.0
4.089084,0.054688,-0.046875,0.96875
4.08941,0.054688,-0.046875,0.96875
4.089736,0.039062,-0.039062,0.9375
4.090062,0.039062,-0.101562,0.960938
4.090387,0.046875,-0.070312,0.9375
4.090713,0.054688,-0.070312,0.945312
4.091039,0.039062,-0.070312,0.976562
4.091365,0.023438,-0.109375,1.015625
4.091691,0.0625,-0.09375,1.0
4.092017,0.039062,-0.09375,1.015625
4.092343,0.054688,-0.070312,0.945312
4.092669,0.023438,-0.03125,1.0
4.092995,0.046875,-0.101562,1.007812
4.093321,0.015625,-0.0625,0.992188
4.093647,0.03125,-0.101562,0.984375
4.093973,0.046875,-0.070312,0.953125
4.094299,0.039062,-0.085938,0.992188
4.094624,0.039062,-0.0625,0.992188
4.09495,0.023438,-0.078125,0.960938
4.095276,0.0,-0.085938,0.984375
4.095602,0.023438,-0.070312,1.0
4.095928,0.015625,-0.0625,1.015625
4.096254,0.007812,-0.101562,1.0
4.09658,0.054688,-0.054688,0.984375
4.096906,0.03125,-0.0625,0.929688
4.097232,0.046875,-0.101562,0.984375
4.097558,0.054688,-0.070312,0.992188
4.097884,0.023438,-0.039062,0.96875
4.09821,0.054688,-0.039062,0.96875
4.098536,0.03125,-0.09375,1.007812
4.098862,0.070312,-0.09375,1.0
4.099187,0.054688,-0.09375,0.984375
4.099513,0.078125,-0.046875,0.960938
4.099839,0.054688,-0.078125,0.953125
4.100165,0.046875,-0.070312,0.945312
4.100491,0.078125,-0.039062,0.976562
4.100817,0.03125,-0.109375,0.992188
4.101143,0.0,-0.117188,1.03125
4.101469,0.03125,-0.070312,0.992188
4.101795,0.039062,-0.070312,0.945312
4.102121,0.039062,-0.03125,1.023438
4.102447,0.054688,-0.0625,1.007812
4.102773,0.0625,-0.054688,0.953125
4.103099,0.039062,-0.0625,0.976562
4.103425,0.054688,-0.0625,0.992188
4.10375,0.039062,-0.117188,1.0
4.104076,0.039062,-0.085938,0.96875
4.104402,0.03125,-0.070312,0.96875
4.104728,0.03125,-0.078125,1.0
4.105054,0.015625,-0.046875,1.015625
4.10538,0.03125,-0.007812,0.984375
4.105706,0.007812,-0.046875,1.007812
4.106032,0.039062,-0.0625,0.992188
4.106358,0.054688,-0.039062,1.0
4.106684,0.023438,-0.09375,0.976562
4.10701,0.015625,-0.046875,0.992188
4.107336,0.046875,-0.0625,0.960938
4.107662,0.0,-0.0625,0.984375
4.107988,0.0,-0.070312,0.960938
4.108313,0.046875,-0.0625,0.984375
4.108639,0.03125,-0.070312,1.007812
4.108965,0.023438,-0.070312,0.992188
4.109291,0.039062,-0.070312,1.0
4.109617,0.054688,-0.070312,0.976562
4.109943,0.054688,-0.078125,1.0
4.110269,0.039062,-0.046875,0.984375
4.110595,0.070312,-0.054688,1.0
4.110921,0.0625,-0.03125,0.96875
4.111247,0.046875,-0.0625,0.960938
4.111573,0.046875,-0.101562,1.03125
4.111899,0.054688,-0.09375,0.960938
4.112225,0.0,-0.0625,1.015625
4.11255,0.03125,-0.09375,1.0
4.112876,0.039062,-0.070312,0.96875
4.113202,0.039062,-0.078125,0.960938
4.113528,0.007812,-0.054688,0.992188
4.113854,0.015625,-0.070312,1.0
4.11418,0.054688,-0.09375,0.992188
4.114506,0.023438,-0.070312,1.0
4.114832,0.070312,-0.070312,1.0
4.115158,0.054688,-0.085938,1.0
4.115484,0.0625,-0.046875,1.015625
4.11581,0.023438,-0.054688,0.984375
4.116136,0.03125,-0.070312,0.960938
4.116462,0.054688,-0.078125,0.992188
4.116788,0.023438,-0.078125,1.0
4.117113,0.015625,-0.078125,0.960938
4.117439,0.0,-0.070312,1.0
4.117765,0.023438,-0.070312,0.992188
4.118091,0.023438,-0.054688,0.992188
4.118417,0.054688,-0.039062,0.96875
4.118743,0.046875,-0.09375,0.992188
4.119069,0.054688,-0.070312,0.984375
4.119395,0.023438,-0.0625,0.984375
4.119721,0.070312,-0.109375,1.015625
4.120047,0.0625,-0.054688,0.984375
4.120373,0.046875,-0.054688,0.96875
4.120699,0.046875,-0.109375,1.03125
4.121025,0.023438,-0.070312,0.984375
4.121351,0.039062,-0.054688,1.015625
4.121676,0.054688,-0.085938,0.992188
4.122002,0.039062,-0.070312,0.953125
4.122328,0.054688,-0.078125,1.007812
4.122654,0.015625,-0.023438,0.945312
4.12298,0.054688,-0.070312,1.0
4.123306,0.0,-0.054688,0.96875
4.123632,0.039062,-0.046875,1.015625
4.123958,0.023438,-0.078125,1.007812
4.124284,0.023438,-0.039062,0.992188
4.12461,0.046875,-0.078125,0.953125
4.124936,0.046875,-0.0625,0.992188
4.125262,0.046875,-0.078125,1.0
4.125588,0.03125,-0.078125,0.992188
4.125914,0.03125,-0.054688,0.9375
4.126239,0.078125,-0.070312,0.960938
4.126565,0.015625,-0.0625,0.992188
4.126891,0.023438,-0.101562,0.96875
4.127217,0.039062,-0.085938,0.992188
4.127543,0.054688,-0.070312,0.976562
4.127869,0.09375,-0.09375,0.984375
4.128195,0.046875,-0.09375,0.929688
4.128521,0.054688,-0.117188,0.976562
4.128847,0.007812,-0.0625,0.945312
4.129173,0.0,-0.117188,1.023438
4.129499,0.0,-0.09375,0.992188
4.129825,0.023438,-0.054688,0.9375
4.130151,0.039062,-0.09375,0.992188
4.130477,0.007812,-0.101562,1.0
4.130802,0.015625,-0.070312,0.992188
4.131128,0.03125,-0.085938,1.0
4.131454,0.046875,-0.09375,1.015625
4.13178,0.03125,-0.085938,1.0
4.132106,0.046875,-0.039062,0.96875
4.132432,0.03125,-0.039062,1.007812
4.132758,0.03125,-0.078125,1.03125
4.133084,0.03125,-0.039062,1.0
4.13341,0.070312,-0.085938,0.984375
4.133736,0.054688,-0.09375,0.9375
4.134062,0.054688,-0.09375,0.976562
4.134388,0.03125,-0.070312,0.960938
4.134714,0.039062,-0.0625,0.992188
4.135039,0.046875,-0.078125,0.9375
4.135365,0.039062,-0.085938,0.960938
4.135691,0.054688,-0.0625,0.96875
4.136017,0.078125,-0.078125,0.992188
4.136343,0.015625,-0.054688,0.953125
4.136669,0.054688,-0.09375,0.96875
4.136995,0.015625,-0.09375,0.960938
4.137321,0.039062,-0.070312,0.992188
4.137647,0.046875,-0.070312,1.0
4.137973,0.015625,-0.046875,0.953125
4.138299,0.03125,-0.0625,0.984375
4.138625,0.0625,-0.054688,0.953125
4.138951,0.054688,-0.070312,1.007812
4.139277,0.039062,-0.039062,0.976562
4.139602,0.046875,-0.0625,0.984375
4.139928,0.0,-0.03125,0.960938
4.140254,0.03125,-0.023438,1.0
4.14058,0.0625,-0.09375,0.953125
4.140906,0.03125,-0.054688,0.984375
4.141232,0.046875,-0.078125,0.976562
4.141558,0.023438,-0.046875,0.929688
4.141884,0.023438,-0.09375,0.992188
4.14221,0.039062,-0.09375,1.0
4.142536,0.03125,-0.046875,0.984375
4.142862,0.070312,-0.039062,0.976562
4.143188,0.03125,-0.070312,1.0
4.143514,0.0625,-0.070312,0.945312
4.14384,0.03125,-0.046875,0.960938
4.144165,0.046875,-0.101562,0.96875
4.144491,0.03125,-0.078125,0.945312
4.144817,0.015625,-0.085938,0.945312
4.145143,0.054688,-0.0625,1.007812
4.145469,0.03125,-0.046875,0.976562
4.145795,0.015625,-0.0625,0.992188
4.146121,0.015625,-0.070312,0.992188
4.146447,0.03125,-0.09375,0.960938
4.146773,0.007812,-0.070312,0.96875
4.147099,0.054688,-0.046875,1.0
4.147425,0.046875,-0.09375,0.929688
4.147751,0.039062,-0.085938,0.96875
4.148077,0.03125,-0.0625,0.96875
4.148403,0.03125,-0.085938,1.015625
4.148728,0.023438,-0.0625,0.96875
4.149054,0.007812,-0.070312,0.992188
4.14938,0.023438,-0.039062,0.9375
4.149706,0.0625,-0.0625,0.96875
4.150032,0.046875,-0.078125,0.976562
4.150358,0.046875,-0.0625,0.992188
4.150684,0.03125,-0.054688,0.984375
4.15101,0.046875,-0.085938,0.984375
4.151336,0.085938,-0.015625,0.976562
4.151662,0.023438,-0.070312,0.992188
4.151988,0.015625,-0.039062,0.984375
4.152314,0.070312,-0.117188,0.976562
4.15264,0.007812,-0.070312,0.976562
4.152965,0.023438,-0.078125,0.9375
4.153291,0.085938,-0.09375,1.015625
4.153617,0.054688,-0.070312,0.992188
4.153943,0.085938,-0.023438,0.960938
4.154269,0.046875,-0.0625,0.945312
4.154595,0.039062,-0.101562,0.976562
4.154921,0.085938,-0.0625,0.984375
4.155247,0.039062,-0.085938,0.9375
4.155573,0.046875,-0.070312,0.960938
4.155899,0.007812,-0.085938,0.992188
4.156225,0.054688,-0.054688,0.96875
4.156551,0.007812,-0.09375,0.96875
4.156877,0.054688,-0.039062,0.96875
4.157203,0.039062,-0.070312,1.007812
4.157528,0.039062,-0.070312,1.0
4.157854,0.039062,-0.023438,0.96875
4.15818,0.0,-0.0625,1.007812
4.158506,0.007812,-0.101562,0.984375
4.158832,0.0,-0.0625,1.0
4.159158,0.054688,-0.054688,1.0
4.159484,0.03125,-0.0625,1.023438
4.15981,0.039062,-0.023438,0.96875
4.160136,0.023438,-0.015625,0.960938
4.160462,0.054688,-0.0625,0.984375
4.160788,0.007812,-0.0625,1.0
4.161114,0.0625,-0.09375,0.960938
4.16144,0.0625,-0.101562,0.992188
4.161766,0.046875,-0.046875,0.96875
4.162091,0.039062,-0.0625,0.9375
4.162417,0.03125,-0.101562,1.03125
4.162743,0.03125,-0.054688,0.984375
4.163069,0.070312,-0.070312,1.023438
4.163395,0.007812,-0.070312,0.976562
4.163721,0.054688,-0.0625,0.960938
4.164047,0.03125,-0.070312,1.039062
4.164373,0.054688,-0.054688,0.960938
4.164699,0.070312,-0.078125,0.96875
4.165025,0.070312,-0.09375,0.984375
4.165351,0.015625,-0.09375,1.007812
4.165677,0.03125,-0.117188,1.039062
4.166003,0.046875,-0.078125,1.007812
4.166329,0.054688,-0.070312,0.976562
4.166654,0.054688,-0.046875,0.953125
4.16698,0.039062,-0.054688,0.929688
4.167306,0.054688,-0.070312,1.023438
4.167632,0.039062,-0.085938,0.992188
4.167958,0.03125,-0.007812,0.945312
4.168284,0.046875,-0.070312,0.992188
4.16861,0.046875,-0.117188,0.992188
4.168936,0.015625,-0.101562,0.96875
4.169262,0.023438,-0.101562,0.945312
4.169588,0.054688,-0.078125,0.976562
4.169914,0.054688,-0.0625,0.976562
4.17024,0.015625,-0.046875,0.992188
4.170566,0.03125,-0.046875,0.945312
4.170891,0.023438,-0.085938,1.046875
4.171217,0.0625,-0.117188,0.984375
4.171543,0.03125,-0.078125,0.992188
4.171869,0.054688,-0.070312,0.992188
4.172195,0.046875,-0.09375,1.007812
4.172521,0.023438,-0.125,1.0
4.172847,0.023438,-0.070312,0.976562
4.173173,0.03125,-0.023438,1.0
4.173499,0.078125,-0.09375,0.96875
4.173825,0.070312,-0.039062,0.960938
4.174151,0.039062,-0.046875,1.0
4.174477,0.023438,-0.054688,1.0
4.174803,0.046875,-0.070312,0.976562
4.175129,0.039062,-0.039062,1.023438
4.175454,0.015625,-0.070312,1.0
4.17578,0.023438,-0.101562,0.96875
4.176106,0.0,-0.054688,1.0
4.176432,0.054688,-0.101562,0.976562
4.176758,0.054688,-0.070312,0.953125
4.177084,0.039062,-0.078125,0.96875
4.17741,0.039062,-0.078125,0.953125
4.177736,0.0,-0.070312,1.015625
4.178062,0.039062,-0.0625,1.0
4.178388,0.0,-0.0625,0.992188
4.178714,0.03125,-0.046875,0.992188
4.17904,0.039062,-0.070312,0.984375
4.179366,0.054688,-0.046875,0.96875
4.179692,0.039062,-0.109375,1.0
4.180017,0.0,-0.070312,1.007812
4.180343,0.03125,-0.046875,0.992188
4.180669,0.039062,-0.0625,1.0
4.180995,0.007812,-0.101562,0.960938
4.181321,0.054688,-0.09375,0.976562
4.181647,0.03125,-0.109375,0.992188
4.181973,0.070312,-0.0625,0.992188
4.182299,0.085938,-0.078125,1.023438
4.182625,0.03125,-0.101562,0.960938
4.182951,0.03125,-0.125,1.03125
4.183277,0.015625,-0.09375,1.046875
4.183603,0.039062,-0.09375,0.976562
4.183929,0.054688,-0.085938,1.0
4.184255,0.039062,-0.023438,1.007812
4.18458,0.070312,-0.0625,1.007812
4.184906,0.0625,-0.078125,0.96875
4.185232,0.0,-0.0625,0.984375
4.185558,0.023438,-0.070312,0.960938
4.185884,0.039062,-0.054688,1.023438
4.18621,0.023438,-0.023438,0.96875
4.186536,0.015625,-0.09375,0.992188
4.186862,0.046875,-0.070312,1.007812
4.187188,0.039062,-0.109375,0.984375
4.187514,0.039062,-0.070312,0.976562
4.18784,0.039062,-0.070312,1.0
4.188166,0.070312,-0.09375,1.015625
4.188492,0.023438,-0.09375,1.023438
4.188817,0.0,-0.070312,0.960938
4.189143,0.015625,-0.046875,1.0
4.189469,0.070312,-0.078125,1.023438
4.189795,0.03125,-0.09375,0.992188
4.190121,0.0625,-0.070312,0.929688
4.190447,0.03125,-0.070312,1.0
4.190773,0.03125,-0.070312,0.960938
4.191099,0.070312,-0.101562,0.992188
4.191425,0.085938,-0.078125,0.984375
4.191751,0.039062,-0.0625,0.953125
4.192077,0.0625,-0.046875,0.992188
4.192403,0.0,-0.054688,0.960938
4.192729,0.0625,-0.054688,1.007812
4.193055,0.039062,-0.09375,0.984375
4.19338,0.0625,-0.09375,0.992188
4.193706,0.078125,-0.078125,0.960938
4.194032,0.054688,-0.039062,1.0
4.194358,0.054688,-0.085938,1.007812
4.194684,0.070312,-0.039062,0.984375
4.19501,0.03125,-0.0625,1.0
4.195336,0.070312,-0.085938,0.9375
4.195662,0.03125,-0.046875,0.960938
4.195988,0.023438,-0.078125,0.984375
4.196314,0.007812,-0.085938,0.984375
4.19664,0.023438,-0.054688,0.960938
4.196966,0.015625,-0.054688,0.992188
4.197292,0.054688,-0.0625,1.0
4.197618,0.039062,-0.054688,0.929688
4.197943,0.070312,-0.0625,1.0
4.198269,0.054688,-0.070312,0.984375
4.198595,0.023438,-0.085938,0.9375
4.198921,0.046875,-0.070312,0.992188
4.199247,0.015625,-0.109375,0.96875
4.199573,0.070312,-0.046875,0.992188
4.199899,0.03125,-0.070312,0.992188
4.200225,0.0625,-0.125,0.984375
4.200551,0.0625,-0.070312,0.960938
4.200877,0.046875,-0.0625,0.992188
4.201203,0.054688,-0.09375,0.960938
4.201529,0.054688,-0.070312,0.984375
4.201855,0.039062,-0.078125,0.945312
4.202181,0.039062,-0.070312,0.984375
4.202506,0.039062,-0.070312,0.953125
4.202832,0.054688,-0.085938,1.007812
4.203158,0.0625,-0.078125,0.992188
4.203484,0.046875,-0.078125,1.007812
4.20381,0.007812,-0.085938,1.0
4.204136,0.015625,-0.054688,0.929688
4.204462,0.054688,-0.109375,0.976562
4.204788,0.046875,-0.078125,0.992188
4.205114,0.054688,-0.070312,0.992188
4.20544,0.046875,-0.054688,0.992188
4.205766,0.054688,-0.0625,1.03125
4.206092,0.039062,-0.070312,1.023438
4.206418,0.078125,-0.046875,0.960938
4.206743,0.015625,-0.0625,1.023438
4.207069,0.039062,-0.0625,0.992188
4.207395,0.023438,-0.101562,0.976562
4.207721,0.046875,-0.101562,0.984375
4.208047,0.03125,-0.078125,1.0
4.208373,0.03125,-0.078125,0.96875
4.208699,0.03125,-0.070312,1.0
4.209025,0.054688,-0.101562,0.960938
4.209351,0.054688,-0.078125,0.9375
4.209677,0.023438,-0.085938,0.976562
4.210003,0.078125,-0.101562,0.992188
4.210329,0.046875,-0.070312,0.984375
4.210655,0.054688,-0.070312,1.0
4.210981,0.03125,-0.070312,0.96875
4.211306,0.054688,-0.046875,0.9375
4.211632,0.085938,-0.070312,0.960938
4.211958,0.046875,-0.046875,0.945312
4.212284,0.054688,-0.125,0.960938
4.21261,0.054688,-0.070312,0.96875
4.212936,0.015625,-0.070312,1.0
4.213262,0.046875,-0.09375,0.984375
4.213588,0.085938,-0.070312,0.960938
4.213914,0.007812,-0.09375,0.992188
4.21424,0.0,-0.070312,1.0
4.214566,0.046875,-0.0625,0.976562
4.214892,0.0625,-0.039062,0.953125
4.215218,0.039062,-0.0625,1.007812
4.215544,0.070312,-0.070312,0.976562
4.215869,0.039062,-0.03125,1.007812
4.216195,0.023438,-0.070312,0.960938
4.216521,0.03125,-0.046875,0.976562
4.216847,0.007812,-0.054688,0.992188
4.217173,0.054688,-0.085938,0.984375
4.217499,0.007812,-0.070312,0.976562
4.217825,0.046875,-0.101562,0.960938
4.218151,0.03125,-0.09375,1.0
4.218477,0.03125,-0.054688,1.0
4.218803,0.023438,-0.078125,0.96875
4.219129,0.054688,-0.070312,0.992188
4.219455,0.046875,-0.0625,0.984375
4.219781,0.03125,-0.03125,1.0
4.220107,0.070312,-0.070312,0.945312
4.220432,0.023438,-0.070312,0.992188
4.220758,0.054688,-0.070312,1.0
4.221084,0.054688,-0.070312,0.992188
4.22141,0.015625,-0.09375,0.992188
4.221736,0.0,-0.078125,0.992188
4.222062,0.03125,-0.054688,0.960938
4.222388,0.078125,-0.085938,1.0
4.222714,0.078125,-0.070312,0.984375
4.22304,0.0625,-0.125,0.960938
4.223366,0.054688,-0.070312,1.0
4.223692,0.054688,-0.101562,0.976562
4.224018,0.046875,-0.085938,0.953125
4.224344,0.070312,-0.0625,0.976562
4.224669,0.023438,-0.046875,0.945312
4.224995,0.015625,-0.046875,0.960938
4.225321,0.054688,-0.039062,1.0
4.225647,0.023438,-0.078125,0.984375
4.225973,0.054688,-0.101562,0.992188
4.226299,0.046875,-0.054688,0.960938
4.226625,0.054688,-0.03125,0.945312
4.226951,0.046875,-0.046875,0.992188
4.227277,0.0,-0.039062,1.023438
4.227603,0.101562,-0.070312,0.976562
4.227929,0.0625,-0.046875,0.976562
4.228255,0.03125,-0.0625,0.960938
4.228581,0.039062,-0.101562,0.960938
4.228907,0.054688,-0.0625,0.96875
4.229232,0.03125,-0.039062,1.023438
4.229558,0.03125,-0.085938,1.0
4.229884,0.054688,-0.046875,0.953125
4.23021,0.046875,-0.085938,0.976562
4.230536,0.03125,-0.085938,0.96875
4.230862,0.039062,-0.109375,1.0
4.231188,0.03125,-0.09375,1.023438
4.231514,0.054688,-0.054688,0.976562
4.23184,0.054688,-0.085938,0.96875
4.232166,0.0625,-0.09375,0.960938
4.232492,0.054688,-0.039062,1.023438
4.232818,0.085938,-0.101562,1.015625
4.233144,0.078125,-0.054688,0.976562
4.23347,0.054688,-0.039062,0.984375
4.233795,0.046875,-0.03125,1.015625
4.234121,0.015625,-0.023438,0.945312
4.234447,0.0625,-0.070312,0.984375
4.234773,0.070312,-0.039062,0.992188
4.235099,0.054688,-0.085938,0.984375
4.235425,0.0625,-0.070312,1.0
4.235751,0.039062,-0.078125,0.992188
4.236077,0.054688,-0.085938,0.992188
4.236403,0.039062,-0.09375,0.921875
4.236729,0.0,-0.109375,0.96875
4.237055,0.015625,-0.078125,0.992188
4.237381,0.007812,-0.085938,0.984375
4.237707,0.015625,-0.085938,0.945312
4.238033,0.03125,-0.070312,1.0
4.238358,0.03125,-0.078125,1.007812
4.238684,0.039062,-0.09375,0.953125
4.23901,0.015625,-0.039062,0.992188
4.239336,0.015625,-0.085938,0.96875
4.239662,0.023438,-0.0625,0.992188
4.239988,0.039062,-0.054688,0.96875
4.240314,0.046875,-0.070312,0.992188
4.24064,0.03125,-0.09375,0.960938
4.240966,0.03125,-0.046875,0.976562
4.241292,0.078125,-0.039062,0.992188
4.241618,0.039062,-0.078125,1.0
4.241944,0.0625,-0.039062,0.96875
4.24227,0.046875,-0.078125,1.0
4.242595,0.007812,-0.085938,1.0
4.242921,0.078125,-0.0625,0.992188
4.243247,0.046875,-0.054688,1.0
4.243573,0.070312,-0.070312,0.96875
4.243899,0.054688,-0.078125,0.992188
4.244225,0.03125,-0.070312,0.953125
4.244551,0.046875,-0.125,0.992188
4.244877,0.0,-0.070312,0.976562
4.245203,0.0625,-0.054688,0.976562
4.245529,0.015625,-0.046875,0.960938
4.245855,0.054688,-0.078125,0.992188
4.246181,0.023438,-0.0625,0.984375
4.246507,0.039062,-0.109375,0.984375
4.246833,0.054688,-0.078125,0.96875
4.247158,0.015625,-0.085938,0.992188
4.247484,0.054688,-0.0625,1.023438
4.24781,0.054688,-0.085938,0.960938
4.248136,0.054688,-0.101562,0.992188
4.248462,0.03125,-0.070312,0.976562
4.248788,0.039062,-0.085938,1.0
4.249114,0.0625,-0.085938,1.0
4.24944,0.0,-0.023438,1.0
4.249766,0.046875,-0.039062,0.992188
4.250092,0.03125,-0.046875,1.007812
4.250418,0.023438,-0.078125,0.984375
4.250744,0.007812,-0.046875,1.0
4.25107,0.023438,-0.054688,0.953125
4.251396,0.03125,-0.046875,0.976562
4.251721,0.0,-0.054688,0.96875
4.252047,0.046875,-0.0625,0.992188
4.252373,0.007812,-0.101562,0.992188
4.252699,0.054688,-0.117188,1.007812
4.253025,0.039062,-0.101562,0.992188
4.253351,0.054688,-0.0625,1.0
4.253677,0.054688,-0.0625,1.0
4.254003,0.046875,-0.0625,0.960938
4.254329,0.03125,-0.054688,0.953125
4.254655,0.078125,-0.078125,1.023438
4.254981,0.078125,-0.046875,1.0
4.255307,0.007812,-0.03125,0.945312
4.255633,0.054688,-0.078125,1.0
4.255959,0.054688,-0.070312,1.007812
4.256284,0.054688,-0.054688,0.953125
4.25661,0.023438,-0.046875,0.945312
4.256936,0.0625,-0.054688,1.0
4.257262,0.0625,-0.046875,0.992188
4.257588,0.054688,-0.09375,1.0
4.257914,0.054688,-0.085938,0.984375
4.25824,0.054688,-0.085938,0.976562
4.258566,0.039062,-0.070312,1.007812
4.258892,0.0,-0.0625,0.984375
4.259218,0.023438,-0.0625,0.992188
4.259544,0.023438,-0.070312,0.96875
4.25987,0.039062,-0.0625,0.992188
4.260196,0.054688,-0.070312,0.992188
4.260521,0.046875,-0.109375,1.0
4.260847,0.046875,-0.0625,1.0
4.261173,0.007812,-0.070312,1.0
4.261499,0.046875,-0.078125,0.984375
4.261825,0.046875,-0.101562,0.945312
4.262151,0.078125,-0.101562,1.0
4.262477,0.03125,-0.070312,0.992188
4.262803,0.039062,-0.078125,0.976562
4.263129,0.078125,-0.085938,1.03125
4.263455,0.0,-0.054688,1.015625
4.263781,0.0625,-0.0625,0.992188
4.264107,0.023438,-0.03125,0.984375
4.264433,0.0625,-0.078125,0.96875
4.264759,0.046875,-0.070312,0.960938
4.265084,0.03125,-0.054688,1.0
4.26541,0.023438,-0.039062,0.984375
4.265736,0.085938,-0.0625,0.976562
4.266062,0.039062,-0.070312,0.960938
4.266388,0.039062,-0.070312,0.96875
4.266714,0.03125,-0.046875,0.96875
4.26704,0.046875,-0.070312,0.984375
4.267366,0.015625,-0.0625,1.0
4.267692,0.03125,-0.101562,1.0
4.268018,0.054688,-0.078125,0.96875
4.268344,0.015625,-0.078125,0.992188
4.26867,0.0,-0.039062,0.992188
4.268996,0.09375,-0.0625,1.0
4.269322,0.039062,-0.078125,1.0
4.269647,0.0625,-0.101562,1.0
4.269973,0.046875,-0.039062,0.992188
4.270299,0.015625,-0.085938,0.960938
4.270625,0.0625,-0.0625,1.0
4.270951,0.023438,-0.070312,0.992188
4.271277,0.0625,-0.078125,0.945312
4.271603,0.039062,-0.0625,0.976562
4.271929,0.03125,-0.039062,1.007812
4.272255,0.03125,-0.078125,0.945312
4.272581,0.046875,-0.054688,0.992188
4.272907,0.039062,-0.0625,1.039062
4.273233,0.054688,-0.070312,1.0
4.273559,0.046875,-0.007812,0.960938
4.273885,0.046875,-0.054688,0.96875
4.27421,0.007812,-0.0625,0.929688
4.274536,0.054688,-0.085938,0.921875
4.274862,0.046875,-0.070312,1.0
4.275188,0.039062,-0.070312,0.960938
4.275514,0.023438,-0.0625,1.0
4.27584,0.03125,-0.070312,0.992188
4.276166,0.054688,-0.070312,0.976562
4.276492,0.054688,-0.078125,1.0
4.276818,0.078125,-0.09375,0.992188
4.277144,0.03125,-0.046875,0.960938
4.27747,0.046875,-0.070312,1.0
4.277796,0.039062,-0.070312,0.960938
4.278122,0.023438,-0.070312,0.984375
4.278447,0.046875,-0.046875,1.0
4.278773,0.023438,-0.085938,1.0
4.279099,0.023438,-0.0625,0.960938
4.279425,0.046875,-0.070312,1.0
4.279751,0.039062,-0.085938,1.007812
4.280077,0.039062,-0.070312,1.007812
4.280403,0.03125,-0.0625,0.960938
4.280729,0.023438,-0.070312,0.96875
4.281055,0.023438,-0.054688,0.9375
4.281381,0.039062,-0.078125,0.984375
4.281707,0.039062,-0.085938,0.992188
4.282033,0.0625,-0.078125,0.953125
4.282359,0.039062,-0.078125,0.984375
4.282685,0.054688,-0.078125,1.0
4.28301,0.039062,-0.09375,1.0
4.283336,0.054688,-0.070312,0.984375
4.283662,0.015625,-0.039062,0.953125
4.283988,0.101562,-0.101562,0.984375
4.284314,0.0625,-0.085938,1.0
4.28464,0.0,-0.039062,0.984375
4.284966,0.054688,-0.0625,0.992188
4.285292,0.007812,-0.054688,0.960938
4.285618,0.054688,-0.0625,0.96875
4.285944,0.039062,-0.0625,0.96875
4.28627,0.039062,-0.054688,0.976562
4.286596,0.046875,-0.054688,0.976562
4.286922,0.023438,-0.070312,1.0
4.287248,0.007812,-0.0625,1.023438
4.287573,0.039062,-0.0625,0.992188
4.287899,0.023438,-0.039062,0.960938
4.288225,0.023438,-0.078125,0.984375
4.288551,0.078125,-0.085938,0.992188
4.288877,0.054688,-0.117188,1.015625
4.289203,0.023438,-0.054688,0.992188
4.289529,0.054688,-0.09375,0.992188
4.289855,0.039062,-0.078125,0.976562
4.290181,0.039062,-0.09375,0.945312
4.290507,0.023438,-0.046875,1.015625
4.290833,0.039062,-0.085938,0.953125
4.291159,0.046875,-0.054688,0.96875
4.291485,0.039062,-0.085938,0.992188
4.291811,0.054688,-0.085938,1.0
4.292136,0.039062,-0.03125,0.984375
4.292462,0.039062,-0.0625,1.0
4.292788,0.015625,-0.046875,1.0
4.293114,0.0625,-0.101562,1.0
4.29344,0.023438,-0.085938,0.992188
4.293766,0.0625,-0.070312,1.0
4.294092,0.023438,-0.070312,0.921875
4.294418,0.03125,-0.039062,0.984375
4.294744,0.054688,-0.085938,0.992188
4.29507,0.085938,-0.070312,0.96875
4.295396,0.046875,-0.0625,1.0
4.295722,0.054688,-0.101562,1.0
4.296048,0.023438,-0.0625,0.992188
4.296373,0.0625,-0.0625,0.992188
4.296699,0.0625,-0.0625,0.976562
4.297025,0.03125,-0.085938,0.960938
4.297351,0.039062,-0.078125,0.984375
4.297677,0.039062,-0.101562,0.976562
4.298003,0.039062,-0.085938,0.992188
4.298329,0.007812,-0.085938,1.0
4.298655,0.007812,-0.0625,1.0
4.298981,0.039062,-0.0625,0.984375
4.299307,0.0625,-0.078125,0.976562
4.299633,0.039062,-0.09375,0.96875
4.299959,0.039062,-0.085938,0.976562
4.300285,0.039062,-0.09375,1.0
4.300611,0.078125,-0.070312,0.984375
4.300936,0.054688,-0.070312,1.0
4.301262,0.023438,-0.078125,0.96875
4.301588,0.046875,-0.101562,0.992188
4.301914,0.039062,-0.046875,0.960938
4.30224,0.039062,-0.0625,0.976562
4.302566,0.046875,-0.109375,1.0
4.302892,0.046875,-0.0625,0.992188
4.303218,0.070312,-0.078125,0.976562
4.303544,0.007812,-0.085938,0.992188
4.30387,0.015625,-0.0625,0.984375
4.304196,0.015625,-0.039062,1.0
4.304522,0.03125,-0.078125,0.960938
4.304848,0.039062,-0.03125,0.976562
4.305174,0.046875,-0.085938,1.0
4.305499,0.015625,-0.0625,0.960938
4.305825,0.023438,-0.085938,0.976562
4.306151,0.070312,-0.078125,0.992188
4.306477,0.039062,-0.054688,0.976562
4.306803,0.023438,-0.09375,0.960938
4.307129,0.023438,-0.09375,1.0
4.307455,0.03125,-0.085938,0.984375
4.307781,0.054688,-0.070312,0.960938
4.308107,0.070312,-0.070312,0.945312
4.308433,0.046875,-0.085938,0.984375
4.308759,0.085938,-0.078125,0.976562
4.309085,0.0,-0.070312,0.960938
4.309411,0.023438,-0.078125,0.96875
4.309737,0.039062,-0.0625,1.0
4.310062,0.054688,-0.0625,0.945312
4.310388,0.023438,-0.0625,0.992188
4.310714,0.070312,-0.09375,0.976562
4.31104,0.023438,-0.101562,1.0
4.311366,0.039062,-0.046875,0.945312
4.311692,0.0625,-0.085938,1.015625
4.312018,0.039062,-0.054688,1.007812
4.312344,0.054688,-0.109375,1.007812
4.31267,0.0625,-0.0625,0.945312
4.312996,0.054688,-0.0625,0.96875
4.313322,0.0625,-0.0625,1.0
4.313648,0.070312,-0.078125,0.992188
4.313974,0.023438,-0.070312,1.015625
4.314299,0.054688,-0.117188,1.023438
4.314625,0.054688,-0.054688,0.96875
4.314951,0.03125,-0.039062,0.9375
4.315277,0.039062,-0.070312,1.0
4.315603,0.054688,-0.0625,1.0
4.315929,0.054688,-0.046875,0.976562
4.316255,0.0,-0.09375,0.984375
4.316581,0.023438,-0.109375,1.0
4.316907,0.039062,-0.078125,0.984375
4.317233,0.078125,-0.039062,0.976562
4.317559,0.039062,-0.070312,0.953125
4.317885,0.070312,-0.070312,1.0
4.318211,0.023438,-0.070312,0.953125
4.318537,0.0625,-0.039062,0.960938
4.318862,0.054688,-0.070312,0.96875
4.319188,0.039062,-0.0625,0.992188
4.319514,0.023438,-0.046875,0.953125
4.31984,0.039062,-0.101562,0.96875
4.320166,0.070312,-0.054688,0.9375
4.320492,0.0,-0.023438,0.984375
4.320818,0.0625,-0.054688,1.0
4.321144,0.046875,-0.0625,0.976562
4.32147,0.054688,-0.039062,0.976562
4.321796,0.039062,-0.0625,1.007812
4.322122,0.0,-0.085938,1.007812
4.322448,0.046875,-0.039062,1.0
4.322774,0.039062,-0.0625,0.992188
4.3231,0.070312,-0.09375,0.96875
4.323425,0.046875,-0.085938,1.0
4.323751,0.046875,-0.0625,1.023438
4.324077,0.070312,-0.101562,1.0
4.324403,0.0625,-0.054688,0.976562
4.324729,0.09375,-0.070312,0.929688
4.325055,0.023438,-0.09375,0.960938
4.325381,0.085938,-0.101562,0.945312
4.325707,0.046875,-0.0625,0.929688
4.326033,0.054688,-0.101562,0.984375
4.326359,0.046875,-0.085938,0.929688
4.326685,0.03125,-0.039062,0.914062
4.327011,0.046875,-0.070312,0.976562
4.327337,0.0625,-0.0625,0.976562
4.327663,0.0,-0.0625,1.0
4.327988,0.007812,-0.007812,1.0
4.328314,0.046875,-0.054688,0.984375
4.32864,0.0625,-0.054688,0.992188
4.328966,0.039062,-0.046875,0.976562
4.329292,0.03125,-0.070312,0.953125
4.329618,0.03125,-0.101562,1.015625
4.329944,0.101562,-0.03125,1.0
4.33027,0.054688,-0.085938,1.007812
4.330596,0.007812,-0.078125,0.992188
4.330922,0.078125,-0.046875,0.960938
4.331248,0.015625,-0.078125,0.9375
4.331574,0.0625,-0.078125,0.992188
4.3319,0.03125,-0.054688,1.007812
4.332225,0.007812,-0.039062,0.976562
4.332551,0.03125,-0.117188,1.03125
4.332877,0.054688,-0.085938,0.929688
4.333203,0.03125,-0.09375,0.945312
4.333529,0.054688,-0.0625,0.96875
4.333855,0.0625,-0.085938,0.992188
4.334181,0.054688,-0.085938,1.0
4.334507,0.039062,-0.085938,1.0
4.334833,0.046875,-0.054688,0.96875
4.335159,0.0625,-0.078125,1.0
4.335485,0.03125,-0.101562,0.9375
4.335811,0.03125,-0.0625,0.992188
4.336137,0.015625,-0.085938,0.992188
4.336463,0.039062,-0.039062,0.945312
4.336788,0.039062,-0.085938,1.007812
4.337114,0.007812,-0.109375,0.96875
4.33744,0.046875,-0.078125,0.992188
4.337766,0.054688,-0.046875,1.0
4.338092,0.023438,-0.09375,1.0
4.338418,0.015625,-0.132812,1.015625
4.338744,0.054688,-0.054688,1.015625
4.33907,0.054688,-0.078125,0.96875
4.339396,0.023438,-0.0625,0.984375
4.339722,0.03125,-0.085938,0.96875
4.340048,0.039062,-0.0625,1.0
4.340374,0.039062,-0.0625,0.976562
4.3407,0.03125,-0.070312,1.0
4.341026,0.0625,-0.054688,0.984375
4.341351,0.0625,-0.09375,0.976562
4.341677,0.023438,-0.070312,1.0
4.342003,0.023438,-0.078125,1.023438
4.342329,0.023438,-0.046875,0.992188
4.342655,0.078125,-0.085938,0.976562
4.342981,0.054688,-0.0625,1.0
4.343307,0.054688,-0.0625,1.0
4.343633,0.03125,-0.070312,0.976562
4.343959,0.0,-0.054688,0.960938
4.344285,0.054688,-0.101562,0.976562
4.344611,0.046875,-0.039062,0.960938
4.344937,0.054688,-0.054688,0.992188
4.345263,0.015625,-0.085938,0.992188
4.345589,0.0625,-0.101562,0.992188
4.345914,0.007812,-0.078125,0.96875
4.34624,0.007812,-0.101562,1.0
4.346566,0.023438,-0.070312,0.945312
4.346892,0.046875,-0.070312,0.992188
4.347218,0.070312,-0.0625,0.992188
4.347544,0.054688,-0.070312,1.0
4.34787,0.007812,-0.054688,0.960938
4.348196,0.023438,-0.039062,0.96875
4.348522,0.023438,-0.101562,1.023438
4.348848,0.0,-0.070312,0.984375
4.349174,0.054688,-0.039062,1.007812
4.3495,0.0,-0.109375,0.992188
4.349826,0.046875,-0.0625,0.992188
4.350151,0.046875,-0.078125,1.0
4.350477,0.015625,-0.09375,0.984375
4.350803,0.046875,-0.070312,0.945312
4.351129,0.078125,-0.054688,0.960938
4.351455,0.0625,-0.109375,0.976562
4.351781,0.046875,-0.046875,0.96875
4.352107,0.046875,-0.109375,1.0
4.352433,0.023438,-0.09375,1.0
4.352759,0.078125,-0.070312,0.960938
4.353085,0.0625,-0.070312,0.960938
4.353411,0.03125,-0.070312,0.96875
4.353737,0.023438,-0.039062,0.976562
4.354063,0.046875,-0.109375,0.992188
4.354389,0.054688,-0.101562,1.015625
4.354714,0.03125,-0.070312,0.96875
4.35504,0.054688,-0.070312,0.96875
4.355366,0.070312,-0.078125,1.0
4.355692,0.023438,-0.070312,0.953125
4.356018,0.023438,-0.0625,1.0
4.356344,0.039062,-0.101562,0.992188
4.35667,0.039062,-0.085938,1.0
4.356996,0.039062,-0.070312,1.0
4.357322,0.039062,-0.0625,1.023438
4.357648,0.0625,-0.054688,0.992188
4.357974,0.046875,-0.039062,1.007812
4.3583,0.054688,-0.046875,0.992188
4.358626,0.078125,-0.0625,1.0
4.358952,0.0625,-0.085938,1.0
4.359277,0.054688,-0.0625,1.007812
4.359603,0.03125,-0.0625,0.984375
4.359929,0.023438,-0.078125,1.007812
4.360255,0.0625,-0.070312,0.984375
4.360581,0.023438,-0.007812,0.992188
4.360907,0.023438,-0.070312,0.945312
4.361233,0.0,-0.070312,1.007812
4.361559,0.023438,-0.09375,0.984375
4.361885,0.015625,-0.070312,0.976562
4.362211,0.054688,-0.101562,0.976562
4.362537,0.03125,-0.070312,0.992188
4.362863,0.023438,-0.09375,0.960938
4.363189,0.007812,-0.09375,1.0
4.363515,0.039062,-0.070312,1.0
4.36384,0.015625,-0.039062,1.0
4.364166,0.039062,-0.078125,0.960938
4.364492,0.0625,-0.070312,0.945312
4.364818,0.078125,-0.0625,1.007812
4.365144,0.015625,-0.054688,0.984375
4.36547,0.03125,-0.070312,0.984375
4.365796,0.0,-0.046875,1.023438
4.366122,0.046875,-0.125,1.0
4.366448,0.023438,-0.078125,1.0
4.366774,0.046875,-0.03125,1.0
4.3671,0.023438,-0.101562,0.976562
4.367426,0.054688,-0.085938,1.0
4.367752,0.046875,-0.085938,0.992188
4.368077,0.039062,-0.078125,0.992188
4.368403,0.023438,-0.039062,0.976562
4.368729,0.054688,-0.070312,0.960938
4.369055,0.039062,-0.070312,0.992188
4.369381,0.03125,-0.070312,0.976562
4.369707,0.0625,-0.085938,0.992188
4.370033,0.046875,-0.09375,1.0
4.370359,0.0625,-0.078125,0.953125
4.370685,0.054688,-0.101562,1.0
4.371011,0.054688,-0.070312,0.992188
4.371337,0.046875,-0.101562,1.0
4.371663,0.0,-0.046875,1.046875
4.371989,0.023438,-0.070312,0.96875
4.372315,0.023438,-0.039062,1.0
4.37264,0.03125,-0.070312,0.976562
4.372966,0.046875,-0.078125,0.984375
4.373292,0.03125,-0.054688,0.960938
4.373618,0.03125,-0.0625,1.007812
4.373944,0.085938,-0.101562,1.0
4.37427,0.054688,-0.0625,0.992188
4.374596,0.015625,-0.09375,0.984375
4.374922,0.023438,-0.046875,0.984375
4.375248,0.039062,-0.085938,1.007812
4.375574,0.078125,-0.039062,1.007812
4.3759,0.054688,-0.070312,0.953125
4.376226,0.03125,-0.070312,0.976562
4.376552,0.054688,-0.085938,0.984375
4.376878,0.023438,-0.070312,0.984375
4.377203,0.023438,-0.078125,0.953125
4.377529,0.054688,-0.039062,0.992188
4.377855,0.015625,-0.085938,0.96875
4.378181,0.023438,-0.0625,0.976562
4.378507,0.054688,-0.09375,0.960938
4.378833,0.085938,-0.109375,1.007812
4.379159,0.0625,-0.070312,1.023438
4.379485,0.078125,-0.078125,1.0
4.379811,0.007812,-0.078125,0.96875
4.380137,0.023438,-0.0625,0.96875
4.380463,0.023438,-0.070312,0.96875
4.380789,0.070312,-0.09375,1.0
4.381115,0.046875,-0.078125,0.929688
4.381441,0.03125,-0.09375,0.960938
4.381766,0.046875,-0.070312,0.945312
4.382092,0.03125,-0.09375,1.0
4.382418,0.0,-0.09375,1.0
4.382744,0.023438,-0.0625,0.992188
4.38307,0.054688,-0.015625,0.9375
4.383396,0.023438,-0.078125,0.976562
4.383722,0.03125,-0.070312,0.984375
4.384048,0.015625,-0.085938,0.96875
4.384374,0.070312,-0.046875,0.992188
4.3847,0.039062,-0.054688,0.992188
4.385026,0.007812,-0.054688,1.015625
4.385352,0.039062,-0.0625,0.976562
4.385678,0.039062,-0.085938,0.953125
4.386003,0.09375,-0.078125,1.0
4.386329,0.070312,-0.0625,1.0
4.386655,0.054688,-0.078125,1.0
4.386981,0.007812,-0.109375,0.992188
4.387307,0.023438,-0.046875,1.015625
4.387633,0.085938,-0.078125,1.0
4.387959,0.03125,-0.0625,1.015625
4.388285,0.054688,-0.078125,1.023438
4.388611,0.0625,-0.101562,1.0
4.388937,0.039062,-0.117188,1.0
4.389263,0.046875,-0.101562,0.984375
4.389589,0.039062,-0.070312,0.929688
4.389915,0.039062,-0.070312,0.984375
4.390241,0.054688,-0.039062,0.976562
4.390566,0.03125,-0.085938,0.984375
4.390892,0.101562,-0.101562,1.03125
4.391218,0.03125,-0.085938,0.960938
4.391544,0.039062,-0.09375,1.0
4.39187,0.03125,-0.078125,0.960938
4.392196,0.0625,-0.078125,0.960938
4.392522,0.015625,-0.085938,0.992188
4.392848,0.03125,-0.078125,1.0
4.393174,0.046875,-0.101562,0.992188
4.3935,0.03125,-0.101562,0.992188
4.393826,0.0,-0.101562,1.023438
4.394152,0.03125,-0.101562,1.007812
4.394478,0.039062,-0.039062,0.992188
4.394804,0.046875,-0.070312,0.992188
4.395129,0.070312,-0.054688,0.984375
4.395455,0.054688,-0.0625,1.007812
4.395781,0.023438,-0.046875,1.0
4.396107,0.039062,-0.054688,0.945312
4.396433,0.015625,-0.078125,0.992188
4.396759,0.085938,-0.101562,0.976562
4.397085,0.0625,-0.054688,1.0
4.397411,0.023438,-0.070312,0.984375
4.397737,0.046875,-0.054688,0.929688
4.398063,0.070312,-0.09375,0.976562
4.398389,0.046875,-0.070312,0.960938
4.398715,0.054688,-0.054688,0.960938
4.399041,0.039062,-0.085938,1.0
4.399367,0.023438,-0.078125,0.945312
4.399692,0.054688,-0.09375,0.945312
4.400018,0.03125,-0.101562,0.96875
4.400344,0.039062,-0.0625,0.953125
4.40067,0.007812,-0.085938,0.992188
4.400996,0.046875,-0.085938,0.96875
4.401322,0.046875,-0.039062,0.953125
4.401648,0.046875,-0.03125,0.945312
4.401974,0.039062,-0.078125,1.0
4.4023,0.015625,-0.085938,0.96875
4.402626,0.03125,-0.046875,0.960938
4.402952,0.054688,-0.03125,0.976562
4.403278,0.039062,-0.0625,0.992188
4.403604,0.054688,-0.085938,1.0
4.403929,0.039062,-0.0625,1.0
4.404255,0.054688,-0.046875,1.0
4.404581,0.023438,-0.046875,1.007812
4.404907,0.007812,-0.0625,0.945312
4.405233,0.070312,-0.03125,0.984375
4.405559,0.039062,-0.078125,0.984375
4.405885,0.070312,-0.054688,0.929688
4.406211,0.054688,-0.085938,1.0
4.406537,0.046875,-0.117188,0.992188
4.406863,0.046875,-0.078125,0.9375
4.407189,0.023438,-0.070312,1.0
4.407515,0.054688,-0.078125,0.992188
4.407841,0.039062,-0.039062,1.007812
4.408167,0.054688,-0.09375,1.0
4.408492,0.046875,-0.078125,0.976562
4.408818,0.046875,-0.078125,0.984375
4.409144,0.03125,-0.09375,1.0
4.40947,0.03125,-0.078125,0.945312
4.409796,0.023438,-0.070312,0.9375
4.410122,0.03125,-0.070312,0.984375
4.410448,0.03125,-0.085938,0.945312
4.410774,0.039062,-0.039062,0.992188
4.4111,0.046875,-0.054688,0.984375
4.411426,0.007812,-0.078125,0.96875
4.411752,0.070312,-0.085938,0.96875
4.412078,0.015625,-0.03125,1.0
4.412404,0.03125,-0.09375,1.015625
4.41273,0.007812,-0.09375,1.03125
4.413055,0.054688,-0.007812,1.023438
4.413381,0.039062,-0.0625,1.0
4.413707,0.0,-0.054688,1.0
4.414033,0.015625,-0.046875,1.015625
4.414359,0.046875,-0.101562,0.984375
4.414685,0.0,-0.078125,1.023438
4.415011,0.054688,-0.101562,1.007812
4.415337,0.054688,-0.0625,1.007812
4.415663,0.070312,-0.039062,1.0
4.415989,0.015625,-0.09375,0.976562
4.416315,0.054688,-0.085938,0.984375
4.416641,0.03125,-0.070312,1.0
4.416967,0.015625,-0.039062,0.953125
4.417293,0.070312,-0.070312,1.0
4.417618,0.054688,-0.070312,0.992188
4.417944,0.03125,-0.09375,0.976562
4.41827,0.039062,-0.046875,0.992188
4.418596,0.023438,-0.039062,1.0
4.418922,0.023438,-0.078125,0.953125
4.419248,0.054688,-0.085938,0.976562
4.419574,0.039062,-0.0625,0.976562
4.4199,0.023438,-0.09375,0.984375
4.420226,0.023438,-0.070312,0.960938
4.420552,0.054688,-0.039062,1.0
4.420878,0.054688,-0.0625,0.960938
4.421204,0.054688,-0.085938,1.015625
4.42153,0.070312,-0.09375,0.960938
4.421855,0.03125,-0.070312,0.976562
4.422181,0.0,-0.09375,0.976562
4.422507,0.046875,-0.0625,1.0
4.422833,0.046875,-0.054688,0.960938
4.423159,0.046875,-0.078125,0.96875
4.423485,0.085938,-0.054688,0.945312
4.423811,0.039062,-0.117188,1.0
4.424137,0.007812,-0.0625,1.0
4.424463,0.046875,-0.070312,0.992188
4.424789,0.039062,-0.039062,1.0
4.425115,0.046875,-0.039062,1.0
4.425441,0.03125,-0.0625,0.992188
4.425767,0.023438,-0.101562,1.0
4.426093,0.007812,-0.09375,0.992188
4.426418,0.039062,-0.046875,1.0
4.426744,0.0625,-0.070312,0.976562
4.42707,0.03125,-0.070312,1.007812
4.427396,0.039062,-0.0625,0.929688
4.427722,0.03125,-0.109375,0.984375
4.428048,0.039062,-0.0625,0.9375
4.428374,0.070312,-0.070312,1.007812
4.4287,0.0625,-0.0625,0.992188
4.429026,0.0625,-0.070312,0.992188
4.429352,0.039062,-0.039062,0.976562
4.429678,0.039062,-0.070312,0.992188
4.430004,0.03125,-0.054688,0.960938
4.43033,0.03125,-0.117188,1.0
4.430656,0.015625,-0.070312,1.0
4.430981,0.046875,-0.085938,0.992188
4.431307,0.070312,-0.03125,1.007812
4.431633,0.007812,-0.054688,1.007812
4.431959,0.007812,-0.09375,0.953125
4.432285,0.039062,-0.070312,1.0
4.432611,0.039062,-0.0625,1.0
4.432937,0.015625,-0.054688,0.976562
4.433263,0.0625,-0.078125,0.984375
4.433589,0.03125,-0.054688,1.0
4.433915,0.023438,-0.046875,1.0
4.434241,0.054688,-0.054688,1.0
4.434567,0.046875,-0.078125,1.0
4.434893,0.0625,-0.070312,1.0
4.435219,0.03125,-0.09375,0.992188
4.435544,0.023438,-0.0625,0.953125
4.43587,0.054688,-0.039062,0.992188
4.436196,0.015625,-0.070312,0.984375
4.436522,0.039062,-0.046875,0.992188
4.436848,0.046875,-0.09375,0.960938
4.437174,0.0,-0.070312,1.015625
4.4375,0.054688,-0.070312,1.0
4.437826,0.03125,-0.117188,0.984375
4.438152,0.0625,-0.070312,0.992188
4.438478,0.054688,-0.0625,0.984375
4.438804,0.054688,-0.039062,0.960938
4.43913,0.0625,-0.101562,0.96875
4.439456,0.023438,-0.078125,0.9375
4.439781,0.0625,-0.0625,0.992188
4.440107,0.03125,-0.117188,0.96875
4.440433,0.054688,-0.09375,1.0
4.440759,0.054688,-0.054688,1.03125
4.441085,0.070312,-0.0625,0.945312
4.441411,0.046875,-0.03125,0.96875
4.441737,0.046875,-0.046875,0.96875
4.442063,0.039062,-0.039062,0.976562
4.442389,0.054688,-0.09375,0.984375
4.442715,0.0,-0.078125,0.992188
4.443041,0.039062,-0.046875,0.992188
4.443367,0.039062,-0.054688,0.992188
4.443693,0.0,-0.070312,0.960938
4.444019,0.054688,-0.078125,0.992188
4.444344,0.054688,-0.101562,0.984375
4.44467,0.0625,-0.070312,1.0
4.444996,0.039062,-0.0625,0.976562
4.445322,0.007812,-0.085938,1.007812
4.445648,0.023438,-0.085938,0.992188
4.445974,0.015625,-0.09375,0.984375
4.4463,0.039062,-0.054688,1.007812
4.446626,0.054688,-0.101562,0.984375
4.446952,0.054688,-0.09375,0.976562
4.447278,0.046875,-0.085938,0.953125
4.447604,0.054688,-0.0625,1.0
4.44793,0.070312,-0.078125,1.0
4.448256,0.023438,-0.03125,0.929688
4.448582,0.046875,-0.054688,0.960938
4.448907,0.0625,-0.054688,1.0
4.449233,0.054688,-0.078125,0.96875
4.449559,0.039062,-0.09375,0.960938
4.449885,0.023438,-0.070312,0.992188
4.450211,0.03125,-0.085938,0.984375
4.450537,0.03125,-0.03125,1.0
4.450863,0.015625,-0.0625,0.992188
4.451189,0.023438,-0.039062,1.023438
4.451515,0.007812,-0.054688,0.984375
4.451841,0.039062,-0.039062,0.976562
4.452167,0.078125,-0.085938,0.960938
4.452493,0.0625,-0.070312,0.945312
4.452819,0.0625,-0.0625,0.960938
4.453145,0.039062,-0.09375,0.96875
4.45347,0.046875,-0.085938,1.0
4.453796,0.078125,-0.070312,0.992188
4.454122,0.023438,-0.054688,1.0
4.454448,0.046875,-0.109375,0.960938
4.454774,0.054688,-0.0625,0.992188
4.4551,0.015625,-0.101562,0.992188
4.455426,0.03125,-0.054688,0.984375
4.455752,0.023438,-0.09375,1.0
4.456078,0.03125,-0.070312,0.984375
4.456404,0.023438,-0.078125,0.992188
4.45673,0.0625,-0.078125,0.960938
4.457056,0.023438,-0.132812,1.0
4.457382,0.0625,-0.054688,0.96875
4.457707,0.046875,-0.101562,0.992188
4.458033,0.046875,-0.070312,0.984375
4.458359,0.046875,-0.0625,1.0
4.458685,0.046875,-0.078125,1.0
4.459011,0.0625,-0.070312,0.992188
4.459337,0.039062,-0.085938,0.96875
4.459663,0.039062,-0.070312,0.960938
4.459989,0.023438,-0.070312,0.976562
4.460315,0.070312,-0.078125,0.984375
4.460641,0.070312,-0.085938,1.0
4.460967,0.085938,-0.101562,1.007812
4.461293,0.0,-0.101562,1.0
4.461619,0.015625,-0.101562,0.992188
4.461945,0.03125,-0.09375,0.992188
4.46227,0.007812,-0.054688,0.945312
4.462596,0.070312,-0.070312,1.007812
4.462922,0.054688,-0.109375,0.96875
4.463248,0.046875,-0.109375,1.0
4.463574,0.054688,-0.09375,0.992188
4.4639,0.054688,-0.09375,1.0
4.464226,0.054688,-0.101562,0.9375
4.464552,0.0625,-0.078125,0.992188
4.464878,0.015625,-0.085938,0.953125
4.465204,0.0,-0.046875,1.0
4.46553,0.023438,-0.046875,0.9375
4.465856,0.054688,-0.0625,0.96875
4.466182,0.046875,-0.054688,0.945312
4.466508,0.046875,-0.0625,1.007812
4.466833,0.070312,-0.078125,0.992188
4.467159,0.054688,-0.046875,0.960938
4.467485,0.015625,-0.070312,1.015625
4.467811,0.054688,-0.101562,0.992188
4.468137,0.007812,-0.054688,0.945312
4.468463,0.023438,-0.070312,0.976562
4.468789,0.039062,-0.101562,0.984375
4.469115,0.070312,-0.085938,0.984375
4.469441,0.015625,-0.0625,0.960938
4.469767,0.078125,-0.09375,1.015625
4.470093,0.03125,-0.09375,0.984375
4.470419,0.054688,-0.070312,0.992188
4.470745,0.046875,-0.0625,0.960938
4.471071,0.085938,-0.09375,0.976562
4.471396,0.03125,-0.078125,1.0
4.471722,0.054688,-0.085938,0.976562
4.472048,0.054688,-0.078125,1.007812
4.472374,0.078125,-0.109375,1.0
4.4727,0.007812,-0.101562,0.976562
4.473026,0.0,-0.0625,0.9375
4.473352,0.039062,-0.054688,0.976562
4.473678,0.054688,-0.054688,0.992188
4.474004,0.046875,-0.054688,0.992188
4.47433,0.015625,-0.039062,0.96875
4.474656,0.054688,-0.039062,0.992188
4.474982,0.023438,-0.070312,0.96875
4.475308,0.015625,-0.09375,1.0
4.475633,0.023438,-0.070312,0.992188
4.475959,0.039062,-0.070312,1.0
4.476285,0.046875,-0.046875,0.96875
4.476611,0.0,-0.078125,0.953125
4.476937,0.007812,-0.078125,0.9375
4.477263,0.039062,-0.070312,0.960938
4.477589,0.03125,-0.085938,0.976562
4.477915,0.046875,-0.078125,0.984375
4.478241,0.070312,-0.085938,0.976562
4.478567,0.023438,-0.070312,0.953125
4.478893,0.03125,-0.054688,1.0
4.479219,0.046875,-0.070312,0.984375
4.479545,0.039062,-0.085938,0.992188
4.479871,0.015625,-0.070312,0.960938
4.480196,0.054688,-0.0625,0.96875
4.480522,0.0625,-0.09375,1.015625
4.480848,0.0625,-0.09375,0.992188
4.481174,0.054688,-0.046875,0.992188
4.4815,0.0,-0.039062,0.976562
4.481826,0.046875,-0.054688,0.96875
4.482152,0.0,-0.09375,0.984375
4.482478,0.046875,-0.070312,0.960938
4.482804,0.03125,-0.0625,1.0
4.48313,0.023438,-0.078125,0.976562
4.483456,0.046875,-0.078125,1.015625
4.483782,0.023438,-0.070312,0.945312
4.484108,0.09375,-0.070312,1.023438
4.484434,0.039062,-0.0625,0.96875
4.484759,0.039062,-0.0625,0.96875
4.485085,0.054688,-0.046875,0.960938
4.485411,0.023438,-0.078125,0.976562
4.485737,0.078125,-0.039062,0.992188
4.486063,0.039062,-0.101562,0.96875
4.486389,0.023438,-0.09375,0.992188
4.486715,0.03125,-0.046875,1.0
4.487041,0.0625,-0.0625,1.0
4.487367,0.023438,-0.085938,0.9375
4.487693,0.054688,-0.085938,0.992188
4.488019,0.03125,-0.078125,0.984375
4.488345,0.023438,-0.054688,1.0
4.488671,0.046875,-0.039062,0.960938
4.488997,0.023438,-0.078125,0.96875
4.489322,0.039062,-0.078125,1.0
4.489648,0.046875,-0.0625,0.960938
4.489974,0.0625,-0.023438,0.96875
4.4903,0.03125,-0.054688,0.976562
4.490626,0.054688,-0.054688,1.0
4.490952,0.046875,-0.101562,1.023438
4.491278,0.046875,-0.03125,0.96875
4.491604,0.03125,-0.0625,1.0
4.49193,0.015625,-0.078125,0.992188
4.492256,0.0,-0.0625,0.945312
4.492582,0.03125,-0.085938,1.03125
4.492908,0.023438,-0.0625,0.953125
4.493234,0.023438,-0.085938,0.992188
4.493559,0.007812,-0.0625,0.992188
4.493885,0.039062,-0.0625,1.0
4.494211,0.054688,-0.0625,0.984375
4.494537,0.0,-0.046875,1.0
4.494863,0.023438,-0.070312,0.96875
4.495189,0.03125,-0.078125,1.046875
4.495515,0.039062,-0.0625,0.984375
4.495841,0.054688,-0.0625,1.015625
4.496167,0.0625,-0.078125,0.898438
4.496493,0.007812,-0.007812,0.9375
4.496819,0.054688,-0.132812,1.023438
4.497145,0.039062,-0.109375,1.015625
4.497471,0.039062,-0.085938,0.96875
4.497797,0.039062,-0.09375,1.0
4.498122,0.0625,-0.078125,1.007812
4.498448,0.0625,-0.070312,1.0
4.498774,0.0,-0.109375,0.984375
4.4991,0.007812,-0.046875,0.976562
4.499426,0.0625,-0.054688,0.960938
4.499752,0.085938,-0.0625,0.960938
4.500078,0.046875,-0.0625,0.960938
4.500404,0.039062,-0.117188,1.03125
4.50073,0.039062,-0.054688,0.96875
4.501056,0.03125,-0.039062,0.945312
4.501382,0.023438,-0.0625,0.96875
4.501708,0.046875,-0.0625,0.953125
4.502034,0.03125,-0.085938,0.984375
4.50236,0.0,-0.0625,0.960938
4.502685,0.0625,-0.039062,0.992188
4.503011,0.054688,-0.070312,1.0
4.503337,0.023438,-0.09375,0.96875
4.503663,0.046875,-0.09375,1.023438
4.503989,0.0625,-0.070312,1.015625
4.504315,0.070312,-0.078125,1.0
4.504641,0.03125,-0.078125,0.929688
4.504967,0.046875,-0.070312,0.992188
4.505293,0.046875,-0.09375,0.96875
4.505619,0.0,-0.078125,0.945312
4.505945,0.085938,-0.085938,0.96875
4.506271,0.085938,-0.078125,0.992188
4.506597,0.023438,-0.070312,1.007812
4.506923,0.046875,-0.0625,0.984375
4.507248,0.070312,-0.070312,0.96875
4.507574,0.03125,-0.070312,0.984375
4.5079,0.03125,-0.0625,0.953125
4.508226,0.054688,-0.070312,0.945312
4.508552,0.039062,-0.078125,0.929688
4.508878,0.03125,-0.101562,0.984375
4.509204,0.0,-0.085938,0.960938
4.50953,0.03125,-0.0625,1.03125
4.509856,0.023438,-0.070312,0.960938
4.510182,0.007812,-0.078125,0.976562
4.510508,0.015625,-0.046875,0.953125
4.510834,0.03125,-0.0625,0.960938
4.51116,0.054688,-0.078125,1.0
4.511485,0.007812,-0.085938,1.007812
4.511811,0.054688,-0.070312,0.96875
4.512137,0.085938,-0.101562,0.9375
4.512463,0.046875,-0.0625,0.960938
4.512789,0.046875,-0.09375,1.0
4.513115,0.023438,-0.054688,0.976562
4.513441,0.085938,-0.085938,1.046875
4.513767,0.046875,-0.078125,1.0
4.514093,0.039062,-0.0625,0.992188
4.514419,0.023438,-0.054688,0.976562
4.514745,0.054688,-0.070312,0.953125
4.515071,0.039062,-0.085938,0.976562
4.515397,0.0625,-0.117188,1.0
4.515723,0.054688,-0.101562,0.960938
4.516048,0.054688,-0.070312,1.007812
4.516374,0.046875,-0.101562,0.960938
4.5167,0.054688,-0.054688,1.0
4.517026,0.046875,-0.0625,0.953125
4.517352,0.054688,-0.070312,0.96875
4.517678,0.0625,-0.09375,0.992188
4.518004,0.054688,-0.070312,1.0
4.51833,0.039062,-0.132812,0.984375
4.518656,0.039062,-0.0625,0.992188
4.518982,0.007812,-0.078125,0.929688
4.519308,0.039062,-0.039062,0.9375
4.519634,0.078125,-0.085938,1.023438
4.51996,0.023438,-0.117188,0.96875
4.520286,0.03125,-0.085938,0.992188
4.520611,0.007812,-0.054688,0.960938
4.520937,0.023438,-0.046875,0.953125
4.521263,0.046875,-0.09375,0.992188
4.521589,0.007812,-0.054688,1.0
4.521915,0.007812,-0.0625,0.945312
4.522241,0.054688,-0.09375,0.992188
4.522567,0.023438,-0.023438,0.953125
4.522893,0.109375,-0.078125,0.992188
4.523219,0.015625,-0.03125,0.953125
4.523545,0.046875,-0.039062,1.0
4.523871,0.039062,-0.078125,0.953125
4.524197,0.03125,-0.046875,1.0
4.524523,0.0,-0.078125,1.0
4.524849,0.054688,-0.0625,1.0
4.525174,0.015625,-0.046875,0.992188
4.5255,0.039062,-0.085938,0.992188
4.525826,0.054688,-0.085938,1.0
4.526152,0.007812,-0.09375,0.953125
4.526478,0.046875,-0.101562,0.992188
4.526804,0.0,-0.070312,0.976562
4.52713,0.078125,-0.0625,1.046875
4.527456,0.046875,-0.070312,0.960938
4.527782,0.054688,-0.054688,1.023438
4.528108,0.023438,-0.078125,0.960938
4.528434,0.039062,-0.054688,0.984375
4.52876,0.054688,-0.039062,1.0
4.529086,0.023438,-0.046875,0.960938
4.529411,0.03125,-0.09375,1.0
4.529737,0.03125,-0.046875,1.015625
4.530063,0.023438,-0.070312,0.96875
4.530389,0.070312,-0.085938,0.945312
4.530715,0.023438,-0.078125,0.976562
4.531041,0.023438,-0.054688,0.992188
4.531367,0.046875,-0.101562,0.984375
4.531693,0.039062,-0.085938,0.976562
4.532019,0.0,-0.101562,0.992188
4.532345,0.039062,-0.09375,1.0
4.532671,0.03125,-0.078125,0.992188
4.532997,0.054688,-0.070312,1.023438
4.533323,0.054688,-0.054688,1.0
4.533649,0.0625,-0.0625,0.992188
4.533974,0.039062,-0.078125,0.960938
4.5343,0.070312,-0.046875,0.992188
4.534626,0.070312,-0.070312,0.992188
4.534952,0.015625,-0.0625,0.984375
4.535278,0.070312,-0.070312,0.96875
4.535604,0.054688,-0.109375,0.976562
4.53593,0.03125,-0.054688,0.984375
4.536256,0.054688,-0.078125,1.0
4.536582,0.023438,-0.101562,0.984375
4.536908,0.0625,-0.070312,0.945312
4.537234,0.0625,-0.046875,0.960938
4.53756,0.0625,-0.101562,0.992188
4.537886,0.0625,-0.101562,1.0
4.538212,0.046875,-0.078125,1.0
4.538537,0.0625,-0.054688,0.984375
4.538863,0.054688,-0.101562,1.023438
4.539189,0.015625,-0.0625,0.960938
4.539515,0.023438,-0.0625,0.984375
4.539841,0.046875,-0.046875,0.976562
4.540167,0.023438,-0.039062,0.976562
4.540493,0.046875,-0.085938,1.007812
4.540819,0.023438,-0.101562,1.007812
4.541145,0.046875,-0.109375,0.984375
4.541471,0.0,-0.039062,0.992188
4.541797,0.054688,-0.101562,1.007812
4.542123,0.015625,-0.078125,1.0
4.542449,0.0625,-0.085938,0.960938
4.542775,0.03125,-0.0625,0.945312
4.5431,0.039062,-0.070312,1.007812
4.543426,0.078125,-0.101562,1.046875
4.543752,0.023438,-0.070312,0.992188
4.544078,0.039062,-0.085938,0.984375
4.544404,0.03125,-0.03125,0.984375
4.54473,0.046875,-0.0625,0.960938
4.545056,0.015625,-0.0625,1.0
4.545382,0.023438,-0.078125,0.953125
4.545708,0.015625,-0.070312,1.0
4.546034,0.0625,-0.085938,0.992188
4.54636,0.0625,-0.070312,1.0
4.546686,0.007812,-0.023438,0.976562
4.547012,0.007812,-0.078125,0.976562
4.547337,0.0625,-0.070312,0.992188
4.547663,0.03125,-0.023438,0.984375
4.547989,0.054688,-0.070312,0.96875
4.548315,0.0625,-0.101562,0.953125
4.548641,0.039062,-0.0625,0.96875
4.548967,0.054688,-0.09375,0.984375
4.549293,0.054688,-0.039062,0.953125
4.549619,0.03125,-0.070312,0.984375
4.549945,0.039062,-0.085938,1.0
4.550271,0.0,-0.0625,0.984375
4.550597,0.046875,-0.070312,0.945312
4.550923,0.046875,-0.03125,0.992188
4.551249,0.0,-0.054688,0.984375
4.551575,0.054688,-0.078125,1.0
4.5519,0.039062,-0.0625,0.984375
4.552226,0.054688,-0.046875,0.953125
4.552552,0.054688,-0.101562,1.0
4.552878,0.023438,-0.070312,0.96875
4.553204,0.023438,-0.070312,0.976562
4.55353,0.023438,-0.039062,0.960938
4.553856,0.070312,-0.109375,0.992188
4.554182,0.046875,-0.09375,0.992188
4.554508,0.046875,-0.070312,0.984375
4.554834,0.007812,-0.070312,1.015625
4.55516,0.007812,-0.070312,1.0
4.555486,0.007812,-0.070312,0.992188
4.555812,0.039062,-0.078125,0.960938
4.556138,0.015625,-0.070312,0.945312
4.556463,0.039062,-0.09375,1.0
4.556789,0.054688,-0.0625,0.960938
4.557115,0.007812,-0.070312,0.945312
4.557441,0.054688,-0.046875,1.0
4.557767,0.023438,-0.078125,0.976562
4.558093,0.070312,-0.0625,0.953125
4.558419,0.03125,-0.078125,1.0
4.558745,0.0625,-0.070312,0.960938
4.559071,0.03125,-0.023438,0.96875
4.559397,0.070312,-0.070312,0.929688
4.559723,0.007812,-0.070312,0.945312
4.560049,0.046875,-0.070312,1.0
4.560375,0.054688,-0.046875,0.976562
4.560701,0.039062,-0.070312,1.0
4.561026,0.039062,-0.09375,1.023438
4.561352,0.039062,-0.09375,1.0
4.561678,0.015625,-0.070312,0.960938
4.562004,0.039062,-0.054688,0.953125
4.56233,0.054688,-0.0625,0.992188
4.562656,0.039062,-0.0625,0.976562
4.562982,0.039062,-0.0625,0.984375
4.563308,0.039062,-0.0625,1.007812
4.563634,0.023438,-0.09375,0.953125
4.56396,0.039062,-0.054688,0.992188
4.564286,0.078125,-0.070312,0.992188
4.564612,0.023438,-0.0625,0.992188
4.564938,0.023438,-0.070312,0.992188
4.565264,0.039062,-0.0625,0.992188
4.565589,0.023438,-0.09375,1.015625
4.565915,0.03125,-0.070312,0.984375
4.566241,0.039062,-0.054688,0.9375
4.566567,0.054688,-0.070312,0.960938
4.566893,0.023438,-0.054688,0.9375
4.567219,0.03125,-0.070312,0.960938
4.567545,0.007812,-0.09375,0.960938
4.567871,0.03125,-0.117188,1.023438
4.568197,0.03125,-0.09375,0.992188
4.568523,0.070312,-0.070312,0.984375
4.568849,0.039062,-0.101562,0.984375
4.569175,0.117188,-0.0625,0.976562
4.569501,0.054688,-0.0625,0.976562
4.569826,0.046875,-0.078125,0.992188
4.570152,0.023438,-0.070312,0.960938
4.570478,0.046875,-0.054688,0.992188
4.570804,0.023438,-0.085938,0.992188
4.57113,0.046875,-0.070312,0.96875
4.571456,0.070312,-0.085938,1.007812
4.571782,0.054688,-0.039062,0.945312
4.572108,0.03125,-0.054688,0.992188
4.572434,0.03125,-0.070312,0.96875
4.57276,0.0,-0.023438,0.929688
4.573086,0.039062,-0.101562,1.007812
4.573412,0.054688,-0.09375,0.9375
4.573738,0.054688,-0.039062,0.976562
4.574064,0.054688,-0.09375,1.007812
4.574389,0.078125,-0.054688,0.953125
4.574715,0.054688,-0.039062,0.976562
4.575041,0.03125,-0.101562,0.992188
4.575367,0.0625,-0.046875,0.992188
4.575693,0.0,-0.070312,1.0
4.576019,0.007812,-0.078125,1.03125
4.576345,0.039062,-0.078125,1.0
4.576671,0.039062,-0.085938,1.0
4.576997,0.0,-0.054688,0.96875
4.577323,0.054688,-0.070312,1.0
4.577649,0.03125,-0.0625,0.992188
4.577975,0.015625,-0.0625,0.992188
4.578301,0.03125,-0.054688,0.984375
4.578627,0.0625,-0.070312,1.023438
4.578952,0.054688,-0.070312,0.992188
4.579278,0.046875,-0.085938,0.992188
4.579604,0.023438,-0.070312,0.992188
4.57993,0.070312,-0.085938,1.03125
4.580256,0.007812,-0.117188,1.015625
4.580582,0.046875,-0.070312,0.929688
4.580908,0.0625,-0.078125,0.992188
4.581234,0.070312,-0.0625,1.0
4.58156,0.03125,-0.046875,1.0
4.581886,0.039062,-0.0625,1.0
4.582212,0.054688,-0.054688,1.0
4.582538,0.054688,-0.046875,0.960938
4.582864,0.03125,-0.09375,0.921875
4.58319,0.046875,-0.117188,0.992188
4.583515,0.023438,-0.054688,1.007812
4.583841,0.054688,-0.070312,1.015625
4.584167,0.015625,-0.078125,0.9375
4.584493,0.023438,-0.070312,0.960938
4.584819,0.054688,-0.0625,0.992188
4.585145,0.023438,-0.101562,1.007812
4.585471,0.046875,-0.085938,1.007812
4.585797,0.023438,-0.085938,0.984375
4.586123,0.039062,-0.046875,0.929688
4.586449,0.0,-0.0625,0.976562
4.586775,0.007812,-0.046875,0.992188
4.587101,0.078125,-0.054688,0.96875
4.587427,0.007812,-0.085938,1.0
4.587752,0.054688,-0.070312,0.96875
4.588078,0.039062,-0.054688,1.007812
4.588404,0.023438,-0.054688,0.992188
4.58873,0.023438,-0.0625,1.0
4.589056,0.046875,-0.09375,0.960938
4.589382,0.046875,-0.046875,0.992188
4.589708,0.03125,-0.070312,0.992188
4.590034,0.015625,-0.085938,0.96875
4.59036,0.023438,-0.054688,0.96875
4.590686,0.015625,-0.070312,0.929688
4.591012,0.054688,-0.085938,0.992188
4.591338,0.023438,-0.0625,0.976562
4.591664,0.070312,-0.101562,0.984375
4.59199,0.054688,-0.054688,0.984375
4.592315,0.039062,-0.054688,0.953125
4.592641,0.054688,-0.070312,0.992188
4.592967,0.007812,-0.125,0.960938
4.593293,0.015625,-0.070312,0.929688
4.593619,0.023438,-0.070312,0.976562
4.593945,0.03125,-0.0625,0.976562
4.594271,0.046875,-0.0625,1.007812
4.594597,0.046875,-0.070312,0.976562
4.594923,0.03125,-0.101562,1.0
4.595249,0.0625,-0.0625,0.953125
4.595575,0.054688,-0.085938,1.0
4.595901,0.046875,-0.070312,0.960938
4.596227,0.023438,-0.078125,0.992188
4.596553,0.023438,-0.117188,0.96875
4.596878,0.054688,-0.054688,1.0
4.597204,0.0625,-0.0625,0.992188
4.59753,0.023438,-0.078125,0.96875
4.597856,0.007812,-0.070312,0.984375
4.598182,0.039062,-0.070312,0.976562
4.598508,0.039062,-0.085938,0.992188
4.598834,0.054688,-0.054688,0.984375
4.59916,0.039062,-0.09375,1.0
4.599486,0.039062,-0.0625,0.9375
4.599812,0.007812,-0.101562,0.992188
4.600138,0.046875,-0.070312,1.023438
4.600464,0.054688,-0.085938,0.984375
4.60079,0.03125,-0.070312,0.992188
4.601116,0.03125,-0.070312,0.976562
4.601441,0.039062,-0.078125,0.984375
4.601767,0.046875,-0.0625,0.984375
4.602093,0.023438,-0.03125,0.945312
4.602419,0.03125,-0.046875,0.984375
4.602745,0.039062,-0.085938,0.984375
4.603071,0.03125,-0.085938,0.992188
4.603397,0.054688,-0.085938,0.976562
4.603723,0.054688,-0.0625,0.945312
4.604049,0.039062,-0.101562,0.976562
4.604375,0.023438,-0.085938,0.984375
4.604701,0.085938,-0.085938,0.976562
4.605027,0.023438,-0.046875,1.0
4.605353,0.023438,-0.070312,0.976562
4.605678,0.046875,-0.054688,1.0
4.606004,0.023438,-0.070312,0.96875
4.60633,0.054688,-0.039062,0.9375
4.606656,0.03125,-0.046875,0.976562
4.606982,0.03125,-0.023438,1.0
4.607308,0.046875,-0.085938,0.992188
4.607634,0.007812,-0.039062,1.023438
4.60796,0.078125,-0.09375,1.0
4.608286,0.0625,-0.0625,0.960938
4.608612,0.023438,-0.0625,0.960938
4.608938,0.023438,-0.070312,0.992188
4.609264,0.007812,-0.0625,1.0
4.60959,0.023438,-0.070312,0.96875
4.609916,0.046875,-0.09375,0.9375
4.610241,0.054688,-0.085938,0.976562
4.610567,0.023438,-0.0625,0.976562
4.610893,0.007812,-0.046875,1.015625
4.611219,0.046875,-0.023438,0.9375
4.611545,0.054688,-0.09375,0.992188
4.611871,0.023438,-0.070312,0.953125
4.612197,0.03125,-0.085938,1.0
4.612523,0.023438,-0.0625,1.007812
4.612849,0.046875,-0.085938,0.929688
4.613175,0.023438,-0.054688,1.0
4.613501,0.015625,-0.0625,0.960938
4.613827,0.039062,-0.046875,0.914062
4.614153,0.023438,-0.101562,1.023438
4.614479,0.0,-0.0625,0.984375
4.614804,0.046875,-0.039062,0.960938
4.61513,0.039062,-0.101562,0.960938
4.615456,0.046875,-0.046875,0.960938
4.615782,0.039062,-0.046875,1.0
4.616108,0.039062,-0.070312,1.0
4.616434,0.054688,-0.101562,0.992188
4.61676,0.03125,-0.078125,0.96875
4.617086,0.0625,-0.070312,1.0
4.617412,0.054688,-0.03125,1.054688
4.617738,0.039062,-0.078125,0.992188
4.618064,0.054688,-0.078125,0.976562
4.61839,0.03125,-0.070312,1.0
4.618716,0.007812,-0.046875,1.0
4.619042,0.023438,-0.046875,0.976562
4.619367,0.054688,-0.0625,0.96875
4.619693,0.0,-0.054688,1.0
4.620019,0.007812,-0.070312,1.0
4.620345,0.023438,-0.085938,0.984375
4.620671,0.039062,-0.046875,0.984375
4.620997,0.054688,-0.085938,0.9375
4.621323,0.078125,-0.109375,1.054688
4.621649,0.015625,-0.085938,0.976562
4.621975,0.015625,-0.0625,1.03125
4.622301,0.046875,-0.117188,1.023438
4.622627,0.007812,-0.085938,0.984375
4.622953,0.0,-0.125,1.0
4.623279,0.03125,-0.054688,0.898438
4.623604,0.015625,-0.039062,0.945312
4.62393,0.007812,-0.070312,0.976562
4.624256,0.023438,-0.078125,0.976562
4.624582,0.03125,-0.078125,0.960938
4.624908,0.039062,-0.070312,1.0
4.625234,0.03125,-0.101562,0.96875
4.62556,0.039062,-0.085938,0.984375
4.625886,0.070312,-0.007812,1.0
4.626212,0.0625,-0.109375,0.976562
4.626538,0.046875,-0.070312,1.0
4.626864,0.070312,-0.070312,0.9375
4.62719,0.0625,-0.070312,0.898438
4.627516,0.054688,-0.0625,1.0
4.627842,0.015625,-0.070312,1.0
4.628167,0.0625,-0.039062,0.984375
4.628493,0.054688,-0.046875,0.960938
4.628819,0.054688,-0.109375,0.96875
4.629145,0.039062,-0.078125,0.992188
4.629471,0.015625,-0.054688,0.984375
4.629797,0.015625,-0.023438,0.960938
4.630123,0.054688,-0.070312,1.0
4.630449,0.0625,-0.085938,0.9375
4.630775,0.007812,-0.09375,0.992188
4.631101,0.03125,-0.039062,0.976562
4.631427,0.039062,-0.0625,1.0
4.631753,0.023438,-0.039062,0.976562
4.632079,0.023438,-0.054688,1.007812
4.632405,0.03125,-0.046875,1.0
4.63273,0.023438,-0.070312,0.984375
4.633056,0.023438,-0.046875,1.0
4.633382,0.0,-0.09375,0.984375
4.633708,0.046875,-0.09375,0.992188
4.634034,0.054688,-0.070312,0.992188
4.63436,0.023438,-0.070312,0.953125
4.634686,0.03125,-0.070312,1.0
4.635012,0.03125,-0.070312,0.976562
4.635338,0.023438,-0.054688,1.0
4.635664,0.03125,-0.09375,0.992188
4.63599,0.0,-0.070312,1.039062
4.636316,0.054688,-0.085938,1.007812
4.636642,0.023438,-0.109375,0.992188
4.636968,0.046875,-0.09375,0.960938
4.637293,0.039062,-0.070312,0.992188
4.637619,0.039062,-0.046875,1.0
4.637945,0.054688,-0.0625,0.984375
4.638271,0.070312,-0.0625,1.007812
4.638597,0.078125,-0.09375,1.0
4.638923,0.03125,-0.070312,1.0
4.639249,0.023438,-0.125,1.015625
4.639575,0.03125,-0.0625,0.960938
4.639901,0.0,-0.078125,1.0
4.640227,0.015625,-0.03125,0.9375
4.640553,0.03125,-0.09375,0.984375
4.640879,0.054688,-0.0625,1.0
4.641205,0.03125,-0.039062,0.976562
4.64153,0.054688,-0.046875,0.984375
4.641856,0.03125,-0.125,0.945312
4.642182,0.015625,-0.054688,0.96875
4.642508,0.0,-0.09375,1.0
4.642834,0.078125,-0.085938,0.953125
4.64316,0.085938,-0.070312,0.96875
4.643486,0.0625,-0.070312,0.984375
4.643812,0.085938,-0.085938,0.992188
4.644138,0.039062,-0.101562,0.992188
4.644464,0.054688,-0.101562,0.992188
4.64479,0.03125,-0.039062,1.007812
4.645116,0.054688,-0.070312,0.992188
4.645442,0.039062,-0.085938,0.992188
4.645768,0.054688,-0.078125,1.0
4.646093,0.015625,-0.0625,0.992188
4.646419,0.03125,-0.0625,0.992188
4.646745,0.039062,-0.046875,1.0
4.647071,0.023438,-0.09375,0.953125
4.647397,0.046875,-0.039062,0.992188
4.647723,0.039062,-0.0625,0.96875
4.648049,0.039062,-0.101562,1.0
4.648375,0.0625,0.0,1.0
4.648701,0.0625,-0.070312,0.984375
4.649027,0.046875,-0.0625,0.992188
4.649353,0.0625,-0.046875,0.992188
4.649679,0.0625,-0.0625,1.0
4.650005,0.070312,-0.054688,1.0
4.650331,0.046875,-0.09375,1.0
4.650656,0.046875,-0.117188,1.0
4.650982,0.007812,-0.09375,0.976562
4.651308,0.039062,-0.085938,0.992188
4.651634,0.054688,-0.085938,1.0
4.65196,0.0625,-0.09375,0.96875
4.652286,0.054688,-0.085938,1.015625
4.652612,0.070312,-0.039062,0.96875
4.652938,0.054688,-0.070312,0.96875
4.653264,0.0625,-0.070312,0.984375
4.65359,0.0625,-0.09375,0.992188
4.653916,0.023438,-0.046875,0.945312
4.654242,0.046875,-0.054688,0.992188
4.654568,0.007812,-0.070312,1.0
4.654894,0.03125,-0.101562,0.976562
4.655219,0.015625,-0.101562,1.0
4.655545,0.054688,-0.054688,1.015625
4.655871,0.023438,-0.054688,0.953125
4.656197,0.015625,-0.085938,1.007812
4.656523,0.0,-0.0625,0.96875
4.656849,0.046875,-0.085938,0.992188
4.657175,0.070312,-0.0625,1.0
4.657501,0.015625,-0.101562,0.96875
4.657827,0.023438,-0.09375,0.992188
4.658153,0.039062,-0.085938,0.992188
4.658479,0.0,-0.078125,0.976562
4.658805,0.03125,-0.078125,0.992188
4.659131,0.0625,-0.0625,1.007812
4.659456,0.03125,-0.039062,0.96875
4.659782,0.078125,-0.085938,1.0
4.660108,0.03125,-0.03125,0.953125
4.660434,0.023438,-0.046875,0.96875
4.66076,0.078125,-0.0625,0.9375
4.661086,0.007812,-0.078125,0.976562
4.661412,0.085938,-0.054688,1.007812
4.661738,0.023438,-0.0625,0.953125
4.662064,0.03125,-0.085938,0.953125
4.66239,0.054688,-0.078125,0.960938
4.662716,0.054688,-0.070312,0.992188
4.663042,0.023438,-0.046875,0.976562
4.663368,0.039062,-0.070312,1.007812
4.663694,0.03125,-0.070312,0.984375
4.664019,0.039062,-0.070312,0.953125
4.664345,0.085938,-0.070312,0.953125
4.664671,0.007812,-0.039062,0.992188
4.664997,0.023438,-0.070312,1.0
4.665323,0.0625,-0.078125,0.984375
4.665649,0.039062,-0.085938,0.945312
4.665975,0.0625,-0.0625,0.960938
4.666301,0.0,-0.0625,0.96875
4.666627,0.023438,-0.0625,0.984375
4.666953,0.0,-0.070312,0.9375
4.667279,0.039062,-0.085938,1.0
4.667605,0.007812,-0.0625,1.0
4.667931,0.0,-0.085938,0.929688
4.668257,0.054688,-0.09375,0.976562
4.668582,0.054688,-0.09375,0.960938
4.668908,0.046875,-0.0625,0.984375
4.669234,0.03125,-0.0625,1.023438
4.66956,0.054688,-0.117188,0.960938
4.669886,0.023438,-0.054688,1.007812
4.670212,0.007812,-0.046875,0.992188
4.670538,0.0,-0.085938,0.992188
4.670864,0.054688,-0.070312,1.023438
4.67119,0.054688,-0.09375,1.0
4.671516,0.046875,-0.085938,1.007812
4.671842,0.054688,-0.039062,1.0
4.672168,0.023438,-0.070312,0.984375
4.672494,0.046875,-0.085938,1.007812
4.67282,0.039062,-0.085938,1.0
4.673145,0.03125,-0.0625,0.976562
4.673471,0.054688,-0.101562,0.984375
4.673797,0.015625,-0.070312,0.9375
4.674123,0.0625,-0.085938,0.976562
4.674449,0.039062,-0.054688,0.96875
4.674775,0.0625,-0.101562,1.0
4.675101,0.039062,-0.0625,0.945312
4.675427,0.046875,-0.070312,1.0
4.675753,0.046875,-0.054688,1.0
4.676079,0.03125,-0.09375,0.96875
4.676405,0.054688,-0.09375,0.976562
4.676731,0.0,-0.078125,0.976562
4.677057,0.023438,-0.085938,0.96875
4.677382,0.023438,-0.046875,0.96875
4.677708,0.023438,-0.085938,0.945312
4.678034,0.046875,-0.078125,1.0
4.67836,0.007812,-0.0625,0.96875
4.678686,0.039062,-0.0625,0.992188
4.679012,0.023438,-0.03125,1.0
4.679338,0.023438,-0.070312,0.984375
4.679664,0.039062,-0.039062,1.0
4.67999,0.039062,-0.085938,0.976562
4.680316,0.03125,-0.046875,0.992188
4.680642,0.03125,-0.070312,0.992188
4.680968,0.039062,-0.070312,0.984375
4.681294,0.039062,-0.023438,1.015625
4.68162,0.054688,-0.078125,1.0
4.681945,0.078125,-0.109375,1.023438
4.682271,0.015625,-0.070312,1.0
4.682597,0.0625,-0.085938,1.023438
4.682923,0.015625,-0.0625,1.0625
4.683249,0.015625,-0.070312,0.960938
4.683575,0.070312,-0.070312,1.0
4.683901,0.039062,-0.070312,0.960938
4.684227,0.046875,-0.132812,0.960938
4.684553,0.046875,-0.046875,0.984375
4.684879,0.023438,-0.0625,1.007812
4.685205,0.0,-0.070312,0.992188
4.685531,0.046875,-0.046875,0.992188
4.685857,0.03125,-0.054688,1.015625
4.686183,0.078125,-0.09375,0.96875
4.686508,0.03125,-0.078125,0.976562
4.686834,0.023438,-0.0625,1.0
4.68716,0.054688,-0.070312,0.984375
4.687486,0.0,-0.101562,1.015625
4.687812,0.023438,-0.0625,1.007812
4.688138,0.070312,-0.0625,0.992188
4.688464,0.039062,-0.039062,1.023438
4.68879,0.03125,-0.101562,1.023438
4.689116,0.0625,-0.085938,1.007812
4.689442,0.03125,-0.078125,0.96875
4.689768,0.054688,-0.085938,0.992188
4.690094,0.039062,-0.070312,0.96875
4.69042,0.046875,-0.085938,0.953125
4.690746,0.054688,-0.0625,0.976562
4.691071,0.039062,-0.085938,0.984375
4.691397,0.0625,-0.0625,0.953125
4.691723,0.070312,-0.101562,1.023438
4.692049,0.0625,-0.09375,0.984375
4.692375,0.0,-0.078125,0.992188
4.692701,0.054688,-0.039062,1.0
4.693027,0.015625,-0.054688,0.945312
4.693353,0.101562,-0.085938,1.007812
4.693679,0.070312,-0.046875,0.945312
4.694005,0.046875,-0.039062,1.007812
4.694331,0.046875,-0.09375,1.0
4.694657,0.03125,-0.09375,1.007812
4.694983,0.054688,-0.085938,0.976562
4.695308,0.03125,-0.007812,0.984375
4.695634,0.046875,-0.09375,0.984375
4.69596,0.046875,-0.09375,1.0
4.696286,0.007812,-0.03125,0.960938
4.696612,0.007812,-0.117188,0.984375
4.696938,0.046875,-0.09375,0.976562
4.697264,0.007812,-0.054688,0.984375
4.69759,0.015625,-0.109375,1.023438
4.697916,0.078125,-0.054688,1.0
4.698242,0.054688,-0.0625,0.96875
4.698568,0.015625,-0.039062,0.992188
4.698894,0.046875,-0.078125,1.023438
4.69922,0.070312,-0.070312,0.984375
4.699546,0.046875,-0.046875,0.976562
4.699871,0.070312,-0.09375,0.976562
4.700197,0.054688,-0.078125,1.0
4.700523,0.054688,-0.085938,0.992188
4.700849,0.054688,-0.0625,0.976562
4.701175,0.039062,-0.070312,0.984375
4.701501,0.023438,-0.078125,1.023438
4.701827,0.039062,-0.078125,1.023438
4.702153,0.023438,-0.054688,1.0
4.702479,0.03125,-0.039062,0.960938
4.702805,0.039062,-0.039062,0.992188
4.703131,0.039062,-0.085938,0.976562
4.703457,0.0,-0.039062,0.992188
4.703783,0.046875,-0.070312,0.976562
4.704109,0.046875,-0.085938,0.992188
4.704434,0.054688,-0.0625,0.945312
4.70476,0.085938,-0.101562,0.992188
4.705086,0.054688,-0.109375,0.992188
4.705412,0.015625,-0.054688,0.953125
4.705738,0.039062,-0.078125,1.023438
4.706064,0.054688,-0.070312,0.976562
4.70639,0.046875,-0.09375,0.96875
4.706716,0.054688,-0.09375,0.984375
4.707042,0.03125,-0.054688,1.007812
4.707368,0.023438,-0.039062,0.992188
4.707694,0.015625,-0.0625,0.976562
4.70802,0.03125,-0.078125,0.984375
4.708346,0.054688,-0.070312,1.0
4.708672,0.03125,-0.085938,0.976562
4.708997,0.015625,-0.054688,0.945312
4.709323,0.03125,-0.085938,0.992188
4.709649,0.070312,-0.101562,0.96875
4.709975,0.054688,-0.109375,0.945312
4.710301,0.023438,-0.054688,1.007812
4.710627,0.054688,-0.070312,0.992188
4.710953,0.03125,-0.0625,0.960938
4.711279,0.015625,-0.070312,0.96875
4.711605,0.054688,-0.054688,0.976562
4.711931,0.023438,-0.039062,0.960938
4.712257,0.0625,-0.0625,0.992188
4.712583,0.03125,-0.046875,1.015625
4.712909,0.054688,-0.085938,1.03125
4.713234,0.054688,-0.03125,0.9375
4.71356,0.0625,-0.101562,0.96875
4.713886,0.054688,-0.085938,0.976562
4.714212,0.03125,-0.070312,1.007812
4.714538,0.054688,-0.140625,0.992188
4.714864,0.007812,-0.0625,1.0
4.71519,0.007812,-0.0625,1.023438
4.715516,0.054688,-0.0625,0.984375
4.715842,0.046875,-0.0625,0.984375
4.716168,0.023438,-0.09375,0.96875
4.716494,0.03125,-0.070312,1.0
4.71682,0.054688,-0.070312,0.992188
4.717146,0.046875,-0.101562,0.992188
4.717472,0.015625,-0.078125,0.976562
4.717797,0.03125,-0.078125,0.976562
4.718123,0.023438,-0.070312,0.96875
4.718449,0.0625,-0.101562,0.96875
4.718775,0.03125,-0.070312,1.0
4.719101,0.046875,-0.078125,1.0
4.719427,0.054688,-0.046875,1.0
4.719753,0.03125,-0.0625,0.992188
4.720079,0.070312,-0.09375,1.0
4.720405,0.03125,-0.03125,0.984375
4.720731,0.039062,-0.085938,1.007812
4.721057,0.054688,-0.109375,0.984375
4.721383,0.03125,-0.09375,1.0
4.721709,0.03125,-0.0625,0.992188
4.722035,0.039062,-0.046875,0.984375
4.72236,0.023438,-0.0625,0.992188
4.722686,0.039062,-0.070312,0.96875
4.723012,0.054688,-0.0625,1.0
4.723338,0.085938,-0.132812,1.023438
4.723664,0.054688,-0.09375,0.992188
4.72399,0.070312,-0.0625,0.992188
4.724316,0.03125,-0.09375,0.960938
4.724642,0.070312,-0.085938,0.984375
4.724968,0.015625,-0.09375,0.960938
4.725294,0.046875,-0.078125,0.992188
4.72562,0.007812,-0.070312,0.953125
4.725946,0.03125,-0.054688,0.960938
4.726272,0.046875,-0.078125,0.992188
4.726598,0.070312,-0.070312,0.9375
4.726923,0.070312,-0.101562,0.992188
4.727249,0.046875,-0.117188,0.992188
4.727575,0.023438,-0.085938,0.984375
4.727901,0.007812,-0.085938,0.992188
4.728227,0.0,-0.070312,0.96875
4.728553,0.054688,-0.0625,0.992188
4.728879,0.054688,-0.054688,1.0
4.729205,0.054688,-0.09375,0.976562
4.729531,0.0,-0.039062,0.945312
4.729857,0.070312,-0.023438,0.921875
4.730183,0.03125,-0.101562,0.929688
4.730509,0.007812,-0.0625,0.992188
4.730835,0.078125,-0.085938,0.976562
4.73116,0.007812,-0.09375,1.0
4.731486,0.023438,-0.0625,0.984375
4.731812,0.007812,-0.085938,0.953125
4.732138,0.03125,-0.085938,0.976562
4.732464,0.046875,-0.085938,1.015625
4.73279,0.070312,-0.078125,1.0
4.733116,0.039062,-0.023438,1.023438
4.733442,0.023438,-0.078125,0.96875
4.733768,0.0625,-0.054688,0.984375
4.734094,0.023438,-0.101562,0.984375
4.73442,0.023438,-0.039062,0.960938
4.734746,0.03125,-0.054688,1.007812
4.735072,0.0,-0.046875,1.0
4.735398,0.023438,-0.078125,1.0
4.735723,0.03125,-0.0625,0.992188
4.736049,0.023438,-0.054688,1.007812
4.736375,0.03125,-0.070312,0.976562
4.736701,0.039062,-0.101562,1.007812
4.737027,0.039062,-0.0625,0.96875
4.737353,0.054688,-0.078125,0.96875
4.737679,0.03125,-0.0625,1.007812
4.738005,0.023438,-0.09375,0.984375
4.738331,0.023438,-0.09375,0.984375
4.738657,0.023438,-0.078125,0.9375
4.738983,0.039062,-0.0625,0.984375
4.739309,0.0625,-0.09375,1.007812
4.739635,0.046875,-0.109375,0.992188
4.739961,0.03125,-0.101562,0.984375
4.740286,0.054688,-0.046875,0.96875
4.740612,0.03125,-0.0625,0.992188
4.740938,0.054688,-0.046875,0.992188
4.741264,0.03125,-0.101562,1.0
4.74159,0.03125,-0.070312,1.0
4.741916,0.054688,-0.085938,0.960938
4.742242,0.046875,-0.046875,0.960938
4.742568,0.039062,-0.0625,0.992188
4.742894,0.023438,-0.085938,1.0
4.74322,0.039062,-0.046875,1.0
4.743546,0.023438,-0.03125,0.960938
4.743872,0.09375,-0.039062,1.023438
4.744198,0.0625,-0.054688,1.007812
4.744524,0.046875,-0.101562,1.0
4.744849,0.046875,-0.070312,0.984375
4.745175,0.039062,-0.085938,0.960938
4.745501,0.03125,-0.046875,0.945312
4.745827,0.054688,-0.085938,0.984375
4.746153,0.054688,-0.09375,0.984375
4.746479,0.078125,-0.078125,0.984375
4.746805,0.0625,-0.078125,0.960938
4.747131,0.054688,-0.125,0.960938
4.747457,0.023438,-0.078125,0.960938
4.747783,0.023438,-0.101562,0.984375
4.748109,0.0625,-0.078125,0.984375
4.748435,0.046875,-0.09375,0.992188
4.748761,0.0625,-0.09375,0.992188
4.749086,0.039062,-0.085938,0.9375
4.749412,0.070312,-0.132812,1.0
4.749738,0.054688,-0.070312,0.929688
4.750064,0.023438,-0.046875,0.953125
4.75039,0.023438,-0.070312,1.0
4.750716,0.101562,-0.101562,0.960938
4.751042,0.046875,-0.085938,0.992188
4.751368,0.039062,-0.085938,0.96875
4.751694,0.0,-0.070312,1.0
4.75202,0.046875,-0.09375,0.960938
4.752346,0.046875,-0.117188,0.992188
4.752672,0.023438,-0.054688,0.976562
4.752998,0.054688,-0.09375,1.0
4.753324,0.023438,-0.054688,0.984375
4.753649,0.039062,-0.054688,0.929688
4.753975,0.039062,-0.015625,1.0
4.754301,0.046875,-0.046875,0.945312
4.754627,0.015625,-0.070312,0.96875
4.754953,0.054688,-0.078125,0.976562
4.755279,0.09375,-0.078125,0.976562
4.755605,0.039062,-0.078125,1.007812
4.755931,0.0625,-0.085938,0.953125
4.756257,0.054688,-0.070312,0.992188
4.756583,0.085938,-0.101562,0.992188
4.756909,0.054688,-0.0625,1.023438
4.757235,0.023438,-0.054688,0.960938
4.757561,0.054688,-0.085938,1.015625
4.757887,0.023438,-0.117188,1.0
4.758212,0.023438,-0.054688,0.929688
4.758538,0.046875,-0.085938,0.945312
4.758864,0.023438,-0.070312,1.0
4.75919,0.0,-0.070312,0.976562
4.759516,0.007812,-0.070312,0.96875
4.759842,0.046875,-0.0625,1.0
4.760168,0.015625,-0.101562,0.984375
4.760494,0.085938,-0.101562,0.984375
4.76082,0.054688,-0.070312,1.0
4.761146,0.023438,-0.070312,1.0
4.761472,0.007812,-0.101562,0.984375
4.761798,0.046875,-0.09375,0.96875
4.762124,0.023438,-0.078125,1.023438
4.76245,0.023438,-0.085938,0.976562
4.762775,0.015625,-0.070312,0.945312
4.763101,0.054688,-0.09375,1.0
4.763427,0.03125,-0.0625,0.96875
4.763753,0.046875,-0.078125,0.960938
4.764079,0.054688,-0.078125,0.960938
4.764405,0.046875,-0.054688,1.0
4.764731,0.054688,-0.0625,1.007812
4.765057,0.023438,-0.085938,0.992188
4.765383,0.023438,-0.015625,1.015625
4.765709,0.054688,-0.078125,0.984375
4.766035,0.03125,-0.054688,0.992188
4.766361,0.03125,-0.0625,0.96875
4.766687,0.03125,-0.078125,1.0
4.767012,0.070312,-0.039062,0.984375
4.767338,0.023438,-0.070312,1.007812
4.767664,0.0625,-0.0625,1.0
4.76799,0.0,-0.070312,1.0
4.768316,0.054688,-0.078125,0.953125
4.768642,0.054688,-0.09375,0.929688
4.768968,0.0625,-0.109375,0.976562
4.769294,0.039062,-0.101562,1.0
4.76962,0.054688,-0.0625,0.992188
4.769946,0.0625,-0.101562,0.976562
4.770272,0.0,-0.046875,0.945312
4.770598,0.039062,-0.0625,0.976562
4.770924,0.046875,-0.078125,0.984375
4.77125,0.046875,-0.0625,0.976562
4.771575,0.015625,-0.054688,0.992188
4.771901,0.039062,-0.039062,0.976562
4.772227,0.039062,-0.0625,1.0
4.772553,0.007812,-0.070312,0.960938
4.772879,0.070312,-0.039062,0.945312
4.773205,0.0,-0.085938,0.9375
4.773531,0.023438,-0.0625,1.039062
4.773857,0.070312,-0.0625,0.984375
4.774183,0.046875,-0.085938,0.992188
4.774509,0.03125,-0.070312,0.953125
4.774835,0.046875,-0.0625,0.984375
4.775161,0.078125,-0.046875,1.023438
4.775487,0.023438,-0.046875,1.0
4.775813,0.046875,-0.09375,0.984375
4.776138,0.039062,-0.070312,0.992188
4.776464,0.046875,-0.09375,0.992188
4.77679,0.046875,-0.070312,1.0
4.777116,0.03125,-0.117188,0.984375
4.777442,0.007812,-0.046875,1.0
4.777768,0.03125,-0.101562,1.0
4.778094,0.023438,-0.109375,1.0
4.77842,0.0,-0.070312,0.992188
4.778746,0.039062,-0.0625,0.976562
4.779072,0.0625,-0.078125,0.992188
4.779398,0.039062,-0.054688,0.960938
4.779724,0.0,-0.054688,1.007812
4.78005,0.046875,-0.09375,1.0
4.780376,0.03125,-0.078125,0.945312
4.780701,0.03125,-0.054688,0.984375
4.781027,0.046875,-0.085938,0.976562
4.781353,0.03125,-0.054688,0.96875
4.781679,0.015625,-0.039062,0.984375
4.782005,0.015625,-0.070312,0.984375
4.782331,0.070312,-0.023438,0.945312
4.782657,0.007812,-0.015625,0.960938
4.782983,0.03125,-0.125,0.96875
4.783309,0.03125,-0.125,1.0
4.783635,0.023438,-0.078125,0.992188
4.783961,0.0,-0.0625,0.992188
4.784287,0.023438,-0.101562,1.0
4.784613,0.03125,-0.101562,0.960938
4.784938,0.046875,-0.101562,1.015625
4.785264,0.054688,-0.054688,1.015625
4.78559,0.085938,-0.046875,0.992188
4.785916,0.070312,-0.070312,1.007812
4.786242,0.078125,-0.046875,1.0
4.786568,0.039062,-0.054688,1.007812
4.786894,0.0,-0.039062,0.960938
4.78722,0.054688,-0.03125,0.960938
4.787546,0.03125,-0.085938,0.960938
4.787872,0.007812,-0.0625,1.0
4.788198,0.03125,-0.0625,0.992188
4.788524,0.039062,-0.054688,0.960938
4.78885,0.039062,-0.0625,0.96875
4.789176,0.0625,-0.09375,0.976562
4.789501,0.023438,-0.0625,0.976562
4.789827,0.023438,-0.085938,0.9375
4.790153,0.007812,-0.054688,0.945312
4.790479,0.015625,-0.070312,1.015625
4.790805,0.054688,-0.039062,0.992188
4.791131,0.0,-0.046875,0.992188
4.791457,0.046875,-0.046875,0.953125
4.791783,0.039062,-0.109375,0.929688
4.792109,0.023438,-0.046875,0.992188
4.792435,0.007812,-0.039062,0.96875
4.792761,0.023438,-0.09375,0.953125
4.793087,0.054688,-0.054688,1.007812
4.793413,0.0625,-0.085938,1.015625
4.793739,0.0,-0.0625,0.945312
4.794064,0.007812,-0.0625,0.992188
4.79439,0.007812,-0.0625,1.0
4.794716,0.070312,-0.085938,0.984375
4.795042,0.039062,-0.0625,0.953125
4.795368,0.015625,-0.054688,0.945312
4.795694,0.0,-0.0625,0.992188
4.79602,0.0625,-0.078125,0.984375
4.796346,0.054688,-0.117188,0.992188
4.796672,0.085938,-0.054688,0.960938
4.796998,0.039062,-0.054688,0.984375
4.797324,0.046875,-0.085938,1.0
4.79765,0.03125,-0.070312,1.0
4.797976,0.023438,-0.070312,0.96875
4.798302,0.0625,-0.046875,0.992188
4.798627,0.03125,-0.101562,1.0
4.798953,0.03125,-0.046875,1.0
4.799279,0.023438,-0.070312,0.96875
4.799605,0.007812,-0.0625,0.960938
4.799931,0.023438,-0.046875,0.953125
4.800257,0.054688,-0.085938,0.96875
4.800583,0.046875,-0.070312,1.0
4.800909,0.0,-0.078125,0.9375
4.801235,0.054688,-0.046875,0.992188
4.801561,0.023438,-0.085938,0.992188
4.801887,0.023438,-0.078125,0.960938
4.802213,0.039062,-0.0625,0.992188
4.802539,0.054688,-0.078125,0.976562
4.802864,0.03125,-0.109375,1.0
4.80319,0.015625,-0.0625,0.960938
4.803516,0.0625,-0.085938,0.96875
4.803842,0.054688,-0.070312,0.992188
4.804168,0.054688,-0.109375,0.96875
4.804494,0.007812,-0.070312,1.0
4.80482,0.054688,-0.0625,0.96875
4.805146,0.03125,-0.0625,1.015625
4.805472,0.039062,-0.070312,1.0
4.805798,0.0,-0.054688,0.9375
4.806124,0.046875,-0.085938,0.976562
4.80645,0.03125,-0.046875,0.960938
4.806776,0.078125,-0.070312,0.992188
4.807102,0.03125,-0.03125,0.960938
4.807427,0.0625,-0.101562,0.960938
4.807753,0.023438,-0.085938,0.992188
4.808079,0.078125,-0.046875,1.0
4.808405,0.070312,-0.039062,0.96875
4.808731,0.054688,-0.101562,1.023438
4.809057,0.085938,-0.078125,0.984375
4.809383,0.054688,-0.078125,0.992188
4.809709,0.03125,-0.09375,0.953125
4.810035,0.039062,-0.070312,0.992188
4.810361,0.03125,-0.054688,0.96875
4.810687,0.015625,-0.0625,1.015625
4.811013,0.023438,-0.070312,0.992188
4.811339,0.078125,-0.085938,1.007812
4.811665,0.007812,-0.085938,0.976562
4.81199,0.023438,-0.085938,0.984375
4.812316,0.023438,-0.070312,1.0
4.812642,0.007812,-0.070312,0.96875
4.812968,0.0625,-0.070312,0.992188
4.813294,0.015625,-0.09375,1.0
4.81362,0.015625,-0.0625,1.0
4.813946,0.109375,-0.085938,0.992188
4.814272,0.078125,-0.070312,0.953125
4.814598,0.054688,-0.046875,0.9375
4.814924,0.039062,-0.070312,1.0
4.81525,0.039062,-0.125,1.0
4.815576,0.03125,-0.117188,0.96875
4.815902,0.0625,-0.09375,0.992188
4.816228,0.039062,-0.0625,0.992188
4.816553,0.03125,-0.09375,0.976562
4.816879,0.085938,-0.09375,0.984375
4.817205,0.054688,-0.054688,0.960938
4.817531,0.023438,-0.039062,0.945312
4.817857,0.046875,-0.0625,1.007812
4.818183,0.023438,-0.0625,1.0
4.818509,0.023438,-0.039062,0.945312
4.818835,0.0625,-0.085938,0.96875
4.819161,0.054688,-0.0625,0.976562
4.819487,0.023438,-0.0625,1.0
4.819813,0.03125,-0.085938,0.9375
4.820139,0.015625,-0.085938,0.992188
4.820465,0.054688,-0.070312,0.984375
4.82079,0.023438,-0.070312,0.9375
4.821116,0.054688,-0.039062,0.945312
4.821442,0.023438,-0.078125,1.0
4.821768,0.0,-0.101562,0.960938
4.822094,0.015625,-0.101562,0.992188
4.82242,0.015625,-0.054688,0.976562
4.822746,0.054688,-0.054688,1.0
4.823072,0.054688,-0.070312,0.992188
4.823398,0.070312,-0.070312,0.976562
4.823724,0.0625,-0.054688,0.984375
4.82405,0.007812,-0.039062,0.992188
4.824376,0.03125,-0.085938,0.992188
4.824702,0.0,-0.039062,1.007812
4.825028,0.007812,-0.046875,0.960938
4.825353,0.054688,-0.046875,0.96875
4.825679,0.023438,-0.070312,0.9375
4.826005,0.0,-0.070312,0.992188
4.826331,0.023438,-0.09375,1.0
4.826657,0.023438,-0.0625,1.023438
4.826983,0.03125,-0.09375,0.960938
4.827309,0.03125,-0.132812,0.984375
4.827635,0.03125,-0.0625,0.953125
4.827961,0.023438,-0.070312,1.0
4.828287,0.046875,-0.0625,1.03125
4.828613,0.078125,-0.0625,0.96875
4.828939,0.054688,-0.046875,0.992188
4.829265,0.023438,-0.109375,1.0
4.829591,0.023438,-0.039062,1.007812
4.829916,0.046875,-0.09375,0.960938
4.830242,0.054688,-0.078125,0.992188
4.830568,0.070312,-0.09375,1.0
4.830894,0.023438,-0.085938,0.960938
4.83122,0.023438,-0.0625,0.921875
4.831546,0.046875,-0.070312,0.960938
4.831872,0.054688,-0.046875,0.992188
4.832198,0.039062,-0.09375,0.992188
4.832524,0.03125,-0.039062,0.992188
4.83285,0.046875,-0.09375,1.0
4.833176,0.054688,-0.101562,0.953125
4.833502,0.054688,-0.085938,0.992188
4.833828,0.0,-0.0625,0.929688
4.834154,0.015625,-0.054688,0.984375
4.834479,0.054688,-0.101562,0.992188
4.834805,0.054688,-0.078125,0.992188
4.835131,0.054688,-0.117188,1.0
4.835457,0.0,-0.085938,0.992188
4.835783,0.03125,-0.085938,0.976562
4.836109,0.046875,-0.054688,0.992188
4.836435,0.023438,-0.046875,0.96875
4.836761,0.007812,-0.070312,1.0
4.837087,0.03125,-0.054688,0.992188
4.837413,0.046875,-0.0625,0.992188
4.837739,0.046875,-0.09375,1.015625
4.838065,0.03125,-0.054688,0.992188
4.838391,0.085938,-0.054688,1.023438
4.838716,0.03125,-0.039062,1.007812
4.839042,0.007812,-0.015625,0.929688
4.839368,0.0625,-0.0625,1.007812
4.839694,0.046875,-0.085938,1.0
4.84002,0.046875,-0.023438,0.984375
4.840346,0.039062,-0.054688,1.0
4.840672,0.070312,-0.070312,0.992188
4.840998,0.070312,-0.078125,1.007812
4.841324,0.070312,-0.085938,0.984375
4.84165,0.054688,-0.0625,1.015625
4.841976,0.039062,-0.101562,0.992188
4.842302,0.03125,-0.03125,1.023438
4.842628,0.023438,-0.117188,0.976562
4.842954,0.023438,-0.0625,1.0
4.843279,0.070312,-0.101562,1.023438
4.843605,0.054688,-0.039062,0.992188
4.843931,0.039062,-0.078125,0.960938
4.844257,0.0625,-0.054688,0.992188
4.844583,0.007812,-0.039062,1.0
4.844909,0.046875,-0.0625,0.984375
4.845235,0.046875,-0.078125,0.984375
4.845561,0.054688,-0.09375,1.0
4.845887,0.007812,-0.046875,0.945312
4.846213,0.046875,-0.046875,1.007812
4.846539,0.023438,-0.0625,0.984375
4.846865,0.023438,-0.070312,1.007812
4.847191,0.046875,-0.09375,1.023438
4.847517,0.007812,-0.054688,0.96875
4.847842,0.078125,-0.054688,1.0
4.848168,0.054688,-0.054688,1.039062
4.848494,0.054688,-0.085938,1.0
4.84882,0.070312,-0.0625,0.9375
4.849146,0.054688,-0.0625,0.914062
4.849472,0.039062,-0.054688,0.960938
4.849798,0.054688,-0.070312,0.953125
4.850124,0.046875,-0.070312,0.976562
4.85045,0.023438,-0.125,0.945312
4.850776,0.070312,-0.046875,0.96875
4.851102,0.0625,-0.101562,0.960938
4.851428,0.0,-0.109375,0.96875
4.851754,0.054688,-0.09375,1.0
4.85208,0.023438,-0.070312,0.9375
4.852405,0.023438,-0.078125,0.992188
4.852731,0.046875,-0.109375,1.015625
4.853057,0.054688,-0.039062,0.992188
4.853383,0.03125,-0.070312,0.960938
4.853709,0.023438,-0.0625,0.992188
4.854035,0.023438,-0.023438,1.0
4.854361,0.070312,-0.0625,0.984375
4.854687,0.0625,-0.101562,0.992188
4.855013,0.054688,-0.070312,0.96875
4.855339,0.0,-0.054688,0.960938
4.855665,0.039062,-0.046875,0.992188
4.855991,0.03125,-0.070312,0.984375
4.856317,0.054688,-0.078125,1.007812
4.856642,0.039062,-0.0625,1.015625
4.856968,0.03125,-0.0625,0.96875
4.857294,0.015625,-0.078125,0.96875
4.85762,0.046875,-0.085938,1.023438
4.857946,0.03125,-0.070312,1.0
4.858272,0.054688,-0.0625,0.960938
4.858598,0.046875,-0.0625,0.960938
4.858924,0.039062,-0.054688,1.007812
4.85925,0.039062,-0.101562,0.984375
4.859576,0.03125,-0.046875,1.0
4.859902,0.0,-0.039062,1.015625
4.860228,0.023438,-0.046875,0.984375
4.860554,0.0625,-0.070312,1.015625
4.86088,0.023438,-0.078125,0.992188
4.861205,0.054688,-0.070312,0.9375
4.861531,0.054688,-0.078125,0.960938
4.861857,0.0625,-0.085938,0.984375
4.862183,0.03125,-0.070312,1.0
4.862509,0.039062,-0.085938,0.96875
4.862835,0.023438,-0.0625,0.960938
4.863161,0.023438,-0.0625,0.976562
4.863487,0.03125,-0.078125,0.945312
4.863813,0.03125,-0.054688,1.023438
4.864139,0.054688,-0.109375,0.992188
4.864465,0.03125,-0.085938,0.96875
4.864791,0.039062,-0.078125,0.96875
4.865117,0.03125,-0.039062,1.0
4.865443,0.03125,-0.078125,0.953125
4.865768,0.0625,-0.09375,1.007812
4.866094,0.0625,-0.078125,0.96875
4.86642,0.054688,-0.085938,0.960938
4.866746,0.023438,-0.039062,1.0
4.867072,0.0625,-0.109375,0.976562
4.867398,0.015625,-0.054688,0.960938
4.867724,0.039062,-0.070312,0.960938
4.86805,0.03125,-0.085938,1.015625
4.868376,0.015625,-0.0625,0.984375
4.868702,0.0625,-0.0625,0.945312
4.869028,0.039062,-0.078125,0.96875
4.869354,0.015625,-0.085938,0.945312
4.86968,0.0,-0.03125,0.984375
4.870006,0.054688,-0.054688,0.9375
4.870331,0.03125,-0.03125,0.929688
4.870657,0.046875,-0.078125,0.984375
4.870983,0.0625,-0.09375,1.007812
4.871309,0.03125,-0.070312,1.015625
4.871635,0.054688,-0.039062,0.976562
4.871961,0.0625,-0.0625,0.984375
4.872287,0.007812,-0.085938,0.945312
4.872613,0.046875,-0.054688,0.960938
4.872939,0.0,-0.023438,1.0
4.873265,0.03125,-0.101562,1.023438
4.873591,0.054688,-0.0625,0.992188
4.873917,0.085938,-0.070312,0.984375
4.874243,0.039062,-0.078125,0.992188
4.874568,0.046875,-0.078125,0.960938
4.874894,0.03125,-0.085938,1.0
4.87522,0.0625,-0.101562,1.023438
4.875546,0.023438,-0.078125,0.984375
4.875872,0.015625,-0.09375,0.992188
4.876198,0.039062,-0.085938,0.96875
4.876524,0.023438,-0.0625,0.960938
4.87685,0.03125,-0.109375,0.929688
4.877176,0.023438,-0.070312,0.960938
4.877502,0.03125,-0.054688,0.945312
4.877828,0.03125,-0.078125,1.0
4.878154,0.078125,-0.046875,0.90625
4.87848,0.046875,-0.015625,0.984375
4.878806,0.085938,-0.007812,0.953125
4.879131,0.023438,-0.039062,0.945312
4.879457,0.007812,-0.09375,0.960938
4.879783,0.0,-0.0625,0.96875
4.880109,0.039062,-0.070312,0.976562
4.880435,0.039062,-0.078125,0.96875
4.880761,0.054688,-0.117188,1.0
4.881087,0.039062,-0.070312,0.976562
4.881413,0.0625,-0.0625,0.945312
4.881739,0.054688,-0.078125,1.015625
4.882065,0.0,-0.070312,1.0
4.882391,0.039062,-0.03125,1.0
4.882717,0.03125,-0.054688,1.039062
4.883043,0.046875,-0.09375,0.976562
4.883369,0.054688,-0.070312,0.976562
4.883694,0.023438,-0.09375,1.0
4.88402,0.03125,-0.0625,0.929688
4.884346,0.03125,-0.078125,0.976562
4.884672,0.054688,-0.070312,1.0
4.884998,0.0625,-0.101562,1.015625
4.885324,0.03125,-0.09375,1.015625
4.88565,0.0,-0.0625,0.960938
4.885976,0.015625,-0.078125,0.960938
4.886302,0.054688,-0.0625,1.015625
4.886628,0.070312,-0.046875,0.9375
4.886954,0.015625,-0.054688,0.992188
4.88728,0.039062,-0.039062,0.992188
4.887606,0.03125,-0.085938,1.0
4.887932,0.046875,-0.054688,1.007812
4.888257,0.007812,-0.09375,0.984375
4.888583,0.070312,-0.0625,1.0
4.888909,0.054688,-0.046875,1.0
4.889235,0.054688,-0.070312,0.992188
4.889561,0.054688,-0.078125,0.96875
4.889887,0.046875,-0.085938,0.992188
4.890213,0.0625,-0.070312,0.945312
4.890539,0.070312,-0.09375,0.9375
4.890865,0.054688,-0.039062,0.984375
4.891191,0.117188,-0.0625,0.9375
4.891517,0.039062,-0.03125,1.0
4.891843,0.039062,-0.09375,1.0
4.892169,0.015625,-0.023438,0.96875
4.892494,0.054688,-0.085938,0.953125
4.89282,0.070312,-0.101562,0.921875
4.893146,0.0,-0.0625,1.0
4.893472,0.070312,-0.0625,1.0
4.893798,0.054688,-0.09375,1.0
4.894124,0.046875,-0.054688,1.0
4.89445,0.023438,-0.070312,0.96875
4.894776,0.054688,-0.085938,0.96875
4.895102,0.03125,-0.0625,0.984375
4.895428,0.054688,-0.117188,1.0
4.895754,0.03125,-0.0625,0.9375
4.89608,0.03125,-0.070312,1.0
4.896406,0.046875,-0.09375,0.976562
4.896732,0.046875,-0.101562,0.992188
4.897057,0.023438,-0.070312,1.0
4.897383,0.070312,-0.085938,0.96875
4.897709,0.023438,-0.09375,0.984375
4.898035,0.046875,-0.09375,0.992188
4.898361,0.015625,-0.0625,0.976562
4.898687,0.054688,-0.085938,0.992188
4.899013,0.015625,-0.070312,0.960938
4.899339,0.03125,-0.0625,0.984375
4.899665,0.03125,-0.070312,0.976562
4.899991,0.03125,-0.046875,1.0
4.900317,0.015625,-0.0625,0.960938
4.900643,0.0625,-0.101562,1.0
4.900969,0.015625,-0.0625,0.984375
4.901295,0.0625,-0.046875,1.015625
4.90162,0.078125,-0.046875,0.984375
4.901946,0.039062,-0.078125,1.039062
4.902272,0.03125,-0.054688,1.007812
4.902598,0.03125,-0.085938,0.984375
4.902924,0.007812,-0.054688,0.984375
4.90325,0.054688,-0.09375,0.992188
4.903576,0.0625,-0.054688,1.023438
4.903902,0.007812,-0.070312,0.945312
4.904228,0.03125,-0.046875,0.976562
4.904554,0.023438,-0.046875,1.007812
4.90488,0.039062,-0.109375,0.953125
4.905206,0.015625,-0.070312,0.984375
4.905532,0.046875,-0.117188,0.992188
4.905858,0.0,-0.085938,0.960938
4.906183,0.054688,-0.0625,1.015625
4.906509,0.0,-0.0625,1.0
4.906835,0.03125,-0.09375,0.976562
4.907161,0.046875,-0.0625,0.953125
4.907487,0.015625,-0.101562,0.976562
4.907813,0.054688,-0.09375,1.015625
4.908139,0.046875,-0.046875,0.96875
4.908465,0.0,-0.070312,0.992188
4.908791,0.054688,-0.117188,0.96875
4.909117,0.039062,-0.085938,0.992188
4.909443,0.03125,-0.109375,0.992188
4.909769,0.03125,-0.0625,0.945312
4.910095,0.054688,-0.0625,0.960938
4.91042,0.046875,-0.0625,0.992188
4.910746,0.0,-0.070312,0.929688
4.911072,0.03125,-0.039062,1.0
4.911398,0.0625,-0.09375,1.0
4.911724,0.007812,-0.046875,0.992188
4.91205,0.039062,-0.085938,0.96875
4.912376,0.039062,-0.117188,1.0
4.912702,0.0625,-0.085938,0.960938
4.913028,0.0625,-0.039062,0.984375
4.913354,0.03125,-0.070312,0.96875
4.91368,0.046875,-0.070312,1.0
4.914006,0.039062,-0.070312,0.96875
4.914332,0.0,-0.070312,1.0
4.914658,0.0625,-0.117188,1.007812
4.914983,0.046875,-0.085938,0.984375
4.915309,0.0,-0.054688,0.96875
4.915635,0.023438,-0.085938,0.960938
4.915961,0.015625,-0.054688,1.0
4.916287,0.023438,-0.109375,1.015625
4.916613,0.0625,-0.101562,0.976562
4.916939,0.023438,-0.101562,0.992188
4.917265,0.046875,-0.078125,0.921875
4.917591,0.054688,-0.09375,0.992188
4.917917,0.023438,-0.085938,1.007812
4.918243,0.023438,-0.101562,0.992188
4.918569,0.054688,-0.070312,0.96875
4.918895,0.039062,-0.09375,0.953125
4.919221,0.054688,-0.09375,0.984375
4.919546,0.039062,-0.054688,1.0
4.919872,0.046875,-0.085938,0.953125
4.920198,0.03125,-0.0625,1.0
4.920524,0.0625,-0.117188,1.0
4.92085,0.03125,-0.078125,1.0
4.921176,0.0625,-0.070312,0.953125
4.921502,0.039062,-0.039062,0.929688
4.921828,0.039062,-0.070312,0.992188
4.922154,0.03125,-0.085938,1.0
4.92248,0.039062,-0.070312,0.992188
4.922806,0.039062,-0.070312,0.96875
4.923132,0.023438,-0.03125,1.0
4.923458,0.023438,-0.0625,0.984375
4.923784,0.0625,-0.0625,0.960938
4.924109,0.078125,-0.070312,1.0
4.924435,0.070312,-0.085938,0.960938
4.924761,0.023438,-0.054688,1.0
4.925087,0.03125,-0.0625,0.976562
4.925413,0.046875,-0.117188,0.984375
4.925739,0.015625,-0.070312,0.976562
4.926065,0.023438,-0.054688,0.984375
4.926391,0.023438,-0.078125,1.0
4.926717,0.023438,-0.085938,0.960938
4.927043,0.03125,-0.070312,1.0
4.927369,0.023438,-0.078125,0.976562
4.927695,0.0625,-0.078125,0.945312
4.928021,0.046875,-0.070312,0.96875
4.928346,0.0,-0.101562,1.0
4.928672,0.039062,-0.078125,1.0
4.928998,0.015625,-0.0625,0.96875
4.929324,0.015625,-0.023438,0.90625
4.92965,0.023438,-0.101562,0.992188
4.929976,0.054688,-0.070312,1.0
4.930302,0.03125,-0.054688,0.984375
4.930628,0.054688,-0.09375,0.976562
4.930954,0.023438,-0.023438,0.992188
4.93128,0.054688,-0.0625,0.984375
4.931606,0.015625,-0.085938,1.023438
4.931932,0.054688,-0.070312,0.984375
4.932258,0.023438,-0.070312,1.0
4.932584,0.046875,-0.054688,0.992188
4.932909,0.0,-0.070312,0.984375
4.933235,0.0625,-0.046875,0.984375
4.933561,0.03125,-0.046875,0.953125
4.933887,0.046875,-0.0625,1.007812
4.934213,0.023438,-0.078125,0.960938
4.934539,0.054688,-0.039062,0.976562
4.934865,0.0625,-0.015625,0.960938
4.935191,0.0625,-0.0625,0.992188
4.935517,0.0,-0.101562,0.984375
4.935843,0.054688,-0.054688,0.96875
4.936169,0.007812,-0.070312,1.0
4.936495,0.03125,-0.0625,0.960938
4.936821,0.054688,-0.09375,1.0
4.937147,0.085938,-0.046875,0.992188
4.937472,0.023438,-0.0625,1.0
4.937798,0.0,-0.078125,1.0
4.938124,0.078125,-0.054688,0.960938
4.93845,0.054688,-0.0625,0.984375
4.938776,0.0625,-0.070312,0.945312
4.939102,0.015625,-0.125,0.992188
4.939428,0.007812,-0.070312,1.0
4.939754,0.054688,-0.023438,0.945312
4.94008,0.0625,-0.070312,1.0
4.940406,0.007812,-0.039062,0.945312
4.940732,0.023438,-0.054688,1.0
4.941058,0.007812,-0.078125,0.976562
4.941384,0.054688,-0.09375,0.960938
4.94171,0.0625,-0.078125,0.96875
4.942035,0.03125,-0.0625,0.992188
4.942361,0.054688,-0.0625,1.023438
4.942687,0.007812,-0.046875,0.960938
4.943013,0.007812,-0.101562,0.992188
4.943339,0.0,-0.078125,0.96875
4.943665,0.039062,-0.09375,0.976562
4.943991,0.03125,-0.0625,1.03125
4.944317,0.023438,-0.046875,1.007812
4.944643,0.023438,-0.0625,1.023438
4.944969,0.046875,-0.0625,0.929688
4.945295,0.054688,-0.109375,0.96875
4.945621,0.085938,-0.09375,0.992188
4.945947,0.023438,-0.070312,0.992188
4.946272,0.054688,-0.0625,0.96875
4.946598,0.023438,-0.039062,0.945312
4.946924,0.023438,-0.0625,0.984375
4.94725,0.0,-0.0625,0.992188
4.947576,0.0625,-0.070312,0.960938
4.947902,0.0625,-0.078125,0.914062
4.948228,0.070312,-0.125,0.984375
4.948554,0.03125,-0.101562,0.960938
4.94888,0.046875,-0.078125,0.976562
4.949206,0.046875,-0.0625,1.0
4.949532,0.007812,-0.046875,0.992188
4.949858,0.0,-0.078125,0.96875
4.950184,0.0625,-0.054688,1.0
4.95051,0.03125,-0.0625,1.03125
4.950835,0.03125,-0.085938,0.984375
4.951161,0.039062,-0.046875,0.960938
4.951487,0.023438,-0.054688,0.960938
4.951813,0.015625,-0.078125,0.953125
4.952139,0.054688,-0.046875,0.984375
4.952465,0.0625,-0.070312,0.992188
4.952791,0.0625,-0.070312,0.96875
4.953117,0.007812,-0.0625,0.921875
4.953443,0.054688,-0.085938,1.0
4.953769,0.046875,-0.054688,0.992188
4.954095,0.023438,-0.046875,0.945312
4.954421,0.039062,-0.054688,0.984375
4.954747,0.015625,-0.09375,0.976562
4.955073,0.023438,-0.0625,0.992188
4.955398,0.007812,-0.101562,1.0
4.955724,0.03125,-0.0625,1.0
4.95605,0.0625,-0.046875,0.945312
4.956376,0.046875,-0.09375,1.015625
4.956702,0.023438,-0.125,1.0
4.957028,0.054688,-0.070312,1.0
4.957354,0.039062,-0.109375,0.960938
4.95768,0.015625,-0.0625,1.0
4.958006,0.054688,-0.0625,0.992188
4.958332,0.054688,-0.09375,1.015625
4.958658,0.0625,-0.070312,1.0
4.958984,0.054688,-0.070312,0.976562
4.95931,0.054688,-0.09375,1.0
4.959636,0.039062,-0.078125,0.976562
4.959961,0.046875,-0.070312,1.007812
4.960287,0.03125,-0.0625,0.976562
4.960613,0.015625,-0.070312,1.0
4.960939,0.046875,-0.070312,0.914062
4.961265,0.007812,-0.054688,0.960938
4.961591,0.046875,-0.054688,0.984375
4.961917,0.046875,-0.070312,0.992188
4.962243,0.070312,-0.09375,0.992188
4.962569,0.054688,-0.054688,1.0
4.962895,0.03125,-0.070312,0.976562
4.963221,0.046875,-0.03125,1.007812
4.963547,0.007812,-0.046875,0.960938
4.963873,0.023438,-0.085938,0.984375
4.964198,0.039062,-0.046875,0.96875
4.964524,0.03125,-0.03125,1.0
4.96485,0.0625,-0.125,1.015625
4.965176,0.054688,-0.085938,1.007812
4.965502,0.0625,-0.078125,1.015625
4.965828,0.070312,-0.0625,1.0
4.966154,0.070312,-0.054688,0.960938
4.96648,0.046875,-0.046875,0.945312
4.966806,0.039062,-0.0625,0.992188
4.967132,0.0625,-0.039062,1.023438
4.967458,0.03125,-0.078125,1.015625
4.967784,0.046875,-0.0625,0.992188
4.96811,0.023438,-0.09375,1.007812
4.968436,0.046875,-0.0625,1.015625
4.968761,0.015625,-0.09375,0.96875
4.969087,0.023438,-0.09375,1.015625
4.969413,0.046875,-0.0625,0.992188
4.969739,0.015625,-0.070312,0.96875
4.970065,0.054688,-0.101562,1.0
4.970391,0.0625,-0.117188,0.96875
4.970717,0.03125,-0.101562,0.976562
4.971043,0.039062,-0.054688,1.0
4.971369,0.046875,-0.046875,0.992188
4.971695,0.039062,-0.054688,1.007812
4.972021,0.023438,-0.054688,1.015625
4.972347,0.070312,-0.070312,0.960938
4.972673,0.046875,-0.070312,1.0
4.972999,0.078125,-0.09375,1.0
4.973324,0.023438,-0.054688,1.0
4.97365,0.023438,-0.101562,1.0
4.973976,0.0625,-0.09375,0.992188
4.974302,0.03125,-0.0625,0.992188
4.974628,0.03125,-0.070312,0.984375
4.974954,0.054688,-0.054688,0.976562
4.97528,0.039062,-0.046875,0.96875
4.975606,0.0625,-0.101562,1.015625
4.975932,0.046875,-0.046875,0.992188
4.976258,0.054688,-0.109375,0.992188
4.976584,0.054688,-0.046875,0.960938
4.97691,0.03125,-0.0625,1.0
4.977236,0.007812,-0.085938,1.007812
4.977562,0.039062,-0.070312,1.023438
4.977887,0.015625,-0.085938,0.96875
4.978213,0.054688,-0.085938,0.953125
4.978539,0.039062,-0.054688,0.960938
4.978865,0.039062,-0.046875,0.914062
4.979191,0.054688,-0.085938,0.96875
4.979517,0.039062,-0.070312,1.0
4.979843,0.023438,-0.0625,0.992188
4.980169,0.054688,-0.085938,1.03125
4.980495,0.0625,-0.0625,1.023438
4.980821,0.0625,-0.078125,0.984375
4.981147,0.023438,-0.0625,0.945312
4.981473,0.0,-0.054688,0.984375
4.981799,0.03125,-0.0625,0.9375
4.982124,0.046875,-0.070312,1.0
4.98245,0.023438,-0.078125,0.992188
4.982776,0.023438,-0.085938,1.0
4.983102,0.03125,-0.007812,0.96875
4.983428,0.046875,-0.117188,1.0
4.983754,0.023438,-0.078125,0.992188
4.98408,0.023438,-0.070312,1.007812
4.984406,0.015625,-0.085938,0.953125
4.984732,0.0625,-0.070312,0.96875
4.985058,0.039062,-0.039062,0.984375
4.985384,0.070312,-0.039062,0.984375
4.98571,0.054688,-0.0625,0.9375
4.986036,0.054688,-0.101562,0.976562
4.986362,0.070312,-0.070312,0.945312
4.986687,0.054688,-0.054688,0.984375
4.987013,0.03125,-0.0625,0.992188
4.987339,0.039062,-0.078125,0.96875
4.987665,0.046875,-0.046875,0.96875
4.987991,0.054688,-0.085938,0.960938
4.988317,0.007812,-0.085938,1.03125
4.988643,0.015625,-0.0625,0.976562
4.988969,0.03125,-0.070312,0.976562
4.989295,0.039062,-0.070312,1.007812
4.989621,0.054688,-0.109375,1.0
4.989947,0.054688,-0.085938,0.984375
4.990273,0.023438,-0.085938,1.015625
4.990599,0.039062,-0.0625,1.0
4.990925,0.046875,-0.101562,1.015625
4.99125,0.046875,-0.070312,1.015625
4.991576,0.039062,-0.078125,1.0
4.991902,0.0625,-0.101562,0.976562
4.992228,0.023438,-0.0625,0.960938
4.992554,0.007812,-0.070312,0.984375
4.99288,0.046875,-0.0625,0.984375
4.993206,0.039062,-0.046875,0.976562
4.993532,0.03125,-0.0625,0.960938
4.993858,0.03125,-0.070312,0.96875
4.994184,0.023438,-0.0625,0.96875
4.99451,0.046875,-0.0625,0.96875
4.994836,0.039062,-0.070312,0.976562
4.995162,0.023438,-0.0625,0.953125
4.995488,0.023438,-0.03125,0.992188
4.995813,0.039062,-0.09375,0.976562
4.996139,0.015625,-0.085938,0.9375
4.996465,0.039062,-0.039062,0.992188
4.996791,0.0625,-0.085938,0.992188
4.997117,0.039062,-0.0625,0.9375
4.997443,0.054688,-0.109375,1.0
4.997769,0.078125,-0.0625,1.0
4.998095,0.078125,-0.0625,1.0
4.998421,0.039062,-0.078125,0.914062
4.998747,0.039062,-0.070312,1.007812
4.999073,0.054688,-0.007812,1.0
4.999399,0.0625,-0.078125,0.976562
4.999725,0.054688,-0.070312,1.0
5.000051,0.015625,-0.078125,0.984375
5.000376,0.03125,-0.046875,0.960938
5.000702,0.039062,-0.070312,1.0
5.001028,0.0,-0.085938,1.007812
5.001354,0.054688,-0.109375,0.984375
5.00168,0.023438,-0.03125,0.984375
5.002006,0.023438,-0.0625,0.953125
5.002332,0.046875,-0.085938,1.015625
5.002658,0.039062,-0.117188,0.929688
5.002984,0.023438,-0.101562,1.007812
5.00331,0.023438,-0.054688,1.007812
5.003636,0.078125,-0.0625,0.992188
5.003962,0.0,-0.03125,0.945312
5.004288,0.015625,-0.085938,0.96875
5.004613,0.0,-0.039062,0.992188
5.004939,0.023438,-0.070312,0.929688
5.005265,0.054688,-0.09375,1.0
5.005591,0.03125,-0.0625,0.984375
5.005917,0.046875,-0.023438,0.945312
5.006243,0.0,-0.046875,0.9375
5.006569,0.0,-0.046875,0.984375
5.006895,0.070312,-0.101562,1.0
5.007221,0.007812,-0.054688,1.023438
5.007547,0.054688,-0.0625,0.992188
5.007873,0.03125,-0.046875,0.992188
5.008199,0.023438,-0.046875,1.015625
5.008525,0.039062,-0.09375,0.992188
5.008851,0.023438,-0.039062,0.945312
5.009176,0.015625,-0.03125,0.960938
5.009502,0.054688,-0.070312,0.90625
5.009828,0.0,-0.054688,0.96875
5.010154,0.03125,-0.085938,0.976562
5.01048,0.054688,-0.0625,0.984375
5.010806,0.046875,-0.101562,0.960938
5.011132,0.054688,-0.070312,1.0
5.011458,0.03125,-0.0625,1.0
5.011784,0.03125,-0.0625,0.984375
5.01211,0.046875,-0.070312,0.976562
5.012436,0.078125,-0.070312,0.984375
5.012762,0.039062,-0.101562,1.0
5.013088,0.046875,-0.09375,1.023438
5.013414,0.03125,-0.09375,1.0
5.013739,0.046875,-0.085938,0.976562
5.014065,0.007812,-0.085938,1.0
5.014391,0.023438,-0.078125,0.984375
5.014717,0.054688,-0.070312,0.96875
5.015043,0.023438,-0.070312,0.9375
5.015369,0.046875,-0.09375,0.992188
5.015695,0.046875,-0.070312,0.9375
5.016021,0.039062,-0.054688,0.960938
5.016347,0.023438,-0.117188,1.0
5.016673,0.023438,-0.085938,1.0
5.016999,0.054688,-0.046875,0.9375
5.017325,0.070312,-0.070312,0.929688
5.017651,0.070312,-0.101562,1.0
5.017977,0.054688,-0.070312,1.023438
5.018302,0.085938,-0.070312,0.992188
5.018628,0.078125,-0.085938,0.984375
5.018954,0.070312,-0.085938,1.0
5.01928,0.046875,-0.0625,1.039062
5.019606,0.078125,-0.117188,0.96875
5.019932,0.007812,-0.070312,0.984375
5.020258,0.085938,-0.078125,1.0
5.020584,0.023438,-0.109375,1.0
5.02091,0.039062,-0.09375,0.984375
5.021236,0.070312,-0.0625,0.976562
5.021562,0.046875,-0.0625,0.96875
5.021888,0.070312,-0.109375,0.984375
5.022214,0.03125,-0.0625,0.984375
5.022539,0.007812,-0.0625,0.96875
5.022865,0.039062,-0.109375,0.984375
5.023191,0.03125,-0.078125,0.984375
5.023517,0.03125,-0.09375,0.945312
5.023843,0.054688,-0.101562,0.992188
5.024169,0.070312,-0.070312,0.984375
5.024495,0.046875,-0.078125,1.0
5.024821,0.023438,-0.054688,1.0
5.025147,0.0,-0.085938,0.992188
5.025473,0.054688,-0.0625,1.007812
5.025799,0.0625,-0.046875,1.0
5.026125,0.03125,-0.046875,1.015625
5.026451,0.039062,-0.085938,0.960938
5.026777,0.023438,-0.070312,0.976562
5.027102,0.046875,-0.070312,0.960938
5.027428,0.054688,-0.101562,1.015625
5.027754,0.023438,-0.0625,0.992188
5.02808,0.054688,-0.039062,0.960938
5.028406,0.054688,-0.070312,1.0
5.028732,0.046875,-0.046875,0.96875
5.029058,0.015625,-0.0625,1.023438
5.029384,0.0625,-0.03125,1.023438
5.02971,0.023438,-0.054688,0.945312
5.030036,0.078125,-0.09375,1.0
5.030362,0.039062,-0.078125,0.9375
5.030688,0.023438,-0.085938,1.023438
5.031014,0.046875,-0.0625,0.953125
5.03134,0.007812,-0.101562,0.96875
5.031665,0.023438,-0.109375,0.96875
5.031991,0.03125,-0.109375,1.0
5.032317,0.023438,-0.109375,0.992188
5.032643,0.03125,-0.0625,0.953125
5.032969,0.046875,-0.078125,0.953125
5.033295,0.039062,-0.046875,0.976562
5.033621,0.03125,-0.101562,0.976562
5.033947,0.054688,-0.039062,0.976562
5.034273,0.023438,-0.09375,0.992188
5.034599,0.015625,-0.070312,0.945312
5.034925,0.054688,-0.070312,0.984375
5.035251,0.054688,-0.101562,0.953125
5.035577,0.023438,-0.046875,0.976562
5.035903,0.03125,-0.054688,0.992188
5.036228,0.070312,-0.0625,1.023438
5.036554,0.070312,-0.070312,0.984375
5.03688,0.054688,-0.101562,1.007812
5.037206,0.046875,-0.0625,1.0
5.037532,0.046875,-0.0625,0.976562
5.037858,0.03125,-0.054688,0.992188
5.038184,0.054688,-0.070312,1.0
5.03851,0.03125,-0.070312,0.992188
5.038836,0.0625,-0.09375,1.007812
5.039162,0.0625,-0.117188,0.945312
5.039488,0.054688,-0.046875,1.023438
5.039814,0.078125,-0.101562,0.992188
5.04014,0.03125,-0.070312,0.960938
5.040465,0.023438,-0.078125,0.953125
5.040791,0.054688,-0.078125,1.0
5.041117,0.039062,-0.039062,1.0
5.041443,0.078125,-0.03125,0.992188
5.041769,0.03125,-0.078125,1.0
5.042095,0.0625,-0.0625,0.960938
5.042421,0.046875,-0.09375,1.007812
5.042747,0.0625,-0.070312,0.992188
5.043073,0.046875,-0.0625,1.0
5.043399,0.023438,-0.085938,0.992188
5.043725,0.039062,-0.09375,0.96875
5.044051,0.046875,-0.070312,0.992188
5.044377,0.054688,-0.046875,0.992188
5.044703,0.039062,-0.070312,0.992188
5.045028,0.03125,-0.070312,0.945312
5.045354,0.03125,-0.070312,1.0
5.04568,0.054688,-0.070312,0.96875
5.046006,0.023438,-0.070312,0.96875
5.046332,0.046875,-0.09375,1.007812
5.046658,0.046875,-0.09375,1.0
5.046984,0.046875,-0.0625,0.96875
5.04731,0.03125,-0.070312,1.0
5.047636,0.023438,-0.09375,0.953125
5.047962,0.03125,-0.0625,0.992188
5.048288,0.054688,-0.078125,1.023438
5.048614,0.0625,-0.117188,0.992188
5.04894,0.054688,-0.070312,1.0
5.049266,0.054688,-0.0625,1.03125
5.049591,0.015625,-0.0625,1.007812
5.049917,0.007812,-0.070312,0.976562
5.050243,0.0,-0.054688,1.015625
5.050569,0.039062,-0.054688,0.976562
5.050895,0.039062,-0.039062,0.984375
5.051221,0.015625,-0.03125,1.015625
5.051547,0.015625,-0.0625,0.976562
5.051873,0.0625,-0.09375,0.960938
5.052199,0.0,-0.101562,0.976562
5.052525,0.046875,-0.054688,0.9375
5.052851,0.039062,-0.09375,0.992188
5.053177,0.023438,-0.101562,0.953125
5.053503,0.0625,-0.101562,0.984375
5.053829,0.0625,-0.09375,0.984375
5.054154,0.015625,-0.054688,1.0
5.05448,-0.007812,-0.03125,1.015625
5.054806,0.023438,-0.101562,1.007812
5.055132,0.046875,-0.117188,0.960938
5.055458,0.078125,-0.070312,0.992188
5.055784,0.046875,-0.070312,0.984375
5.05611,0.023438,-0.0625,1.046875
5.056436,0.054688,-0.0625,1.0
5.056762,0.015625,-0.078125,1.0
5.057088,0.0625,-0.085938,1.007812
5.057414,0.039062,-0.09375,1.046875
5.05774,0.023438,-0.078125,0.976562
5.058066,0.03125,-0.101562,0.992188
5.058391,0.039062,-0.070312,1.039062
5.058717,0.054688,-0.101562,1.03125
5.059043,0.023438,-0.023438,1.039062
5.059369,0.046875,-0.09375,0.984375
5.059695,0.0,-0.0625,0.96875
5.060021,0.023438,-0.101562,0.960938
5.060347,0.054688,-0.085938,0.96875
5.060673,0.03125,-0.046875,0.960938
5.060999,0.054688,-0.109375,1.0
5.061325,0.007812,-0.039062,0.976562
5.061651,0.023438,-0.070312,1.007812
5.061977,0.046875,-0.078125,1.0
5.062303,0.046875,-0.046875,0.976562
5.062629,0.046875,-0.085938,0.9375
5.062954,0.039062,-0.132812,0.992188
5.06328,0.039062,-0.101562,0.976562
5.063606,0.03125,-0.101562,1.0
5.063932,0.085938,-0.070312,0.945312
5.064258,0.054688,-0.070312,0.953125
5.064584,0.0625,-0.109375,0.984375
5.06491,0.054688,-0.09375,1.007812
5.065236,0.007812,-0.054688,1.0
5.065562,0.054688,-0.078125,1.0
5.065888,0.054688,-0.070312,1.0
5.066214,0.03125,-0.101562,1.0
5.06654,0.039062,-0.09375,1.0
5.066866,0.046875,-0.054688,0.992188
5.067192,0.054688,-0.09375,0.960938
5.067517,0.015625,-0.085938,1.0
5.067843,0.0,-0.117188,0.96875
5.068169,0.054688,-0.085938,0.96875
5.068495,0.039062,-0.078125,0.960938
5.068821,0.046875,-0.085938,0.992188
5.069147,0.023438,-0.078125,0.976562
5.069473,0.023438,-0.070312,1.0
5.069799,0.023438,-0.117188,0.984375
5.070125,0.046875,-0.054688,1.0
5.070451,0.054688,-0.046875,0.976562
5.070777,0.023438,-0.054688,0.96875
5.071103,0.054688,-0.070312,0.960938
5.071429,0.023438,-0.046875,0.992188
5.071755,0.046875,-0.070312,1.0
5.07208,0.03125,-0.0625,0.976562
5.072406,0.046875,-0.054688,1.0
5.072732,0.015625,-0.085938,0.96875
5.073058,0.03125,-0.054688,0.945312
5.073384,0.007812,-0.09375,0.976562
5.07371,0.0625,-0.046875,0.992188
5.074036,0.054688,-0.0625,0.960938
5.074362,0.046875,-0.070312,0.9375
5.074688,0.046875,-0.101562,1.03125
5.075014,0.023438,-0.046875,0.960938
5.07534,0.039062,-0.078125,1.015625
5.075666,0.023438,-0.046875,0.945312
5.075992,0.023438,-0.132812,1.0
5.076317,0.039062,-0.085938,0.960938
5.076643,0.085938,-0.054688,0.976562
5.076969,0.078125,-0.070312,0.976562
5.077295,0.039062,-0.0625,0.976562
5.077621,0.039062,-0.085938,0.976562
5.077947,0.078125,-0.039062,0.976562
5.078273,0.046875,-0.0625,0.976562
5.078599,0.03125,-0.054688,0.992188
5.078925,0.0,-0.109375,1.0
5.079251,0.03125,-0.054688,0.992188
5.079577,0.046875,-0.085938,0.992188
5.079903,0.023438,-0.0625,0.992188
5.080229,0.054688,-0.054688,0.984375
5.080555,0.0625,-0.039062,0.96875
5.08088,0.0625,-0.09375,0.976562
5.081206,0.070312,-0.054688,0.992188
5.081532,0.054688,-0.039062,1.007812
5.081858,0.078125,-0.085938,1.0
5.082184,0.023438,-0.0625,0.984375
5.08251,0.046875,-0.109375,0.992188
5.082836,0.03125,-0.046875,1.007812
5.083162,0.039062,-0.085938,0.96875
5.083488,0.03125,-0.101562,0.992188
5.083814,0.0625,-0.054688,0.976562
5.08414,0.023438,-0.0625,0.960938
5.084466,0.03125,-0.070312,0.984375
5.084792,0.054688,-0.0625,0.945312
5.085118,0.0625,-0.117188,0.984375
5.085443,0.03125,-0.070312,0.976562
5.085769,0.046875,-0.070312,0.992188
5.086095,0.015625,-0.054688,0.992188
5.086421,0.03125,-0.046875,0.992188
5.086747,0.023438,-0.054688,0.960938
5.087073,0.039062,-0.117188,0.96875
5.087399,0.054688,-0.054688,0.984375
5.087725,0.039062,-0.085938,0.992188
5.088051,0.039062,-0.070312,0.992188
5.088377,0.015625,-0.039062,1.0
5.088703,0.0,-0.0625,0.976562
5.089029,0.054688,-0.125,0.992188
5.089355,0.0,-0.0625,0.992188
5.089681,0.054688,-0.0625,1.0
5.090006,0.0,-0.054688,0.976562
5.090332,0.0625,-0.085938,0.976562
5.090658,0.054688,-0.078125,1.023438
5.090984,0.070312,-0.0625,0.96875
5.09131,0.015625,-0.03125,0.992188
5.091636,0.03125,-0.054688,0.976562
5.091962,0.070312,-0.0625,0.992188
5.092288,0.039062,-0.078125,0.960938
5.092614,0.039062,-0.046875,1.0
5.09294,0.03125,-0.078125,1.0
5.093266,0.03125,-0.054688,0.992188
5.093592,0.03125,-0.046875,0.992188
5.093918,0.070312,-0.046875,1.007812
5.094243,0.015625,-0.054688,0.953125
5.094569,0.046875,-0.0625,0.992188
5.094895,0.046875,-0.085938,0.992188
5.095221,0.023438,-0.070312,0.960938
5.095547,0.03125,-0.085938,1.0
5.095873,0.039062,-0.046875,0.992188
5.096199,0.054688,-0.054688,0.984375
5.096525,0.023438,-0.078125,0.992188
5.096851,0.007812,-0.085938,0.992188
5.097177,0.023438,-0.0625,0.953125
5.097503,0.0625,-0.070312,0.984375
5.097829,0.054688,-0.117188,0.992188
5.098155,0.039062,-0.09375,0.960938
5.098481,0.03125,-0.070312,0.945312
5.098806,0.023438,-0.101562,1.007812
5.099132,0.070312,-0.09375,0.992188
5.099458,0.03125,-0.070312,1.0
5.099784,0.046875,-0.0625,0.992188
5.10011,0.03125,-0.085938,0.992188
5.100436,0.085938,-0.078125,0.992188
5.100762,0.046875,-0.03125,0.960938
5.101088,0.03125,-0.0625,0.96875
5.101414,0.054688,-0.039062,0.96875
5.10174,0.070312,-0.085938,1.023438
5.102066,0.039062,-0.0625,0.992188
5.102392,0.070312,-0.070312,1.007812
5.102718,0.0625,-0.09375,1.0
5.103044,0.007812,-0.054688,0.976562
5.103369,0.03125,-0.070312,0.992188
5.103695,0.03125,-0.0625,0.992188
5.104021,0.007812,-0.0625,0.960938
5.104347,0.015625,-0.101562,0.992188
5.104673,0.054688,-0.078125,1.023438
5.104999,0.046875,-0.046875,0.960938
5.105325,0.054688,-0.070312,1.015625
5.105651,0.015625,-0.03125,0.945312
5.105977,0.054688,-0.078125,0.929688
5.106303,0.039062,-0.0625,1.0
5.106629,0.039062,-0.046875,0.960938
5.106955,0.046875,-0.054688,1.0
5.107281,0.03125,-0.054688,1.023438
5.107607,0.046875,-0.085938,0.976562
5.107932,0.023438,-0.085938,0.984375
5.108258,0.023438,-0.085938,0.992188
5.108584,0.0625,-0.0625,0.960938
5.10891,0.039062,-0.039062,1.0
5.109236,0.039062,-0.085938,0.953125
5.109562,0.03125,-0.054688,0.96875
5.109888,0.039062,-0.039062,0.96875
5.110214,0.0625,-0.0625,0.953125
5.11054,0.070312,-0.0625,0.992188
5.110866,0.023438,-0.085938,0.984375
5.111192,0.039062,-0.070312,0.992188
5.111518,0.03125,-0.03125,1.0
5.111844,0.046875,-0.070312,1.023438
5.112169,0.03125,-0.09375,0.992188
5.112495,0.023438,-0.070312,0.929688
5.112821,0.0625,-0.054688,0.96875
5.113147,0.054688,-0.03125,0.945312
5.113473,0.015625,-0.078125,0.96875
5.113799,0.054688,-0.070312,0.984375
5.114125,0.023438,-0.101562,0.984375
5.114451,0.0625,-0.0625,1.0
5.114777,0.03125,-0.0625,0.984375
5.115103,0.023438,-0.078125,1.0
5.115429,0.03125,-0.078125,0.976562
5.115755,0.078125,-0.03125,0.96875
5.116081,0.0625,-0.046875,1.0
5.116407,0.0625,-0.101562,0.992188
5.116732,0.054688,-0.078125,0.992188
5.117058,0.054688,-0.101562,0.992188
5.117384,0.007812,-0.101562,0.984375
5.11771,0.054688,-0.09375,0.984375
5.118036,0.039062,-0.085938,1.007812
5.118362,0.007812,-0.0625,0.9375
5.118688,0.039062,-0.101562,1.0
5.119014,0.054688,-0.085938,1.0
5.11934,0.039062,-0.0625,0.976562
5.119666,0.054688,-0.0625,1.0
5.119992,0.03125,-0.070312,1.0
5.120318,0.046875,-0.101562,0.976562
5.120644,0.0625,-0.085938,0.976562
5.12097,0.015625,-0.070312,0.960938
5.121295,0.03125,-0.085938,1.054688
5.121621,0.015625,-0.046875,0.960938
5.121947,0.085938,-0.0625,0.992188
5.122273,0.046875,-0.101562,0.96875
5.122599,0.070312,-0.070312,0.984375
5.122925,0.023438,-0.085938,1.0
5.123251,0.078125,-0.054688,0.96875
5.123577,0.039062,-0.054688,0.96875
5.123903,0.054688,-0.054688,1.023438
5.124229,0.039062,-0.085938,0.945312
5.124555,0.03125,-0.078125,0.992188
5.124881,0.039062,-0.0625,1.0
5.125207,0.046875,-0.070312,0.976562
5.125533,0.070312,-0.085938,0.960938
5.125858,0.0,-0.0625,0.992188
5.126184,0.023438,-0.0625,0.96875
5.12651,0.023438,-0.070312,0.9375
5.126836,0.039062,-0.054688,0.992188
5.127162,0.054688,-0.078125,0.976562
5.127488,0.023438,-0.046875,0.976562
5.127814,0.085938,-0.078125,1.0
5.12814,0.023438,-0.039062,0.984375
5.128466,0.023438,-0.0625,1.023438
5.128792,0.039062,-0.046875,0.96875
5.129118,0.03125,-0.09375,0.992188
5.129444,0.023438,-0.078125,0.960938
5.12977,0.023438,-0.101562,0.992188
5.130095,0.023438,-0.007812,0.96875
5.130421,0.054688,-0.078125,0.992188
5.130747,0.046875,-0.070312,1.023438
5.131073,0.046875,-0.09375,0.96875
5.131399,0.046875,-0.054688,0.984375
5.131725,0.0,-0.046875,1.007812
5.132051,0.0,-0.0625,0.960938
5.132377,0.0625,-0.09375,0.953125
5.132703,0.054688,-0.109375,0.96875
5.133029,0.046875,-0.078125,0.992188
5.133355,0.054688,-0.070312,0.9375
5.133681,0.03125,-0.109375,0.96875
5.134007,0.0625,-0.09375,0.992188
5.134333,0.007812,-0.046875,0.960938
5.134658,0.039062,-0.054688,0.921875
5.134984,0.023438,-0.070312,0.976562
5.13531,0.03125,-0.09375,1.0
5.135636,0.078125,-0.085938,0.992188
5.135962,0.015625,-0.054688,0.992188
5.136288,0.039062,-0.054688,1.023438
5.136614,0.078125,-0.007812,0.976562
5.13694,0.046875,-0.070312,0.984375
5.137266,0.054688,-0.046875,0.96875
5.137592,0.054688,-0.085938,0.984375
5.137918,0.03125,-0.085938,0.96875
5.138244,0.03125,-0.09375,0.992188
5.13857,0.039062,-0.070312,0.96875
5.138896,0.0625,-0.070312,0.984375
5.139221,0.054688,-0.070312,1.0
5.139547,0.085938,-0.125,1.0
5.139873,0.054688,-0.070312,0.96875
5.140199,0.023438,-0.046875,0.945312
5.140525,0.03125,-0.09375,1.0
5.140851,0.054688,-0.070312,1.0625
5.141177,0.039062,-0.0625,0.984375
5.141503,0.0,-0.054688,0.96875
5.141829,0.078125,-0.0625,0.992188
5.142155,0.03125,-0.039062,0.960938
5.142481,0.054688,-0.070312,0.945312
5.142807,0.0,-0.070312,1.0
5.143133,0.0625,-0.078125,1.0
5.143459,0.054688,-0.078125,1.0
5.143784,0.046875,-0.054688,0.992188
5.14411,0.0625,-0.054688,1.0
5.144436,0.015625,-0.070312,0.976562
5.144762,0.03125,-0.0625,0.992188
5.145088,0.054688,-0.070312,0.96875
5.145414,0.007812,-0.09375,0.976562
5.14574,0.085938,-0.039062,0.953125
5.146066,0.039062,-0.078125,0.992188
5.146392,0.0625,-0.09375,1.015625
5.146718,0.09375,-0.078125,0.953125
5.147044,0.023438,-0.023438,0.976562
5.14737,0.054688,-0.0625,1.0
5.147696,0.015625,-0.039062,1.0
5.148021,0.039062,-0.03125,0.984375
5.148347,0.023438,-0.046875,0.96875
5.148673,0.070312,-0.0625,0.984375
5.148999,0.023438,-0.0625,1.0
5.149325,0.03125,-0.0625,0.984375
5.149651,0.015625,-0.101562,1.03125
5.149977,0.023438,-0.078125,0.945312
5.150303,0.0625,-0.109375,0.96875
5.150629,0.007812,-0.0625,1.0
5.150955,0.054688,-0.085938,1.054688
5.151281,0.03125,-0.039062,1.007812
5.151607,0.0625,-0.070312,0.945312
5.151933,0.039062,-0.101562,0.96875
5.152259,0.039062,-0.09375,0.992188
5.152584,0.0625,-0.109375,1.007812
5.15291,0.046875,-0.078125,0.96875
5.153236,0.023438,-0.070312,1.0
5.153562,0.0625,-0.070312,0.960938
5.153888,0.007812,-0.0625,0.96875
5.154214,0.007812,-0.0625,1.0
5.15454,0.007812,-0.0625,1.0
5.154866,0.03125,-0.085938,1.007812
5.155192,0.015625,-0.054688,0.992188
5.155518,0.015625,-0.0625,1.046875
5.155844,0.054688,-0.046875,1.0
5.15617,0.054688,-0.070312,0.984375
5.156496,0.085938,-0.054688,0.984375
5.156822,0.046875,-0.054688,0.992188
5.157147,0.054688,-0.0625,0.984375
5.157473,0.039062,-0.054688,0.984375
5.157799,0.03125,-0.054688,1.0
5.158125,0.046875,-0.078125,0.953125
5.158451,0.03125,-0.0625,0.953125
5.158777,0.054688,-0.0625,0.992188
5.159103,0.03125,-0.070312,1.0
5.159429,0.015625,-0.078125,0.960938
5.159755,0.023438,-0.09375,1.0
5.160081,0.039062,-0.054688,1.0
5.160407,0.039062,-0.0625,1.007812
5.160733,0.03125,-0.039062,0.96875
5.161059,0.015625,-0.070312,0.929688
5.161385,0.054688,-0.085938,1.0
5.16171,0.039062,-0.070312,0.929688
5.162036,0.054688,-0.054688,0.976562
5.162362,0.046875,-0.070312,0.992188
5.162688,0.054688,-0.0625,1.03125
5.163014,0.007812,-0.0625,0.992188
5.16334,0.039062,-0.054688,1.0
5.163666,0.054688,-0.085938,0.992188
5.163992,0.0625,-0.101562,0.960938
5.164318,0.03125,-0.046875,0.984375
5.164644,0.039062,-0.054688,0.96875
5.16497,0.03125,-0.046875,0.96875
5.165296,0.007812,-0.085938,0.984375
5.165622,0.039062,-0.0625,0.984375
5.165947,0.054688,-0.0625,1.0
5.166273,0.039062,-0.0625,1.007812
5.166599,0.054688,-0.09375,0.992188
5.166925,0.054688,-0.0625,1.007812
5.167251,0.03125,-0.0625,0.992188
5.167577,0.03125,-0.03125,0.992188
5.167903,0.015625,-0.054688,0.929688
5.168229,0.03125,-0.046875,1.015625
5.168555,0.054688,-0.0625,0.992188
5.168881,0.03125,-0.046875,0.953125
5.169207,0.015625,-0.0625,0.976562
5.169533,0.023438,-0.039062,0.929688
5.169859,0.0625,-0.054688,0.992188
5.170185,0.03125,-0.078125,0.976562
5.17051,0.03125,-0.0625,0.96875
5.170836,0.046875,-0.039062,1.015625
5.171162,0.054688,-0.09375,1.0
5.171488,0.015625,-0.078125,0.96875
5.171814,0.0,-0.070312,0.984375
5.17214,0.023438,-0.054688,0.9375
5.172466,0.039062,-0.0625,0.992188
5.172792,0.023438,-0.078125,1.0
5.173118,0.0625,-0.09375,1.03125
5.173444,0.03125,-0.109375,1.0
5.17377,0.03125,-0.054688,0.992188
5.174096,0.03125,-0.09375,0.992188
5.174422,0.0625,-0.046875,1.0
5.174748,0.070312,-0.070312,0.976562
5.175073,0.03125,-0.0625,0.960938
5.175399,0.0625,-0.0625,0.953125
5.175725,0.0,-0.09375,0.984375
5.176051,0.046875,-0.078125,0.960938
5.176377,0.070312,-0.039062,1.007812
5.176703,0.046875,-0.0625,1.03125
5.177029,0.054688,-0.070312,0.976562
5.177355,0.054688,-0.070312,0.976562
5.177681,0.046875,-0.078125,0.960938
5.178007,0.046875,-0.054688,1.0
5.178333,0.046875,-0.054688,0.992188
5.178659,0.0,-0.117188,0.992188
5.178985,0.046875,-0.046875,1.0
5.179311,0.054688,-0.085938,0.9375
5.179636,0.039062,-0.03125,1.007812
5.179962,0.054688,-0.054688,0.960938
5.180288,0.0625,-0.054688,1.0
5.180614,0.03125,-0.0625,0.976562
5.18094,0.085938,-0.085938,0.984375
5.181266,0.007812,-0.0625,0.96875
5.181592,0.023438,-0.078125,0.96875
5.181918,0.023438,-0.054688,0.96875
5.182244,0.03125,-0.070312,0.960938
5.18257,0.046875,-0.078125,0.976562
5.182896,0.039062,-0.101562,0.992188
5.183222,0.0625,-0.109375,1.007812
5.183548,0.0625,-0.085938,1.0
5.183873,0.046875,-0.0625,0.984375
5.184199,0.03125,-0.078125,0.96875
5.184525,0.015625,-0.054688,1.0
5.184851,0.054688,-0.0625,0.992188
5.185177,0.054688,-0.09375,0.984375
5.185503,0.0,-0.101562,0.984375
5.185829,0.054688,-0.085938,1.03125
5.186155,0.03125,-0.054688,0.984375
5.186481,0.039062,-0.046875,1.0
5.186807,0.0625,-0.09375,1.007812
5.187133,0.039062,-0.015625,0.96875
5.187459,0.054688,-0.054688,0.992188
5.187785,0.0625,-0.0625,0.992188
5.188111,0.023438,-0.070312,0.992188
5.188436,0.070312,-0.0625,0.976562
5.188762,0.046875,-0.101562,1.0
5.189088,0.03125,-0.054688,0.929688
5.189414,0.0,-0.09375,0.960938
5.18974,0.070312,-0.09375,0.960938
5.190066,0.046875,-0.046875,0.976562
5.190392,0.023438,-0.046875,0.96875
5.190718,0.03125,-0.085938,0.984375
5.191044,0.03125,-0.09375,0.992188
5.19137,0.054688,-0.03125,0.929688
5.191696,0.070312,-0.03125,0.929688
5.192022,0.03125,-0.0625,0.992188
5.192348,0.0,-0.085938,1.0
5.192674,0.03125,-0.039062,0.976562
5.192999,0.015625,-0.023438,0.96875
5.193325,0.023438,-0.085938,1.015625
5.193651,0.03125,-0.117188,0.960938
5.193977,0.054688,-0.085938,0.914062
5.194303,0.039062,-0.101562,1.0
5.194629,0.039062,-0.0625,0.984375
5.194955,0.023438,-0.0625,0.992188
5.195281,0.054688,-0.03125,0.984375
5.195607,0.03125,-0.054688,0.992188
5.195933,0.039062,-0.085938,0.976562
5.196259,0.007812,-0.078125,0.929688
5.196585,0.039062,-0.046875,0.9375
5.196911,0.023438,-0.085938,1.0
5.197237,0.0,-0.023438,0.96875
5.197562,0.007812,-0.015625,1.015625
5.197888,0.039062,-0.070312,1.007812
5.198214,0.007812,-0.039062,1.015625
5.19854,0.085938,-0.078125,0.953125
5.198866,0.0625,-0.046875,0.9375
5.199192,0.0,-0.125,0.960938
5.199518,0.023438,-0.046875,0.953125
5.199844,0.0625,-0.070312,0.9375
5.20017,0.0,-0.03125,1.0
5.200496,0.015625,-0.046875,1.03125
5.200822,0.039062,-0.09375,0.992188
5.201148,0.085938,-0.09375,1.015625
5.201474,0.023438,-0.054688,0.929688
5.201799,0.046875,-0.054688,1.007812
5.202125,0.039062,-0.070312,0.953125
5.202451,0.054688,-0.078125,0.992188
5.202777,0.046875,-0.109375,0.992188
5.203103,0.039062,-0.070312,0.960938
5.203429,0.046875,-0.09375,0.96875
5.203755,0.007812,-0.0625,0.953125
5.204081,0.015625,-0.070312,0.976562
5.204407,0.054688,-0.09375,0.953125
5.204733,0.0625,-0.101562,0.953125
5.205059,0.039062,-0.101562,0.960938
5.205385,0.046875,-0.039062,0.984375
5.205711,0.046875,-0.101562,0.984375
5.206037,0.039062,-0.070312,0.960938
5.206362,0.046875,-0.046875,1.015625
5.206688,0.023438,-0.070312,0.9375
5.207014,0.0625,-0.09375,0.992188
5.20734,0.039062,-0.070312,1.023438
5.207666,0.03125,-0.09375,1.0
5.207992,0.039062,-0.078125,0.953125
5.208318,0.0625,-0.070312,0.9375
5.208644,0.0625,-0.09375,0.992188
5.20897,0.015625,-0.070312,0.984375
5.209296,0.0625,-0.070312,0.953125
5.209622,0.023438,-0.0625,0.976562
5.209948,0.054688,-0.09375,1.007812
5.210274,0.0625,-0.070312,0.992188
5.2106,0.03125,-0.109375,0.992188
5.210925,0.046875,-0.070312,0.945312
5.211251,0.046875,-0.09375,1.007812
5.211577,0.046875,-0.046875,0.992188
5.211903,0.023438,-0.101562,0.992188
5.212229,0.046875,-0.0625,0.960938
5.212555,0.054688,-0.039062,0.976562
5.212881,0.054688,-0.09375,0.960938
5.213207,0.039062,-0.101562,0.992188
5.213533,0.039062,-0.046875,0.96875
5.213859,0.046875,-0.070312,1.0
5.214185,0.054688,-0.0625,0.960938
5.214511,0.015625,-0.085938,1.0
5.214837,0.054688,-0.0625,0.992188
5.215163,0.039062,-0.054688,0.9375
5.215488,0.070312,-0.085938,1.007812
5.215814,0.039062,-0.039062,1.007812
5.21614,0.046875,-0.039062,1.015625
5.216466,0.054688,-0.0625,0.976562
5.216792,0.078125,-0.046875,0.96875
5.217118,0.039062,-0.085938,0.976562
5.217444,0.046875,-0.070312,1.0
5.21777,0.054688,-0.085938,0.945312
5.218096,0.046875,-0.070312,1.0
5.218422,0.054688,-0.085938,1.0
5.218748,0.046875,-0.085938,0.992188
5.219074,0.039062,-0.085938,1.0
5.2194,0.039062,-0.070312,0.992188
5.219725,0.015625,-0.070312,0.992188
5.220051,0.046875,-0.117188,0.992188
5.220377,0.078125,-0.085938,0.984375
5.220703,0.054688,-0.085938,1.0
5.221029,0.039062,-0.09375,0.992188
5.221355,0.0625,-0.054688,0.992188
5.221681,0.046875,-0.070312,0.96875
5.222007,0.070312,-0.0625,0.9375
5.222333,0.046875,-0.046875,0.976562
5.222659,0.039062,-0.101562,1.03125
5.222985,0.039062,-0.09375,0.984375
5.223311,0.015625,-0.078125,1.0
5.223637,0.054688,-0.070312,0.992188
5.223963,0.03125,-0.039062,0.96875
5.224288,0.0,-0.0625,0.96875
5.224614,0.03125,-0.070312,0.953125
5.22494,0.0625,-0.054688,1.0
5.225266,0.046875,-0.085938,1.03125
5.225592,0.023438,-0.054688,1.0
5.225918,0.046875,-0.070312,1.015625
5.226244,0.023438,-0.09375,1.0
5.22657,0.046875,-0.085938,0.976562
5.226896,0.046875,-0.054688,0.96875
5.227222,0.09375,-0.09375,0.976562
5.227548,0.03125,-0.046875,0.992188
5.227874,0.0625,-0.078125,0.976562
5.2282,0.054688,-0.101562,0.96875
5.228526,0.0,-0.070312,1.0
5.228851,0.03125,-0.070312,0.96875
5.229177,0.015625,-0.054688,0.984375
5.229503,0.039062,-0.085938,0.992188
5.229829,0.046875,-0.085938,0.992188
5.230155,0.046875,-0.070312,1.015625
5.230481,0.109375,-0.09375,0.929688
5.230807,0.039062,-0.054688,1.0
5.231133,0.0625,-0.054688,0.960938
5.231459,0.0625,-0.070312,0.984375
5.231785,0.03125,-0.046875,0.96875
5.232111,0.023438,-0.078125,0.929688
5.232437,0.078125,-0.070312,1.0
5.232763,0.046875,-0.078125,0.976562
5.233089,0.015625,-0.0625,0.992188
5.233414,0.054688,-0.09375,1.007812
5.23374,0.039062,-0.085938,1.0
5.234066,0.015625,-0.046875,1.007812
5.234392,0.0625,-0.078125,0.984375
5.234718,0.046875,-0.09375,0.960938
5.235044,0.03125,-0.078125,0.992188
5.23537,0.0625,-0.09375,0.992188
5.235696,0.070312,-0.078125,0.953125
5.236022,0.039062,-0.046875,1.007812
5.236348,0.0625,-0.09375,1.0
5.236674,0.023438,-0.070312,1.0
5.237,0.03125,-0.070312,0.96875
5.237326,0.039062,-0.0625,1.007812
5.237651,0.03125,-0.0625,1.0
5.237977,0.054688,-0.078125,1.023438
5.238303,0.054688,-0.039062,0.992188
5.238629,0.09375,-0.085938,0.898438
5.238955,0.03125,-0.070312,0.984375
5.239281,0.054688,-0.09375,0.992188
5.239607,0.085938,-0.0625,1.007812
5.239933,0.023438,-0.070312,1.007812
5.240259,0.078125,-0.054688,0.992188
5.240585,0.0625,-0.109375,0.945312
5.240911,0.046875,-0.070312,0.953125
5.241237,0.0625,-0.0625,0.960938
5.241563,0.023438,-0.054688,0.976562
5.241889,0.015625,-0.078125,0.96875
5.242214,0.015625,-0.054688,1.03125
5.24254,0.03125,-0.078125,0.945312
5.242866,0.023438,-0.054688,1.007812
5.243192,0.054688,-0.054688,1.007812
5.243518,0.015625,-0.039062,0.992188
5.243844,0.03125,-0.09375,0.96875
5.24417,0.0625,-0.054688,0.992188
5.244496,0.046875,-0.070312,1.0
5.244822,0.023438,-0.03125,1.0
5.245148,0.023438,-0.0625,0.976562
5.245474,0.039062,-0.070312,1.039062
5.2458,0.046875,-0.070312,1.0
5.246126,0.039062,-0.078125,1.0
5.246452,0.039062,-0.039062,0.984375
5.246777,0.046875,-0.101562,1.023438
5.247103,0.039062,-0.078125,1.03125
5.247429,0.007812,-0.039062,0.984375
5.247755,0.039062,-0.078125,1.0
5.248081,0.03125,-0.09375,0.992188
5.248407,0.023438,-0.070312,1.0
5.248733,0.085938,-0.03125,0.960938
5.249059,0.039062,-0.0625,0.976562
5.249385,0.023438,-0.0625,0.960938
5.249711,0.046875,-0.070312,0.992188
5.250037,0.007812,-0.046875,0.992188
5.250363,0.007812,-0.054688,1.0
5.250689,0.023438,-0.09375,0.992188
5.251015,0.03125,-0.085938,0.960938
5.25134,0.007812,-0.101562,0.984375
5.251666,0.039062,-0.070312,0.96875
5.251992,0.0625,-0.101562,1.007812
5.252318,0.039062,-0.023438,0.960938
5.252644,0.023438,-0.078125,1.0
5.25297,0.046875,-0.054688,0.976562
5.253296,0.039062,-0.078125,1.007812
5.253622,0.054688,-0.070312,0.992188
5.253948,0.085938,-0.078125,0.992188
5.254274,0.046875,-0.0625,0.914062
5.2546,0.03125,-0.078125,0.976562
5.254926,0.054688,-0.070312,1.0
5.255252,0.0625,-0.125,0.96875
5.255577,0.03125,-0.101562,1.015625
5.255903,0.054688,-0.085938,1.0
5.256229,0.023438,-0.039062,0.945312
5.256555,0.03125,-0.070312,1.007812
5.256881,0.078125,-0.078125,0.945312
5.257207,0.03125,-0.046875,0.953125
5.257533,0.015625,-0.085938,0.984375
5.257859,0.046875,-0.101562,0.992188
5.258185,0.0625,-0.054688,0.960938
5.258511,0.007812,-0.023438,1.0
5.258837,0.03125,-0.101562,1.03125
5.259163,0.03125,-0.0625,0.992188
5.259489,0.039062,-0.023438,0.976562
5.259815,0.0625,-0.039062,1.0
5.26014,0.054688,-0.039062,0.976562
5.260466,0.046875,-0.078125,0.96875
5.260792,0.007812,-0.078125,1.0
5.261118,0.023438,-0.085938,0.992188
5.261444,0.03125,-0.070312,0.96875
5.26177,0.015625,-0.039062,1.039062
5.262096,0.046875,-0.125,1.0
5.262422,0.054688,-0.09375,1.0
5.262748,0.054688,-0.09375,1.0
5.263074,0.015625,-0.09375,1.03125
5.2634,0.070312,-0.078125,1.007812
5.263726,0.054688,-0.0625,0.976562
5.264052,0.039062,-0.070312,0.976562
5.264378,0.03125,-0.125,0.976562
5.264703,0.007812,-0.054688,0.976562
5.265029,0.070312,-0.070312,0.992188
5.265355,0.03125,-0.085938,1.007812
5.265681,0.054688,-0.101562,1.015625
5.266007,0.039062,-0.085938,0.984375
5.266333,0.03125,-0.0625,1.03125
5.266659,0.046875,-0.109375,0.992188
5.266985,0.046875,-0.054688,0.953125
5.267311,0.039062,-0.117188,1.0
5.267637,0.0,-0.0625,0.976562
5.267963,0.023438,-0.070312,0.976562
5.268289,0.023438,-0.070312,0.992188
5.268615,0.070312,-0.070312,1.0
5.268941,0.078125,-0.0625,0.945312
5.269266,0.054688,-0.070312,1.007812
5.269592,0.0,-0.09375,1.0
5.269918,0.054688,-0.078125,1.0
5.270244,0.0625,-0.0625,1.007812
5.27057,0.046875,-0.0625,0.992188
5.270896,0.0625,-0.070312,0.976562
5.271222,0.0625,-0.09375,0.929688
5.271548,0.046875,-0.0625,0.992188
5.271874,0.039062,-0.046875,0.984375
5.2722,0.023438,-0.070312,0.992188
5.272526,0.039062,-0.09375,0.984375
5.272852,0.023438,-0.054688,0.992188
5.273178,0.046875,-0.078125,1.0
5.273503,0.054688,-0.101562,1.0
5.273829,0.0625,-0.039062,1.0
5.274155,0.054688,-0.0625,0.953125
5.274481,0.054688,-0.09375,1.007812
5.274807,0.046875,-0.039062,0.992188
5.275133,0.046875,-0.0625,1.015625
5.275459,0.03125,-0.054688,0.960938
5.275785,0.046875,-0.054688,1.015625
5.276111,0.0625,-0.085938,0.9375
5.276437,0.054688,-0.0625,0.953125
5.276763,0.0,-0.054688,0.945312
5.277089,0.023438,-0.070312,0.96875
5.277415,0.070312,-0.101562,1.0
5.277741,0.054688,-0.054688,0.945312
5.278066,0.054688,-0.085938,0.953125
5.278392,0.054688,-0.117188,0.976562
5.278718,0.039062,-0.078125,0.953125
5.279044,0.03125,-0.09375,1.0
5.27937,0.046875,-0.070312,0.953125
5.279696,0.046875,-0.0625,0.96875
5.280022,0.039062,-0.070312,0.992188
5.280348,0.007812,-0.070312,0.960938
5.280674,0.0,-0.046875,0.992188
5.281,0.015625,-0.0625,0.960938
5.281326,0.046875,-0.09375,1.0
5.281652,0.03125,-0.085938,1.007812
5.281978,0.015625,-0.070312,0.992188
5.282304,0.0625,-0.070312,0.953125
5.282629,0.015625,-0.078125,0.9375
5.282955,0.070312,-0.0625,1.007812
5.283281,0.046875,-0.070312,0.984375
5.283607,0.046875,-0.03125,0.9375
5.283933,0.078125,-0.078125,1.0
5.284259,0.0,-0.101562,1.0
5.284585,0.054688,-0.078125,0.984375
5.284911,0.078125,-0.101562,0.984375
5.285237,0.0,-0.023438,0.9375
5.285563,0.023438,-0.085938,0.953125
5.285889,0.015625,-0.101562,0.976562
5.286215,0.023438,-0.054688,0.976562
5.286541,0.039062,-0.078125,0.953125
5.286867,0.0,-0.070312,0.96875
5.287192,0.03125,-0.078125,1.023438
5.287518,0.015625,-0.085938,0.984375
5.287844,0.039062,-0.101562,0.953125
5.28817,0.046875,-0.039062,0.984375
5.288496,0.039062,-0.054688,0.960938
5.288822,0.054688,-0.078125,1.0
5.289148,0.046875,-0.0625,1.015625
5.289474,0.023438,-0.039062,1.0
5.2898,0.0625,-0.0625,1.015625
5.290126,0.039062,-0.070312,0.9375
5.290452,0.039062,-0.070312,0.992188
5.290778,0.023438,-0.09375,0.984375
5.291104,0.015625,-0.039062,0.992188
5.291429,0.078125,-0.070312,0.992188
5.291755,0.054688,-0.054688,0.984375
5.292081,0.023438,-0.070312,1.015625
5.292407,0.0625,-0.09375,1.015625
5.292733,0.054688,-0.09375,1.046875
5.293059,0.007812,-0.070312,0.953125
5.293385,0.054688,-0.101562,0.976562
5.293711,0.007812,-0.046875,0.9375
5.294037,0.007812,-0.054688,0.9375
5.294363,0.03125,-0.0625,0.96875
5.294689,0.039062,-0.039062,0.984375
5.295015,0.054688,-0.0625,1.007812
5.295341,0.007812,-0.101562,0.984375
5.295667,0.054688,-0.054688,0.9375
5.295992,0.085938,-0.085938,1.0
5.296318,0.023438,-0.070312,1.0
5.296644,0.03125,-0.09375,1.039062
5.29697,0.0,-0.085938,1.0
5.297296,0.0,-0.070312,0.976562
5.297622,0.039062,-0.03125,0.953125
5.297948,0.039062,-0.0625,0.984375
5.298274,0.007812,-0.039062,0.90625
5.2986,0.023438,-0.070312,0.945312
5.298926,0.039062,-0.085938,0.976562
5.299252,0.046875,-0.117188,1.015625
5.299578,0.023438,-0.0625,1.015625
5.299904,0.039062,-0.046875,1.023438
5.30023,0.03125,-0.078125,0.960938
5.300555,0.023438,-0.085938,0.992188
5.300881,0.0625,-0.101562,0.976562
5.301207,0.023438,-0.085938,0.984375
5.301533,0.007812,-0.085938,1.023438
5.301859,0.046875,-0.070312,1.015625
5.302185,0.039062,-0.070312,0.960938
5.302511,0.046875,-0.085938,1.0
5.302837,0.054688,-0.085938,0.953125
5.303163,0.03125,-0.070312,0.9375
5.303489,0.03125,-0.0625,0.976562
5.303815,0.03125,-0.078125,1.007812
5.304141,0.039062,-0.125,0.976562
5.304467,0.03125,-0.085938,1.0
5.304793,0.007812,-0.117188,0.984375
5.305118,0.023438,-0.078125,0.96875
5.305444,0.015625,-0.085938,1.007812
5.30577,0.054688,-0.078125,1.023438
5.306096,0.078125,-0.070312,0.976562
5.306422,0.070312,-0.085938,1.015625
5.306748,0.023438,-0.101562,1.039062
5.307074,0.023438,-0.054688,1.0
5.3074,0.054688,-0.070312,0.953125
5.307726,0.054688,-0.0625,0.960938
5.308052,0.039062,-0.039062,0.960938
5.308378,0.015625,-0.09375,0.976562
5.308704,0.054688,-0.0625,0.992188
5.30903,0.023438,-0.085938,1.023438
5.309355,0.0,-0.085938,1.023438
5.309681,0.054688,-0.054688,1.0
5.310007,0.039062,-0.0625,1.023438
5.310333,0.054688,-0.078125,0.945312
5.310659,0.054688,-0.070312,1.007812
5.310985,0.03125,-0.09375,0.96875
5.311311,0.085938,-0.101562,0.992188
5.311637,0.0,-0.078125,0.96875
5.311963,0.03125,-0.070312,0.960938
5.312289,0.0,-0.0625,0.992188
5.312615,0.03125,-0.09375,0.984375
5.312941,0.03125,-0.085938,0.984375
5.313267,0.054688,-0.070312,0.992188
5.313593,0.046875,-0.085938,0.992188
5.313918,0.09375,-0.046875,1.0
5.314244,0.070312,-0.0625,0.984375
5.31457,0.039062,-0.09375,1.023438
5.314896,0.046875,-0.03125,1.0
5.315222,0.046875,-0.054688,1.0
5.315548,0.039062,-0.070312,1.0
5.315874,0.078125,-0.054688,1.0
5.3162,0.046875,-0.046875,0.929688
5.316526,0.007812,-0.078125,0.976562
5.316852,0.054688,-0.078125,0.953125
5.317178,0.078125,-0.070312,0.984375
5.317504,0.0625,-0.078125,1.007812
5.31783,0.007812,-0.046875,0.945312
5.318156,0.039062,-0.070312,0.992188
5.318481,0.046875,-0.054688,1.0
5.318807,0.054688,-0.054688,0.9375
5.319133,0.039062,-0.0625,1.0
5.319459,0.046875,-0.054688,0.992188
5.319785,0.0625,-0.078125,0.96875
5.320111,0.03125,-0.117188,1.0
5.320437,0.0625,-0.109375,0.96875
5.320763,0.03125,-0.070312,1.007812
5.321089,0.03125,-0.109375,1.0
5.321415,0.085938,-0.078125,0.96875
5.321741,0.0625,-0.085938,1.0
5.322067,0.03125,-0.046875,1.03125
5.322393,0.070312,-0.070312,0.9375
5.322719,0.039062,-0.070312,1.007812
5.323044,0.046875,-0.070312,0.960938
5.32337,0.0625,-0.085938,0.984375
5.323696,0.03125,-0.070312,0.992188
5.324022,0.007812,-0.078125,1.0
5.324348,0.007812,-0.070312,0.96875
5.324674,0.070312,-0.09375,0.945312
5.325,0.015625,-0.070312,0.945312
5.325326,0.0625,-0.0625,0.976562
5.325652,0.039062,-0.070312,0.929688
5.325978,0.070312,-0.070312,1.0
5.326304,0.0,-0.039062,0.945312
5.32663,0.0,-0.054688,0.992188
5.326956,0.054688,-0.0625,0.960938
5.327281,0.007812,-0.054688,0.960938
5.327607,0.03125,-0.039062,0.984375
5.327933,0.054688,-0.117188,0.992188
5.328259,0.046875,-0.070312,0.992188
5.328585,0.046875,-0.070312,1.023438
5.328911,0.0,-0.070312,0.960938
5.329237,0.046875,-0.039062,0.90625
5.329563,0.03125,-0.054688,0.929688
5.329889,0.039062,-0.046875,0.984375
5.330215,0.054688,-0.046875,0.96875
5.330541,0.03125,-0.046875,0.960938
5.330867,0.03125,-0.039062,0.953125
5.331193,0.070312,-0.070312,0.960938
5.331519,0.046875,-0.101562,0.992188
5.331844,0.070312,-0.0625,1.023438
5.33217,0.015625,-0.039062,0.96875
5.332496,0.007812,-0.070312,0.9375
5.332822,0.039062,-0.054688,1.015625
5.333148,0.046875,-0.085938,0.992188
5.333474,0.039062,-0.070312,0.992188
5.3338,0.0625,-0.070312,0.960938
5.334126,0.023438,-0.070312,0.953125
5.334452,0.054688,-0.054688,1.0
5.334778,0.03125,-0.078125,1.0
5.335104,0.023438,-0.078125,0.984375
5.33543,0.046875,-0.070312,0.953125
5.335756,0.03125,-0.070312,1.0
5.336082,0.046875,-0.09375,0.976562
5.336407,0.03125,-0.054688,1.0
5.336733,0.03125,-0.070312,0.945312
5.337059,0.046875,-0.070312,1.007812
5.337385,0.015625,-0.054688,1.0
5.337711,0.046875,-0.085938,0.976562
5.338037,0.0625,-0.0625,1.0
5.338363,0.023438,-0.0625,0.984375
5.338689,0.046875,-0.03125,0.992188
5.339015,0.03125,-0.039062,1.007812
5.339341,0.054688,-0.101562,0.960938
5.339667,0.0625,-0.0625,0.992188
5.339993,0.0,-0.046875,0.984375
5.340319,0.039062,-0.078125,0.976562
5.340645,0.0625,-0.070312,0.992188
5.34097,0.054688,-0.070312,0.953125
5.341296,0.007812,-0.0625,0.945312
5.341622,0.046875,-0.101562,0.992188
5.341948,0.054688,-0.054688,0.960938
5.342274,0.039062,-0.070312,0.984375
5.3426,0.046875,-0.070312,1.007812
5.342926,0.03125,-0.054688,1.0
5.343252,0.039062,-0.0625,0.945312
5.343578,0.0,-0.039062,0.96875
5.343904,0.0625,-0.046875,0.96875
5.34423,0.054688,-0.078125,0.96875
5.344556,0.0625,-0.0625,1.007812
5.344882,0.054688,-0.054688,0.992188
5.345207,0.03125,-0.070312,0.976562
5.345533,0.023438,-0.070312,0.960938
5.345859,0.046875,-0.085938,1.0
5.346185,0.046875,-0.0625,0.992188
5.346511,0.039062,-0.0625,1.007812
5.346837,0.0625,-0.054688,1.0
5.347163,0.054688,-0.078125,1.023438
5.347489,0.054688,-0.085938,1.0
5.347815,0.03125,-0.070312,0.976562
5.348141,0.03125,-0.039062,1.0
5.348467,0.015625,-0.078125,1.0
5.348793,0.046875,-0.078125,1.023438
5.349119,0.046875,-0.0625,1.0
5.349445,0.054688,-0.085938,0.976562
5.34977,0.054688,-0.054688,1.0
5.350096,0.03125,-0.039062,1.0
5.350422,0.023438,-0.070312,1.0
5.350748,0.039062,-0.054688,0.976562
5.351074,0.046875,-0.085938,0.992188
5.3514,0.03125,-0.070312,0.945312
5.351726,0.054688,-0.085938,0.984375
5.352052,0.039062,-0.101562,1.007812
5.352378,0.046875,-0.054688,0.992188
5.352704,0.023438,-0.070312,0.960938
5.35303,0.023438,-0.046875,0.992188
5.353356,0.023438,-0.070312,0.984375
5.353682,0.046875,-0.046875,0.960938
5.354008,0.046875,-0.054688,1.015625
5.354333,0.0,-0.078125,0.992188
5.354659,0.070312,-0.054688,0.976562
5.354985,0.023438,-0.054688,0.953125
5.355311,0.023438,-0.070312,0.992188
5.355637,0.054688,-0.0625,0.953125
5.355963,0.0,-0.085938,0.976562
5.356289,0.007812,-0.054688,1.007812
5.356615,0.03125,-0.070312,0.953125
5.356941,0.039062,-0.054688,0.945312
5.357267,0.039062,-0.09375,1.007812
5.357593,0.0625,-0.117188,1.0
5.357919,0.0,-0.09375,1.0
5.358245,0.023438,-0.054688,1.0
5.358571,0.023438,-0.078125,0.96875
5.358896,0.070312,-0.054688,1.015625
5.359222,0.0,-0.0625,1.0
5.359548,0.03125,-0.039062,0.992188
5.359874,0.070312,-0.046875,0.953125
5.3602,0.007812,-0.109375,0.976562
5.360526,0.03125,-0.0625,0.984375
5.360852,0.015625,-0.09375,0.992188
5.361178,0.0625,-0.101562,0.960938
5.361504,0.070312,-0.0625,0.984375
5.36183,0.015625,-0.101562,0.984375
5.362156,0.0625,-0.054688,0.9375
5.362482,0.046875,-0.046875,0.960938
5.362808,0.070312,-0.132812,0.96875
5.363133,0.0625,-0.0625,1.0
5.363459,0.0625,-0.085938,1.0
5.363785,0.015625,-0.070312,0.992188
5.364111,0.007812,-0.0625,0.976562
5.364437,0.015625,-0.046875,0.992188
5.364763,0.054688,-0.054688,0.9375
5.365089,0.054688,-0.09375,0.960938
5.365415,0.054688,-0.085938,0.992188
5.365741,0.054688,-0.09375,0.992188
5.366067,0.023438,-0.070312,0.976562
5.366393,0.023438,-0.046875,0.960938
5.366719,0.039062,-0.085938,0.960938
5.367045,0.046875,-0.070312,1.0
5.367371,0.046875,-0.085938,0.96875
5.367696,0.023438,-0.039062,0.976562
5.368022,0.054688,-0.054688,0.992188
5.368348,0.0625,-0.085938,0.992188
5.368674,0.039062,-0.023438,0.992188
5.369,0.0,-0.09375,1.039062
5.369326,0.039062,-0.085938,0.992188
5.369652,0.046875,-0.078125,1.0
5.369978,0.023438,-0.09375,0.96875
5.370304,0.046875,-0.070312,0.960938
5.37063,0.023438,-0.070312,0.960938
5.370956,0.023438,-0.085938,0.992188
5.371282,0.0625,-0.078125,0.992188
5.371608,0.03125,-0.070312,1.015625
5.371934,0.054688,-0.078125,0.992188
5.372259,0.078125,-0.101562,0.953125
5.372585,0.039062,-0.0625,1.0
5.372911,0.046875,-0.039062,0.960938
5.373237,0.023438,-0.078125,0.984375
5.373563,0.070312,-0.101562,0.96875
5.373889,0.046875,-0.085938,0.992188
5.374215,0.054688,-0.078125,0.945312
5.374541,0.023438,-0.101562,0.960938
5.374867,0.015625,-0.078125,1.007812
5.375193,0.023438,-0.054688,0.96875
5.375519,0.039062,-0.070312,0.960938
5.375845,0.054688,-0.070312,0.992188
5.376171,0.046875,-0.0625,0.984375
5.376497,0.046875,-0.09375,1.007812
5.376822,0.015625,-0.039062,1.0
5.377148,0.03125,-0.078125,0.953125
5.377474,0.046875,-0.046875,1.007812
5.3778,0.054688,-0.070312,0.976562
5.378126,0.039062,-0.085938,0.984375
5.378452,0.039062,-0.09375,1.007812
5.378778,0.046875,-0.109375,0.992188
5.379104,0.054688,-0.09375,1.007812
5.37943,0.023438,-0.070312,0.929688
5.379756,0.007812,-0.101562,1.0
5.380082,0.054688,-0.070312,0.992188
5.380408,0.0,-0.109375,0.984375
5.380734,0.070312,-0.132812,1.0
5.381059,0.015625,-0.070312,1.0
5.381385,0.0,-0.101562,1.0
5.381711,0.0,-0.070312,0.960938
5.382037,0.007812,-0.085938,0.992188
5.382363,0.0,-0.109375,0.984375
5.382689,0.023438,-0.0625,0.976562
5.383015,0.054688,-0.0625,0.953125
5.383341,0.03125,-0.039062,0.984375
5.383667,0.078125,-0.070312,0.992188
5.383993,0.0625,-0.046875,0.96875
5.384319,0.015625,-0.0625,0.976562
5.384645,0.070312,-0.0625,0.96875
5.384971,0.054688,-0.085938,1.015625
5.385297,0.023438,-0.054688,1.0
5.385622,0.039062,-0.054688,0.992188
5.385948,0.039062,-0.09375,0.953125
5.386274,0.03125,-0.070312,0.960938
5.3866,0.015625,-0.046875,0.960938
5.386926,0.054688,-0.054688,0.984375
5.387252,0.0625,-0.054688,0.960938
5.387578,0.046875,-0.09375,1.007812
5.387904,0.03125,-0.070312,1.0
5.38823,0.0,-0.046875,0.992188
5.388556,0.070312,-0.117188,1.007812
5.388882,0.039062,-0.070312,0.960938
5.389208,0.0,-0.054688,1.015625
5.389534,0.070312,-0.070312,1.0
5.38986,0.023438,-0.078125,0.992188
5.390185,0.03125,-0.046875,0.976562
5.390511,0.039062,-0.09375,1.007812
5.390837,0.070312,-0.078125,0.96875
5.391163,0.03125,-0.09375,0.992188
5.391489,0.0625,-0.078125,0.96875
5.391815,0.039062,-0.078125,0.992188
5.392141,0.046875,-0.101562,0.992188
5.392467,0.039062,-0.0625,0.96875
5.392793,0.046875,-0.0625,1.0
5.393119,0.015625,-0.085938,0.976562
5.393445,0.039062,-0.09375,0.960938
5.393771,0.03125,-0.070312,0.960938
5.394097,0.054688,-0.070312,0.96875
5.394423,0.046875,-0.070312,0.984375
5.394748,0.03125,-0.0625,0.960938
5.395074,0.054688,-0.085938,1.0
5.3954,0.023438,-0.0625,0.96875
5.395726,0.0625,-0.078125,0.96875
5.396052,0.054688,-0.015625,0.929688
5.396378,0.046875,-0.078125,0.976562
5.396704,0.007812,-0.0625,1.0
5.39703,0.023438,-0.054688,0.960938
5.397356,0.039062,-0.085938,0.976562
5.397682,0.085938,-0.109375,1.023438
5.398008,0.054688,-0.0625,1.0
5.398334,0.03125,-0.085938,1.0
5.39866,0.054688,-0.078125,1.0
5.398985,0.0625,-0.078125,0.984375
5.399311,0.054688,-0.054688,0.984375
5.399637,0.023438,-0.078125,1.0
5.399963,0.023438,-0.0625,0.992188
5.400289,0.03125,-0.109375,0.960938
5.400615,0.007812,-0.0625,0.984375
5.400941,0.046875,-0.117188,0.992188
5.401267,0.054688,-0.09375,0.960938
5.401593,0.03125,-0.09375,1.0
5.401919,0.007812,-0.078125,1.023438
5.402245,0.0625,-0.132812,1.039062
5.402571,0.039062,-0.09375,0.96875
5.402897,0.054688,-0.046875,0.976562
5.403223,0.046875,-0.101562,1.007812
5.403548,0.039062,-0.0625,0.960938
5.403874,0.015625,-0.039062,1.0
5.4042,0.015625,-0.046875,1.0
5.404526,0.039062,-0.085938,1.0
5.404852,0.039062,-0.0625,0.96875
5.405178,0.03125,-0.085938,1.0
5.405504,0.023438,-0.054688,0.984375
5.40583,0.054688,-0.070312,0.960938
5.406156,0.0625,-0.054688,0.960938
5.406482,0.007812,-0.039062,1.0
5.406808,0.039062,-0.070312,1.0
5.407134,0.054688,-0.0625,0.96875
5.40746,0.0625,-0.0625,0.984375
5.407786,0.0625,-0.070312,1.015625
5.408111,0.007812,-0.046875,0.929688
5.408437,0.078125,-0.09375,0.945312
5.408763,0.023438,-0.0625,0.9375
5.409089,0.070312,-0.070312,1.023438
5.409415,0.007812,-0.054688,0.976562
5.409741,0.0625,-0.085938,0.96875
5.410067,0.023438,-0.085938,1.0
5.410393,0.046875,-0.09375,1.0
5.410719,0.03125,-0.046875,0.96875
5.411045,0.078125,-0.101562,1.0
5.411371,0.023438,-0.125,1.0
5.411697,0.046875,-0.039062,0.929688
5.412023,0.039062,-0.03125,0.976562
5.412349,0.046875,-0.125,0.960938
5.412674,0.085938,-0.125,1.0
5.413,0.039062,-0.085938,1.015625
5.413326,0.078125,-0.007812,0.953125
5.413652,0.046875,-0.039062,0.929688
5.413978,0.015625,-0.078125,1.0
5.414304,0.054688,-0.078125,1.0
5.41463,0.039062,-0.039062,0.9375
5.414956,0.007812,-0.070312,1.007812
5.415282,0.023438,-0.109375,0.96875
5.415608,0.0,-0.070312,1.0
5.415934,0.03125,-0.0625,0.96875
5.41626,0.007812,-0.070312,0.945312
5.416586,0.046875,-0.070312,0.960938
5.416911,0.0,-0.125,1.03125
5.417237,0.039062,-0.039062,0.992188
5.417563,0.078125,-0.0625,1.0
5.417889,0.046875,-0.09375,0.945312
5.418215,0.046875,-0.0625,1.0
5.418541,0.078125,-0.070312,1.015625
5.418867,0.054688,-0.046875,0.992188
5.419193,0.03125,-0.078125,0.984375
5.419519,0.023438,-0.0625,0.929688
5.419845,0.039062,-0.070312,0.976562
5.420171,0.054688,-0.101562,0.992188
5.420497,0.039062,-0.039062,1.0
5.420823,0.0625,-0.109375,0.96875
5.421149,0.039062,-0.070312,1.0
5.421474,0.054688,-0.085938,0.992188
5.4218,0.03125,-0.046875,0.953125
5.422126,0.03125,-0.03125,0.960938
5.422452,0.070312,-0.078125,0.960938
5.422778,0.054688,-0.070312,1.0
5.423104,0.046875,-0.101562,1.0
5.42343,0.046875,-0.039062,0.9375
5.423756,0.054688,-0.0625,0.945312
5.424082,0.054688,-0.070312,0.976562
5.424408,0.039062,-0.09375,0.992188
5.424734,0.085938,-0.085938,0.960938
5.42506,0.046875,-0.046875,0.960938
5.425386,0.03125,-0.09375,0.976562
5.425712,0.007812,-0.054688,0.992188
5.426037,0.039062,-0.085938,0.960938
5.426363,0.046875,-0.117188,1.0
5.426689,0.03125,-0.023438,0.984375
5.427015,0.03125,-0.039062,0.945312
5.427341,0.023438,-0.0625,0.992188
5.427667,0.039062,-0.085938,0.976562
5.427993,0.039062,-0.070312,0.992188
5.428319,0.023438,-0.015625,0.96875
5.428645,0.054688,-0.09375,0.992188
5.428971,0.023438,-0.054688,0.984375
5.429297,0.007812,-0.078125,0.96875
5.429623,0.085938,-0.085938,0.992188
5.429949,0.023438,-0.039062,0.96875
5.430275,0.015625,-0.078125,0.96875
5.4306,0.0,-0.09375,0.976562
5.430926,0.078125,-0.09375,1.0
5.431252,0.046875,-0.0625,0.984375
5.431578,0.054688,-0.09375,0.976562
5.431904,0.054688,-0.039062,1.0
5.43223,0.070312,-0.078125,0.960938
5.432556,0.046875,-0.117188,1.0
5.432882,0.046875,-0.054688,0.976562
5.433208,0.0,-0.0625,0.960938
5.433534,0.03125,-0.070312,0.984375
5.43386,0.023438,-0.085938,0.953125
5.434186,0.046875,-0.09375,0.945312
5.434512,0.03125,-0.085938,0.960938
5.434838,0.0,-0.070312,1.015625
5.435163,0.039062,-0.070312,0.953125
5.435489,0.039062,-0.085938,0.960938
5.435815,0.054688,-0.070312,0.960938
5.436141,0.015625,-0.117188,1.0
5.436467,0.023438,-0.101562,1.039062
5.436793,0.070312,-0.09375,0.929688
5.437119,0.054688,-0.039062,0.960938
5.437445,0.039062,-0.109375,0.976562
5.437771,0.0625,-0.085938,1.007812
5.438097,0.03125,-0.078125,0.992188
5.438423,0.070312,-0.125,0.96875
5.438749,0.054688,-0.085938,0.992188
5.439075,0.03125,-0.0625,0.992188
5.4394,0.046875,-0.070312,0.992188
5.439726,0.070312,-0.085938,1.03125
5.440052,0.0625,-0.078125,1.0
5.440378,0.03125,-0.0625,1.0
5.440704,0.039062,-0.03125,1.007812
5.44103,0.078125,-0.101562,1.007812
5.441356,0.007812,-0.023438,0.976562
5.441682,0.054688,-0.046875,0.976562
5.442008,0.054688,-0.0625,0.984375
5.442334,0.023438,-0.054688,0.960938
5.44266,0.03125,-0.085938,0.9375
5.442986,0.0625,-0.054688,0.96875
5.443312,0.078125,-0.070312,0.96875
5.443638,0.078125,-0.078125,0.953125
5.443963,0.03125,-0.101562,0.992188
5.444289,0.03125,-0.078125,0.953125
5.444615,0.078125,-0.132812,0.992188
5.444941,0.046875,-0.101562,0.992188
5.445267,0.023438,-0.039062,1.0
5.445593,0.046875,-0.125,0.96875
5.445919,0.023438,-0.070312,0.976562
5.446245,0.039062,-0.054688,0.960938
5.446571,0.03125,-0.039062,0.992188
5.446897,0.070312,-0.085938,0.96875
5.447223,0.054688,-0.0625,0.984375
5.447549,0.054688,-0.070312,0.9375
5.447875,0.023438,-0.085938,0.976562
5.448201,0.023438,-0.078125,1.0
5.448526,0.054688,-0.039062,0.960938
5.448852,0.046875,-0.085938,0.992188
5.449178,0.023438,-0.046875,0.953125
5.449504,0.085938,-0.070312,0.984375
5.44983,0.023438,-0.054688,0.96875
5.450156,0.039062,-0.085938,0.945312
5.450482,0.046875,-0.054688,1.007812
5.450808,0.0,-0.046875,0.992188
5.451134,0.023438,-0.070312,0.992188
5.45146,0.054688,-0.0625,0.992188
5.451786,0.046875,-0.0625,1.0
5.452112,0.03125,-0.078125,1.0
5.452438,0.03125,-0.085938,1.007812
5.452764,0.007812,-0.046875,0.9375
5.453089,0.054688,-0.054688,1.0
5.453415,0.03125,-0.054688,0.992188
5.453741,0.007812,-0.078125,0.976562
5.454067,0.054688,-0.070312,1.0
5.454393,0.039062,-0.070312,1.0
5.454719,0.039062,-0.101562,0.992188
5.455045,0.007812,-0.03125,0.976562
5.455371,0.039062,-0.070312,0.945312
5.455697,0.054688,-0.0625,1.0
5.456023,0.046875,-0.023438,0.96875
5.456349,0.03125,-0.070312,0.976562
5.456675,0.03125,-0.054688,0.953125
5.457001,0.03125,-0.125,0.96875
5.457326,0.054688,-0.046875,0.984375
5.457652,0.023438,-0.03125,0.96875
5.457978,0.054688,-0.070312,1.007812
5.458304,0.054688,-0.078125,1.007812
5.45863,0.039062,-0.070312,1.0
5.458956,0.054688,-0.070312,1.0
5.459282,0.046875,-0.09375,1.007812
5.459608,0.03125,-0.078125,0.960938
5.459934,0.054688,-0.078125,0.992188
5.46026,0.03125,-0.054688,0.953125
5.460586,0.03125,-0.101562,0.953125
5.460912,0.054688,-0.09375,0.992188
5.461238,0.03125,-0.09375,1.0
5.461564,0.015625,-0.085938,0.984375
5.461889,0.039062,-0.0625,0.976562
5.462215,0.054688,-0.039062,0.984375
5.462541,0.054688,-0.09375,0.992188
5.462867,0.03125,-0.054688,1.007812
5.463193,0.070312,-0.101562,0.992188
5.463519,0.039062,-0.070312,0.945312
5.463845,0.03125,-0.03125,0.976562
5.464171,0.023438,-0.054688,0.992188
5.464497,0.0,-0.117188,1.0
5.464823,0.046875,-0.078125,0.992188
5.465149,0.023438,-0.054688,0.992188
5.465475,0.0625,-0.070312,0.992188
5.465801,0.007812,-0.070312,0.9375
5.466127,0.023438,-0.054688,0.976562
5.466452,0.039062,-0.070312,0.96875
5.466778,0.039062,-0.09375,0.992188
5.467104,0.007812,-0.054688,0.96875
5.46743,0.085938,-0.070312,0.992188
5.467756,0.03125,-0.054688,0.976562
5.468082,0.0625,-0.039062,0.992188
5.468408,0.0625,-0.085938,0.992188
5.468734,0.078125,-0.046875,0.976562
5.46906,0.0625,-0.054688,1.0
5.469386,0.0,-0.046875,0.960938
5.469712,0.023438,-0.085938,1.0
5.470038,0.046875,-0.054688,0.960938
5.470364,0.007812,-0.09375,1.0
5.47069,0.039062,-0.0625,1.0
5.471015,0.03125,-0.101562,0.992188
5.471341,0.039062,-0.046875,0.992188
5.471667,0.015625,-0.039062,0.976562
5.471993,0.023438,-0.078125,1.015625
5.472319,0.039062,-0.054688,1.0
5.472645,0.0,-0.070312,1.0
5.472971,0.046875,-0.0625,0.984375
5.473297,0.046875,-0.0625,0.984375
5.473623,0.023438,-0.085938,1.007812
5.473949,0.0,-0.046875,1.0
5.474275,0.054688,-0.101562,0.992188
5.474601,0.023438,-0.085938,0.96875
5.474927,0.054688,-0.101562,1.015625
5.475252,0.007812,-0.0625,0.976562
5.475578,0.046875,-0.046875,1.0
5.475904,0.039062,-0.054688,0.945312
5.47623,0.007812,-0.101562,1.0
5.476556,0.03125,-0.0625,1.0
5.476882,0.046875,-0.09375,1.0
5.477208,0.023438,-0.0625,0.992188
5.477534,0.054688,-0.0625,0.992188
5.47786,0.023438,-0.078125,0.984375
5.478186,0.0625,-0.085938,0.992188
5.478512,0.046875,-0.0625,1.023438
5.478838,0.0625,-0.0625,0.953125
5.479164,0.054688,-0.054688,0.992188
5.47949,0.039062,-0.0625,0.960938
5.479815,0.015625,-0.078125,0.960938
5.480141,0.046875,-0.070312,0.992188
5.480467,0.054688,-0.070312,0.945312
5.480793,0.03125,-0.09375,1.0
5.481119,0.03125,-0.0625,1.007812
5.481445,0.023438,-0.0625,1.007812
5.481771,0.054688,-0.054688,0.992188
5.482097,0.046875,-0.03125,0.9375
5.482423,0.054688,-0.054688,0.976562
5.482749,0.03125,-0.085938,1.0
5.483075,0.046875,-0.109375,1.023438
5.483401,0.015625,-0.085938,1.007812
5.483727,0.0625,-0.054688,0.976562
5.484053,0.039062,-0.0625,1.0
5.484378,0.039062,-0.09375,1.007812
5.484704,0.03125,-0.054688,0.96875
5.48503,0.03125,-0.0625,0.96875
5.485356,0.023438,-0.046875,0.992188
5.485682,0.023438,-0.054688,1.0
5.486008,0.023438,-0.0625,1.0
5.486334,0.023438,-0.101562,1.0
5.48666,0.0,-0.0625,0.96875
5.486986,0.0625,-0.09375,0.992188
5.487312,0.039062,-0.078125,1.023438
5.487638,0.046875,-0.070312,0.960938
5.487964,0.007812,-0.054688,0.992188
5.48829,0.03125,-0.109375,0.992188
5.488616,0.0,-0.054688,0.984375
5.488941,0.070312,-0.054688,0.929688
5.489267,0.0625,-0.0625,0.960938
5.489593,0.007812,-0.085938,1.0
5.489919,0.054688,-0.0625,1.0
5.490245,0.046875,-0.101562,0.992188
5.490571,0.0,-0.070312,0.96875
5.490897,0.046875,-0.070312,0.992188
5.491223,0.054688,-0.101562,1.015625
5.491549,0.039062,-0.054688,1.0
5.491875,0.054688,-0.054688,1.015625
5.492201,0.015625,-0.03125,0.960938
5.492527,0.054688,-0.046875,0.992188
5.492853,0.054688,-0.09375,0.945312
5.493178,0.054688,-0.039062,0.945312
5.493504,0.0625,-0.09375,0.976562
5.49383,0.0625,-0.09375,0.96875
5.494156,0.023438,-0.070312,0.960938
5.494482,0.054688,-0.101562,0.992188
5.494808,0.03125,-0.070312,0.992188
5.495134,0.046875,-0.0625,0.992188
5.49546,0.023438,-0.085938,1.0
5.495786,0.023438,-0.078125,1.023438
5.496112,0.039062,-0.09375,1.0
5.496438,0.0625,-0.09375,0.992188
5.496764,0.046875,-0.070312,0.929688
5.49709,0.0625,-0.070312,0.96875
5.497416,0.0,-0.070312,1.007812
5.497741,0.03125,-0.070312,0.984375
5.498067,0.054688,-0.070312,0.96875
5.498393,0.0,-0.09375,0.992188
5.498719,0.023438,-0.0625,0.96875
5.499045,0.039062,-0.046875,0.992188
5.499371,0.046875,-0.085938,1.007812
5.499697,0.0,-0.070312,0.992188
5.500023,0.015625,-0.078125,1.0
5.500349,0.046875,-0.046875,0.992188
5.500675,0.039062,-0.0625,0.929688
5.501001,0.007812,-0.078125,0.9375
5.501327,0.03125,-0.0625,1.023438
5.501653,0.039062,-0.0625,0.976562
5.501979,0.039062,-0.085938,0.992188
5.502304,0.039062,-0.101562,0.984375
5.50263,0.03125,-0.09375,1.0
5.502956,0.054688,-0.078125,1.0
5.503282,0.007812,-0.046875,0.945312
5.503608,0.039062,-0.0625,1.007812
5.503934,0.0,-0.054688,0.929688
5.50426,0.023438,-0.054688,0.96875
5.504586,0.054688,-0.109375,1.007812
5.504912,0.039062,-0.101562,0.992188
5.505238,0.0,-0.070312,0.992188
5.505564,0.078125,-0.054688,0.992188
5.50589,0.03125,-0.101562,0.992188
5.506216,0.023438,-0.070312,1.0
5.506542,0.046875,-0.0625,1.0
5.506867,0.0625,-0.0625,0.992188
5.507193,0.023438,-0.0625,0.96875
5.507519,0.015625,-0.117188,1.007812
5.507845,0.023438,-0.085938,0.976562
5.508171,0.054688,-0.054688,0.945312
5.508497,0.03125,-0.109375,0.984375
5.508823,0.054688,-0.0625,1.0
5.509149,0.054688,-0.101562,1.0
5.509475,0.023438,-0.070312,0.96875
5.509801,0.023438,-0.039062,0.976562
5.510127,0.0625,-0.0625,1.0
5.510453,0.054688,-0.054688,0.992188
5.510779,0.023438,-0.078125,0.992188
5.511104,0.046875,-0.054688,0.96875
5.51143,0.0625,-0.054688,0.96875
5.511756,0.0,-0.046875,0.945312
5.512082,0.070312,-0.078125,0.992188
5.512408,0.015625,-0.03125,0.953125
5.512734,0.070312,-0.0625,1.015625
5.51306,0.023438,-0.070312,0.953125
5.513386,0.046875,-0.09375,1.007812
5.513712,0.0625,-0.039062,0.960938
5.514038,0.03125,-0.101562,0.953125
5.514364,0.078125,-0.078125,0.992188
5.51469,0.054688,-0.085938,0.9375
5.515016,0.023438,-0.0625,0.960938
5.515342,0.0625,-0.070312,0.960938
5.515667,0.007812,-0.070312,0.96875
5.515993,0.039062,-0.046875,0.992188
5.516319,0.0,-0.109375,0.945312
5.516645,0.03125,-0.070312,1.0
5.516971,0.015625,-0.0625,1.023438
5.517297,0.023438,-0.054688,0.953125
5.517623,0.054688,-0.070312,0.992188
5.517949,0.039062,-0.046875,0.960938
5.518275,0.023438,-0.070312,0.945312
5.518601,0.023438,-0.078125,0.984375
5.518927,0.03125,-0.039062,1.007812
5.519253,0.078125,-0.101562,0.976562
5.519579,0.03125,-0.101562,0.929688
5.519905,0.03125,-0.046875,0.960938
5.52023,0.023438,-0.046875,1.015625
5.520556,0.015625,-0.070312,0.953125
5.520882,0.0625,-0.09375,1.023438
5.521208,0.078125,-0.085938,0.984375
5.521534,0.03125,-0.070312,0.9375
5.52186,0.007812,-0.070312,0.992188
5.522186,0.03125,-0.117188,1.015625
5.522512,0.023438,-0.0625,0.976562
5.522838,0.054688,-0.09375,1.0
5.523164,0.03125,-0.054688,0.992188
5.52349,0.0,-0.078125,0.984375
5.523816,0.023438,-0.054688,1.0
5.524142,0.023438,-0.039062,1.007812
5.524468,0.03125,-0.054688,0.992188
5.524793,0.03125,-0.085938,0.984375
5.525119,0.023438,-0.101562,1.0
5.525445,0.0625,-0.039062,1.0
5.525771,0.023438,-0.046875,0.960938
5.526097,0.039062,-0.09375,0.96875
5.526423,0.03125,-0.070312,0.992188
5.526749,0.0,-0.054688,0.96875
5.527075,0.0625,-0.09375,1.0
5.527401,0.039062,-0.039062,0.9375
5.527727,0.023438,-0.0625,0.960938
5.528053,0.023438,-0.070312,0.992188
5.528379,0.0625,-0.078125,1.0
5.528705,0.023438,-0.0625,0.945312
5.52903,0.007812,-0.039062,0.960938
5.529356,0.03125,-0.054688,0.96875
5.529682,0.054688,-0.085938,0.976562
5.530008,0.007812,-0.085938,0.992188
5.530334,0.03125,-0.0625,0.96875
5.53066,0.101562,-0.085938,0.960938
5.530986,0.015625,-0.0625,0.953125
5.531312,0.046875,-0.039062,1.007812
5.531638,0.054688,-0.085938,1.0
5.531964,0.054688,-0.085938,0.96875
5.53229,0.046875,-0.039062,1.0
5.532616,0.015625,-0.070312,1.0
5.532942,0.03125,-0.117188,1.039062
5.533268,0.023438,-0.03125,0.96875
5.533593,0.03125,-0.0625,1.0
5.533919,0.070312,-0.101562,0.992188
5.534245,0.03125,-0.03125,1.0
5.534571,0.015625,-0.054688,0.960938
5.534897,0.070312,-0.09375,0.992188
5.535223,0.0625,-0.070312,1.0
5.535549,0.054688,-0.0625,1.023438
5.535875,0.0625,-0.078125,0.960938
5.536201,0.039062,-0.070312,0.992188
5.536527,0.085938,-0.085938,0.96875
5.536853,0.039062,-0.054688,1.0
5.537179,0.007812,-0.085938,0.992188
5.537505,0.023438,-0.070312,0.9375
5.537831,0.007812,-0.085938,0.96875
5.538156,0.0625,-0.054688,0.953125
5.538482,0.03125,-0.101562,1.015625
5.538808,0.0625,-0.101562,0.976562
5.539134,0.054688,-0.070312,1.0
5.53946,0.085938,-0.101562,0.992188
5.539786,0.03125,-0.09375,0.96875
5.540112,0.046875,-0.070312,0.96875
5.540438,0.070312,-0.070312,0.960938
5.540764,0.039062,-0.046875,0.96875
5.54109,0.007812,-0.03125,0.976562
5.541416,0.0625,-0.0625,1.015625
5.541742,0.054688,-0.085938,1.0
5.542068,0.023438,-0.039062,0.976562
5.542394,0.039062,-0.078125,0.96875
5.542719,0.054688,-0.09375,0.984375
5.543045,0.039062,-0.0625,0.945312
5.543371,0.023438,-0.039062,1.0
5.543697,0.046875,-0.03125,1.0
5.544023,0.007812,-0.054688,0.992188
5.544349,0.0,-0.078125,0.9375
5.544675,0.023438,-0.078125,0.96875
5.545001,0.0625,-0.0625,1.023438
5.545327,0.015625,-0.070312,1.0
5.545653,0.023438,-0.117188,0.976562
5.545979,0.03125,-0.070312,0.976562
5.546305,0.03125,-0.101562,1.0
5.546631,0.046875,-0.054688,0.992188
5.546956,0.054688,-0.09375,0.976562
5.547282,0.054688,-0.09375,0.992188
5.547608,0.054688,-0.109375,0.9375
5.547934,0.0625,-0.054688,0.929688
5.54826,0.03125,-0.0625,1.0
5.548586,0.03125,-0.0625,1.0625
5.548912,0.046875,-0.0625,0.96875
5.549238,0.015625,-0.046875,0.992188
5.549564,0.039062,-0.085938,0.960938
5.54989,0.03125,-0.070312,0.960938
5.550216,0.070312,-0.085938,0.992188
5.550542,0.039062,-0.070312,0.992188
5.550868,0.046875,-0.039062,1.0
5.551194,0.054688,-0.046875,0.976562
5.551519,0.039062,-0.03125,0.960938
5.551845,0.039062,-0.085938,0.976562
5.552171,0.046875,-0.078125,1.0
5.552497,0.015625,-0.078125,0.992188
5.552823,0.007812,-0.085938,0.984375
5.553149,0.007812,-0.054688,0.992188
5.553475,0.0625,-0.09375,0.984375
5.553801,0.054688,-0.085938,0.945312
5.554127,0.054688,-0.039062,0.984375
5.554453,0.046875,-0.039062,0.992188
5.554779,0.0625,-0.117188,0.992188
5.555105,0.03125,-0.054688,0.984375
5.555431,0.046875,-0.0625,0.945312
5.555757,0.054688,-0.078125,0.984375
5.556082,0.039062,-0.085938,1.0
5.556408,0.039062,-0.0625,0.984375
5.556734,0.117188,-0.117188,1.0
5.55706,0.054688,-0.0625,0.976562
5.557386,0.039062,-0.109375,0.9375
5.557712,0.054688,-0.078125,1.023438
5.558038,0.007812,-0.046875,0.984375
5.558364,0.0,-0.078125,1.0
5.55869,0.039062,-0.039062,0.929688
5.559016,0.046875,-0.0625,0.992188
5.559342,0.046875,-0.101562,0.992188
5.559668,0.046875,-0.09375,1.0
5.559994,0.023438,-0.085938,0.976562
5.56032,0.03125,-0.070312,1.0
5.560645,0.070312,-0.070312,0.984375
5.560971,0.015625,-0.078125,0.992188
5.561297,0.054688,-0.054688,1.0
5.561623,0.078125,-0.070312,1.0
5.561949,0.046875,-0.070312,0.96875
5.562275,0.054688,-0.039062,0.960938
5.562601,0.046875,-0.039062,0.992188
5.562927,0.039062,-0.101562,1.0
5.563253,0.054688,-0.054688,0.992188
5.563579,0.039062,-0.054688,1.0
5.563905,0.015625,-0.0625,0.992188
5.564231,0.023438,-0.0625,1.0
5.564557,0.015625,-0.117188,1.0
5.564882,0.03125,-0.0625,0.992188
5.565208,0.046875,-0.070312,0.984375
5.565534,0.03125,-0.039062,1.0
5.56586,0.054688,-0.0625,1.039062
5.566186,0.039062,-0.101562,0.96875
5.566512,0.03125,-0.046875,0.945312
5.566838,0.046875,-0.070312,0.992188
5.567164,0.046875,-0.109375,0.96875
5.56749,0.023438,-0.0625,0.992188
5.567816,0.0,-0.101562,0.992188
5.568142,0.03125,-0.054688,0.992188
5.568468,0.023438,-0.039062,0.945312
5.568794,0.046875,-0.078125,1.007812
5.56912,0.039062,-0.054688,1.0
5.569445,0.015625,-0.0625,0.960938
5.569771,0.054688,-0.078125,1.0
5.570097,0.039062,-0.101562,0.96875
5.570423,0.023438,-0.0625,0.976562
5.570749,0.054688,-0.054688,1.0
5.571075,0.023438,-0.046875,0.90625
5.571401,0.046875,-0.054688,0.992188
5.571727,0.046875,-0.085938,0.992188
5.572053,0.039062,-0.078125,0.96875
5.572379,0.023438,-0.085938,1.0
5.572705,0.03125,-0.039062,1.0
5.573031,0.039062,-0.070312,0.992188
5.573357,0.046875,-0.0625,0.984375
5.573683,0.023438,-0.085938,0.992188
5.574008,0.023438,-0.0625,1.0
5.574334,0.0,-0.054688,0.960938
5.57466,0.046875,-0.078125,1.0
5.574986,0.046875,-0.046875,0.984375
5.575312,0.03125,-0.09375,0.945312
5.575638,0.007812,-0.101562,0.984375
5.575964,0.0625,-0.070312,0.992188
5.57629,0.078125,-0.070312,1.007812
5.576616,0.03125,-0.054688,0.960938
5.576942,0.054688,-0.070312,0.992188
5.577268,0.023438,-0.046875,0.976562
5.577594,0.054688,-0.085938,0.960938
5.57792,0.046875,-0.0625,0.992188
5.578246,0.023438,-0.085938,1.0
5.578571,0.046875,-0.054688,1.015625
5.578897,0.007812,-0.0625,0.960938
5.579223,0.054688,-0.078125,0.953125
5.579549,0.054688,-0.0625,0.992188
5.579875,0.03125,-0.070312,0.960938
5.580201,0.046875,-0.125,1.0
5.580527,0.054688,-0.085938,0.945312
5.580853,0.023438,-0.054688,0.960938
5.581179,0.070312,-0.046875,0.96875
5.581505,0.046875,-0.101562,0.945312
5.581831,0.03125,-0.0625,0.96875
5.582157,0.054688,-0.054688,1.0
5.582483,0.007812,-0.101562,1.0
5.582808,0.023438,-0.054688,1.0
5.583134,0.023438,-0.0625,0.960938
5.58346,0.039062,-0.039062,0.945312
5.583786,0.046875,-0.0625,1.0
5.584112,0.046875,-0.0625,0.992188
5.584438,0.046875,-0.0625,0.984375
5.584764,0.03125,-0.0625,0.960938
5.58509,0.046875,-0.070312,0.96875
5.585416,0.046875,-0.078125,0.992188
5.585742,0.0625,-0.078125,0.960938
5.586068,0.054688,-0.09375,0.953125
5.586394,0.03125,-0.101562,0.992188
5.58672,0.0625,-0.085938,0.984375
5.587046,0.085938,-0.078125,1.007812
5.587371,0.070312,-0.101562,0.976562
5.587697,0.070312,-0.046875,0.992188
5.588023,0.054688,-0.078125,0.992188
5.588349,0.039062,-0.0625,0.992188
5.588675,0.046875,-0.078125,0.960938
5.589001,0.039062,-0.101562,0.992188
5.589327,0.039062,-0.0625,0.960938
5.589653,0.03125,-0.101562,1.0
5.589979,0.03125,-0.0625,0.960938
5.590305,0.03125,-0.03125,0.90625
5.590631,0.007812,-0.0625,0.992188
5.590957,0.03125,-0.0625,0.960938
5.591283,0.046875,-0.109375,1.0
5.591609,0.046875,-0.070312,1.0
5.591934,0.078125,-0.070312,0.960938
5.59226,0.054688,-0.085938,0.96875
5.592586,0.070312,-0.054688,1.0
5.592912,0.03125,-0.101562,0.953125
5.593238,0.03125,-0.070312,0.945312
5.593564,0.007812,-0.101562,1.015625
5.59389,0.023438,-0.117188,1.0
5.594216,0.0625,-0.054688,0.992188
5.594542,0.039062,-0.0625,0.9375
5.594868,0.023438,-0.03125,0.96875
5.595194,0.0,-0.09375,1.007812
5.59552,0.054688,-0.054688,0.953125
5.595846,0.054688,-0.09375,0.992188
5.596172,0.0,-0.070312,0.96875
5.596497,0.09375,-0.070312,0.945312
5.596823,0.070312,-0.039062,0.992188
5.597149,0.046875,-0.039062,0.992188
5.597475,0.0625,-0.054688,1.0
5.597801,0.023438,-0.054688,1.0
5.598127,0.054688,-0.015625,1.023438
5.598453,0.070312,-0.070312,1.007812
5.598779,0.0625,-0.09375,0.96875
5.599105,0.0625,-0.054688,0.992188
5.599431,0.054688,-0.054688,0.960938
5.599757,0.046875,-0.046875,0.976562
5.600083,0.03125,-0.054688,0.960938
5.600409,0.039062,-0.078125,1.0
5.600734,0.046875,-0.054688,0.976562
5.60106,0.054688,-0.085938,1.007812
5.601386,0.015625,-0.070312,0.960938
5.601712,0.054688,-0.078125,0.953125
5.602038,0.015625,-0.101562,0.96875
5.602364,0.070312,-0.078125,1.023438
5.60269,0.007812,-0.054688,0.96875
5.603016,0.0625,-0.0625,1.007812
5.603342,0.007812,-0.054688,0.992188
5.603668,0.039062,-0.070312,0.96875
5.603994,0.054688,-0.0625,1.023438
5.60432,0.007812,-0.046875,0.992188
5.604646,0.03125,-0.046875,1.0
5.604972,0.0625,-0.085938,0.9375
5.605297,0.054688,-0.046875,0.984375
5.605623,0.0625,-0.085938,1.007812
5.605949,0.046875,-0.054688,0.976562
5.606275,0.03125,-0.09375,1.007812
5.606601,0.023438,-0.046875,0.921875
5.606927,0.023438,-0.039062,0.976562
5.607253,0.039062,-0.03125,1.007812
5.607579,0.054688,-0.09375,0.992188
5.607905,0.054688,-0.039062,0.960938
5.608231,0.039062,-0.054688,0.984375
5.608557,0.046875,-0.054688,0.960938
5.608883,0.054688,-0.078125,0.953125
5.609209,0.023438,-0.117188,0.960938
5.609535,0.046875,-0.0625,0.976562
5.60986,0.039062,-0.085938,0.992188
5.610186,0.0,-0.101562,1.0
5.610512,0.015625,-0.101562,1.007812
5.610838,0.070312,-0.085938,0.976562
5.611164,0.03125,-0.0625,1.0
5.61149,0.046875,-0.054688,0.992188
5.611816,0.054688,-0.054688,0.992188
5.612142,0.0625,-0.046875,0.96875
5.612468,0.023438,-0.0625,1.007812
5.612794,0.03125,-0.070312,0.976562
5.61312,0.023438,-0.101562,0.976562
5.613446,0.046875,-0.070312,0.976562
5.613772,0.054688,-0.109375,1.0
5.614098,0.054688,-0.054688,0.992188
5.614423,0.039062,-0.03125,1.015625
5.614749,0.023438,-0.085938,0.984375
5.615075,0.015625,-0.046875,0.945312
5.615401,0.03125,-0.070312,0.945312
5.615727,0.054688,-0.070312,0.984375
5.616053,0.09375,-0.109375,0.953125
5.616379,0.0625,-0.101562,0.992188
5.616705,0.054688,-0.101562,1.0
5.617031,0.039062,-0.070312,0.9375
5.617357,0.023438,-0.09375,1.007812
5.617683,0.046875,-0.03125,1.0
5.618009,0.039062,-0.078125,0.9375
5.618335,0.09375,-0.070312,0.992188
5.61866,0.015625,-0.054688,0.960938
5.618986,0.046875,-0.085938,0.984375
5.619312,0.054688,-0.039062,0.992188
5.619638,0.054688,-0.109375,1.0
5.619964,0.03125,-0.0625,1.0
5.62029,0.023438,-0.078125,0.960938
5.620616,0.054688,-0.0625,0.929688
5.620942,0.007812,-0.078125,1.0
5.621268,0.023438,-0.070312,0.96875
5.621594,0.015625,-0.070312,1.007812
5.62192,0.015625,-0.101562,0.953125
5.622246,0.070312,-0.09375,0.976562
5.622572,0.046875,-0.046875,0.960938
5.622898,0.054688,-0.09375,1.007812
5.623223,0.023438,-0.0625,1.0
5.623549,0.039062,-0.0625,1.0
5.623875,0.0625,-0.054688,1.015625
5.624201,0.015625,-0.054688,0.945312
5.624527,0.0625,-0.070312,0.976562
5.624853,0.0625,-0.070312,0.96875
5.625179,0.0,-0.101562,0.992188
5.625505,0.023438,-0.078125,0.953125
5.625831,0.039062,-0.078125,1.023438
5.626157,0.046875,-0.039062,0.992188
5.626483,0.046875,-0.070312,1.015625
5.626809,0.078125,-0.0625,0.992188
5.627135,0.054688,-0.046875,0.992188
5.627461,0.070312,-0.085938,0.992188
5.627786,0.039062,-0.070312,0.992188
5.628112,0.046875,-0.046875,1.039062
5.628438,0.054688,-0.078125,0.960938
5.628764,0.03125,-0.101562,0.9375
5.62909,0.039062,-0.0625,0.992188
5.629416,0.054688,-0.0625,1.023438
5.629742,0.0625,-0.078125,0.992188
5.630068,0.015625,-0.0625,0.953125
5.630394,0.046875,-0.078125,1.007812
5.63072,0.0625,-0.046875,1.007812
5.631046,0.03125,-0.054688,0.992188
5.631372,0.0625,-0.109375,0.96875
5.631698,0.046875,-0.0625,1.007812
5.632024,0.046875,-0.0625,1.0
5.632349,0.023438,-0.09375,0.960938
5.632675,0.015625,-0.039062,0.9375
5.633001,0.0625,-0.078125,0.96875
5.633327,0.046875,-0.046875,0.96875
5.633653,0.03125,-0.085938,0.984375
5.633979,0.023438,-0.085938,0.992188
5.634305,0.03125,-0.09375,0.960938
5.634631,0.03125,-0.054688,0.9375
5.634957,0.054688,-0.085938,0.976562
5.635283,0.054688,-0.070312,0.960938
5.635609,0.03125,-0.101562,0.992188
5.635935,0.039062,-0.0625,0.976562
5.636261,0.039062,-0.0625,0.960938
5.636586,0.039062,-0.070312,1.0
5.636912,0.023438,-0.078125,1.023438
5.637238,0.046875,-0.046875,1.0
5.637564,0.03125,-0.0625,0.960938
5.63789,0.046875,-0.0625,0.953125
5.638216,0.023438,-0.078125,1.0
5.638542,0.039062,-0.070312,1.007812
5.638868,0.0625,-0.070312,1.0
5.639194,0.03125,-0.085938,0.992188
5.63952,0.078125,-0.070312,1.0
5.639846,0.054688,-0.078125,0.9375
5.640172,0.046875,-0.078125,0.960938
5.640498,0.039062,-0.085938,0.992188
5.640824,0.03125,-0.039062,1.007812
5.641149,0.023438,-0.0625,0.992188
5.641475,0.039062,-0.0625,0.96875
5.641801,0.023438,-0.054688,0.984375
5.642127,0.015625,-0.101562,1.0
5.642453,0.023438,-0.0625,0.96875
5.642779,0.078125,-0.09375,0.96875
5.643105,0.054688,-0.070312,0.96875
5.643431,0.039062,-0.046875,0.96875
5.643757,0.070312,-0.070312,1.0
5.644083,0.039062,-0.070312,0.960938
5.644409,0.039062,-0.078125,0.984375
5.644735,0.03125,-0.125,0.976562
5.645061,0.023438,-0.09375,0.945312
5.645387,0.015625,-0.09375,0.945312
5.645712,0.039062,-0.085938,0.984375
5.646038,0.007812,-0.070312,0.96875
5.646364,0.015625,-0.078125,0.96875
5.64669,0.046875,-0.078125,1.007812
5.647016,0.054688,-0.0625,0.992188
5.647342,0.054688,-0.09375,1.0
5.647668,0.054688,-0.0625,1.0
5.647994,0.046875,-0.085938,0.953125
5.64832,0.054688,-0.070312,0.976562
5.648646,0.023438,-0.09375,0.984375
5.648972,0.054688,-0.078125,0.984375
5.649298,0.070312,-0.070312,1.054688
5.649624,0.007812,-0.085938,1.0
5.64995,0.023438,-0.078125,1.0
5.650275,0.046875,-0.03125,1.0
5.650601,0.039062,-0.054688,1.0
5.650927,0.09375,-0.070312,0.96875
5.651253,0.039062,-0.132812,0.992188
5.651579,0.078125,-0.03125,0.960938
5.651905,0.03125,-0.078125,0.945312
5.652231,0.03125,-0.085938,1.007812
5.652557,0.023438,-0.085938,0.992188
5.652883,0.007812,-0.09375,0.992188
5.653209,0.015625,-0.09375,1.023438
5.653535,0.046875,-0.078125,0.953125
5.653861,0.046875,-0.039062,0.960938
5.654187,0.0625,-0.085938,0.960938
5.654512,0.0,-0.109375,0.921875
5.654838,0.085938,-0.09375,1.007812
5.655164,0.023438,-0.125,0.945312
5.65549,0.03125,-0.070312,0.898438
5.655816,0.0625,-0.070312,0.929688
5.656142,0.023438,-0.09375,0.945312
5.656468,0.007812,-0.117188,0.992188
5.656794,0.03125,-0.109375,1.023438
5.65712,0.03125,-0.085938,0.976562
5.657446,0.03125,-0.085938,0.984375
5.657772,0.054688,-0.054688,0.960938
5.658098,0.023438,-0.078125,0.9375
5.658424,0.046875,-0.070312,1.0
5.65875,0.023438,-0.070312,0.945312
5.659075,0.0,-0.0625,0.992188
5.659401,0.03125,-0.109375,1.0
5.659727,0.054688,-0.039062,0.9375
5.660053,0.007812,-0.03125,0.96875
5.660379,0.054688,-0.085938,0.96875
5.660705,0.046875,-0.085938,1.0
5.661031,0.03125,-0.054688,1.007812
5.661357,0.023438,-0.054688,0.976562
5.661683,0.039062,-0.023438,1.0
5.662009,0.0,-0.0625,1.039062
5.662335,0.023438,-0.039062,0.992188
5.662661,0.046875,-0.117188,1.007812
5.662987,0.046875,-0.09375,1.015625
5.663313,0.023438,-0.0625,0.984375
5.663638,0.0,-0.101562,0.976562
5.663964,0.039062,-0.023438,0.976562
5.66429,0.078125,-0.078125,0.992188
5.664616,0.03125,-0.085938,1.023438
5.664942,0.085938,-0.09375,1.015625
5.665268,0.03125,-0.09375,0.992188
5.665594,0.015625,-0.070312,1.0
5.66592,0.0,-0.085938,0.9375
5.666246,0.0625,-0.078125,0.992188
5.666572,0.023438,-0.0625,0.9375
5.666898,0.070312,-0.0625,0.984375
5.667224,0.0625,-0.054688,0.945312
5.66755,0.039062,-0.085938,1.015625
5.667876,0.03125,-0.09375,1.023438
5.668201,0.03125,-0.0625,0.992188
5.668527,0.03125,-0.078125,1.0
5.668853,0.007812,-0.09375,0.96875
5.669179,0.0,-0.109375,0.992188
5.669505,0.039062,-0.085938,0.9375
5.669831,0.054688,-0.0625,0.992188
5.670157,0.03125,-0.0625,0.945312
5.670483,0.03125,-0.007812,0.984375
5.670809,0.0,-0.070312,0.976562
5.671135,0.039062,-0.039062,0.96875
5.671461,0.03125,-0.085938,0.9375
5.671787,0.023438,-0.070312,0.9375
5.672113,0.039062,-0.070312,1.023438
5.672438,0.046875,-0.117188,0.984375
5.672764,0.054688,-0.0625,0.992188
5.67309,0.007812,-0.039062,0.953125
5.673416,0.046875,-0.015625,0.976562
5.673742,0.054688,-0.070312,0.960938
5.674068,0.054688,-0.078125,0.976562
5.674394,0.054688,-0.085938,1.0
5.67472,0.046875,-0.039062,0.960938
5.675046,0.007812,-0.070312,0.945312
5.675372,0.054688,-0.0625,1.0
5.675698,0.054688,-0.078125,1.0
5.676024,0.03125,-0.046875,1.007812
5.67635,0.03125,-0.070312,0.945312
5.676676,0.015625,-0.078125,0.96875
5.677001,0.046875,-0.046875,0.992188
5.677327,0.03125,-0.101562,1.007812
5.677653,0.046875,-0.117188,0.992188
5.677979,0.007812,-0.085938,0.953125
5.678305,0.054688,-0.0625,0.96875
5.678631,0.03125,-0.039062,0.953125
5.678957,0.0,-0.101562,0.984375
5.679283,0.015625,-0.0625,0.984375
5.679609,0.03125,-0.054688,0.945312
5.679935,0.023438,-0.085938,0.976562
5.680261,0.054688,-0.046875,0.992188
5.680587,0.070312,-0.09375,0.992188
5.680913,0.054688,-0.0625,1.0
5.681239,0.054688,-0.078125,1.007812
5.681564,0.054688,-0.054688,0.96875
5.68189,0.039062,-0.085938,1.007812
5.682216,0.0625,-0.101562,1.0
5.682542,0.007812,-0.054688,1.007812
5.682868,0.03125,-0.0625,1.007812
5.683194,0.054688,-0.0625,1.007812
5.68352,0.039062,-0.078125,1.007812
5.683846,0.046875,-0.101562,1.007812
5.684172,0.054688,-0.0625,1.007812
5.684498,0.070312,-0.054688,1.007812
5.684824,0.054688,-0.0625,0.992188
5.68515,0.03125,-0.046875,0.96875
5.685476,0.015625,-0.0625,1.0
5.685802,0.023438,-0.070312,1.0
5.686127,0.054688,-0.054688,1.007812
5.686453,0.054688,-0.09375,1.03125
5.686779,0.03125,-0.09375,0.945312
5.687105,0.023438,-0.070312,0.96875
5.687431,0.054688,-0.054688,0.96875
5.687757,0.039062,-0.078125,0.984375
5.688083,0.023438,-0.085938,0.992188
5.688409,0.0,-0.101562,0.960938
5.688735,0.0,-0.070312,0.992188
5.689061,0.023438,-0.039062,0.945312
5.689387,0.007812,-0.070312,0.945312
5.689713,0.023438,-0.070312,1.0
5.690039,0.023438,-0.070312,1.0
5.690364,0.039062,-0.070312,0.992188
5.69069,0.023438,-0.085938,1.0
5.691016,0.023438,-0.054688,0.960938
5.691342,0.039062,-0.03125,0.96875
5.691668,0.0625,-0.09375,0.96875
5.691994,0.039062,-0.054688,0.976562
5.69232,0.070312,-0.054688,0.96875
5.692646,0.007812,-0.046875,0.953125
5.692972,0.078125,-0.039062,1.0
5.693298,0.054688,-0.054688,1.015625
5.693624,0.007812,-0.0625,0.992188
5.69395,0.039062,-0.0625,0.976562
5.694276,0.023438,-0.070312,1.0
5.694602,0.0,-0.0625,1.023438
5.694927,0.007812,-0.046875,0.976562
5.695253,0.039062,-0.0625,0.96875
5.695579,0.046875,-0.070312,0.976562
5.695905,0.0625,-0.0625,0.984375
5.696231,0.039062,-0.046875,1.0
5.696557,0.0625,-0.0625,1.0
5.696883,0.007812,-0.054688,0.976562
5.697209,0.054688,-0.101562,0.992188
5.697535,0.046875,-0.078125,0.945312
5.697861,0.03125,-0.09375,1.007812
5.698187,0.078125,-0.0625,0.992188
5.698513,0.046875,-0.054688,0.9375
5.698839,0.023438,-0.0625,0.960938
5.699165,0.023438,-0.046875,0.960938
5.69949,0.03125,-0.054688,0.960938
5.699816,0.0,-0.039062,0.992188
5.700142,0.0625,-0.09375,0.992188
5.700468,0.0625,-0.101562,0.992188
5.700794,0.0625,-0.070312,1.0
5.70112,0.054688,-0.101562,0.992188
5.701446,0.070312,-0.054688,0.992188
5.701772,0.054688,-0.070312,0.960938
5.702098,0.007812,-0.078125,1.0
5.702424,0.085938,-0.078125,0.960938
5.70275,0.0625,-0.039062,0.992188
5.703076,0.03125,-0.046875,1.0
5.703402,0.023438,-0.046875,1.0
5.703728,0.023438,-0.03125,1.0
5.704053,0.054688,-0.070312,0.992188
5.704379,0.015625,-0.070312,0.976562
5.704705,0.039062,-0.09375,0.984375
5.705031,0.039062,-0.0625,1.0
5.705357,0.039062,-0.101562,0.960938
5.705683,0.015625,-0.046875,0.976562
5.706009,0.039062,-0.070312,0.976562
5.706335,0.039062,-0.101562,0.984375
5.706661,0.03125,-0.085938,0.921875
5.706987,0.039062,-0.101562,1.0
5.707313,0.03125,-0.0625,1.015625
5.707639,0.015625,-0.085938,0.960938
5.707965,0.0625,-0.078125,0.96875
5.70829,0.03125,-0.0625,1.0
5.708616,0.046875,-0.09375,0.992188
5.708942,0.054688,-0.109375,1.0
5.709268,0.015625,-0.070312,0.945312
5.709594,0.046875,-0.070312,0.992188
5.70992,0.046875,-0.0625,1.0
5.710246,0.007812,-0.03125,0.945312
5.710572,0.023438,-0.054688,0.976562
5.710898,0.0625,-0.078125,1.023438
5.711224,0.046875,-0.039062,1.0
5.71155,0.101562,-0.132812,1.0
5.711876,0.046875,-0.03125,1.007812
5.712202,0.023438,-0.039062,1.0
5.712528,0.015625,-0.0625,0.992188
5.712853,0.039062,-0.070312,0.960938
5.713179,0.054688,-0.070312,1.007812
5.713505,0.007812,-0.070312,1.0
5.713831,0.054688,-0.0625,1.0
5.714157,0.046875,-0.101562,1.0
5.714483,0.054688,-0.078125,0.960938
5.714809,0.054688,-0.070312,1.0
5.715135,0.039062,-0.054688,1.0
5.715461,0.046875,-0.039062,1.0
5.715787,0.0,-0.101562,0.96875
5.716113,0.0,-0.0625,0.976562
5.716439,0.015625,-0.054688,0.992188
5.716765,0.023438,-0.078125,0.960938
5.717091,0.03125,-0.070312,0.976562
5.717416,0.03125,-0.117188,1.023438
5.717742,0.085938,-0.117188,0.992188
5.718068,0.054688,-0.0625,0.992188
5.718394,0.054688,-0.070312,0.992188
5.71872,0.023438,-0.09375,0.960938
5.719046,0.046875,-0.0625,0.992188
5.719372,0.0625,-0.078125,0.992188
5.719698,0.054688,-0.039062,1.007812
5.720024,0.03125,-0.070312,0.960938
5.72035,0.03125,-0.046875,0.976562
5.720676,0.023438,-0.039062,1.0
5.721002,0.023438,-0.078125,0.992188
5.721328,0.023438,-0.054688,0.9375
5.721654,0.03125,-0.054688,0.953125
5.721979,0.0625,-0.078125,0.960938
5.722305,0.015625,-0.070312,0.992188
5.722631,0.03125,-0.070312,0.992188
5.722957,0.039062,-0.015625,1.0
5.723283,0.054688,-0.078125,1.007812
5.723609,0.054688,-0.046875,0.960938
5.723935,0.046875,-0.085938,0.992188
5.724261,0.0625,-0.09375,0.960938
5.724587,0.03125,-0.09375,1.0
5.724913,0.03125,-0.09375,0.992188
5.725239,0.09375,-0.09375,1.0
5.725565,0.039062,-0.117188,1.0
5.725891,0.03125,-0.070312,0.953125
5.726216,0.015625,-0.117188,0.992188
5.726542,0.03125,-0.078125,0.992188
5.726868,0.078125,-0.085938,0.992188
5.727194,0.054688,-0.078125,0.992188
5.72752,0.046875,-0.101562,0.984375
5.727846,0.03125,-0.078125,0.953125
5.728172,0.0,-0.109375,0.976562
5.728498,0.03125,-0.09375,1.0
5.728824,0.039062,-0.09375,1.015625
5.72915,0.007812,-0.054688,0.953125
5.729476,0.039062,-0.085938,1.023438
5.729802,0.039062,-0.054688,0.976562
5.730128,0.039062,-0.054688,1.007812
5.730454,0.03125,-0.078125,1.023438
5.730779,0.023438,-0.085938,0.96875
5.731105,0.039062,-0.070312,0.9375
5.731431,0.070312,-0.0625,1.0
5.731757,0.023438,-0.070312,0.945312
5.732083,0.0,-0.109375,1.0
5.732409,0.039062,-0.070312,0.960938
5.732735,0.0,-0.0625,0.992188
5.733061,0.0,-0.039062,0.9375
5.733387,0.0625,-0.070312,0.960938
5.733713,0.039062,-0.09375,1.054688
5.734039,0.007812,-0.023438,0.984375
5.734365,0.03125,-0.0625,0.96875
5.734691,0.085938,-0.070312,0.984375
5.735017,0.039062,-0.085938,0.960938
5.735342,0.0625,-0.0625,0.96875
5.735668,0.015625,-0.070312,0.984375
5.735994,0.023438,-0.070312,1.007812
5.73632,0.039062,-0.054688,1.0
5.736646,0.0,-0.0625,0.984375
5.736972,0.046875,-0.070312,1.007812
5.737298,0.070312,-0.0625,0.976562
5.737624,0.039062,-0.085938,0.992188
5.73795,0.039062,-0.054688,1.0
5.738276,0.039062,-0.039062,0.976562
5.738602,0.03125,-0.070312,0.992188
5.738928,0.03125,-0.070312,0.9375
5.739254,0.0,-0.039062,1.007812
5.73958,0.007812,-0.054688,0.953125
5.739905,0.039062,-0.101562,0.960938
5.740231,0.03125,-0.070312,1.023438
5.740557,0.046875,-0.078125,1.0
5.740883,0.007812,-0.085938,1.0
5.741209,0.03125,-0.0625,0.976562
5.741535,0.007812,-0.0625,0.976562
5.741861,0.0625,-0.054688,0.984375
5.742187,0.054688,-0.078125,0.96875
5.742513,0.023438,-0.054688,0.960938
5.742839,0.039062,-0.0625,0.960938
5.743165,0.007812,-0.054688,0.992188
5.743491,0.039062,-0.054688,1.0
5.743817,0.015625,-0.078125,0.976562
5.744142,0.054688,-0.070312,0.992188
5.744468,0.078125,-0.09375,0.96875
5.744794,0.054688,-0.09375,0.992188
5.74512,0.0625,-0.039062,1.0
5.745446,0.070312,-0.054688,0.976562
5.745772,0.039062,-0.054688,1.015625
5.746098,0.039062,-0.023438,0.96875
5.746424,0.070312,-0.054688,0.976562
5.74675,0.054688,-0.054688,1.0
5.747076,0.039062,-0.101562,0.992188
5.747402,0.015625,-0.078125,1.0
5.747728,0.054688,-0.0625,0.992188
5.748054,0.039062,-0.085938,0.992188
5.74838,0.023438,-0.070312,1.0
5.748705,0.070312,-0.101562,0.976562
5.749031,0.03125,-0.078125,1.0
5.749357,0.054688,-0.085938,1.0
5.749683,0.039062,-0.078125,0.992188
5.750009,0.046875,-0.070312,0.976562
5.750335,0.0,-0.09375,0.960938
5.750661,0.0625,-0.0625,0.96875
5.750987,0.03125,-0.054688,0.976562
5.751313,0.054688,-0.085938,1.015625
5.751639,0.085938,-0.070312,0.960938
5.751965,0.023438,-0.070312,1.03125
5.752291,0.070312,-0.046875,0.96875
5.752617,0.015625,-0.09375,0.960938
5.752943,0.101562,-0.046875,0.9375
5.753268,0.054688,-0.070312,0.992188
5.753594,0.015625,-0.054688,0.976562
5.75392,0.0625,-0.070312,1.007812
5.754246,0.046875,-0.054688,0.953125
5.754572,0.0625,-0.03125,1.015625
5.754898,0.078125,-0.070312,0.992188
5.755224,0.046875,-0.078125,1.023438
5.75555,0.015625,-0.070312,1.0
5.755876,0.054688,-0.070312,0.992188
5.756202,0.054688,-0.0625,1.0
5.756528,0.023438,-0.09375,1.03125
5.756854,0.023438,-0.054688,1.015625
5.75718,0.039062,-0.085938,0.96875
5.757506,0.046875,-0.054688,0.960938
5.757831,0.023438,-0.070312,1.0
5.758157,0.039062,-0.085938,0.992188
5.758483,0.03125,-0.039062,0.976562
5.758809,0.03125,-0.054688,0.96875
5.759135,0.007812,-0.085938,0.984375
5.759461,0.007812,-0.039062,0.992188
5.759787,0.03125,-0.0625,0.9375
5.760113,0.046875,-0.0625,0.992188
5.760439,0.023438,-0.070312,0.945312
5.760765,0.085938,-0.078125,1.0
5.761091,0.0625,-0.054688,0.953125
5.761417,0.0625,-0.078125,0.960938
5.761743,0.046875,-0.070312,0.9375
5.762068,0.054688,-0.046875,0.960938
5.762394,0.054688,-0.0625,1.0
5.76272,0.046875,-0.101562,1.0
5.763046,0.0,-0.070312,1.0
5.763372,0.070312,-0.09375,1.0
5.763698,0.054688,-0.0625,0.953125
5.764024,0.023438,-0.039062,0.992188
5.76435,0.054688,-0.109375,0.984375
5.764676,0.007812,-0.054688,0.976562
5.765002,0.054688,-0.046875,1.023438
5.765328,0.023438,-0.09375,0.992188
5.765654,0.085938,-0.054688,0.953125
5.76598,0.039062,-0.03125,0.976562
5.766306,0.054688,-0.046875,1.0
5.766631,0.015625,-0.070312,0.960938
5.766957,0.039062,-0.085938,0.992188
5.767283,0.0625,-0.101562,0.992188
5.767609,0.039062,-0.09375,1.015625
5.767935,0.03125,-0.0625,1.0
5.768261,0.023438,-0.0625,0.992188
5.768587,0.0625,-0.09375,1.0
5.768913,0.023438,-0.0625,0.929688
5.769239,0.054688,-0.070312,1.007812
5.769565,0.039062,-0.054688,1.023438
5.769891,0.046875,-0.09375,0.960938
5.770217,0.0,-0.078125,0.976562
5.770543,0.054688,-0.054688,0.9375
5.770869,0.039062,-0.070312,0.992188
5.771194,0.046875,-0.085938,0.984375
5.77152,0.015625,-0.039062,0.984375
5.771846,0.054688,-0.070312,1.0
5.772172,0.03125,-0.085938,1.0
5.772498,0.046875,-0.101562,1.0
5.772824,0.039062,-0.101562,1.0
5.77315,0.015625,-0.0625,0.976562
5.773476,0.023438,-0.085938,1.0
5.773802,0.03125,-0.085938,0.984375
5.774128,0.078125,-0.078125,0.976562
5.774454,0.023438,-0.085938,0.960938
5.77478,0.054688,-0.101562,1.015625
5.775106,0.023438,-0.085938,0.976562
5.775432,0.046875,-0.078125,1.0
5.775757,0.039062,-0.0625,0.984375
5.776083,0.023438,-0.078125,1.0
5.776409,0.0625,-0.078125,0.96875
5.776735,0.078125,-0.054688,0.976562
5.777061,0.03125,-0.078125,0.976562
5.777387,0.039062,-0.0625,0.96875
5.777713,0.023438,-0.054688,0.945312
5.778039,0.046875,-0.117188,1.0
5.778365,0.039062,-0.039062,0.96875
5.778691,0.046875,-0.015625,0.992188
5.779017,0.0625,-0.078125,0.992188
5.779343,0.070312,-0.054688,0.96875
5.779669,0.070312,-0.085938,0.96875
5.779994,0.03125,-0.0625,1.015625
5.78032,0.03125,-0.109375,0.976562
5.780646,0.0,-0.054688,0.976562
5.780972,0.023438,-0.085938,0.984375
5.781298,0.054688,-0.085938,0.992188
5.781624,0.007812,-0.117188,0.96875
5.78195,0.046875,-0.070312,0.9375
5.782276,0.03125,-0.0625,0.960938
5.782602,0.054688,-0.0625,0.984375
5.782928,0.03125,-0.078125,0.929688
5.783254,0.070312,-0.109375,0.960938
5.78358,0.0,-0.078125,0.960938
5.783906,0.046875,-0.0625,0.992188
5.784232,0.039062,-0.046875,0.953125
5.784557,0.078125,-0.09375,0.945312
5.784883,0.0625,-0.09375,0.992188
5.785209,0.039062,-0.078125,1.0
5.785535,0.054688,-0.054688,1.0
5.785861,0.0,-0.007812,0.976562
5.786187,0.078125,-0.085938,0.992188
5.786513,0.015625,-0.03125,0.960938
5.786839,0.0,-0.054688,1.03125
5.787165,0.046875,-0.070312,1.0
5.787491,0.070312,-0.03125,0.929688
5.787817,0.03125,-0.070312,0.945312
5.788143,0.023438,-0.085938,0.976562
5.788469,0.054688,-0.0625,0.960938
5.788795,0.039062,-0.070312,0.984375
5.78912,0.023438,-0.085938,1.039062
5.789446,0.015625,-0.0625,1.0
5.789772,0.039062,-0.046875,0.976562
5.790098,0.023438,-0.0625,0.992188
5.790424,0.0625,-0.070312,1.0
5.79075,0.054688,-0.101562,1.0
5.791076,0.023438,-0.078125,0.96875
5.791402,0.023438,-0.0625,0.929688
5.791728,0.007812,-0.0625,0.992188
5.792054,0.03125,-0.085938,1.007812
5.79238,0.0625,-0.125,0.992188
5.792706,0.054688,-0.046875,0.976562
5.793032,0.046875,-0.0625,1.015625
5.793358,0.070312,-0.0625,0.976562
5.793683,0.039062,-0.09375,0.984375
5.794009,0.023438,-0.015625,0.953125
5.794335,0.0,-0.070312,0.96875
5.794661,0.046875,-0.078125,0.976562
5.794987,0.0625,-0.070312,1.0
5.795313,0.03125,-0.0625,0.960938
5.795639,0.039062,-0.039062,1.0
5.795965,0.015625,-0.054688,0.945312
5.796291,0.023438,-0.109375,0.992188
5.796617,0.007812,-0.0625,0.976562
5.796943,0.078125,-0.070312,0.976562
5.797269,0.054688,-0.046875,1.023438
5.797595,0.007812,-0.015625,1.0
5.79792,0.109375,-0.078125,0.96875
5.798246,0.0,-0.070312,1.0
5.798572,0.039062,-0.0625,0.984375
5.798898,0.0,-0.046875,0.96875
5.799224,0.03125,-0.0625,0.960938
5.79955,0.03125,-0.0625,0.945312
5.799876,0.054688,-0.0625,0.976562
5.800202,0.023438,-0.09375,1.0
5.800528,0.007812,-0.070312,0.984375
5.800854,0.03125,-0.101562,0.960938
5.80118,0.046875,-0.039062,0.984375
5.801506,0.046875,-0.09375,1.0
5.801832,0.054688,-0.078125,0.984375
5.802158,0.03125,-0.078125,0.960938
5.802483,0.054688,-0.070312,0.976562
5.802809,0.039062,-0.125,0.960938
5.803135,0.054688,-0.070312,0.984375
5.803461,0.0625,-0.078125,0.984375
5.803787,0.03125,-0.070312,0.984375
5.804113,0.007812,-0.054688,0.929688
5.804439,0.0625,-0.0625,0.992188
5.804765,0.054688,-0.0625,0.992188
5.805091,0.023438,-0.085938,0.960938
5.805417,0.046875,-0.085938,0.960938
5.805743,0.0,-0.101562,0.992188
5.806069,0.03125,-0.132812,1.015625
5.806395,0.070312,-0.101562,0.992188
5.806721,0.03125,-0.046875,0.960938
5.807046,0.023438,-0.09375,0.976562
5.807372,0.0,-0.046875,0.992188
5.807698,0.070312,-0.070312,0.96875
5.808024,0.039062,-0.085938,1.0
5.80835,0.007812,-0.070312,0.945312
5.808676,0.015625,-0.101562,0.960938
5.809002,0.023438,-0.054688,0.96875
5.809328,0.046875,-0.054688,1.0
5.809654,0.054688,-0.070312,1.007812
5.80998,0.0,-0.0625,0.960938
5.810306,0.039062,-0.070312,1.007812
5.810632,0.054688,-0.117188,0.992188
5.810958,0.015625,-0.070312,0.992188
5.811284,0.039062,-0.054688,0.984375
5.811609,0.03125,-0.0625,0.960938
5.811935,0.0,-0.039062,0.992188
5.812261,0.039062,-0.0625,0.984375
5.812587,0.023438,-0.09375,0.96875
5.812913,0.054688,-0.109375,0.984375
5.813239,0.039062,-0.0625,0.96875
5.813565,0.046875,-0.085938,0.984375
5.813891,0.0625,-0.078125,1.007812
5.814217,0.0,-0.054688,0.96875
5.814543,0.0,-0.046875,1.007812
5.814869,0.023438,-0.0625,0.96875
5.815195,0.03125,-0.085938,1.0
5.815521,0.03125,-0.054688,0.976562
5.815846,0.007812,-0.101562,0.96875
5.816172,0.046875,-0.085938,0.960938
5.816498,0.039062,-0.085938,1.0
5.816824,0.054688,-0.109375,1.007812
5.81715,0.070312,-0.054688,1.0
5.817476,0.0625,-0.046875,0.992188
5.817802,0.03125,-0.023438,0.960938
5.818128,0.03125,-0.039062,0.960938
5.818454,0.007812,-0.101562,1.023438
5.81878,0.0625,-0.078125,1.0
5.819106,0.03125,-0.046875,0.960938
5.819432,0.0625,-0.03125,0.976562
5.819758,0.054688,-0.078125,1.015625
5.820084,0.054688,-0.054688,1.0
5.820409,0.03125,-0.09375,1.0
5.820735,0.007812,-0.085938,0.976562
5.821061,0.046875,-0.0625,0.992188
5.821387,0.0625,-0.085938,1.0
5.821713,0.039062,-0.0625,0.976562
5.822039,0.023438,-0.070312,0.945312
5.822365,0.039062,-0.0625,0.929688
5.822691,0.046875,-0.085938,0.992188
5.823017,0.03125,-0.046875,0.960938
5.823343,0.023438,-0.054688,0.992188
5.823669,0.070312,-0.085938,0.984375
5.823995,0.039062,-0.0625,0.960938
5.824321,0.03125,-0.054688,0.992188
5.824647,0.0,-0.054688,0.976562
5.824972,0.023438,-0.054688,0.992188
5.825298,0.0,-0.054688,0.921875
5.825624,0.039062,-0.09375,0.960938
5.82595,0.039062,-0.0625,0.992188
5.826276,0.054688,-0.039062,0.984375
5.826602,0.007812,-0.0625,0.992188
5.826928,0.054688,-0.085938,0.976562
5.827254,0.039062,-0.085938,1.007812
5.82758,0.046875,-0.085938,1.007812
5.827906,0.007812,-0.09375,0.984375
5.828232,0.039062,-0.0625,0.976562
5.828558,0.046875,-0.109375,0.976562
5.828884,0.023438,-0.039062,0.929688
5.82921,0.039062,-0.078125,1.0
5.829535,0.023438,-0.078125,0.921875
5.829861,0.054688,-0.109375,1.03125
5.830187,0.015625,-0.03125,0.992188
5.830513,0.023438,-0.070312,1.015625
5.830839,0.046875,-0.09375,1.0
5.831165,0.046875,-0.125,0.992188
5.831491,0.046875,-0.070312,0.992188
5.831817,0.023438,-0.070312,0.992188
5.832143,0.023438,-0.109375,0.953125
5.832469,0.03125,-0.0625,0.984375
5.832795,0.039062,-0.0625,0.984375
5.833121,0.0625,-0.085938,0.984375
5.833447,0.046875,-0.09375,0.96875
5.833772,0.0625,-0.070312,0.992188
5.834098,0.023438,-0.0625,0.976562
5.834424,0.054688,-0.0625,0.945312
5.83475,0.007812,-0.085938,0.96875
5.835076,0.023438,-0.0625,0.960938
5.835402,0.0625,-0.0625,0.960938
5.835728,0.0625,-0.101562,0.984375
5.836054,0.046875,-0.039062,1.0
5.83638,0.023438,-0.0625,1.0
5.836706,0.03125,-0.054688,1.023438
5.837032,0.039062,-0.078125,0.960938
5.837358,0.0,-0.054688,0.976562
5.837684,0.070312,-0.070312,0.945312
5.83801,0.023438,-0.046875,1.0
5.838335,0.085938,-0.109375,0.992188
5.838661,0.054688,-0.054688,1.0
5.838987,0.070312,-0.078125,1.007812
5.839313,0.054688,-0.070312,0.945312
5.839639,0.054688,-0.085938,1.0
5.839965,0.078125,-0.070312,1.007812
5.840291,0.046875,-0.0625,1.023438
5.840617,0.070312,-0.101562,1.0
5.840943,0.085938,-0.101562,0.984375
5.841269,0.054688,-0.09375,0.992188
5.841595,0.046875,-0.046875,1.0
5.841921,0.046875,-0.101562,0.992188
5.842247,0.023438,-0.046875,0.960938
5.842573,0.046875,-0.046875,1.0
5.842898,0.0,-0.0625,0.992188
5.843224,0.070312,-0.101562,0.976562
5.84355,0.007812,-0.0625,0.992188
5.843876,0.023438,-0.078125,0.976562
5.844202,0.007812,-0.054688,0.921875
5.844528,0.078125,-0.070312,0.976562
5.844854,0.054688,-0.078125,1.0
5.84518,0.039062,-0.085938,0.992188
5.845506,0.054688,-0.054688,0.976562
5.845832,0.023438,-0.070312,0.9375
5.846158,0.054688,-0.0625,0.945312
5.846484,0.03125,-0.070312,1.015625
5.84681,0.039062,-0.070312,0.960938
5.847136,0.054688,-0.070312,1.0
5.847461,0.023438,-0.09375,1.0
5.847787,0.039062,-0.054688,0.96875
5.848113,0.03125,-0.117188,0.953125
5.848439,0.046875,-0.054688,0.929688
5.848765,0.054688,-0.09375,0.984375
5.849091,0.03125,-0.039062,0.960938
5.849417,0.039062,-0.054688,0.984375
5.849743,0.03125,-0.054688,1.0
5.850069,0.046875,-0.0625,0.960938
5.850395,0.054688,-0.070312,0.984375
5.850721,0.0625,-0.085938,0.992188
5.851047,0.054688,-0.0625,1.007812
5.851373,0.070312,-0.039062,1.023438
5.851698,0.0625,-0.101562,1.0
5.852024,0.007812,-0.015625,0.90625
5.85235,0.046875,-0.0625,0.992188
5.852676,0.046875,-0.070312,0.960938
5.853002,0.015625,-0.109375,0.960938
5.853328,0.054688,-0.046875,0.992188
5.853654,0.0,-0.023438,0.96875
5.85398,0.046875,-0.054688,0.984375
5.854306,0.078125,-0.078125,0.960938
5.854632,0.046875,-0.109375,0.984375
5.854958,0.023438,-0.078125,1.0
5.855284,0.03125,-0.046875,0.960938
5.85561,0.0,-0.0625,0.960938
5.855936,0.03125,-0.054688,1.0
5.856261,0.046875,-0.109375,0.992188
5.856587,0.039062,-0.054688,0.945312
5.856913,0.046875,-0.039062,0.976562
5.857239,0.03125,-0.070312,0.960938
5.857565,0.03125,-0.054688,0.984375
5.857891,0.007812,-0.117188,0.984375
5.858217,0.054688,-0.0625,0.96875
5.858543,0.03125,-0.085938,0.976562
5.858869,0.054688,-0.078125,1.0
5.859195,0.039062,-0.085938,1.007812
5.859521,0.03125,-0.085938,0.984375
5.859847,0.023438,-0.078125,0.953125
5.860173,0.085938,-0.085938,0.914062
5.860499,0.039062,-0.039062,1.0
5.860824,0.054688,-0.039062,0.992188
5.86115,0.03125,-0.03125,0.960938
5.861476,0.0625,-0.023438,0.945312
5.861802,0.023438,-0.046875,0.945312
5.862128,0.054688,-0.0625,0.992188
5.862454,0.0,-0.070312,1.0
5.86278,0.046875,-0.070312,0.976562
5.863106,0.054688,-0.09375,0.984375
5.863432,0.0,-0.070312,0.945312
5.863758,0.023438,-0.039062,0.984375
5.864084,0.039062,-0.078125,0.992188
5.86441,0.023438,-0.078125,1.007812
5.864736,0.015625,-0.0625,0.992188
5.865062,0.023438,-0.101562,0.960938
5.865387,0.039062,-0.09375,0.984375
5.865713,0.046875,-0.101562,0.96875
5.866039,0.03125,-0.101562,1.0
5.866365,0.03125,-0.046875,0.960938
5.866691,0.007812,-0.039062,0.96875
5.867017,0.054688,-0.09375,0.96875
5.867343,0.03125,-0.054688,0.960938
5.867669,0.0,-0.078125,0.976562
5.867995,0.046875,-0.109375,0.992188
5.868321,0.070312,-0.078125,0.992188
5.868647,0.03125,-0.09375,0.976562
5.868973,0.046875,-0.09375,1.007812
5.869299,0.039062,-0.09375,0.960938
5.869625,0.054688,-0.0625,0.960938
5.86995,0.046875,-0.101562,1.0
5.870276,0.054688,-0.09375,0.992188
5.870602,0.007812,-0.0625,1.0
5.870928,0.023438,-0.0625,0.984375
5.871254,0.046875,-0.054688,0.953125
5.87158,0.054688,-0.085938,0.984375
5.871906,0.039062,-0.070312,0.976562
5.872232,0.046875,-0.070312,0.921875
5.872558,0.054688,-0.09375,0.96875
5.872884,0.03125,-0.109375,1.015625
5.87321,0.070312,-0.078125,1.007812
5.873536,0.0625,-0.09375,0.953125
5.873862,0.046875,-0.09375,0.953125
5.874187,0.03125,-0.0625,0.992188
5.874513,0.023438,-0.085938,1.0
5.874839,0.0625,-0.0625,0.992188
5.875165,0.007812,-0.0625,0.96875
5.875491,0.007812,-0.0625,0.992188
5.875817,0.015625,-0.054688,1.023438
5.876143,0.054688,-0.070312,0.984375
5.876469,0.023438,-0.0625,1.0
5.876795,0.039062,-0.046875,0.960938
5.877121,0.023438,-0.085938,1.007812
5.877447,0.046875,-0.085938,1.0
5.877773,0.039062,-0.070312,0.992188
5.878099,0.03125,-0.085938,1.007812
5.878425,0.0625,-0.054688,0.96875
5.87875,0.054688,-0.078125,1.0
5.879076,0.046875,-0.039062,0.992188
5.879402,0.0,-0.070312,0.976562
5.879728,0.0,-0.09375,1.0
5.880054,0.023438,-0.09375,0.992188
5.88038,0.054688,-0.046875,1.0
5.880706,0.03125,-0.0625,0.96875
5.881032,0.007812,-0.078125,0.976562
5.881358,0.015625,-0.078125,1.0
5.881684,0.046875,-0.085938,1.039062
5.88201,0.054688,-0.101562,1.03125
5.882336,0.03125,-0.054688,1.007812
5.882662,0.039062,-0.078125,1.023438
5.882988,0.085938,-0.078125,0.9375
5.883313,0.070312,-0.039062,0.96875
5.883639,0.046875,-0.054688,0.984375
5.883965,0.007812,-0.0625,1.0
5.884291,0.039062,-0.0625,0.984375
5.884617,0.046875,-0.070312,0.992188
5.884943,0.023438,-0.085938,0.992188
5.885269,0.070312,-0.117188,0.992188
5.885595,0.054688,-0.070312,1.015625
5.885921,0.054688,-0.078125,0.992188
5.886247,0.015625,-0.039062,0.960938
5.886573,0.0,-0.0625,0.945312
5.886899,0.054688,-0.078125,0.960938
5.887225,0.046875,-0.085938,1.0
5.887551,0.039062,-0.078125,1.0
5.887876,0.03125,-0.101562,1.0
5.888202,0.03125,-0.0625,0.992188
5.888528,0.054688,-0.0625,0.96875
5.888854,0.015625,-0.070312,0.984375
5.88918,0.070312,-0.046875,0.96875
5.889506,0.03125,-0.070312,0.960938
5.889832,0.039062,-0.085938,1.007812
5.890158,0.03125,-0.03125,0.992188
5.890484,0.054688,-0.078125,1.0
5.89081,0.039062,-0.0625,0.976562
5.891136,0.015625,-0.0625,1.0
5.891462,0.023438,-0.085938,0.960938
5.891788,0.039062,-0.117188,1.023438
5.892113,0.015625,-0.070312,0.9375
5.892439,0.023438,-0.085938,0.984375
5.892765,0.03125,-0.0625,0.960938
5.893091,0.023438,-0.078125,0.96875
5.893417,0.046875,-0.046875,0.921875
5.893743,0.078125,-0.0625,0.96875
5.894069,0.054688,-0.070312,1.0
5.894395,0.03125,-0.09375,1.0
5.894721,0.039062,-0.0625,0.96875
5.895047,0.054688,-0.046875,0.992188
5.895373,0.0625,-0.085938,0.976562
5.895699,0.046875,-0.078125,0.960938
5.896025,0.0625,-0.085938,0.96875
5.896351,0.007812,-0.0625,0.914062
5.896676,0.03125,-0.039062,0.976562
5.897002,0.023438,-0.070312,0.96875
5.897328,0.039062,-0.0625,0.992188
5.897654,0.023438,-0.101562,0.984375
5.89798,0.039062,-0.085938,0.976562
5.898306,0.023438,-0.09375,0.992188
5.898632,0.023438,-0.039062,1.0
5.898958,0.023438,-0.101562,0.960938
5.899284,0.015625,-0.0625,1.023438
5.89961,0.03125,-0.054688,1.0
5.899936,0.054688,-0.03125,1.007812
5.900262,0.023438,-0.09375,0.984375
5.900588,0.007812,-0.078125,0.914062
5.900914,0.039062,-0.101562,1.0
5.901239,0.03125,-0.046875,0.945312
5.901565,0.0625,-0.070312,0.960938
5.901891,0.046875,-0.085938,0.953125
5.902217,0.078125,-0.101562,0.992188
5.902543,0.09375,-0.085938,1.015625
5.902869,0.054688,-0.070312,0.96875
5.903195,0.023438,-0.078125,0.984375
5.903521,0.0625,-0.070312,0.992188
5.903847,0.023438,-0.09375,0.960938
5.904173,0.007812,-0.03125,0.960938
5.904499,0.054688,-0.039062,0.953125
5.904825,0.023438,-0.070312,0.96875
5.905151,0.039062,-0.070312,1.0
5.905477,0.046875,-0.085938,0.976562
5.905802,0.0625,-0.070312,0.992188
5.906128,0.0625,-0.039062,0.953125
5.906454,0.023438,-0.0625,0.96875
5.90678,0.0625,-0.078125,0.992188
5.907106,0.054688,-0.078125,0.960938
5.907432,0.03125,-0.078125,0.960938
5.907758,0.054688,-0.078125,0.960938
5.908084,0.03125,-0.070312,1.0
5.90841,0.054688,-0.070312,1.0
5.908736,0.054688,-0.0625,1.0
5.909062,0.054688,-0.070312,0.96875
5.909388,0.023438,-0.078125,0.945312
5.909714,0.03125,-0.085938,0.960938
5.910039,0.039062,-0.0625,1.0
5.910365,0.007812,-0.054688,1.0
5.910691,0.046875,-0.070312,1.0
5.911017,0.023438,-0.070312,0.992188
5.911343,0.046875,-0.054688,1.0
5.911669,0.03125,-0.078125,0.976562
5.911995,0.046875,-0.117188,1.007812
5.912321,0.070312,-0.046875,1.007812
5.912647,0.046875,-0.0625,0.992188
5.912973,0.046875,-0.070312,0.976562
5.913299,0.070312,-0.054688,1.0
5.913625,0.054688,-0.09375,0.992188
5.913951,0.039062,-0.0625,0.984375
5.914277,0.039062,-0.070312,1.0
5.914602,0.023438,-0.078125,0.96875
5.914928,0.0625,-0.046875,1.046875
5.915254,0.023438,-0.054688,0.992188
5.91558,0.023438,-0.078125,0.96875
5.915906,0.03125,-0.039062,1.007812
5.916232,0.046875,-0.078125,0.953125
5.916558,0.070312,-0.070312,0.976562
5.916884,0.015625,-0.054688,0.960938
5.91721,0.007812,-0.078125,1.0
5.917536,0.046875,-0.070312,1.007812
5.917862,0.039062,-0.070312,0.976562
5.918188,0.023438,-0.085938,0.992188
5.918514,0.054688,-0.078125,0.984375
5.91884,0.046875,-0.0625,1.0
5.919165,0.03125,-0.078125,1.0
5.919491,0.03125,-0.054688,1.0
5.919817,0.046875,-0.070312,1.0
5.920143,0.0625,-0.078125,0.992188
5.920469,0.015625,-0.070312,0.96875
5.920795,0.023438,-0.0625,0.96875
5.921121,0.023438,-0.054688,0.992188
5.921447,0.015625,-0.0625,0.96875
5.921773,0.054688,-0.070312,0.953125
5.922099,0.0625,-0.054688,1.007812
5.922425,0.023438,-0.078125,0.984375
5.922751,0.046875,0.0,0.976562
5.923077,0.023438,-0.046875,0.976562
5.923403,0.046875,-0.070312,0.992188
5.923728,0.039062,-0.0625,1.0
5.924054,0.085938,-0.085938,0.960938
5.92438,0.0625,-0.039062,0.984375
5.924706,0.078125,-0.09375,0.960938
5.925032,0.007812,-0.0625,0.992188
5.925358,0.046875,-0.0625,1.0
5.925684,0.023438,-0.0625,0.921875
5.92601,0.007812,-0.09375,0.976562
5.926336,0.046875,-0.070312,0.960938
5.926662,0.03125,-0.101562,0.984375
5.926988,0.0,-0.0625,0.984375
5.927314,0.03125,-0.023438,0.921875
5.92764,0.039062,-0.09375,1.03125
5.927965,0.039062,-0.054688,1.0
5.928291,0.0625,-0.085938,1.0
5.928617,0.03125,-0.085938,0.992188
5.928943,0.03125,-0.054688,1.007812
5.929269,0.046875,-0.101562,1.0
5.929595,0.03125,-0.101562,0.992188
5.929921,0.046875,-0.0625,0.992188
5.930247,0.0625,-0.078125,1.03125
5.930573,0.039062,-0.085938,0.96875
5.930899,0.023438,-0.085938,0.984375
5.931225,0.023438,-0.078125,0.960938
5.931551,0.054688,-0.085938,0.960938
5.931877,0.054688,-0.070312,1.0
5.932203,0.0625,-0.085938,1.0
5.932528,0.0625,-0.078125,0.992188
5.932854,0.039062,-0.070312,0.992188
5.93318,0.015625,-0.09375,0.960938
5.933506,0.039062,-0.070312,0.945312
5.933832,0.078125,-0.078125,1.0
5.934158,0.0625,-0.023438,1.007812
5.934484,0.0625,-0.039062,0.984375
5.93481,0.0625,-0.0625,1.0
5.935136,0.054688,-0.039062,0.96875
5.935462,0.023438,-0.070312,0.992188
5.935788,0.054688,-0.039062,0.984375
5.936114,0.007812,-0.0625,0.992188
5.93644,0.015625,-0.054688,0.96875
5.936766,0.054688,-0.09375,0.992188
5.937091,0.007812,-0.085938,0.976562
5.937417,0.039062,-0.078125,0.992188
5.937743,0.023438,-0.101562,0.976562
5.938069,0.046875,-0.117188,0.960938
5.938395,0.085938,-0.117188,1.0
5.938721,0.03125,-0.046875,1.0
5.939047,0.054688,-0.09375,0.984375
5.939373,0.023438,-0.0625,0.960938
5.939699,0.007812,-0.070312,0.984375
5.940025,0.023438,-0.070312,0.976562
5.940351,0.046875,-0.046875,1.0
5.940677,0.0625,-0.0625,1.0
5.941003,0.007812,-0.054688,0.984375
5.941329,0.039062,-0.0625,0.984375
5.941654,0.03125,-0.070312,0.960938
5.94198,0.03125,-0.078125,0.945312
5.942306,0.007812,-0.070312,1.015625
5.942632,0.046875,-0.085938,0.960938
5.942958,0.039062,-0.070312,1.0
5.943284,0.039062,-0.0625,0.992188
5.94361,0.03125,-0.070312,1.015625
5.943936,0.054688,-0.09375,0.992188
5.944262,0.046875,-0.070312,0.96875
5.944588,0.046875,-0.078125,0.992188
5.944914,0.023438,-0.085938,1.007812
5.94524,0.023438,-0.039062,0.960938
5.945566,0.0625,-0.078125,1.0
5.945891,0.023438,-0.101562,0.960938
5.946217,0.054688,-0.039062,0.984375
5.946543,0.0625,-0.0625,1.0
5.946869,0.039062,-0.070312,1.0
5.947195,0.015625,-0.070312,1.023438
5.947521,0.03125,-0.070312,1.0
5.947847,0.054688,-0.078125,0.96875
5.948173,0.03125,-0.101562,1.0
5.948499,0.015625,-0.101562,0.992188
5.948825,0.0,-0.070312,0.96875
5.949151,0.0625,-0.054688,1.0
5.949477,0.039062,-0.0625,1.0
5.949803,0.054688,-0.070312,1.0
5.950129,0.023438,-0.109375,0.984375
5.950454,0.039062,-0.054688,0.984375
5.95078,0.015625,-0.054688,0.984375
5.951106,0.03125,-0.09375,0.9375
5.951432,0.03125,-0.109375,0.992188
5.951758,0.039062,-0.078125,0.929688
5.952084,0.039062,-0.0625,0.976562
5.95241,0.046875,-0.085938,0.960938
5.952736,0.054688,-0.078125,1.023438
5.953062,0.023438,-0.070312,0.96875
5.953388,0.054688,-0.070312,0.9375
5.953714,0.046875,-0.0625,0.953125
5.95404,0.054688,-0.070312,0.96875
5.954366,0.046875,-0.085938,0.929688
5.954692,0.070312,-0.070312,0.96875
5.955017,0.085938,-0.085938,0.984375
5.955343,0.03125,-0.085938,0.984375
5.955669,0.078125,-0.0625,0.976562
5.955995,0.03125,-0.09375,1.0
5.956321,0.03125,-0.0625,0.9375
5.956647,0.03125,-0.085938,0.976562
5.956973,0.054688,-0.0625,0.945312
5.957299,0.054688,-0.09375,1.0
5.957625,0.054688,-0.117188,1.0
5.957951,0.0,-0.0625,0.96875
5.958277,0.054688,-0.078125,0.992188
5.958603,0.007812,-0.101562,1.039062
5.958929,0.070312,-0.070312,0.984375
5.959255,0.054688,-0.0625,0.984375
5.95958,0.039062,-0.085938,1.03125
5.959906,0.054688,-0.070312,1.0
5.960232,0.015625,-0.054688,0.992188
5.960558,0.039062,-0.070312,1.0
5.960884,0.0,-0.070312,0.96875
5.96121,0.0625,-0.101562,0.984375
5.961536,0.039062,-0.085938,0.992188
5.961862,0.03125,-0.085938,0.96875
5.962188,0.054688,-0.078125,1.039062
5.962514,0.054688,-0.046875,1.0
5.96284,0.007812,-0.039062,0.992188
5.963166,0.007812,-0.039062,0.984375
5.963492,0.015625,-0.101562,0.945312
5.963817,0.023438,-0.078125,0.929688
5.964143,0.070312,-0.070312,0.96875
5.964469,0.015625,-0.054688,0.953125
5.964795,0.023438,-0.0625,0.992188
5.965121,0.007812,-0.054688,0.976562
5.965447,0.046875,-0.054688,1.0
5.965773,0.078125,-0.085938,1.007812
5.966099,0.0625,-0.09375,0.992188
5.966425,0.0,-0.007812,1.015625
5.966751,0.046875,-0.070312,0.976562
5.967077,0.085938,-0.078125,1.0
5.967403,0.085938,-0.070312,0.960938
5.967729,0.039062,-0.070312,0.929688
5.968055,0.070312,-0.0625,0.984375
5.96838,0.007812,-0.039062,1.0
5.968706,0.03125,-0.0625,1.0
5.969032,0.046875,-0.070312,0.976562
5.969358,0.039062,-0.078125,0.96875
5.969684,0.070312,-0.117188,0.945312
5.97001,0.039062,-0.09375,0.960938
5.970336,0.054688,-0.09375,0.96875
5.970662,0.023438,-0.09375,0.96875
5.970988,0.023438,-0.0625,0.992188
5.971314,0.054688,-0.09375,1.0
5.97164,0.0625,-0.109375,0.929688
5.971966,0.070312,-0.078125,1.023438
5.972292,0.03125,-0.0625,1.0
5.972618,0.039062,-0.0625,1.0
5.972943,0.046875,-0.070312,0.992188
5.973269,0.054688,-0.070312,1.0
5.973595,0.0625,-0.039062,0.984375
5.973921,0.039062,-0.054688,0.960938
5.974247,0.0,-0.046875,0.992188
5.974573,0.03125,-0.039062,0.992188
5.974899,0.0625,-0.0625,0.960938
5.975225,0.015625,-0.078125,0.96875
5.975551,0.054688,-0.109375,1.0
5.975877,0.046875,-0.0625,0.984375
5.976203,0.03125,-0.109375,0.9375
5.976529,0.023438,-0.09375,0.984375
5.976855,0.085938,-0.070312,0.984375
5.977181,0.023438,-0.039062,0.992188
5.977506,0.039062,-0.039062,0.96875
5.977832,0.03125,-0.085938,0.984375
5.978158,0.015625,-0.085938,0.945312
5.978484,0.007812,-0.070312,0.992188
5.97881,0.054688,-0.039062,0.992188
5.979136,0.039062,-0.070312,1.0
5.979462,0.015625,-0.070312,0.976562
5.979788,0.054688,-0.0625,1.0
5.980114,0.039062,-0.0625,0.953125
5.98044,0.007812,-0.070312,1.0
5.980766,0.015625,-0.070312,0.96875
5.981092,0.054688,-0.132812,1.0
5.981418,0.046875,-0.054688,0.984375
5.981743,0.078125,-0.09375,0.992188
5.982069,0.054688,-0.054688,1.0
5.982395,0.078125,-0.09375,0.960938
5.982721,0.023438,-0.039062,0.96875
5.983047,0.039062,-0.046875,1.023438
5.983373,0.046875,-0.0625,0.945312
5.983699,0.023438,-0.070312,0.960938
5.984025,0.0625,-0.09375,0.984375
5.984351,0.007812,-0.054688,0.953125
5.984677,0.054688,-0.054688,1.0
5.985003,0.070312,-0.046875,0.945312
5.985329,0.054688,-0.101562,0.96875
5.985655,0.039062,-0.0625,0.992188
5.985981,0.039062,-0.085938,0.992188
5.986306,0.039062,-0.070312,0.960938
5.986632,0.054688,-0.070312,1.0
5.986958,0.054688,-0.070312,1.0
5.987284,0.039062,-0.085938,0.953125
5.98761,0.054688,-0.070312,0.960938
5.987936,0.046875,-0.070312,0.992188
5.988262,0.054688,-0.101562,0.984375
5.988588,0.054688,-0.007812,0.96875
5.988914,0.09375,-0.085938,0.960938
5.98924,0.0,-0.039062,0.898438
5.989566,0.054688,-0.09375,1.015625
5.989892,0.046875,-0.054688,1.007812
5.990218,0.007812,-0.078125,0.96875
5.990544,0.007812,-0.0625,0.984375
5.990869,0.039062,-0.0625,0.976562
5.991195,0.007812,-0.054688,0.960938
5.991521,0.007812,-0.101562,0.960938
5.991847,0.046875,-0.078125,1.015625
5.992173,0.039062,-0.070312,0.984375
5.992499,0.039062,-0.054688,1.0
5.992825,0.046875,-0.117188,0.960938
5.993151,0.015625,-0.0625,1.007812
5.993477,0.023438,-0.078125,1.0
5.993803,0.054688,-0.0625,0.976562
5.994129,0.03125,-0.078125,0.960938
5.994455,0.0625,-0.039062,0.984375
5.994781,0.0,-0.0625,1.0
5.995107,0.054688,-0.054688,0.992188
5.995432,0.007812,-0.070312,0.9375
5.995758,0.023438,-0.054688,0.992188
5.996084,0.054688,-0.078125,1.007812
5.99641,0.054688,-0.070312,1.0
5.996736,0.054688,-0.054688,0.992188
5.997062,0.0,-0.070312,0.921875
5.997388,0.0,-0.078125,0.992188
5.997714,0.046875,-0.101562,0.9375
5.99804,0.0625,-0.046875,0.992188
5.998366,0.046875,-0.054688,1.0
5.998692,0.023438,-0.078125,0.984375
5.999018,0.039062,-0.054688,1.007812
5.999344,0.03125,-0.054688,0.960938
5.999669,0.0625,-0.015625,0.984375
5.999995,0.015625,-0.046875,0.96875
6.000321,0.007812,-0.0625,0.960938
6.000647,0.007812,-0.054688,0.984375
6.000973,0.03125,-0.078125,0.984375
6.001299,0.046875,-0.109375,1.0
6.001625,0.0625,-0.085938,0.96875
6.001951,0.023438,-0.054688,0.945312
6.002277,0.039062,-0.070312,0.984375
6.002603,0.046875,-0.0625,0.960938
6.002929,0.054688,-0.046875,0.914062
6.003255,0.007812,-0.0625,0.96875
6.003581,0.046875,-0.09375,0.953125
6.003907,0.085938,-0.09375,0.984375
6.004232,0.023438,-0.078125,0.960938
6.004558,0.046875,-0.078125,0.976562
6.004884,0.03125,-0.070312,0.96875
6.00521,0.015625,-0.085938,0.96875
6.005536,0.054688,-0.0625,0.976562
6.005862,0.054688,-0.070312,0.976562
6.006188,0.054688,-0.101562,0.96875
6.006514,0.039062,-0.078125,1.0
6.00684,0.03125,-0.078125,0.984375
6.007166,0.0,-0.0625,1.0
6.007492,0.0625,-0.046875,0.945312
6.007818,0.046875,-0.09375,0.945312
6.008144,0.023438,-0.0625,0.992188
6.00847,0.023438,-0.054688,0.921875
6.008795,0.039062,-0.085938,0.960938
6.009121,0.03125,-0.078125,0.992188
6.009447,0.0625,-0.085938,1.007812
6.009773,0.101562,-0.078125,0.953125
6.010099,0.007812,-0.117188,1.0
6.010425,0.023438,-0.039062,1.0
6.010751,0.023438,-0.039062,1.0
6.011077,0.03125,-0.117188,1.0
6.011403,0.03125,-0.0625,0.976562
6.011729,0.007812,-0.078125,0.9375
6.012055,0.03125,-0.09375,1.0
6.012381,0.070312,-0.09375,1.03125
6.012707,0.023438,-0.03125,0.96875
6.013033,0.039062,-0.070312,0.953125
6.013358,0.054688,-0.101562,0.984375
6.013684,0.078125,-0.078125,0.96875
6.01401,0.023438,-0.070312,0.96875
6.014336,0.03125,-0.085938,1.0
6.014662,0.046875,-0.101562,0.984375
6.014988,0.007812,-0.046875,0.984375
6.015314,0.023438,-0.078125,1.015625
6.01564,0.023438,-0.0625,0.976562
6.015966,0.054688,-0.09375,1.0
6.016292,0.03125,-0.101562,1.007812
6.016618,0.023438,-0.09375,0.9375
6.016944,0.054688,-0.046875,1.0
6.01727,0.03125,-0.046875,1.007812
6.017595,0.0625,-0.070312,0.976562
6.017921,0.03125,-0.023438,0.976562
6.018247,0.007812,-0.0625,0.984375
6.018573,0.039062,-0.039062,0.976562
6.018899,0.039062,-0.070312,1.007812
6.019225,0.007812,-0.0625,1.0
6.019551,0.0,-0.039062,1.0
6.019877,0.054688,-0.085938,0.929688
6.020203,0.03125,-0.101562,1.0
6.020529,0.070312,-0.0625,1.054688
6.020855,0.117188,-0.078125,0.96875
6.021181,0.070312,-0.078125,1.007812
6.021507,0.070312,-0.09375,0.976562
6.021833,0.015625,-0.0625,1.054688
6.022158,0.046875,-0.054688,0.984375
6.022484,0.0,-0.0625,0.984375
6.02281,0.046875,-0.078125,0.914062
6.023136,0.046875,-0.125,0.960938
6.023462,0.070312,-0.101562,0.929688
6.023788,0.054688,-0.085938,0.960938
6.024114,0.054688,-0.0625,1.0
6.02444,0.039062,-0.007812,0.992188
6.024766,0.023438,-0.023438,0.945312
6.025092,0.0,-0.070312,0.992188
6.025418,0.03125,-0.085938,1.0
6.025744,0.046875,-0.0625,0.96875
6.02607,0.039062,-0.046875,1.007812
6.026396,0.046875,-0.070312,1.015625
6.026721,0.007812,-0.0625,0.992188
6.027047,0.03125,-0.109375,0.992188
6.027373,0.039062,-0.109375,0.96875
6.027699,0.023438,-0.070312,0.96875
6.028025,0.03125,-0.039062,0.960938
6.028351,0.0625,-0.085938,0.96875
6.028677,0.03125,-0.0625,0.992188
6.029003,0.023438,-0.054688,0.984375
6.029329,0.070312,-0.070312,0.960938
6.029655,0.03125,-0.101562,0.992188
6.029981,0.03125,-0.054688,0.992188
6.030307,0.015625,-0.054688,0.96875
6.030633,0.046875,-0.0625,0.976562
6.030959,0.039062,-0.046875,0.992188
6.031284,0.023438,-0.101562,1.007812
6.03161,0.03125,-0.054688,0.992188
6.031936,0.0,-0.046875,0.945312
6.032262,0.046875,-0.039062,1.0
6.032588,0.039062,-0.085938,1.023438
6.032914,0.007812,-0.109375,0.929688
6.03324,0.03125,-0.078125,0.992188
6.033566,0.015625,-0.070312,1.03125
6.033892,0.054688,-0.085938,0.976562
6.034218,0.054688,-0.101562,1.007812
6.034544,0.015625,-0.085938,1.039062
6.03487,0.046875,-0.054688,0.960938
6.035196,0.03125,-0.070312,1.023438
6.035521,0.054688,-0.039062,0.992188
6.035847,0.070312,-0.046875,0.960938
6.036173,0.054688,-0.078125,0.992188
6.036499,0.046875,-0.125,0.960938
6.036825,0.054688,-0.078125,1.0
6.037151,0.023438,-0.078125,1.0
6.037477,0.054688,-0.09375,0.976562
6.037803,0.101562,-0.132812,1.0
6.038129,0.015625,-0.03125,1.0
6.038455,0.046875,-0.070312,0.992188
6.038781,0.039062,-0.0625,1.0
6.039107,0.015625,-0.109375,0.960938
6.039433,0.0625,-0.023438,0.96875
6.039759,0.015625,-0.0625,0.96875
6.040084,0.03125,-0.054688,0.984375
6.04041,0.046875,-0.039062,1.015625
6.040736,0.054688,-0.0625,1.0
6.041062,0.023438,-0.078125,0.960938
6.041388,0.015625,-0.0625,0.976562
6.041714,0.054688,-0.0625,1.007812
6.04204,0.023438,-0.054688,0.960938
6.042366,0.023438,-0.085938,0.96875
6.042692,0.054688,-0.046875,0.976562
6.043018,0.03125,-0.0625,1.015625
6.043344,0.0625,-0.046875,1.0
6.04367,0.0,-0.054688,0.945312
6.043996,0.054688,-0.046875,0.984375
6.044322,0.0625,-0.085938,1.015625
6.044647,0.007812,-0.078125,1.023438
6.044973,0.054688,-0.054688,0.945312
6.045299,0.039062,-0.109375,0.984375
6.045625,0.046875,-0.101562,1.0
6.045951,0.039062,-0.09375,0.984375
6.046277,0.039062,-0.039062,0.96875
6.046603,0.0625,-0.0625,0.984375
6.046929,0.023438,-0.039062,0.992188
6.047255,0.039062,-0.101562,1.015625
6.047581,0.070312,-0.101562,0.960938
6.047907,0.070312,-0.101562,1.0
6.048233,0.039062,-0.078125,0.984375
6.048559,0.046875,-0.070312,1.0
6.048885,0.046875,-0.070312,0.96875
6.04921,0.070312,-0.070312,0.992188
6.049536,0.007812,-0.054688,0.984375
6.049862,0.085938,-0.078125,1.015625
6.050188,0.03125,-0.0625,0.976562
6.050514,0.054688,-0.070312,0.992188
6.05084,0.046875,-0.0625,0.984375
6.051166,0.054688,-0.039062,1.0
6.051492,0.023438,-0.054688,0.960938
6.051818,0.015625,-0.09375,0.960938
6.052144,0.046875,-0.085938,1.007812
6.05247,0.039062,-0.070312,0.96875
6.052796,0.0625,-0.125,1.0
6.053122,0.070312,-0.070312,0.929688
6.053447,0.054688,-0.085938,1.0
6.053773,0.039062,-0.0625,1.0
6.054099,0.039062,-0.101562,0.953125
6.054425,0.054688,-0.085938,1.007812
6.054751,0.046875,-0.039062,0.992188
6.055077,0.03125,-0.078125,0.960938
6.055403,0.023438,-0.09375,0.96875
6.055729,0.03125,-0.0625,1.0
6.056055,0.046875,-0.132812,0.992188
6.056381,0.039062,-0.09375,0.992188
6.056707,0.085938,-0.101562,0.96875
6.057033,0.007812,-0.070312,0.96875
6.057359,0.054688,-0.039062,0.992188
6.057685,0.0625,-0.085938,1.007812
6.05801,0.015625,-0.046875,0.984375
6.058336,0.054688,-0.046875,0.992188
6.058662,0.0625,-0.039062,0.960938
6.058988,0.0625,-0.085938,0.953125
6.059314,0.015625,-0.054688,0.914062
6.05964,0.023438,-0.0625,0.976562
6.059966,0.070312,-0.070312,0.992188
6.060292,0.039062,-0.101562,0.976562
6.060618,0.046875,-0.070312,0.984375
6.060944,0.054688,-0.085938,1.0
6.06127,0.0,-0.078125,0.976562
6.061596,0.054688,-0.085938,0.992188
6.061922,0.0,-0.054688,0.992188
6.062248,0.0,-0.0625,0.960938
6.062573,0.046875,-0.078125,0.96875
6.062899,0.054688,-0.046875,0.96875
6.063225,0.046875,-0.078125,0.984375
6.063551,0.054688,-0.101562,0.992188
6.063877,0.03125,-0.078125,1.0
6.064203,0.09375,-0.03125,1.023438
6.064529,0.054688,-0.054688,0.992188
6.064855,0.039062,-0.039062,0.984375
6.065181,0.0625,-0.09375,0.976562
6.065507,0.046875,-0.054688,1.0
6.065833,0.070312,-0.039062,0.921875
6.066159,0.046875,-0.085938,0.992188
6.066485,0.046875,-0.046875,0.960938
6.066811,0.054688,-0.101562,1.0
6.067136,0.0,-0.046875,0.9375
6.067462,0.03125,-0.070312,0.992188
6.067788,0.054688,-0.117188,0.992188
6.068114,0.03125,-0.09375,0.976562
6.06844,0.03125,-0.0625,0.945312
6.068766,0.039062,-0.0625,0.945312
6.069092,0.03125,-0.109375,0.992188
6.069418,0.070312,-0.070312,1.007812
6.069744,0.078125,-0.109375,0.992188
6.07007,0.0,-0.070312,0.992188
6.070396,0.046875,-0.078125,0.984375
6.070722,0.03125,-0.078125,0.96875
6.071048,0.039062,-0.054688,0.953125
6.071373,0.015625,-0.0625,0.984375
6.071699,0.0625,-0.046875,1.023438
6.072025,0.039062,-0.039062,0.9375
6.072351,0.046875,-0.101562,0.992188
6.072677,0.015625,-0.054688,0.992188
6.073003,0.054688,-0.085938,0.992188
6.073329,0.054688,-0.09375,1.0
6.073655,0.085938,-0.070312,1.015625
6.073981,0.015625,-0.0625,0.984375
6.074307,0.070312,-0.125,1.0
6.074633,0.023438,-0.0625,0.953125
6.074959,0.046875,-0.070312,0.992188
6.075285,0.039062,-0.125,1.0
6.075611,0.039062,-0.09375,0.976562
6.075936,0.03125,-0.039062,1.0
6.076262,0.054688,-0.085938,0.976562
6.076588,0.03125,-0.101562,1.0
6.076914,0.03125,-0.054688,0.992188
6.07724,0.054688,-0.070312,0.960938
6.077566,0.070312,-0.085938,1.0
6.077892,0.054688,-0.0625,0.96875
6.078218,0.0,-0.078125,0.960938
6.078544,0.046875,-0.046875,0.984375
6.07887,0.015625,-0.046875,0.960938
6.079196,0.023438,-0.054688,0.976562
6.079522,0.007812,-0.046875,0.976562
6.079848,0.046875,-0.09375,0.992188
6.080174,0.039062,-0.078125,0.992188
6.080499,0.015625,-0.117188,0.992188
6.080825,0.046875,-0.070312,0.984375
6.081151,0.054688,-0.070312,1.0
6.081477,0.046875,-0.09375,1.007812
6.081803,0.078125,-0.078125,0.9375
6.082129,0.023438,-0.054688,0.976562
6.082455,0.0625,-0.070312,0.992188
6.082781,0.015625,-0.0625,0.984375
6.083107,0.03125,-0.0625,0.953125
6.083433,0.054688,-0.085938,0.992188
6.083759,0.070312,-0.132812,1.0
6.084085,0.046875,-0.085938,0.992188
6.084411,0.039062,-0.085938,0.992188
6.084737,0.03125,-0.054688,0.992188
6.085062,0.039062,-0.046875,0.96875
6.085388,0.023438,-0.101562,0.945312
6.085714,0.023438,-0.125,0.984375
6.08604,0.070312,-0.046875,0.992188
6.086366,0.007812,-0.054688,0.960938
6.086692,0.046875,-0.070312,1.023438
6.087018,0.054688,-0.0625,0.960938
6.087344,0.03125,-0.046875,0.992188
6.08767,0.054688,-0.085938,1.007812
6.087996,0.023438,-0.078125,0.945312
6.088322,0.054688,-0.0625,1.0
6.088648,0.03125,-0.054688,0.945312
6.088974,0.039062,-0.085938,0.992188
6.089299,0.070312,-0.070312,1.007812
6.089625,0.054688,-0.070312,0.976562
6.089951,0.023438,-0.054688,0.992188
6.090277,0.023438,-0.046875,1.015625
6.090603,0.039062,-0.078125,1.015625
6.090929,0.039062,-0.039062,0.960938
6.091255,0.007812,-0.054688,0.992188
6.091581,0.03125,-0.070312,0.96875
6.091907,0.054688,-0.054688,1.0
6.092233,0.023438,-0.09375,0.976562
6.092559,0.015625,-0.054688,0.992188
6.092885,0.015625,-0.09375,0.96875
6.093211,0.0625,-0.03125,1.0
6.093537,0.015625,-0.039062,0.992188
6.093862,0.023438,-0.101562,1.0
6.094188,0.070312,-0.101562,0.953125
6.094514,0.046875,-0.023438,0.953125
6.09484,0.0625,-0.085938,1.0
6.095166,0.046875,-0.101562,0.984375
6.095492,0.0625,-0.046875,1.0
6.095818,0.0625,-0.09375,0.992188
6.096144,0.046875,-0.0625,0.992188
6.09647,0.0625,-0.078125,0.960938
6.096796,0.007812,-0.070312,0.945312
6.097122,0.023438,-0.070312,1.007812
6.097448,0.039062,-0.09375,0.992188
6.097774,0.046875,-0.070312,0.992188
6.0981,0.03125,-0.039062,1.0
6.098425,0.046875,-0.0625,1.023438
6.098751,0.039062,-0.054688,0.992188
6.099077,0.070312,-0.054688,0.953125
6.099403,0.015625,-0.078125,0.96875
6.099729,0.023438,-0.070312,0.945312
6.100055,0.03125,-0.0625,0.953125
6.100381,0.070312,-0.085938,0.992188
6.100707,0.023438,-0.085938,0.96875
6.101033,0.0,-0.0625,0.984375
6.101359,0.015625,-0.09375,0.96875
6.101685,0.03125,-0.070312,1.0
6.102011,0.046875,-0.078125,1.007812
6.102337,0.046875,-0.070312,0.992188
6.102663,0.039062,-0.0625,0.960938
6.102988,0.0625,-0.109375,1.0
6.103314,0.070312,-0.078125,1.0
6.10364,0.046875,-0.09375,0.976562
6.103966,0.023438,-0.0625,0.992188
6.104292,0.023438,-0.109375,0.984375
6.104618,0.0625,-0.046875,0.992188
6.104944,0.046875,-0.0625,1.007812
6.10527,0.015625,-0.09375,0.96875
6.105596,0.046875,-0.0625,1.0
6.105922,0.03125,-0.0625,0.992188
6.106248,0.039062,-0.078125,0.96875
6.106574,0.039062,-0.070312,1.007812
6.1069,0.046875,-0.054688,0.984375
6.107225,0.070312,-0.078125,0.984375
6.107551,0.023438,-0.09375,0.992188
6.107877,0.039062,-0.070312,0.984375
6.108203,0.0625,-0.078125,0.960938
6.108529,0.039062,-0.0625,0.945312
6.108855,0.015625,-0.101562,1.046875
6.109181,0.03125,-0.085938,0.984375
6.109507,0.0625,-0.054688,0.992188
6.109833,0.046875,-0.054688,0.96875
6.110159,0.070312,-0.039062,0.96875
6.110485,0.007812,-0.117188,0.976562
6.110811,0.070312,-0.054688,1.015625
6.111137,0.0,-0.070312,0.984375
6.111463,0.039062,-0.070312,0.984375
6.111788,0.070312,-0.070312,0.992188
6.112114,0.070312,-0.070312,0.992188
6.11244,0.046875,-0.101562,1.0
6.112766,0.03125,-0.101562,1.007812
6.113092,0.023438,-0.0625,1.015625
6.113418,0.0625,-0.109375,1.015625
6.113744,0.03125,-0.039062,0.9375
6.11407,0.039062,-0.078125,1.023438
6.114396,0.039062,-0.085938,0.929688
6.114722,0.054688,-0.09375,1.0
6.115048,0.03125,-0.054688,0.953125
6.115374,0.023438,-0.039062,1.0
6.1157,0.039062,-0.046875,1.007812
6.116026,0.023438,-0.03125,1.0
6.116351,0.03125,-0.070312,1.015625
6.116677,0.015625,-0.0625,0.953125
6.117003,0.023438,-0.039062,1.0
6.117329,0.0,-0.0625,1.0
6.117655,0.0,-0.039062,1.007812
6.117981,0.0,-0.039062,0.96875
6.118307,0.039062,-0.078125,0.976562
6.118633,0.03125,-0.085938,0.984375
6.118959,0.054688,-0.0625,0.984375
6.119285,0.039062,-0.078125,0.984375
6.119611,0.0625,-0.101562,0.992188
6.119937,0.023438,-0.101562,0.992188
6.120263,0.054688,-0.0625,1.0
6.120589,0.070312,-0.09375,0.992188
6.120914,0.039062,-0.0625,0.960938
6.12124,0.039062,-0.054688,1.0
6.121566,0.070312,-0.09375,1.007812
6.121892,0.007812,-0.078125,0.96875
6.122218,0.039062,-0.039062,1.0
6.122544,0.0,-0.0625,0.96875
6.12287,0.015625,-0.046875,0.976562
6.123196,0.039062,-0.0625,1.015625
6.123522,0.03125,-0.054688,1.0
6.123848,0.023438,-0.101562,0.976562
6.124174,0.03125,-0.070312,0.992188
6.1245,0.03125,-0.070312,1.0
6.124826,0.054688,-0.070312,0.992188
6.125151,0.023438,-0.046875,0.992188
6.125477,0.023438,-0.09375,0.976562
6.125803,0.03125,-0.054688,1.0
6.126129,0.023438,-0.054688,0.992188
6.126455,0.054688,-0.09375,1.0
6.126781,0.023438,-0.054688,0.992188
6.127107,0.039062,-0.085938,0.992188
6.127433,0.046875,-0.09375,0.96875
6.127759,0.0,-0.070312,0.992188
6.128085,0.023438,-0.078125,0.96875
6.128411,0.023438,-0.046875,0.9375
6.128737,0.023438,-0.054688,0.898438
6.129063,0.007812,-0.0625,0.984375
6.129389,0.023438,-0.0625,0.953125
6.129714,0.078125,-0.117188,0.953125
6.13004,0.03125,-0.101562,1.0
6.130366,0.007812,-0.0625,0.96875
6.130692,0.054688,-0.039062,0.976562
6.131018,0.046875,-0.054688,0.992188
6.131344,0.054688,-0.070312,0.960938
6.13167,0.046875,-0.0625,0.992188
6.131996,0.054688,-0.070312,0.960938
6.132322,0.054688,-0.09375,0.96875
6.132648,0.039062,-0.085938,0.945312
6.132974,0.03125,-0.039062,0.984375
6.1333,0.046875,-0.0625,0.984375
6.133626,0.046875,-0.054688,0.976562
6.133952,0.023438,-0.0625,0.953125
6.134277,0.015625,-0.03125,0.96875
6.134603,0.03125,-0.039062,0.984375
6.134929,0.023438,-0.0625,0.96875
6.135255,0.054688,-0.046875,0.992188
6.135581,0.070312,-0.039062,0.992188
6.135907,0.054688,-0.054688,0.953125
6.136233,0.046875,-0.09375,1.007812
6.136559,0.039062,-0.0625,1.0
6.136885,0.03125,-0.09375,0.953125
6.137211,0.007812,-0.054688,0.984375
6.137537,0.0625,-0.085938,0.984375
6.137863,0.007812,-0.070312,0.96875
6.138189,0.03125,-0.078125,0.945312
6.138515,0.054688,-0.078125,0.984375
6.13884,0.03125,-0.09375,0.960938
6.139166,0.070312,-0.085938,1.007812
6.139492,0.054688,-0.078125,0.992188
6.139818,0.03125,-0.054688,0.992188
6.140144,0.007812,-0.039062,1.0
6.14047,0.0625,-0.101562,0.960938
6.140796,0.023438,-0.0625,0.992188
6.141122,0.046875,-0.09375,0.96875
6.141448,0.039062,-0.039062,1.015625
6.141774,0.039062,-0.0625,0.992188
6.1421,0.039062,-0.101562,0.992188
6.142426,0.0625,-0.085938,0.960938
6.142752,0.03125,-0.109375,1.015625
6.143077,0.054688,-0.109375,0.96875
6.143403,0.046875,-0.054688,0.960938
6.143729,0.0625,-0.0625,0.984375
6.144055,0.03125,-0.054688,0.992188
6.144381,0.054688,-0.046875,0.914062
6.144707,0.0,-0.054688,0.945312
6.145033,0.015625,-0.054688,1.0
6.145359,0.046875,-0.09375,1.0
6.145685,0.078125,-0.0625,1.0
6.146011,0.070312,-0.039062,0.976562
6.146337,0.070312,-0.09375,1.007812
6.146663,0.054688,-0.046875,0.992188
6.146989,0.054688,-0.0625,1.023438
6.147315,0.015625,-0.054688,0.953125
6.14764,0.054688,-0.078125,0.953125
6.147966,0.023438,-0.046875,1.0
6.148292,0.0625,-0.070312,0.953125
6.148618,0.03125,-0.054688,0.9375
6.148944,0.015625,-0.085938,0.96875
6.14927,0.054688,-0.078125,1.007812
6.149596,0.070312,-0.078125,0.992188
6.149922,0.054688,-0.078125,0.992188
6.150248,0.023438,-0.0625,0.992188
6.150574,0.054688,-0.0625,1.007812
6.1509,0.007812,-0.0625,0.984375
6.151226,0.03125,-0.125,1.015625
6.151552,0.0,-0.085938,0.992188
6.151878,0.03125,-0.078125,0.992188
6.152203,0.0,-0.054688,0.945312
6.152529,0.046875,-0.054688,1.0
6.152855,0.023438,-0.09375,0.96875
6.153181,0.078125,-0.03125,0.992188
6.153507,0.0,-0.09375,1.0
6.153833,0.046875,-0.03125,1.0
6.154159,0.015625,-0.054688,1.0
6.154485,0.085938,-0.046875,0.960938
6.154811,0.078125,-0.0625,0.976562
6.155137,0.03125,-0.046875,0.953125
6.155463,0.023438,-0.070312,0.984375
6.155789,0.039062,-0.09375,1.0
6.156115,0.03125,-0.070312,0.976562
6.156441,0.039062,-0.085938,0.976562
6.156766,0.023438,-0.054688,1.0
6.157092,0.039062,-0.085938,0.96875
6.157418,0.054688,-0.070312,1.0
6.157744,0.023438,-0.085938,0.976562
6.15807,0.0625,-0.070312,0.992188
6.158396,0.039062,-0.085938,0.96875
6.158722,0.0625,-0.070312,0.96875
6.159048,0.039062,-0.0625,1.0
6.159374,0.054688,-0.070312,1.007812
6.1597,0.0625,-0.046875,0.960938
6.160026,0.054688,-0.054688,0.992188
6.160352,0.015625,-0.054688,0.992188
6.160678,0.023438,-0.085938,1.0
6.161003,0.046875,-0.085938,1.015625
6.161329,0.046875,-0.039062,1.0
6.161655,0.054688,-0.09375,1.0
6.161981,0.03125,-0.0625,0.984375
6.162307,0.03125,-0.070312,0.960938
6.162633,0.023438,-0.109375,1.015625
6.162959,0.054688,-0.070312,1.0
6.163285,0.039062,-0.085938,0.96875
6.163611,0.0625,-0.085938,0.96875
6.163937,0.03125,-0.039062,1.0
6.164263,0.0,-0.0625,1.0
6.164589,0.023438,-0.054688,0.984375
6.164915,0.039062,-0.070312,1.0
6.165241,0.03125,-0.046875,1.0
6.165566,0.039062,-0.0625,0.992188
6.165892,0.078125,-0.070312,0.96875
6.166218,0.046875,-0.085938,0.984375
6.166544,0.085938,-0.109375,1.0
6.16687,0.054688,-0.046875,0.992188
6.167196,0.023438,-0.070312,1.015625
6.167522,0.039062,-0.078125,1.0
6.167848,0.070312,-0.039062,0.976562
6.168174,0.046875,-0.101562,0.945312
6.1685,0.085938,-0.085938,1.0
6.168826,0.054688,-0.070312,0.960938
6.169152,0.0625,-0.101562,0.984375
6.169478,0.03125,-0.085938,0.992188
6.169804,0.03125,-0.09375,0.960938
6.170129,0.023438,-0.101562,1.0
6.170455,0.054688,-0.09375,1.0
6.170781,0.09375,-0.085938,0.960938
6.171107,0.023438,-0.09375,0.96875
6.171433,0.03125,-0.0625,0.945312
6.171759,0.03125,-0.109375,0.992188
6.172085,0.023438,-0.070312,0.96875
6.172411,0.03125,-0.0625,0.953125
6.172737,0.03125,-0.085938,0.992188
6.173063,0.078125,-0.070312,1.0
6.173389,0.0625,-0.046875,0.960938
6.173715,0.046875,-0.0625,1.0
6.174041,0.054688,-0.078125,0.984375
6.174367,0.0625,-0.054688,0.9375
6.174692,0.039062,-0.070312,1.0
6.175018,0.015625,-0.085938,1.0
6.175344,0.039062,-0.070312,0.96875
6.17567,0.046875,-0.078125,0.984375
6.175996,0.046875,-0.070312,0.929688
6.176322,0.007812,-0.046875,0.96875
6.176648,0.03125,-0.085938,1.039062
6.176974,0.023438,-0.054688,0.976562
6.1773,0.007812,-0.078125,0.960938
6.177626,0.0,-0.070312,1.0
6.177952,0.054688,-0.09375,1.0
6.178278,0.03125,-0.070312,0.929688
6.178604,0.046875,-0.070312,0.929688
6.178929,0.046875,-0.101562,0.953125
6.179255,0.046875,-0.070312,0.960938
6.179581,0.03125,-0.085938,0.960938
6.179907,0.039062,-0.054688,0.984375
6.180233,0.023438,-0.125,0.945312
6.180559,0.03125,-0.0625,0.984375
6.180885,0.039062,-0.085938,0.984375
6.181211,0.0625,-0.09375,1.023438
6.181537,0.046875,-0.078125,1.0
6.181863,0.023438,-0.078125,0.984375
6.182189,0.0,-0.085938,0.992188
6.182515,0.03125,-0.0625,1.023438
6.182841,0.023438,-0.085938,0.953125
6.183167,0.007812,-0.078125,0.976562
6.183492,0.054688,-0.046875,0.976562
6.183818,0.007812,-0.078125,0.945312
6.184144,0.015625,-0.039062,0.960938
6.18447,0.007812,-0.03125,1.0
6.184796,0.023438,-0.078125,1.023438
6.185122,0.0625,-0.0625,1.054688
6.185448,0.007812,-0.039062,0.984375
6.185774,0.023438,-0.078125,0.992188
6.1861,0.054688,-0.085938,0.9375
6.186426,0.054688,-0.046875,0.976562
6.186752,0.054688,-0.078125,1.007812
6.187078,0.03125,-0.054688,0.960938
6.187404,0.023438,-0.070312,1.0
6.18773,0.015625,-0.0625,1.015625
6.188055,0.015625,-0.070312,0.960938
6.188381,0.03125,-0.070312,1.023438
6.188707,0.046875,-0.078125,0.992188
6.189033,0.046875,-0.09375,1.0
6.189359,0.015625,-0.109375,1.0
6.189685,0.054688,-0.085938,0.984375
6.190011,0.046875,-0.070312,0.945312
6.190337,0.054688,-0.070312,0.976562
6.190663,0.0,-0.0625,1.03125
6.190989,0.054688,-0.070312,0.976562
6.191315,0.046875,-0.03125,0.96875
6.191641,0.054688,-0.078125,1.007812
6.191967,0.03125,-0.09375,0.992188
6.192293,0.039062,-0.054688,0.992188
6.192618,0.023438,-0.015625,1.007812
6.192944,0.03125,-0.0625,1.015625
6.19327,0.070312,-0.085938,0.945312
6.193596,0.03125,-0.0625,0.960938
6.193922,0.054688,-0.070312,0.96875
6.194248,0.03125,-0.0625,0.96875
6.194574,0.023438,-0.03125,1.0
6.1949,0.015625,-0.070312,0.992188
6.195226,0.03125,-0.125,1.0
6.195552,0.03125,-0.09375,1.007812
6.195878,0.046875,-0.085938,0.992188
6.196204,0.0,-0.0625,0.992188
6.19653,0.054688,-0.070312,1.0
6.196855,0.054688,-0.03125,0.984375
6.197181,0.023438,-0.046875,0.992188
6.197507,0.023438,-0.054688,0.945312
6.197833,0.023438,-0.070312,0.96875
6.198159,0.039062,-0.054688,0.960938
6.198485,0.015625,-0.070312,0.945312
6.198811,0.03125,-0.109375,1.023438
6.199137,0.054688,-0.070312,0.96875
6.199463,0.0625,-0.03125,0.953125
6.199789,0.03125,-0.101562,0.96875
6.200115,0.070312,-0.03125,0.960938
6.200441,0.023438,-0.101562,0.976562
6.200767,0.054688,-0.039062,0.976562
6.201093,0.039062,-0.054688,1.039062
6.201418,0.0625,-0.101562,0.953125
6.201744,0.039062,-0.117188,0.976562
6.20207,0.046875,-0.09375,0.960938
6.202396,0.039062,-0.070312,1.0
6.202722,0.03125,-0.101562,0.976562
6.203048,0.03125,-0.085938,0.96875
6.203374,0.070312,-0.070312,0.96875
6.2037,0.054688,-0.09375,0.984375
6.204026,0.0,-0.070312,1.0
6.204352,0.03125,-0.039062,0.992188
6.204678,0.03125,-0.054688,0.96875
6.205004,0.046875,-0.078125,1.023438
6.20533,0.03125,-0.09375,0.96875
6.205656,0.039062,-0.0625,0.992188
6.205981,0.046875,-0.054688,1.015625
6.206307,0.03125,-0.085938,1.0
6.206633,0.023438,-0.070312,1.0
6.206959,0.054688,-0.0625,1.0
6.207285,0.039062,-0.023438,0.984375
6.207611,0.078125,-0.0625,1.007812
6.207937,0.039062,-0.046875,0.992188
6.208263,0.078125,-0.125,1.023438
6.208589,0.085938,-0.070312,0.976562
6.208915,0.0625,-0.070312,0.96875
6.209241,0.070312,-0.0625,0.976562
6.209567,0.023438,-0.054688,0.992188
6.209893,0.054688,-0.054688,0.992188
6.210219,0.046875,-0.070312,0.984375
6.210544,0.054688,-0.054688,1.0
6.21087,0.023438,-0.085938,0.96875
6.211196,0.0,-0.0625,0.992188
6.211522,0.054688,-0.054688,0.9375
6.211848,0.0625,-0.117188,0.992188
6.212174,0.0625,-0.085938,0.992188
6.2125,0.054688,-0.085938,0.976562
6.212826,0.023438,-0.0625,0.992188
6.213152,0.046875,-0.054688,1.007812
6.213478,0.0625,-0.046875,1.0
6.213804,0.046875,-0.078125,0.992188
6.21413,0.046875,-0.054688,0.9375
6.214456,0.046875,-0.070312,1.015625
6.214781,0.03125,-0.03125,0.992188
6.215107,0.054688,-0.054688,1.007812
6.215433,0.054688,-0.09375,1.0
6.215759,0.039062,-0.03125,1.007812
6.216085,0.078125,-0.0625,0.976562
6.216411,0.03125,-0.078125,0.960938
6.216737,0.03125,-0.09375,1.0
6.217063,0.015625,-0.109375,1.007812
6.217389,0.03125,-0.109375,0.960938
6.217715,0.03125,-0.054688,0.96875
6.218041,0.078125,-0.070312,0.96875
6.218367,0.054688,-0.054688,0.992188
6.218693,0.03125,-0.054688,0.984375
6.219019,0.023438,-0.09375,0.945312
6.219344,0.03125,-0.085938,0.992188
6.21967,0.046875,-0.046875,0.992188
6.219996,0.070312,-0.070312,0.960938
6.220322,0.039062,-0.046875,0.960938
6.220648,0.046875,-0.054688,0.960938
6.220974,0.015625,-0.070312,0.921875
6.2213,0.023438,-0.101562,0.992188
6.221626,0.054688,-0.054688,1.015625
6.221952,0.054688,-0.09375,0.992188
6.222278,0.007812,-0.054688,0.992188
6.222604,0.007812,-0.054688,0.953125
6.22293,0.023438,-0.046875,1.0
6.223256,0.015625,-0.0625,1.0
6.223582,0.0625,-0.09375,0.96875
6.223907,0.054688,-0.070312,1.0
6.224233,0.039062,-0.054688,0.96875
6.224559,0.0,-0.0625,0.976562
6.224885,0.039062,-0.046875,0.96875
6.225211,0.023438,-0.054688,1.0
6.225537,0.007812,-0.054688,0.96875
6.225863,0.023438,-0.070312,1.0
6.226189,0.046875,-0.054688,1.023438
6.226515,0.007812,-0.085938,1.023438
6.226841,0.070312,-0.09375,0.992188
6.227167,0.046875,-0.09375,0.992188
6.227493,0.007812,-0.070312,1.007812
6.227819,0.023438,-0.0625,0.960938
6.228145,0.0625,-0.046875,0.984375
6.22847,0.0,-0.085938,1.0
6.228796,0.054688,-0.054688,1.0
6.229122,0.046875,-0.03125,1.0
6.229448,0.007812,-0.039062,1.0
6.229774,0.046875,-0.039062,0.96875
6.2301,0.054688,-0.070312,0.945312
6.230426,0.0625,-0.0625,0.992188
6.230752,0.070312,-0.0625,0.96875
6.231078,0.03125,-0.054688,0.984375
6.231404,0.015625,-0.070312,0.96875
6.23173,0.054688,-0.039062,0.945312
6.232056,0.03125,-0.101562,0.984375
6.232382,0.046875,-0.101562,0.984375
6.232707,0.023438,-0.078125,0.992188
6.233033,0.046875,-0.070312,0.984375
6.233359,0.03125,-0.054688,0.929688
6.233685,0.046875,-0.0625,1.007812
6.234011,0.054688,-0.078125,0.984375
6.234337,0.046875,-0.03125,0.953125
6.234663,0.03125,-0.09375,0.960938
6.234989,0.054688,-0.046875,0.9375
6.235315,0.046875,-0.039062,0.960938
6.235641,0.046875,-0.070312,0.953125
6.235967,0.046875,-0.101562,0.984375
6.236293,0.039062,-0.046875,1.007812
6.236619,0.046875,-0.070312,0.992188
6.236945,0.039062,-0.09375,0.976562
6.23727,0.015625,-0.0625,0.992188
6.237596,0.0625,-0.0625,0.992188
6.237922,0.046875,-0.0625,0.945312
6.238248,0.007812,-0.085938,0.992188
6.238574,0.054688,-0.085938,1.007812
6.2389,0.0625,-0.085938,0.96875
6.239226,0.070312,-0.03125,0.992188
6.239552,0.0625,-0.117188,0.992188
6.239878,0.046875,-0.054688,1.015625
6.240204,0.078125,-0.039062,0.984375
6.24053,0.03125,-0.015625,0.898438
6.240856,0.085938,-0.054688,1.0
6.241182,0.054688,-0.03125,0.992188
6.241508,0.03125,-0.046875,0.992188
6.241833,0.039062,-0.070312,0.953125
6.242159,0.0,-0.046875,0.992188
6.242485,0.046875,-0.039062,0.960938
6.242811,0.046875,-0.101562,0.976562
6.243137,0.046875,-0.046875,1.0
6.243463,0.046875,-0.054688,1.0
6.243789,0.007812,-0.070312,0.992188
6.244115,0.046875,-0.046875,0.960938
6.244441,0.0,-0.039062,0.96875
6.244767,0.015625,-0.09375,1.0
6.245093,0.0625,-0.054688,0.945312
6.245419,0.007812,-0.070312,0.976562
6.245745,0.039062,-0.046875,0.976562
6.246071,0.054688,-0.046875,1.0
6.246396,0.007812,-0.0625,0.960938
6.246722,0.070312,-0.0625,1.0
6.247048,0.039062,-0.070312,0.984375
6.247374,0.046875,-0.078125,0.976562
6.2477,0.0625,-0.0625,0.96875
6.248026,0.007812,-0.0625,1.0
6.248352,0.046875,-0.0625,1.023438
6.248678,0.023438,-0.0625,0.984375
6.249004,0.0625,-0.039062,1.0
6.24933,0.039062,-0.046875,0.96875
6.249656,0.0625,-0.039062,1.007812
6.249982,0.03125,-0.085938,0.984375
6.250308,0.023438,-0.054688,0.992188
6.250633,0.015625,-0.0625,0.960938
6.250959,0.046875,-0.070312,0.945312
6.251285,0.03125,-0.070312,1.03125
6.251611,0.046875,-0.03125,0.984375
6.251937,0.039062,-0.054688,1.0
6.252263,0.0,-0.0625,0.984375
6.252589,0.039062,-0.101562,0.992188
6.252915,0.085938,-0.070312,1.0
6.253241,0.0,-0.070312,0.960938
6.253567,0.046875,-0.09375,0.976562
6.253893,0.046875,-0.0625,0.992188
6.254219,0.046875,-0.078125,0.984375
6.254545,0.070312,-0.101562,1.023438
6.254871,0.0,-0.070312,0.976562
6.255196,0.023438,-0.054688,0.992188
6.255522,0.054688,-0.070312,1.007812
6.255848,0.046875,-0.078125,1.0
6.256174,0.046875,-0.054688,0.945312
6.2565,0.0625,-0.0625,1.007812
6.256826,0.039062,-0.0625,0.976562
6.257152,0.054688,-0.054688,0.976562
6.257478,0.0625,-0.054688,0.984375
6.257804,0.046875,-0.09375,0.992188
6.25813,0.0,-0.09375,1.0
6.258456,0.023438,-0.078125,0.96875
6.258782,0.046875,-0.109375,0.992188
6.259108,0.0,-0.085938,0.96875
6.259434,0.023438,-0.054688,1.015625
6.259759,0.046875,-0.101562,0.96875
6.260085,0.023438,-0.03125,0.960938
6.260411,0.03125,-0.101562,0.96875
6.260737,0.015625,-0.070312,1.007812
6.261063,0.03125,-0.039062,0.960938
6.261389,0.03125,-0.046875,0.992188
6.261715,0.039062,-0.0625,1.0
6.262041,0.023438,-0.0625,1.0
6.262367,0.023438,-0.132812,0.984375
6.262693,0.054688,-0.09375,0.992188
6.263019,0.0625,-0.070312,1.0
6.263345,0.03125,-0.046875,0.992188
6.263671,0.070312,-0.09375,1.0
6.263997,0.070312,-0.085938,0.992188
6.264322,0.023438,-0.117188,1.0
6.264648,0.039062,-0.0625,1.0
6.264974,0.023438,-0.0625,0.96875
6.2653,0.0,-0.070312,1.0
6.265626,0.046875,-0.0625,1.0
6.265952,0.03125,-0.09375,0.992188
6.266278,0.03125,-0.054688,1.0
6.266604,0.054688,-0.070312,0.992188
6.26693,0.015625,-0.0625,0.945312
6.267256,0.054688,-0.0625,1.0
6.267582,0.046875,-0.046875,0.992188
6.267908,0.070312,-0.117188,0.992188
6.268234,0.046875,-0.09375,0.992188
6.268559,0.070312,-0.078125,0.992188
6.268885,0.0625,-0.046875,0.953125
6.269211,0.0,-0.039062,0.984375
6.269537,0.03125,-0.039062,0.960938
6.269863,0.046875,-0.054688,0.953125
6.270189,0.085938,-0.109375,1.023438
6.270515,0.023438,-0.09375,0.976562
6.270841,0.015625,-0.054688,1.0
6.271167,0.0625,-0.070312,1.007812
6.271493,0.078125,-0.09375,0.953125
6.271819,0.054688,-0.09375,1.0
6.272145,0.046875,-0.046875,0.960938
6.272471,0.054688,-0.09375,0.984375
6.272797,0.023438,-0.078125,0.992188
6.273122,0.054688,-0.101562,0.9375
6.273448,0.039062,-0.101562,0.992188
6.273774,0.0,-0.0625,0.953125
6.2741,0.03125,-0.09375,0.984375
6.274426,0.054688,-0.101562,0.984375
6.274752,0.039062,-0.0625,1.0
6.275078,0.0625,-0.0625,0.960938
6.275404,0.039062,-0.09375,0.976562
6.27573,0.007812,-0.085938,1.0
6.276056,0.03125,-0.078125,0.96875
6.276382,0.039062,-0.070312,1.0
6.276708,0.0,-0.078125,0.945312
6.277034,0.054688,-0.101562,0.984375
6.27736,0.03125,-0.03125,0.945312
6.277685,0.0,-0.0625,0.96875
6.278011,0.03125,-0.046875,0.96875
6.278337,0.054688,-0.085938,1.0
6.278663,0.03125,-0.09375,0.96875
6.278989,0.054688,-0.070312,0.976562
6.279315,0.039062,-0.078125,1.0
6.279641,0.054688,-0.070312,0.984375
6.279967,0.046875,-0.070312,0.945312
6.280293,0.0625,-0.078125,0.984375
6.280619,0.046875,-0.070312,0.992188
6.280945,0.054688,-0.070312,0.921875
6.281271,0.007812,-0.046875,0.96875
6.281597,0.046875,-0.0625,0.960938
6.281923,0.0625,-0.070312,0.945312
6.282248,0.039062,-0.09375,1.015625
6.282574,0.023438,-0.0625,0.992188
6.2829,0.039062,-0.023438,0.953125
6.283226,0.03125,-0.023438,0.960938
6.283552,0.039062,-0.085938,0.960938
6.283878,0.023438,-0.070312,0.96875
6.284204,0.03125,-0.101562,0.976562
6.28453,0.039062,-0.054688,0.96875
6.284856,0.046875,-0.046875,0.96875
6.285182,0.03125,-0.078125,0.976562
6.285508,0.015625,-0.085938,0.992188
6.285834,0.039062,-0.078125,1.0
6.28616,0.023438,-0.046875,1.0
6.286485,0.0625,-0.078125,1.03125
6.286811,0.03125,-0.039062,1.0
6.287137,0.007812,-0.070312,1.023438
6.287463,0.023438,-0.0625,0.945312
6.287789,0.070312,-0.085938,1.0
6.288115,0.078125,-0.070312,0.992188
6.288441,0.054688,-0.085938,0.976562
6.288767,0.078125,-0.101562,1.0
6.289093,0.015625,-0.0625,0.992188
6.289419,0.007812,-0.015625,0.96875
6.289745,0.023438,-0.0625,1.0
6.290071,0.0,-0.046875,1.0
6.290397,0.023438,-0.070312,0.984375
6.290723,0.0,-0.015625,0.960938
6.291048,0.0625,-0.0625,0.976562
6.291374,0.03125,-0.054688,0.984375
6.2917,0.03125,-0.046875,0.953125
6.292026,0.023438,-0.078125,0.984375
6.292352,0.023438,-0.085938,0.960938
6.292678,0.039062,-0.039062,0.96875
6.293004,0.0625,-0.09375,0.96875
6.29333,0.046875,-0.046875,0.9375
6.293656,0.023438,-0.0625,0.96875
6.293982,0.039062,-0.070312,1.015625
6.294308,0.039062,-0.070312,1.0
6.294634,0.007812,-0.0625,0.945312
6.29496,0.0,-0.03125,0.929688
6.295286,0.054688,-0.070312,1.03125
6.295611,0.046875,-0.054688,1.0
6.295937,0.078125,-0.070312,0.976562
6.296263,0.054688,-0.054688,0.992188
6.296589,0.03125,-0.054688,0.992188
6.296915,0.0625,-0.070312,1.007812
6.297241,0.039062,-0.039062,0.992188
6.297567,0.015625,-0.0625,0.914062
6.297893,0.03125,-0.09375,0.960938
6.298219,0.03125,-0.09375,1.0
6.298545,0.078125,-0.085938,0.984375
6.298871,0.007812,-0.09375,1.0
6.299197,0.03125,-0.09375,0.992188
6.299523,0.054688,-0.101562,0.976562
6.299849,0.046875,-0.039062,0.976562
6.300174,0.015625,-0.070312,1.0
6.3005,0.039062,-0.101562,0.96875
6.300826,0.054688,-0.054688,1.023438
6.301152,0.03125,-0.046875,0.96875
6.301478,0.0625,-0.078125,0.945312
6.301804,0.023438,-0.070312,0.953125
6.30213,0.015625,-0.023438,0.976562
6.302456,0.039062,-0.070312,0.976562
6.302782,0.0,-0.078125,1.0
6.303108,0.023438,-0.03125,0.976562
6.303434,0.023438,-0.070312,0.960938
6.30376,0.070312,-0.101562,0.96875
6.304086,0.023438,-0.09375,1.0
6.304412,0.039062,-0.046875,0.992188
6.304737,0.023438,-0.070312,0.976562
6.305063,0.007812,-0.0625,0.96875
6.305389,0.039062,-0.085938,1.0
6.305715,0.046875,-0.070312,0.953125
6.306041,0.007812,-0.039062,0.984375
6.306367,0.03125,-0.070312,0.960938
6.306693,0.054688,-0.054688,0.96875
6.307019,0.085938,-0.070312,0.984375
6.307345,0.023438,-0.054688,1.0
6.307671,0.039062,-0.023438,1.0
6.307997,0.007812,-0.09375,0.984375
6.308323,0.0,-0.070312,1.0
6.308649,0.007812,-0.03125,1.0
6.308974,0.0,-0.0625,1.0
6.3093,0.007812,-0.039062,0.976562
6.309626,0.0625,-0.0625,0.976562
6.309952,0.0,-0.078125,0.984375
6.310278,0.039062,-0.09375,0.976562
6.310604,0.039062,-0.0625,1.0625
6.31093,0.046875,-0.0625,1.03125
6.311256,0.023438,-0.0625,1.03125
6.311582,0.015625,-0.070312,1.0
6.311908,0.023438,-0.070312,1.0
6.312234,0.023438,-0.109375,0.953125
6.31256,0.039062,-0.039062,0.96875
6.312886,0.023438,-0.054688,1.039062
6.313212,0.007812,-0.0625,1.03125
6.313537,0.039062,-0.046875,0.984375
6.313863,0.023438,-0.101562,0.953125
6.314189,0.0,-0.070312,1.03125
6.314515,0.054688,-0.070312,1.007812
6.314841,0.046875,-0.070312,0.953125
6.315167,0.054688,-0.09375,1.0
6.315493,0.015625,-0.09375,0.960938
6.315819,0.0625,-0.0625,0.960938
6.316145,0.03125,-0.0625,0.992188
6.316471,0.03125,-0.070312,0.96875
6.316797,0.03125,-0.070312,0.96875
6.317123,0.039062,-0.0625,0.953125
6.317449,0.054688,-0.09375,0.9375
6.317775,0.015625,-0.078125,0.992188
6.3181,0.039062,-0.078125,1.015625
6.318426,0.015625,-0.0625,0.945312
6.318752,0.054688,-0.0625,0.992188
6.319078,0.039062,-0.085938,0.9375
6.319404,0.0,-0.09375,0.976562
6.31973,0.039062,-0.101562,0.96875
6.320056,0.078125,-0.101562,0.96875
6.320382,0.03125,-0.039062,1.023438
6.320708,0.046875,-0.039062,0.960938
6.321034,0.03125,-0.023438,0.929688
6.32136,0.03125,-0.078125,0.992188
6.321686,0.0625,-0.054688,0.992188
6.322012,0.046875,-0.109375,0.992188
6.322338,0.0625,-0.0625,0.96875
6.322663,0.023438,-0.039062,1.0
6.322989,0.046875,-0.085938,0.992188
6.323315,0.054688,-0.085938,0.992188
6.323641,0.0625,-0.085938,0.976562
6.323967,0.023438,-0.101562,0.984375
6.324293,0.054688,-0.070312,1.007812
6.324619,0.0625,-0.054688,1.0
6.324945,0.039062,-0.070312,1.0
6.325271,0.070312,-0.085938,0.992188
6.325597,0.015625,-0.046875,0.984375
6.325923,0.023438,-0.046875,0.929688
6.326249,0.046875,-0.101562,0.96875
6.326575,0.0625,-0.070312,1.0
6.3269,0.039062,-0.101562,1.0
6.327226,0.039062,-0.0625,0.945312
6.327552,0.046875,-0.03125,0.992188
6.327878,0.03125,-0.039062,0.992188
6.328204,0.03125,-0.117188,0.992188
6.32853,0.054688,-0.085938,1.007812
6.328856,0.070312,-0.109375,1.0
6.329182,0.054688,-0.039062,0.984375
6.329508,0.039062,-0.039062,0.9375
6.329834,0.070312,-0.0625,0.992188
6.33016,0.054688,-0.078125,1.023438
6.330486,0.054688,-0.085938,0.976562
6.330812,0.085938,-0.039062,0.976562
6.331138,0.03125,-0.070312,0.992188
6.331463,0.0625,-0.046875,0.953125
6.331789,0.03125,-0.085938,0.984375
6.332115,0.03125,-0.070312,0.984375
6.332441,0.015625,-0.09375,1.0
6.332767,0.046875,-0.0625,0.992188
6.333093,0.03125,-0.0625,0.960938
6.333419,0.03125,-0.046875,0.992188
6.333745,0.03125,-0.101562,0.960938
6.334071,0.054688,-0.101562,1.0
6.334397,0.054688,-0.09375,1.007812
6.334723,0.046875,-0.09375,0.992188
6.335049,0.0625,-0.0625,0.960938
6.335375,0.054688,-0.054688,0.992188
6.335701,0.03125,-0.085938,0.945312
6.336026,0.023438,-0.085938,0.992188
6.336352,0.015625,-0.070312,0.992188
6.336678,0.03125,-0.0625,0.984375
6.337004,0.007812,-0.09375,0.976562
6.33733,0.054688,-0.101562,0.992188
6.337656,0.070312,-0.085938,1.015625
6.337982,0.070312,-0.054688,0.992188
6.338308,0.0625,-0.0625,1.015625
6.338634,0.054688,-0.0625,0.992188
6.33896,0.054688,-0.09375,0.960938
6.339286,0.0,-0.078125,0.976562
6.339612,0.054688,-0.039062,1.0
6.339938,0.054688,-0.085938,1.0
6.340264,0.039062,-0.070312,0.945312
6.340589,0.054688,-0.054688,1.015625
6.340915,0.046875,-0.039062,1.0
6.341241,0.070312,-0.078125,0.992188
6.341567,0.070312,-0.039062,1.0
6.341893,0.054688,-0.039062,1.015625
6.342219,0.046875,-0.046875,0.976562
6.342545,0.046875,-0.09375,0.984375
6.342871,0.007812,-0.0625,1.0
6.343197,0.070312,-0.101562,0.953125
6.343523,0.023438,-0.054688,0.9375
6.343849,0.046875,-0.054688,0.96875
6.344175,0.023438,-0.085938,0.992188
6.344501,0.0625,-0.046875,0.929688
6.344826,0.015625,-0.0625,0.976562
6.345152,0.007812,-0.070312,0.992188
6.345478,0.078125,-0.109375,0.96875
6.345804,0.023438,-0.085938,0.976562
6.34613,0.023438,-0.046875,1.0
6.346456,0.039062,-0.09375,1.0
6.346782,0.023438,-0.070312,0.960938
6.347108,0.070312,-0.09375,0.992188
6.347434,0.070312,-0.085938,0.992188
6.34776,0.070312,-0.046875,1.0
6.348086,0.046875,-0.101562,1.0
6.348412,0.046875,-0.085938,0.976562
6.348738,0.015625,-0.078125,0.976562
6.349064,0.054688,-0.078125,0.992188
6.349389,0.054688,-0.070312,0.992188
6.349715,0.054688,-0.070312,0.984375
6.350041,0.039062,-0.039062,0.984375
6.350367,0.054688,-0.0625,1.0
6.350693,0.007812,-0.070312,1.015625
6.351019,0.0625,-0.046875,0.992188
6.351345,0.015625,-0.0625,0.96875
6.351671,0.070312,-0.085938,1.023438
6.351997,0.023438,-0.039062,0.976562
6.352323,0.023438,-0.078125,0.953125
6.352649,0.039062,-0.0625,1.0
6.352975,0.046875,-0.078125,1.0
6.353301,0.015625,-0.0625,1.0
6.353627,0.054688,-0.054688,0.992188
6.353952,0.03125,-0.054688,1.0
6.354278,0.03125,-0.0625,0.960938
6.354604,0.054688,-0.085938,0.976562
6.35493,0.039062,-0.070312,0.953125
6.355256,0.046875,-0.09375,0.96875
6.355582,0.007812,-0.0625,0.945312
6.355908,0.023438,-0.078125,1.023438
6.356234,0.039062,-0.070312,0.960938
6.35656,0.023438,-0.078125,0.96875
6.356886,0.0625,-0.09375,0.992188
6.357212,0.078125,-0.03125,0.976562
6.357538,0.046875,-0.070312,0.960938
6.357864,0.023438,-0.085938,1.023438
6.35819,0.070312,-0.046875,0.953125
6.358515,0.054688,-0.101562,1.007812
6.358841,0.054688,-0.0625,0.945312
6.359167,0.007812,-0.09375,0.96875
6.359493,0.0,-0.054688,0.960938
6.359819,0.085938,-0.054688,1.0
6.360145,0.023438,-0.070312,0.992188
6.360471,0.023438,-0.046875,1.007812
6.360797,0.015625,-0.085938,0.992188
6.361123,0.054688,-0.0625,0.976562
6.361449,0.039062,-0.070312,0.929688
6.361775,0.078125,-0.085938,1.0
6.362101,0.054688,-0.070312,1.0
6.362427,0.03125,-0.039062,0.984375
6.362752,0.0625,-0.101562,0.976562
6.363078,0.0625,-0.0625,1.023438
6.363404,0.015625,-0.0625,0.984375
6.36373,0.039062,-0.039062,1.007812
6.364056,0.007812,-0.09375,0.976562
6.364382,0.0625,-0.054688,0.96875
6.364708,0.039062,-0.054688,1.03125
6.365034,0.070312,-0.101562,1.007812
6.36536,0.0,-0.09375,0.945312
6.365686,0.023438,-0.070312,0.976562
6.366012,0.039062,-0.070312,0.976562
6.366338,0.023438,-0.054688,0.953125
6.366664,0.007812,-0.070312,1.0
6.36699,0.015625,-0.046875,0.984375
6.367315,0.03125,-0.078125,1.0
6.367641,0.046875,-0.078125,1.007812
6.367967,0.007812,-0.078125,1.015625
6.368293,0.0625,-0.109375,0.953125
6.368619,0.015625,-0.101562,0.992188
6.368945,0.023438,-0.039062,1.0
6.369271,0.03125,-0.101562,1.0
6.369597,0.0625,-0.03125,0.96875
6.369923,0.015625,-0.070312,0.960938
6.370249,0.015625,-0.0625,0.96875
6.370575,0.046875,-0.078125,0.992188
6.370901,0.0,-0.0625,0.984375
6.371227,0.023438,-0.09375,1.0
6.371553,0.046875,-0.054688,1.007812
6.371878,0.0,-0.039062,0.992188
6.372204,0.046875,-0.0625,0.992188
6.37253,0.03125,-0.0625,0.992188
6.372856,0.054688,-0.070312,0.96875
6.373182,0.046875,-0.085938,0.976562
6.373508,0.054688,-0.070312,1.015625
6.373834,0.046875,-0.054688,0.953125
6.37416,0.03125,-0.085938,0.96875
6.374486,0.015625,-0.101562,0.984375
6.374812,0.0625,-0.070312,0.984375
6.375138,0.0625,-0.085938,0.960938
6.375464,0.054688,-0.046875,1.007812
6.37579,0.046875,-0.101562,0.984375
6.376116,0.046875,-0.078125,0.96875
6.376441,0.039062,-0.109375,1.0
6.376767,0.046875,-0.078125,0.984375
6.377093,0.03125,-0.078125,0.992188
6.377419,0.054688,-0.070312,0.9375
6.377745,0.023438,-0.0625,0.984375
6.378071,0.023438,-0.085938,1.0
6.378397,0.015625,-0.09375,0.992188
6.378723,0.054688,-0.0625,1.0
6.379049,0.0625,-0.09375,1.0
6.379375,0.015625,-0.070312,0.976562
6.379701,0.070312,-0.0625,0.976562
6.380027,0.054688,-0.070312,1.015625
6.380353,0.03125,-0.039062,0.96875
6.380678,0.039062,-0.085938,0.992188
6.381004,0.03125,-0.054688,1.0
6.38133,0.015625,-0.03125,1.0
6.381656,0.0,-0.078125,0.992188
6.381982,0.0,-0.070312,0.992188
6.382308,0.070312,-0.117188,0.984375
6.382634,0.039062,-0.070312,0.984375
6.38296,0.023438,-0.054688,0.992188
6.383286,0.0625,-0.101562,0.992188
6.383612,0.070312,-0.054688,0.96875
6.383938,0.046875,-0.085938,0.960938
6.384264,0.046875,-0.0625,0.984375
6.38459,0.054688,-0.046875,0.992188
6.384916,0.023438,-0.09375,0.984375
6.385241,0.039062,-0.078125,1.0
6.385567,0.054688,-0.09375,1.0
6.385893,0.054688,-0.070312,1.007812
6.386219,0.0625,-0.09375,1.015625
6.386545,0.0,-0.0625,0.992188
6.386871,0.03125,-0.09375,0.976562
6.387197,0.078125,-0.078125,1.0
6.387523,0.03125,-0.085938,0.960938
6.387849,0.046875,-0.085938,0.992188
6.388175,0.007812,-0.09375,0.992188
6.388501,0.023438,-0.070312,0.992188
6.388827,0.015625,-0.054688,0.945312
6.389153,0.039062,-0.0625,0.984375
6.389479,0.023438,-0.070312,0.992188
6.389804,0.054688,-0.09375,0.992188
6.39013,0.03125,-0.054688,1.007812
6.390456,0.054688,-0.070312,1.0
6.390782,0.0625,-0.101562,1.0
6.391108,0.046875,-0.109375,0.992188
6.391434,0.023438,-0.054688,0.96875
6.39176,0.0,-0.085938,0.921875
6.392086,0.03125,-0.0625,0.984375
6.392412,0.03125,-0.070312,1.0
6.392738,0.046875,-0.0625,1.007812
6.393064,0.023438,-0.039062,0.921875
6.39339,0.0625,-0.078125,1.007812
6.393716,0.007812,-0.0625,1.0
6.394042,0.03125,-0.070312,0.984375
6.394367,0.015625,-0.046875,0.960938
6.394693,0.046875,-0.085938,0.96875
6.395019,0.015625,-0.078125,0.960938
6.395345,0.070312,-0.078125,0.992188
6.395671,0.03125,-0.101562,1.0
6.395997,0.0625,-0.0625,0.992188
6.396323,0.039062,-0.09375,0.984375
6.396649,0.03125,-0.070312,0.992188
6.396975,0.007812,-0.085938,1.007812
6.397301,0.007812,-0.054688,0.992188
6.397627,0.03125,-0.085938,0.992188
6.397953,0.007812,-0.085938,1.0
6.398279,0.039062,-0.070312,0.953125
6.398604,0.0625,-0.0625,0.96875
6.39893,0.015625,-0.054688,0.984375
6.399256,0.007812,-0.070312,0.992188
6.399582,0.023438,-0.070312,0.992188
6.399908,0.015625,-0.046875,0.984375
6.400234,0.015625,-0.070312,0.960938
6.40056,0.039062,-0.09375,0.984375
6.400886,0.054688,-0.078125,0.984375
6.401212,0.023438,-0.085938,1.0
6.401538,0.023438,-0.070312,1.03125
6.401864,0.007812,-0.03125,0.96875
6.40219,0.039062,-0.078125,0.976562
6.402516,0.0625,-0.09375,0.976562
6.402842,0.046875,-0.070312,1.015625
6.403167,0.046875,-0.046875,1.0
6.403493,0.0625,-0.0625,1.03125
6.403819,0.046875,-0.070312,1.007812
6.404145,0.054688,-0.039062,1.0
6.404471,0.046875,-0.085938,0.984375
6.404797,0.046875,-0.0625,0.984375
6.405123,0.03125,-0.007812,1.0
6.405449,0.0625,-0.101562,0.992188
6.405775,0.023438,-0.0625,0.953125
6.406101,0.0,-0.078125,0.992188
6.406427,0.023438,-0.046875,0.992188
6.406753,0.054688,-0.085938,0.960938
6.407079,0.0625,-0.070312,0.96875
6.407405,0.054688,-0.046875,0.953125
6.40773,0.015625,-0.070312,0.992188
6.408056,0.015625,-0.085938,1.007812
6.408382,0.023438,-0.054688,1.023438
6.408708,0.023438,-0.0625,0.984375
6.409034,0.054688,-0.039062,0.976562
6.40936,0.046875,-0.09375,0.984375
6.409686,0.023438,-0.085938,0.960938
6.410012,0.070312,-0.070312,0.992188
6.410338,0.03125,-0.078125,0.976562
6.410664,0.023438,-0.078125,0.984375
6.41099,0.046875,-0.070312,0.976562
6.411316,0.054688,-0.09375,1.015625
6.411642,0.039062,-0.0625,0.984375
6.411968,0.054688,-0.0625,1.0
6.412293,0.0625,-0.132812,0.929688
6.412619,0.03125,-0.070312,0.953125
6.412945,0.0625,-0.125,0.960938
6.413271,0.023438,-0.078125,0.96875
6.413597,0.03125,-0.070312,0.976562
6.413923,0.046875,-0.0625,1.039062
6.414249,0.007812,-0.085938,0.960938
6.414575,0.046875,-0.023438,1.0
6.414901,0.054688,-0.078125,1.023438
6.415227,0.007812,-0.070312,0.976562
6.415553,0.023438,-0.085938,0.984375
6.415879,0.046875,-0.054688,1.015625
6.416205,0.0,-0.046875,1.0
6.41653,0.039062,-0.078125,0.96875
6.416856,0.046875,-0.132812,1.0
6.417182,0.0,-0.046875,0.976562
6.417508,0.03125,-0.148438,0.976562
6.417834,0.078125,-0.078125,0.976562
6.41816,0.0625,-0.070312,0.9375
6.418486,0.0625,-0.101562,0.921875
6.418812,0.03125,-0.070312,1.0
6.419138,0.0625,-0.101562,1.023438
6.419464,0.039062,-0.078125,0.953125
6.41979,0.046875,-0.070312,0.984375
6.420116,0.0,-0.054688,0.976562
6.420442,0.046875,-0.085938,1.0
6.420768,0.054688,-0.046875,0.992188
6.421093,0.054688,-0.078125,0.9375
6.421419,0.023438,-0.078125,0.984375
6.421745,0.054688,-0.09375,1.0
6.422071,0.03125,-0.117188,1.007812
6.422397,0.054688,-0.070312,0.96875
6.422723,0.054688,-0.078125,0.992188
6.423049,0.03125,-0.070312,1.0
6.423375,0.039062,-0.054688,1.0
6.423701,0.023438,-0.054688,1.0
6.424027,0.015625,-0.0625,1.015625
6.424353,0.070312,-0.070312,0.953125
6.424679,0.046875,-0.070312,0.953125
6.425005,0.054688,-0.054688,0.984375
6.425331,0.046875,-0.070312,0.976562
6.425656,0.03125,-0.117188,0.976562
6.425982,0.046875,-0.078125,1.0
6.426308,0.070312,-0.0625,0.976562
6.426634,0.054688,-0.09375,0.960938
6.42696,0.015625,-0.101562,0.960938
6.427286,0.03125,-0.101562,1.015625
6.427612,0.039062,-0.085938,1.0
6.427938,0.054688,-0.09375,1.0
6.428264,0.03125,-0.046875,1.0
6.42859,0.054688,-0.070312,1.0
6.428916,0.007812,-0.0625,0.992188
6.429242,0.03125,-0.09375,1.039062
6.429568,0.039062,-0.0625,1.0
6.429894,0.023438,-0.046875,0.945312
6.430219,0.070312,-0.054688,0.96875
6.430545,0.023438,-0.085938,0.976562
6.430871,0.070312,-0.078125,0.992188
6.431197,0.039062,-0.046875,0.945312
6.431523,0.023438,-0.03125,0.976562
6.431849,0.039062,-0.070312,1.0
6.432175,0.054688,-0.078125,0.976562
6.432501,0.039062,-0.054688,0.976562
6.432827,0.03125,-0.039062,0.992188
6.433153,0.0,-0.0625,0.984375
6.433479,0.039062,-0.046875,0.976562
6.433805,0.070312,-0.117188,1.0
6.434131,0.023438,-0.054688,0.9375
6.434456,0.023438,-0.054688,0.976562
6.434782,0.070312,-0.0625,1.0
6.435108,0.039062,-0.039062,0.921875
6.435434,0.03125,-0.039062,1.0
6.43576,0.054688,-0.085938,0.976562
6.436086,0.0625,-0.078125,1.0
6.436412,0.023438,-0.054688,0.921875
6.436738,0.007812,-0.09375,0.984375
6.437064,0.03125,-0.046875,0.96875
6.43739,0.0625,-0.085938,0.976562
6.437716,0.039062,-0.085938,0.976562
6.438042,0.0,-0.039062,0.96875
6.438368,0.039062,-0.070312,0.992188
6.438694,0.015625,-0.046875,0.992188
6.439019,0.007812,-0.101562,0.992188
6.439345,0.046875,-0.070312,0.96875
6.439671,0.070312,-0.0625,0.992188
6.439997,0.054688,-0.109375,0.992188
6.440323,0.015625,-0.070312,1.015625
6.440649,0.03125,-0.078125,0.992188
6.440975,0.0,-0.054688,1.0
6.441301,0.0625,-0.054688,1.0
6.441627,0.015625,-0.0625,0.976562
6.441953,0.03125,-0.09375,1.0
6.442279,0.03125,-0.054688,1.015625
6.442605,0.0,-0.0625,0.945312
6.442931,0.039062,-0.039062,0.992188
6.443257,0.054688,-0.039062,0.992188
6.443582,0.03125,-0.0625,0.992188
6.443908,0.015625,-0.054688,0.953125
6.444234,0.0,-0.078125,1.0
6.44456,0.007812,-0.078125,1.0
6.444886,0.039062,-0.09375,0.992188
6.445212,0.070312,-0.039062,1.015625
6.445538,0.03125,-0.078125,0.976562
6.445864,0.0625,-0.109375,0.992188
6.44619,0.054688,-0.078125,0.976562
6.446516,0.039062,-0.054688,0.96875
6.446842,0.007812,-0.070312,0.984375
6.447168,0.007812,-0.054688,1.0
6.447494,0.023438,-0.0625,1.015625
6.44782,0.03125,-0.039062,1.007812
6.448145,0.0625,-0.070312,0.976562
6.448471,0.054688,-0.0625,0.960938
6.448797,0.03125,-0.046875,0.9375
6.449123,0.039062,-0.0625,0.984375
6.449449,0.046875,-0.054688,1.0
6.449775,0.039062,-0.078125,0.945312
6.450101,0.054688,-0.101562,0.992188
6.450427,0.023438,-0.054688,0.984375
6.450753,0.03125,-0.085938,1.0
6.451079,0.070312,-0.0625,0.953125
6.451405,0.015625,-0.085938,0.976562
6.451731,0.015625,-0.046875,0.953125
6.452057,0.046875,-0.09375,1.0
6.452382,0.054688,-0.085938,0.992188
6.452708,0.023438,-0.039062,0.96875
6.453034,0.0625,-0.09375,1.0
6.45336,0.015625,-0.054688,0.992188
6.453686,0.0625,-0.09375,1.007812
6.454012,0.039062,-0.101562,0.992188
6.454338,0.023438,-0.070312,0.976562
6.454664,0.015625,-0.039062,0.992188
6.45499,0.046875,-0.078125,0.992188
6.455316,0.0,-0.015625,0.992188
6.455642,0.054688,-0.085938,1.0
6.455968,0.0625,-0.046875,0.96875
6.456294,0.054688,-0.039062,1.007812
6.45662,0.03125,-0.085938,0.992188
6.456945,0.054688,-0.070312,0.992188
6.457271,0.046875,-0.046875,0.953125
6.457597,0.03125,-0.054688,1.0
6.457923,0.03125,-0.078125,0.992188
6.458249,0.023438,-0.0625,1.007812
6.458575,0.039062,-0.125,0.96875
6.458901,0.070312,-0.09375,0.992188
6.459227,0.007812,-0.039062,0.992188
6.459553,0.007812,-0.085938,1.0
6.459879,0.03125,-0.0625,0.921875
6.460205,0.015625,-0.078125,1.0
6.460531,0.039062,-0.046875,0.992188
6.460857,0.0,-0.0625,0.992188
6.461183,0.039062,-0.085938,0.976562
6.461508,0.007812,-0.046875,1.0
6.461834,0.039062,-0.03125,1.007812
6.46216,0.03125,-0.039062,1.0
6.462486,0.023438,-0.101562,1.0
6.462812,0.039062,-0.09375,1.0
6.463138,0.039062,-0.085938,0.984375
6.463464,0.054688,-0.03125,0.96875
6.46379,0.015625,-0.09375,1.023438
6.464116,0.046875,-0.054688,1.046875
6.464442,0.054688,-0.0625,1.0
6.464768,0.007812,-0.078125,0.960938
6.465094,0.054688,-0.085938,1.007812
6.46542,0.046875,-0.070312,1.007812
6.465746,0.046875,-0.101562,0.984375
6.466071,0.03125,-0.070312,1.0
6.466397,0.0,-0.039062,0.929688
6.466723,0.046875,-0.046875,0.992188
6.467049,0.0,-0.109375,1.0
6.467375,0.054688,-0.046875,1.0
6.467701,0.070312,-0.09375,0.992188
6.468027,0.039062,-0.023438,0.960938
6.468353,0.070312,-0.039062,1.0
6.468679,0.054688,-0.03125,0.984375
6.469005,0.046875,-0.03125,0.984375
6.469331,0.023438,-0.085938,0.953125
6.469657,0.023438,-0.0625,0.96875
6.469983,0.015625,-0.054688,0.945312
6.470308,0.039062,-0.109375,0.96875
6.470634,0.023438,-0.070312,1.0
6.47096,0.046875,-0.09375,0.992188
6.471286,0.0,-0.0625,0.96875
6.471612,0.007812,-0.039062,0.945312
6.471938,0.039062,-0.101562,0.992188
6.472264,0.039062,-0.0625,0.992188
6.47259,0.0625,-0.0625,0.945312
6.472916,0.0625,-0.09375,0.992188
6.473242,0.054688,-0.0625,0.960938
6.473568,0.023438,-0.078125,0.992188
6.473894,0.0,-0.054688,0.992188
6.47422,0.023438,-0.054688,0.953125
6.474546,0.054688,-0.054688,0.992188
6.474871,0.023438,-0.09375,1.0
6.475197,0.0625,-0.117188,0.992188
6.475523,0.039062,-0.0625,1.0
6.475849,0.0625,-0.046875,0.984375
6.476175,0.054688,-0.070312,0.921875
6.476501,0.054688,-0.078125,1.015625
6.476827,0.023438,-0.039062,0.96875
6.477153,0.054688,-0.0625,0.992188
6.477479,0.070312,-0.03125,0.96875
6.477805,0.054688,-0.039062,0.976562
6.478131,0.054688,-0.09375,1.007812
6.478457,0.054688,-0.070312,1.0
6.478783,0.054688,-0.0625,0.984375
6.479109,0.015625,-0.039062,0.992188
6.479434,0.03125,-0.054688,0.992188
6.47976,0.054688,-0.101562,0.992188
6.480086,0.03125,-0.109375,0.96875
6.480412,0.046875,-0.085938,0.984375
6.480738,0.023438,-0.09375,0.96875
6.481064,0.046875,-0.078125,0.960938
6.48139,0.046875,-0.046875,0.945312
6.481716,0.046875,-0.054688,0.976562
6.482042,0.046875,-0.078125,0.992188
6.482368,0.015625,-0.054688,0.945312
6.482694,0.0625,-0.070312,0.984375
6.48302,0.054688,-0.054688,0.992188
6.483346,0.039062,-0.09375,0.992188
6.483672,0.015625,-0.0625,0.992188
6.483997,0.046875,-0.078125,0.984375
6.484323,0.039062,-0.054688,0.992188
6.484649,0.023438,-0.117188,0.976562
6.484975,0.039062,-0.09375,0.976562
6.485301,0.03125,-0.101562,0.984375
6.485627,0.039062,-0.078125,0.976562
6.485953,0.023438,-0.09375,0.96875
6.486279,0.046875,-0.078125,0.953125
6.486605,0.03125,-0.054688,0.992188
6.486931,0.054688,-0.0625,0.976562
6.487257,0.054688,-0.054688,1.007812
6.487583,0.046875,-0.109375,0.984375
6.487909,0.023438,-0.054688,1.03125
6.488234,0.039062,-0.046875,1.0
6.48856,0.03125,-0.0625,0.96875
6.488886,0.039062,-0.0625,0.992188
6.489212,0.03125,-0.046875,1.0
6.489538,0.039062,-0.054688,0.992188
6.489864,0.039062,-0.101562,0.96875
6.49019,0.046875,-0.101562,1.015625
6.490516,0.046875,-0.054688,1.023438
6.490842,0.023438,-0.078125,1.007812
6.491168,0.054688,-0.046875,0.945312
6.491494,0.054688,-0.046875,0.945312
6.49182,0.046875,-0.109375,1.0
6.492146,0.046875,-0.101562,0.976562
6.492472,0.023438,-0.09375,1.0
6.492797,0.039062,-0.109375,0.992188
6.493123,0.039062,-0.070312,0.96875
6.493449,0.039062,-0.085938,0.992188
6.493775,0.054688,-0.109375,1.007812
6.494101,0.054688,-0.054688,1.0
6.494427,0.046875,-0.078125,1.0
6.494753,0.03125,-0.0625,0.960938
6.495079,0.054688,-0.070312,1.0
6.495405,0.03125,-0.085938,1.0
6.495731,0.023438,-0.054688,0.9375
6.496057,-0.023438,-0.046875,0.984375
6.496383,0.046875,-0.09375,0.992188
6.496709,0.015625,-0.078125,0.953125
6.497035,0.046875,-0.085938,1.0
6.49736,0.054688,-0.078125,1.007812
6.497686,0.078125,-0.101562,1.046875
6.498012,0.015625,-0.101562,0.953125
6.498338,0.007812,-0.101562,0.992188
6.498664,0.023438,-0.039062,1.0
6.49899,0.09375,-0.085938,1.007812
6.499316,0.054688,-0.085938,0.945312
6.499642,0.054688,-0.046875,0.96875
6.499968,0.046875,-0.046875,1.0
6.500294,0.03125,-0.109375,0.984375
6.50062,0.007812,-0.046875,1.0
6.500946,0.046875,-0.070312,0.992188
6.501272,0.054688,-0.070312,1.0
6.501598,0.054688,-0.09375,0.953125
6.501923,0.023438,-0.070312,0.992188
6.502249,0.03125,-0.109375,0.992188
6.502575,0.054688,-0.085938,0.992188
6.502901,0.0,-0.078125,0.976562
6.503227,0.070312,-0.070312,0.984375
6.503553,0.0,-0.054688,0.992188
6.503879,0.046875,-0.054688,1.007812
6.504205,0.023438,-0.0625,1.007812
6.504531,0.070312,-0.109375,0.976562
6.504857,0.023438,-0.101562,0.976562
6.505183,0.023438,-0.109375,1.0
6.505509,0.039062,-0.078125,0.984375
6.505835,0.03125,-0.109375,0.96875
6.50616,0.03125,-0.054688,0.929688
6.506486,0.054688,-0.078125,1.0
6.506812,0.03125,-0.054688,0.960938
6.507138,0.03125,-0.054688,0.960938
6.507464,0.054688,-0.054688,0.992188
6.50779,0.039062,-0.046875,0.945312
6.508116,0.023438,-0.078125,0.992188
6.508442,0.070312,-0.070312,0.960938
6.508768,0.039062,-0.0625,0.992188
6.509094,0.015625,-0.054688,1.007812
6.50942,0.039062,-0.101562,1.039062
6.509746,0.046875,-0.0625,0.984375
6.510072,0.046875,-0.070312,1.0
6.510398,0.03125,-0.0625,0.984375
6.510723,0.007812,-0.078125,0.984375
6.511049,0.070312,-0.039062,1.0
6.511375,0.078125,-0.0625,0.984375
6.511701,0.023438,-0.0625,0.945312
6.512027,0.023438,-0.078125,1.0
6.512353,0.039062,-0.054688,1.0
6.512679,0.0,-0.0625,1.0
6.513005,0.023438,-0.078125,0.992188
6.513331,0.046875,-0.0625,0.992188
6.513657,0.015625,-0.0625,0.992188
6.513983,0.0,-0.0625,1.0
6.514309,0.070312,-0.054688,1.0
6.514635,0.0625,-0.0625,0.992188
6.514961,0.007812,-0.046875,0.953125
6.515286,0.0625,-0.070312,1.0
6.515612,0.039062,-0.03125,1.0
6.515938,0.0,-0.085938,1.015625
6.516264,0.023438,-0.09375,1.054688
6.51659,0.046875,-0.070312,0.953125
6.516916,0.023438,-0.078125,1.03125
6.517242,0.078125,-0.070312,0.984375
6.517568,0.046875,-0.109375,1.0
6.517894,0.007812,-0.078125,0.992188
6.51822,0.046875,-0.0625,0.976562
6.518546,0.046875,-0.070312,0.984375
6.518872,0.03125,-0.070312,1.0
6.519198,0.078125,-0.0625,1.0
6.519524,0.015625,-0.054688,0.945312
6.519849,0.023438,-0.046875,0.976562
6.520175,0.046875,-0.0625,0.976562
6.520501,0.039062,-0.070312,1.0
6.520827,0.054688,-0.070312,1.0
6.521153,0.023438,-0.054688,1.0
6.521479,0.015625,-0.0625,1.0
6.521805,0.03125,-0.101562,0.976562
6.522131,0.03125,-0.054688,0.960938
6.522457,0.007812,-0.054688,1.0
6.522783,0.054688,-0.078125,0.953125
6.523109,0.046875,-0.070312,0.960938
6.523435,0.039062,-0.085938,1.03125
6.523761,0.046875,-0.0625,0.992188
6.524086,0.054688,-0.046875,0.992188
6.524412,0.0625,-0.101562,1.0
6.524738,0.070312,-0.09375,0.960938
6.525064,0.023438,-0.078125,1.0
6.52539,0.03125,-0.070312,0.960938
6.525716,0.0625,-0.132812,1.03125
6.526042,0.054688,-0.101562,0.929688
6.526368,0.007812,-0.070312,0.992188
6.526694,0.039062,-0.09375,0.976562
6.52702,0.023438,-0.0625,0.953125
6.527346,0.054688,-0.078125,1.0
6.527672,0.046875,-0.085938,0.984375
6.527998,0.039062,-0.039062,0.945312
6.528324,0.015625,-0.070312,0.976562
6.528649,0.046875,-0.085938,1.0
6.528975,0.0625,-0.0625,0.976562
6.529301,0.046875,-0.054688,0.992188
6.529627,0.03125,-0.085938,1.0
6.529953,0.046875,-0.070312,0.96875
6.530279,0.070312,-0.085938,1.0
6.530605,0.039062,-0.09375,0.976562
6.530931,0.046875,-0.015625,1.0
6.531257,0.039062,-0.085938,0.96875
6.531583,0.03125,-0.085938,0.992188
6.531909,0.046875,-0.078125,1.0
6.532235,0.0,-0.09375,0.984375
6.532561,0.054688,-0.0625,0.9375
6.532887,0.046875,-0.09375,0.976562
6.533212,0.0625,-0.09375,1.023438
6.533538,0.0625,-0.054688,0.992188
6.533864,0.03125,-0.070312,0.992188
6.53419,0.03125,-0.039062,0.960938
6.534516,0.054688,-0.09375,1.007812
6.534842,0.015625,-0.09375,1.023438
6.535168,0.046875,-0.070312,0.976562
6.535494,0.015625,-0.085938,0.992188
6.53582,0.023438,-0.070312,0.96875
6.536146,0.03125,-0.039062,0.992188
6.536472,0.039062,-0.078125,0.960938
6.536798,0.039062,-0.132812,0.992188
6.537124,0.023438,-0.054688,1.0
6.53745,0.039062,-0.0625,0.929688
6.537775,0.015625,-0.0625,0.984375
6.538101,0.023438,-0.023438,0.9375
6.538427,0.0625,-0.078125,1.007812
6.538753,0.023438,-0.070312,0.992188
6.539079,0.0,-0.078125,0.984375
6.539405,0.054688,-0.101562,1.0
6.539731,0.007812,-0.046875,0.976562
6.540057,0.039062,-0.039062,1.0
6.540383,0.09375,-0.054688,0.992188
6.540709,0.070312,-0.078125,0.992188
6.541035,0.046875,-0.09375,0.992188
6.541361,0.015625,-0.070312,1.0
6.541687,0.03125,-0.054688,0.96875
6.542012,0.015625,-0.101562,0.945312
6.542338,0.0625,-0.085938,0.9375
6.542664,0.046875,-0.109375,1.015625
6.54299,0.046875,-0.078125,1.046875
6.543316,0.039062,-0.070312,0.984375
6.543642,0.03125,-0.070312,0.96875
6.543968,0.046875,-0.085938,1.0
6.544294,0.054688,-0.0625,0.984375
6.54462,0.054688,-0.09375,0.992188
6.544946,0.03125,-0.09375,1.007812
6.545272,0.023438,-0.070312,1.023438
6.545598,0.007812,-0.054688,0.984375
6.545924,0.039062,-0.070312,0.976562
6.54625,0.023438,-0.039062,0.976562
6.546575,0.03125,-0.0625,0.992188
6.546901,0.039062,-0.085938,0.992188
6.547227,0.015625,-0.054688,0.976562
6.547553,0.039062,-0.070312,0.953125
6.547879,0.015625,-0.109375,1.0
6.548205,0.039062,-0.101562,0.992188
6.548531,0.015625,-0.070312,0.960938
6.548857,0.03125,-0.070312,1.0
6.549183,0.015625,-0.054688,0.9375
6.549509,0.0625,-0.070312,0.992188
6.549835,0.0625,-0.117188,0.992188
6.550161,0.085938,-0.078125,1.007812
6.550487,0.070312,-0.070312,0.992188
6.550813,0.046875,-0.078125,0.960938
6.551138,0.0625,-0.101562,1.0
6.551464,0.046875,-0.070312,0.960938
6.55179,0.039062,-0.070312,1.0
6.552116,0.015625,-0.0625,1.0
6.552442,0.023438,-0.039062,0.992188
6.552768,0.023438,-0.039062,1.0
6.553094,0.039062,-0.09375,0.960938
6.55342,0.007812,-0.078125,0.9375
6.553746,0.015625,-0.101562,0.984375
6.554072,0.046875,-0.117188,1.023438
6.554398,0.023438,-0.085938,0.984375
6.554724,0.0625,-0.070312,0.960938
6.55505,0.046875,-0.070312,0.960938
6.555376,0.054688,-0.085938,0.992188
6.555701,0.046875,-0.085938,1.007812
6.556027,0.054688,-0.070312,0.945312
6.556353,0.0,-0.070312,0.960938
6.556679,0.03125,-0.070312,0.945312
6.557005,0.007812,-0.023438,1.007812
6.557331,0.0,-0.0625,0.984375
6.557657,0.039062,-0.070312,1.0
6.557983,0.03125,-0.101562,0.992188
6.558309,0.015625,-0.070312,0.976562
6.558635,0.054688,-0.046875,0.976562
6.558961,0.070312,-0.078125,1.0
6.559287,0.085938,-0.09375,0.953125
6.559613,0.054688,-0.0625,1.007812
6.559938,0.03125,-0.046875,1.0
6.560264,0.070312,-0.085938,1.015625
6.56059,0.023438,-0.054688,0.984375
6.560916,0.046875,-0.015625,0.984375
6.561242,0.070312,-0.054688,1.015625
6.561568,0.054688,-0.085938,1.007812
6.561894,0.023438,-0.046875,0.992188
6.56222,0.039062,-0.0625,0.96875
6.562546,0.085938,-0.09375,1.0
6.562872,0.054688,-0.046875,1.007812
6.563198,0.039062,-0.070312,0.976562
6.563524,0.0,-0.070312,1.0
6.56385,0.078125,-0.078125,0.960938
6.564176,0.046875,-0.054688,0.992188
6.564501,0.054688,-0.039062,0.96875
6.564827,0.007812,-0.039062,0.953125
6.565153,0.0625,-0.070312,0.984375
6.565479,0.046875,-0.039062,0.960938
6.565805,0.0,-0.085938,0.984375
6.566131,0.054688,-0.101562,0.976562
6.566457,0.023438,-0.078125,0.945312
6.566783,0.046875,-0.054688,1.007812
6.567109,0.03125,-0.046875,1.0
6.567435,0.039062,-0.078125,0.976562
6.567761,0.054688,-0.078125,0.953125
6.568087,0.054688,-0.054688,0.945312
6.568413,0.070312,-0.046875,1.015625
6.568739,0.03125,-0.109375,0.992188
6.569064,0.054688,-0.054688,0.96875
6.56939,0.015625,-0.09375,0.984375
6.569716,0.03125,-0.046875,0.976562
6.570042,0.046875,-0.054688,0.929688
6.570368,0.023438,-0.132812,1.007812
6.570694,0.046875,-0.070312,1.023438
6.57102,0.023438,-0.054688,0.929688
6.571346,0.046875,-0.054688,1.0
6.571672,0.023438,-0.0625,1.015625
6.571998,0.03125,-0.09375,0.96875
6.572324,0.03125,-0.046875,1.0
6.57265,0.023438,-0.054688,1.0
6.572976,0.070312,-0.09375,0.992188
6.573302,0.023438,-0.070312,1.0
6.573627,0.054688,-0.09375,0.976562
6.573953,0.0625,-0.046875,0.953125
6.574279,0.070312,-0.070312,0.992188
6.574605,0.054688,-0.070312,0.96875
6.574931,0.023438,-0.070312,1.007812
6.575257,0.054688,-0.0625,1.023438
6.575583,0.03125,-0.070312,1.0
6.575909,0.039062,-0.03125,0.96875
6.576235,0.070312,-0.070312,0.992188
6.576561,0.054688,-0.085938,0.953125
6.576887,0.054688,-0.070312,1.0
6.577213,0.023438,-0.039062,0.984375
6.577539,0.007812,-0.046875,0.929688
6.577864,0.070312,-0.046875,1.015625
6.57819,0.023438,-0.085938,0.992188
6.578516,0.023438,-0.09375,0.976562
6.578842,0.046875,-0.078125,0.960938
6.579168,0.046875,-0.085938,0.976562
6.579494,0.054688,-0.054688,0.992188
6.57982,0.054688,-0.117188,1.0
6.580146,0.0,-0.0625,0.960938
6.580472,0.046875,-0.054688,1.023438
6.580798,0.0,-0.070312,0.992188
6.581124,0.03125,-0.0625,1.0
6.58145,0.054688,-0.101562,0.960938
6.581776,0.039062,-0.046875,0.976562
6.582102,0.023438,-0.070312,0.960938
6.582427,0.070312,-0.0625,1.0
6.582753,0.023438,-0.085938,1.007812
6.583079,0.023438,-0.03125,0.976562
6.583405,0.039062,-0.0625,1.0
6.583731,0.039062,-0.078125,0.992188
6.584057,0.023438,-0.054688,0.953125
6.584383,0.0625,-0.078125,1.007812
6.584709,0.054688,-0.070312,0.992188
6.585035,0.046875,-0.09375,1.023438
6.585361,0.03125,-0.09375,0.992188
6.585687,0.054688,-0.0625,1.0
6.586013,0.015625,-0.09375,0.96875
6.586339,0.039062,-0.078125,0.992188
6.586665,0.054688,-0.085938,1.007812
6.58699,0.03125,-0.09375,0.960938
6.587316,0.0625,-0.085938,0.992188
6.587642,0.007812,-0.070312,0.976562
6.587968,0.023438,-0.070312,1.007812
6.588294,0.046875,-0.054688,1.0
6.58862,0.054688,-0.101562,0.976562
6.588946,0.054688,-0.039062,0.992188
6.589272,0.054688,-0.0625,0.984375
6.589598,0.0625,-0.054688,0.9375
6.589924,0.046875,-0.078125,0.96875
6.59025,0.046875,-0.0625,0.992188
6.590576,0.046875,-0.078125,1.007812
6.590902,0.023438,-0.070312,0.976562
6.591228,0.015625,-0.09375,0.992188
6.591553,0.03125,-0.0625,0.96875
6.591879,0.015625,-0.109375,1.0
6.592205,0.0,-0.085938,0.976562
6.592531,0.046875,-0.09375,0.96875
6.592857,0.039062,-0.0625,0.984375
6.593183,0.078125,-0.070312,1.0
6.593509,0.070312,-0.101562,1.0
6.593835,0.015625,-0.039062,1.023438
6.594161,0.070312,-0.054688,0.9375
6.594487,0.03125,-0.09375,1.023438
6.594813,0.023438,-0.070312,1.0
6.595139,0.0625,-0.0625,0.992188
6.595465,0.054688,-0.0625,1.007812
6.59579,0.007812,-0.078125,0.9375
6.596116,0.03125,-0.070312,1.0
6.596442,0.039062,-0.0625,1.023438
6.596768,0.023438,-0.09375,0.929688
6.597094,0.0,-0.039062,0.960938
6.59742,0.054688,-0.0625,0.992188
6.597746,0.054688,-0.078125,0.976562
6.598072,0.054688,-0.101562,0.953125
6.598398,0.0,-0.046875,0.960938
6.598724,0.046875,-0.070312,0.960938
6.59905,0.054688,-0.054688,0.992188
6.599376,0.046875,-0.101562,0.992188
6.599702,0.039062,-0.054688,1.015625
6.600028,0.03125,-0.0625,0.9375
6.600353,0.015625,-0.070312,1.0
6.600679,0.054688,-0.109375,0.960938
6.601005,0.046875,-0.085938,1.007812
6.601331,0.023438,-0.054688,1.0
6.601657,0.015625,-0.046875,0.953125
6.601983,0.054688,-0.054688,0.976562
6.602309,0.039062,-0.054688,0.992188
6.602635,0.03125,-0.03125,1.0
6.602961,0.070312,-0.101562,0.992188
6.603287,0.054688,-0.039062,0.960938
6.603613,0.054688,-0.070312,0.960938
6.603939,0.023438,-0.046875,1.0
6.604265,0.0,-0.078125,1.0
6.604591,0.054688,-0.046875,1.0
6.604916,0.0,-0.085938,0.984375
6.605242,0.023438,-0.078125,0.992188
6.605568,0.046875,-0.101562,1.023438
6.605894,0.046875,-0.054688,1.007812
6.60622,0.03125,-0.046875,0.984375
6.606546,0.0625,-0.101562,0.976562
6.606872,0.039062,-0.054688,0.96875
6.607198,0.015625,-0.039062,0.953125
6.607524,0.0,-0.09375,1.007812
6.60785,0.03125,-0.0625,1.0
6.608176,0.0625,-0.070312,0.976562
6.608502,0.054688,-0.054688,0.992188
6.608828,0.015625,-0.101562,0.96875
6.609154,0.0625,-0.046875,0.992188
6.609479,0.046875,-0.085938,1.0
6.609805,0.0,-0.078125,0.984375
6.610131,0.039062,-0.070312,0.984375
6.610457,0.070312,-0.0625,1.007812
6.610783,0.046875,-0.085938,0.9375
6.611109,0.078125,-0.0625,0.992188
6.611435,0.039062,-0.078125,0.992188
6.611761,0.0,-0.085938,0.953125
6.612087,0.054688,-0.078125,0.96875
6.612413,0.054688,-0.101562,0.976562
6.612739,0.054688,-0.078125,0.960938
6.613065,0.015625,-0.101562,1.0
6.613391,0.070312,-0.054688,0.992188
6.613716,0.039062,-0.101562,0.96875
6.614042,0.054688,-0.054688,0.945312
6.614368,0.039062,-0.09375,1.007812
6.614694,0.046875,-0.078125,1.0
6.61502,0.03125,-0.078125,1.0
6.615346,0.070312,-0.054688,0.960938
6.615672,0.0,-0.0625,1.0
6.615998,0.039062,-0.085938,0.992188
6.616324,0.070312,-0.070312,0.984375
6.61665,0.023438,-0.0625,0.984375
6.616976,0.054688,-0.070312,0.984375
6.617302,0.007812,-0.0625,1.0
6.617628,0.007812,-0.039062,0.960938
6.617954,0.007812,-0.0625,0.960938
6.618279,0.023438,-0.046875,0.992188
6.618605,0.046875,-0.0625,0.960938
6.618931,0.054688,-0.085938,1.0
6.619257,0.046875,-0.054688,1.023438
6.619583,0.054688,-0.039062,0.984375
6.619909,0.046875,-0.078125,0.992188
6.620235,0.007812,-0.046875,0.984375
6.620561,0.007812,-0.054688,1.007812
6.620887,0.054688,-0.078125,0.992188
6.621213,0.007812,-0.046875,0.992188
6.621539,0.015625,-0.085938,1.007812
6.621865,0.03125,-0.109375,0.984375
6.622191,0.070312,-0.132812,1.054688
6.622517,0.007812,-0.070312,1.007812
6.622842,0.0,-0.085938,1.03125
6.623168,0.023438,-0.085938,1.015625
6.623494,0.007812,-0.078125,1.0
6.62382,0.046875,-0.070312,0.976562
6.624146,0.023438,-0.054688,0.960938
6.624472,0.0625,-0.054688,0.992188
6.624798,0.03125,-0.070312,1.0
6.625124,0.039062,-0.09375,1.0
6.62545,0.070312,-0.070312,0.992188
6.625776,0.0,-0.070312,1.0
6.626102,0.054688,-0.023438,0.992188
6.626428,0.03125,-0.101562,1.023438
6.626754,0.070312,-0.0625,1.0
6.62708,0.023438,-0.101562,0.96875
6.627405,0.03125,-0.039062,0.960938
6.627731,0.039062,-0.039062,1.007812
6.628057,0.054688,-0.09375,0.984375
6.628383,0.03125,-0.039062,0.96875
6.628709,0.023438,-0.046875,0.992188
6.629035,0.0,-0.054688,1.015625
6.629361,0.039062,-0.085938,0.960938
6.629687,0.03125,-0.085938,0.992188
6.630013,0.023438,-0.070312,0.960938
6.630339,0.046875,-0.039062,0.992188
6.630665,0.03125,-0.046875,1.0
6.630991,0.054688,-0.09375,0.953125
6.631317,0.054688,-0.0625,1.0
6.631642,0.015625,-0.09375,0.960938
6.631968,0.046875,-0.0625,0.9375
6.632294,0.046875,-0.085938,1.007812
6.63262,0.046875,-0.0625,1.015625
6.632946,0.039062,-0.078125,0.992188
6.633272,0.0,-0.039062,0.992188
6.633598,0.015625,-0.03125,0.984375
6.633924,0.03125,-0.054688,0.992188
6.63425,0.039062,-0.085938,0.953125
6.634576,0.007812,-0.070312,0.984375
6.634902,0.078125,-0.070312,0.992188
6.635228,0.078125,-0.070312,1.023438
6.635554,0.0625,-0.101562,0.96875
6.63588,0.023438,-0.085938,0.992188
6.636205,0.054688,-0.039062,1.0
6.636531,0.046875,-0.117188,1.0
6.636857,0.054688,-0.039062,0.992188
6.637183,0.03125,-0.070312,1.0
6.637509,0.007812,-0.085938,1.015625
6.637835,0.0625,-0.085938,1.015625
6.638161,0.015625,-0.09375,0.96875
6.638487,0.023438,-0.085938,0.976562
6.638813,0.054688,-0.09375,0.992188
6.639139,0.054688,-0.09375,0.96875
6.639465,0.039062,-0.078125,0.96875
6.639791,0.039062,-0.109375,0.992188
6.640117,0.046875,-0.09375,0.992188
6.640443,0.054688,-0.070312,0.992188
6.640768,0.046875,-0.09375,0.992188
6.641094,0.03125,-0.070312,0.976562
6.64142,0.054688,-0.078125,1.0
6.641746,0.039062,-0.054688,0.992188
6.642072,0.046875,-0.085938,0.960938
6.642398,0.03125,-0.101562,0.992188
6.642724,0.046875,-0.0625,0.96875
6.64305,0.0625,-0.09375,1.0
6.643376,0.015625,-0.101562,1.0
6.643702,0.046875,-0.09375,1.03125
6.644028,0.015625,-0.039062,0.992188
6.644354,0.039062,-0.078125,0.945312
6.64468,0.054688,-0.0625,0.992188
6.645006,0.023438,-0.054688,0.984375
6.645331,0.007812,-0.101562,0.945312
6.645657,0.054688,-0.054688,0.96875
6.645983,0.039062,-0.085938,0.96875
6.646309,0.03125,-0.101562,0.992188
6.646635,0.03125,-0.03125,1.0
6.646961,0.078125,-0.101562,0.960938
6.647287,0.023438,-0.0625,1.007812
6.647613,0.039062,-0.0625,0.96875
6.647939,0.023438,-0.03125,0.992188
6.648265,0.054688,-0.070312,0.976562
6.648591,0.023438,-0.070312,0.984375
6.648917,0.054688,-0.070312,0.953125
6.649243,0.0,-0.09375,1.007812
6.649568,0.023438,-0.070312,0.96875
6.649894,0.070312,-0.09375,1.0
6.65022,0.03125,-0.054688,1.007812
6.650546,0.039062,-0.101562,0.984375
6.650872,0.054688,-0.101562,0.992188
6.651198,0.046875,-0.070312,0.960938
6.651524,0.023438,-0.039062,0.96875
6.65185,0.054688,-0.085938,0.992188
6.652176,0.015625,-0.054688,0.976562
6.652502,0.03125,-0.054688,0.953125
6.652828,0.007812,-0.070312,0.992188
6.653154,0.015625,-0.070312,0.945312
6.65348,0.023438,-0.0625,0.992188
6.653806,0.03125,-0.085938,1.0
6.654131,0.054688,-0.101562,0.976562
6.654457,0.0625,-0.0625,0.96875
6.654783,0.046875,-0.0625,0.976562
6.655109,0.039062,-0.078125,0.992188
6.655435,0.054688,-0.078125,0.960938
6.655761,0.0625,-0.09375,0.992188
6.656087,0.078125,-0.070312,0.992188
6.656413,0.054688,-0.085938,0.992188
6.656739,0.023438,-0.070312,0.882812
6.657065,0.03125,-0.117188,0.992188
6.657391,0.054688,-0.0625,0.929688
6.657717,0.03125,-0.09375,1.0
6.658043,0.039062,-0.070312,1.039062
6.658369,0.054688,-0.125,1.0
6.658694,0.054688,-0.101562,1.046875
6.65902,0.0,-0.101562,0.984375
6.659346,0.09375,-0.070312,0.960938
6.659672,0.09375,-0.070312,0.976562
6.659998,0.023438,-0.078125,0.992188
6.660324,0.023438,-0.070312,0.976562
6.66065,0.085938,-0.0625,1.015625
6.660976,0.070312,-0.046875,0.960938
6.661302,0.054688,-0.070312,0.960938
6.661628,0.078125,-0.085938,1.0
6.661954,0.023438,-0.085938,1.0
6.66228,0.085938,-0.039062,0.9375
6.662606,0.054688,-0.0625,0.992188
6.662932,0.0625,-0.09375,1.0
6.663257,0.015625,-0.117188,1.023438
6.663583,0.007812,-0.101562,1.0
6.663909,0.039062,-0.070312,1.0
6.664235,0.039062,-0.070312,0.953125
6.664561,0.0625,-0.070312,0.945312
6.664887,0.007812,-0.09375,0.929688
6.665213,0.007812,-0.078125,0.9375
6.665539,0.046875,-0.0625,0.976562
6.665865,0.023438,-0.070312,0.96875
6.666191,0.046875,-0.0625,1.0
6.666517,0.046875,-0.070312,1.0
6.666843,0.054688,-0.078125,0.992188
6.667169,0.03125,-0.0625,1.0
6.667494,0.0625,-0.054688,0.984375
6.66782,0.070312,-0.039062,0.976562
6.668146,0.023438,-0.085938,1.015625
6.668472,0.03125,-0.09375,1.015625
6.668798,0.0,-0.0625,0.976562
6.669124,0.015625,-0.101562,0.992188
6.66945,0.015625,-0.0625,0.96875
6.669776,0.023438,-0.023438,1.0
6.670102,0.0625,-0.09375,1.0
6.670428,0.03125,-0.09375,1.007812
6.670754,0.0625,-0.078125,1.03125
6.67108,0.03125,-0.09375,1.015625
6.671406,0.023438,-0.101562,1.007812
6.671732,0.03125,-0.054688,0.992188
6.672057,0.046875,-0.09375,0.984375
6.672383,0.054688,-0.054688,0.976562
6.672709,0.023438,-0.101562,1.023438
6.673035,0.007812,-0.078125,0.976562
6.673361,0.023438,-0.125,1.0
6.673687,0.03125,-0.109375,1.023438
6.674013,0.03125,-0.09375,0.992188
6.674339,0.0625,-0.070312,1.0
6.674665,0.023438,-0.078125,1.015625
6.674991,0.0625,-0.09375,0.992188
6.675317,0.054688,-0.101562,1.0
6.675643,0.046875,-0.09375,1.0
6.675969,0.039062,-0.039062,0.960938
6.676295,0.03125,-0.046875,0.960938
6.67662,0.046875,-0.054688,0.960938
6.676946,0.007812,-0.023438,1.0
6.677272,0.03125,-0.039062,0.976562
6.677598,0.007812,-0.085938,1.015625
6.677924,0.046875,-0.070312,0.976562
6.67825,0.007812,-0.054688,0.984375
6.678576,0.039062,-0.039062,1.023438
6.678902,0.078125,-0.09375,0.929688
6.679228,0.023438,-0.039062,1.0
6.679554,0.078125,-0.085938,0.992188
6.67988,0.023438,-0.0625,1.0
6.680206,0.023438,-0.070312,0.976562
6.680532,0.046875,-0.0625,1.007812
6.680858,0.0,-0.09375,1.0
6.681183,0.023438,-0.0625,0.960938
6.681509,0.0625,-0.0625,0.953125
6.681835,0.03125,-0.054688,0.992188
6.682161,0.023438,-0.0625,0.945312
6.682487,0.023438,-0.054688,1.007812
6.682813,0.03125,-0.054688,0.992188
6.683139,0.023438,-0.078125,0.992188
6.683465,0.03125,-0.054688,0.96875
6.683791,0.039062,-0.0625,0.984375
6.684117,0.054688,-0.09375,0.953125
6.684443,0.070312,-0.070312,0.992188
6.684769,0.007812,-0.101562,0.960938
6.685095,0.054688,-0.078125,1.0
6.68542,0.0625,-0.046875,0.992188
6.685746,0.007812,-0.046875,0.960938
6.686072,0.0,-0.078125,0.992188
6.686398,0.03125,-0.0625,1.0
6.686724,0.0625,-0.0625,0.984375
6.68705,0.03125,-0.03125,0.960938
6.687376,0.03125,-0.085938,1.023438
6.687702,0.039062,-0.109375,1.015625
6.688028,0.023438,-0.039062,0.992188
6.688354,0.054688,-0.046875,1.0
6.68868,0.046875,-0.0625,0.992188
6.689006,0.015625,-0.070312,0.992188
6.689332,0.046875,-0.054688,0.992188
6.689658,0.054688,-0.101562,0.96875
6.689983,0.054688,-0.078125,1.007812
6.690309,0.085938,-0.109375,1.007812
6.690635,0.015625,-0.070312,1.007812
6.690961,0.046875,-0.101562,1.007812
6.691287,0.0625,-0.101562,1.0
6.691613,0.023438,-0.070312,0.953125
6.691939,0.007812,-0.054688,1.0
6.692265,0.03125,-0.101562,0.992188
6.692591,0.0625,-0.101562,1.0
6.692917,0.054688,-0.09375,1.0
6.693243,0.054688,-0.09375,0.984375
6.693569,0.054688,-0.125,0.984375
6.693895,0.03125,-0.101562,0.96875
6.694221,0.054688,-0.0625,1.007812
6.694546,0.03125,-0.078125,0.96875
6.694872,0.054688,-0.0625,1.007812
6.695198,0.023438,-0.0625,0.953125
6.695524,0.054688,-0.078125,0.984375
6.69585,0.054688,-0.09375,1.0
6.696176,0.0625,-0.0625,0.960938
6.696502,0.054688,-0.070312,0.992188
6.696828,0.03125,-0.054688,1.0
6.697154,0.070312,-0.046875,0.96875
6.69748,0.039062,-0.085938,1.0
6.697806,0.046875,-0.09375,1.0
6.698132,0.03125,-0.078125,1.0
6.698458,0.054688,-0.070312,0.992188
6.698784,0.054688,-0.070312,1.023438
6.699109,0.03125,-0.054688,0.984375
6.699435,0.070312,-0.03125,1.007812
6.699761,0.046875,-0.0625,1.015625
6.700087,0.046875,-0.070312,0.953125
6.700413,0.054688,-0.015625,0.992188
6.700739,0.0625,-0.070312,1.0
6.701065,0.039062,-0.085938,0.945312
6.701391,0.03125,-0.039062,1.007812
6.701717,0.054688,-0.078125,1.015625
6.702043,0.054688,-0.109375,1.007812
6.702369,0.023438,-0.046875,1.0
6.702695,0.046875,-0.0625,0.953125
6.703021,0.054688,-0.09375,1.0
6.703346,0.046875,-0.0625,0.992188
6.703672,0.015625,-0.0625,0.96875
6.703998,0.054688,-0.101562,1.023438
6.704324,0.046875,-0.085938,1.007812
6.70465,0.054688,-0.09375,0.976562
6.704976,0.03125,-0.085938,0.992188
6.705302,0.023438,-0.070312,0.984375
6.705628,0.054688,-0.046875,0.976562
6.705954,0.054688,-0.0625,1.007812
6.70628,0.039062,-0.0625,0.976562
6.706606,0.039062,-0.0625,0.992188
6.706932,0.0,-0.078125,0.960938
6.707258,0.023438,-0.054688,0.96875
6.707584,0.046875,-0.078125,1.015625
6.707909,0.070312,-0.085938,0.945312
6.708235,0.054688,-0.0625,1.0
6.708561,0.023438,-0.0625,1.0
6.708887,0.039062,-0.0625,0.953125
6.709213,0.023438,-0.101562,0.976562
6.709539,0.085938,-0.070312,0.960938
6.709865,0.039062,-0.046875,0.960938
6.710191,0.054688,-0.070312,1.039062
6.710517,0.0625,-0.070312,1.023438
6.710843,0.039062,-0.078125,0.992188
6.711169,0.039062,-0.0625,1.0
6.711495,0.023438,-0.046875,0.945312
6.711821,0.03125,-0.0625,0.992188
6.712147,0.03125,-0.078125,1.0
6.712472,0.03125,-0.070312,0.992188
6.712798,0.007812,-0.070312,0.96875
6.713124,0.039062,-0.085938,1.0
6.71345,0.046875,-0.0625,1.0
6.713776,0.039062,-0.078125,0.96875
6.714102,0.03125,-0.070312,0.96875
6.714428,0.054688,-0.078125,0.984375
6.714754,0.023438,-0.0625,0.976562
6.71508,0.046875,-0.070312,0.976562
6.715406,0.023438,-0.0625,1.015625
6.715732,0.039062,-0.078125,0.976562
6.716058,0.007812,-0.0625,0.960938
6.716384,0.03125,-0.039062,0.992188
6.71671,0.0,-0.0625,0.992188
6.717035,0.070312,-0.085938,1.0
6.717361,0.03125,-0.09375,0.984375
6.717687,0.039062,-0.09375,1.007812
6.718013,0.085938,-0.070312,0.992188
6.718339,0.023438,-0.0625,0.945312
6.718665,0.023438,-0.070312,0.945312
6.718991,0.03125,-0.046875,0.9375
6.719317,0.023438,-0.0625,1.0
6.719643,0.023438,-0.070312,0.9375
6.719969,0.023438,-0.09375,0.898438
6.720295,0.0625,-0.078125,0.992188
6.720621,0.007812,-0.109375,0.992188
6.720947,0.046875,-0.046875,1.0
6.721272,0.039062,-0.03125,0.984375
6.721598,0.03125,-0.0625,0.992188
6.721924,0.0625,-0.015625,0.992188
6.72225,0.054688,-0.09375,0.960938
6.722576,0.023438,-0.078125,0.992188
6.722902,0.046875,-0.109375,1.015625
6.723228,0.039062,-0.054688,0.96875
6.723554,0.007812,-0.101562,0.992188
6.72388,0.046875,-0.039062,0.976562
6.724206,0.078125,-0.101562,1.0
6.724532,0.007812,-0.070312,0.984375
6.724858,0.023438,-0.054688,1.023438
6.725184,0.0,-0.078125,0.960938
6.72551,0.023438,-0.070312,0.992188
6.725835,0.054688,-0.085938,1.015625
6.726161,0.039062,-0.101562,0.992188
6.726487,0.0625,-0.054688,1.0
6.726813,0.046875,-0.0625,0.992188
6.727139,0.070312,-0.070312,0.960938
6.727465,0.039062,-0.046875,0.976562
6.727791,0.023438,-0.085938,0.984375
6.728117,0.039062,-0.039062,0.96875
6.728443,0.046875,-0.101562,0.984375
6.728769,0.03125,-0.070312,0.96875
6.729095,0.054688,-0.070312,0.976562
6.729421,0.039062,-0.109375,0.984375
6.729747,0.03125,-0.085938,0.992188
6.730073,0.109375,-0.101562,0.960938
6.730398,0.0625,-0.070312,0.929688
6.730724,0.039062,-0.015625,1.0
6.73105,0.03125,-0.0625,1.03125
6.731376,0.03125,-0.023438,1.039062
6.731702,0.023438,-0.070312,0.992188
6.732028,0.054688,-0.0625,0.96875
6.732354,0.03125,-0.039062,0.992188
6.73268,0.023438,-0.0625,1.007812
6.733006,0.007812,-0.070312,1.023438
6.733332,0.0,-0.023438,1.023438
6.733658,0.015625,-0.054688,1.0
6.733984,0.085938,-0.078125,0.96875
6.73431,0.007812,-0.046875,0.96875
6.734636,0.085938,-0.0625,0.992188
6.734961,0.03125,-0.0625,0.960938
6.735287,0.046875,-0.078125,1.015625
6.735613,0.0,-0.101562,1.023438
6.735939,0.046875,-0.085938,1.015625
6.736265,0.03125,-0.070312,0.953125
6.736591,0.023438,-0.0625,1.023438
6.736917,0.007812,-0.039062,0.984375
6.737243,0.007812,-0.078125,0.945312
6.737569,0.039062,-0.085938,0.945312
6.737895,0.0,-0.0625,0.992188
6.738221,0.085938,-0.085938,1.0
6.738547,0.039062,-0.078125,0.984375
6.738873,0.046875,-0.023438,0.976562
6.739199,0.03125,-0.070312,1.007812
6.739524,0.015625,-0.0625,0.992188
6.73985,0.007812,-0.085938,1.0
6.740176,0.023438,-0.039062,0.984375
6.740502,0.007812,-0.023438,1.007812
6.740828,0.054688,-0.085938,0.992188
6.741154,0.078125,-0.039062,1.0
6.74148,0.03125,-0.039062,1.015625
6.741806,0.03125,-0.0625,0.9375
6.742132,0.0,-0.070312,1.0
6.742458,0.03125,-0.039062,0.945312
6.742784,0.007812,-0.0625,0.992188
6.74311,0.0625,-0.0625,0.992188
6.743436,0.023438,-0.0625,0.976562
6.743761,0.054688,-0.101562,0.992188
6.744087,0.023438,-0.078125,0.976562
6.744413,0.03125,-0.09375,0.984375
6.744739,0.0625,-0.109375,0.992188
6.745065,0.023438,-0.0625,0.960938
6.745391,0.046875,-0.078125,1.0
6.745717,0.046875,-0.0625,1.0
6.746043,0.03125,-0.054688,0.953125
6.746369,0.023438,-0.046875,0.984375
6.746695,0.054688,-0.0625,1.0
6.747021,0.007812,-0.078125,1.015625
6.747347,0.046875,-0.039062,0.992188
6.747673,0.046875,-0.054688,0.976562
6.747999,0.023438,-0.101562,1.0
6.748324,0.054688,-0.054688,0.992188
6.74865,0.03125,-0.085938,0.992188
6.748976,0.023438,-0.070312,0.992188
6.749302,0.046875,-0.09375,1.015625
6.749628,0.046875,-0.078125,0.992188
6.749954,0.03125,-0.070312,0.992188
6.75028,0.046875,-0.085938,0.96875
6.750606,0.070312,-0.070312,1.0
6.750932,0.039062,-0.085938,0.945312
6.751258,0.054688,-0.078125,0.992188
6.751584,0.078125,-0.054688,1.0
6.75191,0.070312,-0.054688,0.992188
6.752236,0.0625,-0.039062,0.992188
6.752562,0.054688,-0.046875,0.992188
6.752887,0.03125,-0.085938,1.0
6.753213,0.054688,-0.085938,0.992188
6.753539,0.054688,-0.078125,0.992188
6.753865,0.023438,-0.070312,0.984375
6.754191,0.03125,-0.046875,0.984375
6.754517,0.015625,-0.039062,0.984375
6.754843,0.0,-0.078125,1.0
6.755169,0.046875,-0.03125,0.945312
6.755495,0.039062,-0.085938,0.992188
6.755821,0.039062,-0.070312,1.0
6.756147,0.03125,-0.054688,0.945312
6.756473,0.0625,-0.070312,0.984375
6.756799,0.0625,-0.085938,0.96875
6.757125,0.015625,-0.0625,0.976562
6.75745,0.039062,-0.085938,0.945312
6.757776,0.039062,-0.078125,1.0
6.758102,0.054688,-0.054688,0.96875
6.758428,0.023438,-0.054688,0.992188
6.758754,0.046875,-0.078125,0.96875
6.75908,0.039062,-0.054688,0.953125
6.759406,0.023438,-0.039062,0.976562
6.759732,0.007812,-0.0625,0.96875
6.760058,0.054688,-0.109375,1.015625
6.760384,0.007812,-0.101562,1.0
6.76071,0.039062,-0.070312,0.945312
6.761036,0.046875,-0.046875,1.0
6.761362,0.054688,-0.078125,1.0
6.761687,0.015625,-0.085938,1.007812
6.762013,0.046875,-0.054688,1.0
6.762339,0.0625,-0.070312,0.984375
6.762665,0.085938,-0.070312,0.96875
6.762991,0.070312,-0.070312,1.0
6.763317,0.054688,-0.117188,1.007812
6.763643,0.046875,-0.054688,0.976562
6.763969,0.0625,-0.070312,0.976562
6.764295,0.023438,-0.078125,1.0
6.764621,0.0625,-0.117188,0.992188
6.764947,0.023438,-0.0625,1.0
6.765273,0.046875,-0.070312,1.0
6.765599,0.070312,-0.054688,0.992188
6.765925,0.03125,-0.070312,0.960938
6.76625,0.0,-0.101562,1.0
6.766576,0.023438,-0.046875,1.0
6.766902,0.015625,-0.070312,0.992188
6.767228,0.015625,-0.078125,0.960938
6.767554,0.03125,-0.09375,0.992188
6.76788,0.070312,-0.078125,0.992188
6.768206,0.015625,-0.070312,0.992188
6.768532,0.054688,-0.078125,0.984375
6.768858,0.007812,-0.0625,0.984375
6.769184,0.054688,-0.085938,0.976562
6.76951,0.054688,-0.078125,0.992188
6.769836,0.039062,-0.0625,0.992188
6.770162,0.039062,-0.078125,1.0
6.770488,0.03125,-0.101562,1.007812
6.770813,0.054688,-0.0625,1.007812
6.771139,0.046875,-0.078125,1.0
6.771465,0.023438,-0.078125,0.984375
6.771791,0.007812,-0.054688,0.992188
6.772117,0.007812,-0.054688,1.007812
6.772443,0.054688,-0.039062,1.0
6.772769,0.015625,-0.101562,0.992188
6.773095,0.054688,-0.109375,1.0625
6.773421,0.054688,-0.09375,0.945312
6.773747,0.03125,-0.023438,0.960938
6.774073,0.039062,-0.03125,1.0
6.774399,0.0625,-0.09375,0.976562
6.774725,0.03125,-0.0625,0.992188
6.775051,0.023438,-0.101562,0.96875
6.775376,0.039062,-0.078125,0.9375
6.775702,0.0,-0.054688,0.976562
6.776028,0.023438,-0.03125,0.960938
6.776354,0.023438,-0.070312,0.945312
6.77668,0.015625,-0.046875,0.992188
6.777006,0.03125,-0.078125,1.0
6.777332,0.015625,-0.109375,1.015625
6.777658,0.03125,-0.039062,1.03125
6.777984,0.039062,-0.023438,0.960938
6.77831,0.039062,-0.054688,0.976562
6.778636,0.054688,-0.09375,1.015625
6.778962,0.054688,-0.070312,0.960938
6.779288,0.070312,-0.101562,0.992188
6.779613,0.046875,-0.078125,0.96875
6.779939,0.023438,-0.023438,0.960938
6.780265,0.015625,-0.078125,0.976562
6.780591,0.054688,-0.0625,1.007812
6.780917,0.054688,-0.101562,0.953125
6.781243,0.0625,-0.117188,1.023438
6.781569,0.054688,-0.070312,0.992188
6.781895,0.0,-0.070312,0.976562
6.782221,0.046875,-0.085938,1.0
6.782547,0.023438,-0.101562,0.929688
6.782873,0.023438,-0.046875,1.039062
6.783199,0.046875,-0.039062,0.953125
6.783525,0.046875,-0.078125,0.96875
6.783851,0.046875,-0.039062,0.984375
6.784176,0.09375,-0.0625,1.0
6.784502,0.054688,-0.054688,1.0
6.784828,0.023438,-0.0625,0.96875
6.785154,0.023438,-0.023438,0.945312
6.78548,0.046875,-0.0625,1.0
6.785806,0.03125,-0.054688,1.0
6.786132,0.046875,-0.078125,0.96875
6.786458,0.0625,-0.101562,1.0
6.786784,0.039062,-0.078125,1.0
6.78711,0.023438,-0.070312,0.953125
6.787436,0.03125,-0.03125,0.960938
6.787762,0.039062,-0.0625,0.976562
6.788088,0.023438,-0.070312,1.0
6.788414,0.039062,-0.070312,0.992188
6.788739,0.054688,-0.070312,0.960938
6.789065,0.0625,-0.09375,0.96875
6.789391,0.007812,-0.054688,0.976562
6.789717,0.03125,-0.054688,0.953125
6.790043,0.046875,-0.070312,0.9375
6.790369,0.0625,-0.09375,0.960938
6.790695,0.054688,-0.070312,1.023438
6.791021,0.046875,-0.078125,1.03125
6.791347,0.023438,-0.078125,0.984375
6.791673,0.023438,-0.03125,1.0
6.791999,0.03125,-0.046875,1.03125
6.792325,0.03125,-0.054688,0.976562
6.792651,0.0625,-0.0625,1.015625
6.792977,0.023438,-0.101562,0.976562
6.793302,0.03125,-0.039062,0.96875
6.793628,0.03125,-0.054688,1.0
6.793954,0.046875,-0.070312,1.0
6.79428,0.054688,-0.101562,0.984375
6.794606,0.046875,-0.039062,0.976562
6.794932,0.054688,-0.078125,0.96875
6.795258,0.039062,-0.070312,1.015625
6.795584,0.0625,-0.0625,1.0
6.79591,0.046875,-0.03125,0.976562
6.796236,0.023438,-0.070312,1.0
6.796562,0.03125,-0.039062,0.984375
6.796888,0.0,-0.015625,0.976562
6.797214,0.03125,-0.0625,0.945312
6.797539,0.054688,-0.085938,0.96875
6.797865,0.046875,-0.070312,0.960938
6.798191,0.023438,-0.070312,0.960938
6.798517,0.046875,-0.085938,0.976562
6.798843,0.054688,-0.078125,0.96875
6.799169,0.023438,-0.0625,0.992188
6.799495,0.046875,-0.046875,0.960938
6.799821,0.03125,-0.046875,1.0
6.800147,0.054688,-0.078125,0.96875
6.800473,0.007812,-0.0625,0.960938
6.800799,0.03125,-0.039062,1.007812
6.801125,0.054688,-0.101562,0.984375
6.801451,0.054688,-0.09375,0.960938
6.801777,0.039062,-0.078125,0.976562
6.802102,0.023438,-0.070312,0.976562
6.802428,0.046875,-0.085938,0.976562
6.802754,0.0,-0.0625,0.945312
6.80308,0.054688,-0.085938,1.03125
6.803406,0.0625,-0.0625,0.992188
6.803732,0.054688,-0.054688,0.929688
6.804058,0.070312,-0.0625,0.945312
6.804384,0.078125,-0.09375,0.984375
6.80471,0.039062,-0.046875,1.023438
6.805036,0.023438,-0.054688,1.0
6.805362,0.054688,-0.03125,0.976562
6.805688,0.03125,-0.046875,0.976562
6.806014,0.007812,-0.039062,0.929688
6.80634,0.054688,-0.085938,1.0
6.806665,0.046875,-0.054688,0.945312
6.806991,0.046875,-0.070312,1.0
6.807317,0.023438,-0.101562,0.976562
6.807643,0.023438,-0.09375,0.960938
6.807969,0.03125,-0.101562,1.0
6.808295,0.03125,-0.0625,0.96875
6.808621,0.03125,-0.0625,0.984375
6.808947,0.039062,-0.078125,1.0
6.809273,0.039062,-0.101562,0.984375
6.809599,0.039062,-0.101562,0.945312
6.809925,0.0625,-0.0625,0.976562
6.810251,0.039062,-0.101562,1.0
6.810577,0.023438,-0.070312,0.960938
6.810903,0.085938,-0.101562,0.976562
6.811228,0.023438,-0.046875,0.976562
6.811554,0.046875,-0.0625,0.984375
6.81188,0.0625,-0.085938,0.960938
6.812206,0.039062,-0.085938,0.992188
6.812532,0.039062,-0.09375,0.992188
6.812858,0.03125,-0.101562,0.984375
6.813184,0.007812,-0.078125,0.96875
6.81351,0.039062,-0.0625,0.960938
6.813836,0.039062,-0.0625,1.0
6.814162,0.054688,-0.085938,1.03125
6.814488,0.070312,-0.078125,0.984375
6.814814,0.023438,-0.0625,0.96875
6.81514,0.03125,-0.070312,0.960938
6.815465,0.023438,-0.070312,1.007812
6.815791,0.023438,-0.0625,0.9375
6.816117,0.054688,-0.085938,0.984375
6.816443,0.039062,-0.109375,0.984375
6.816769,0.03125,-0.03125,0.976562
6.817095,0.023438,-0.0625,1.0
6.817421,0.046875,-0.078125,0.992188
6.817747,0.054688,-0.070312,1.039062
6.818073,0.023438,-0.070312,0.976562
6.818399,0.023438,-0.039062,1.0
6.818725,0.03125,-0.070312,1.015625
6.819051,0.0625,-0.09375,0.96875
6.819377,0.023438,-0.070312,0.976562
6.819703,0.054688,-0.0625,0.960938
6.820028,0.0,-0.054688,0.976562
6.820354,0.023438,-0.101562,0.984375
6.82068,0.070312,-0.109375,0.976562
6.821006,0.023438,-0.09375,0.96875
6.821332,0.023438,-0.0625,0.9375
6.821658,0.007812,-0.070312,0.96875
6.821984,0.03125,-0.085938,0.992188
6.82231,0.023438,-0.101562,1.0
6.822636,0.023438,-0.078125,0.976562
6.822962,0.046875,-0.09375,0.945312
6.823288,0.023438,-0.078125,0.96875
6.823614,0.03125,-0.070312,0.984375
6.82394,0.054688,-0.054688,0.96875
6.824266,0.046875,-0.09375,0.96875
6.824591,0.007812,-0.015625,0.929688
6.824917,0.039062,-0.0625,0.984375
6.825243,0.046875,-0.078125,0.984375
6.825569,0.03125,-0.085938,1.0
6.825895,0.046875,-0.09375,0.960938
6.826221,0.046875,-0.101562,0.976562
6.826547,0.007812,-0.070312,0.992188
6.826873,0.054688,-0.101562,1.039062
6.827199,0.03125,-0.070312,0.976562
6.827525,0.023438,-0.046875,0.976562
6.827851,0.039062,-0.046875,0.976562
6.828177,0.023438,-0.03125,0.953125
6.828503,0.039062,-0.101562,1.0
6.828829,0.078125,-0.109375,1.0
6.829154,0.03125,-0.085938,0.992188
6.82948,0.054688,-0.0625,0.976562
6.829806,0.0625,-0.101562,0.992188
6.830132,0.007812,-0.039062,1.0
6.830458,0.007812,-0.03125,0.96875
6.830784,0.039062,-0.078125,0.976562
6.83111,0.054688,-0.0625,0.976562
6.831436,0.03125,-0.070312,0.992188
6.831762,0.023438,-0.09375,0.96875
6.832088,0.046875,-0.046875,0.96875
6.832414,0.039062,-0.039062,0.992188
6.83274,0.0625,-0.109375,0.992188
6.833066,0.054688,-0.054688,0.960938
6.833391,0.0625,-0.0625,0.96875
6.833717,0.03125,-0.054688,0.960938
6.834043,0.078125,-0.046875,1.007812
6.834369,0.039062,-0.078125,0.992188
6.834695,0.039062,-0.101562,0.992188
6.835021,0.039062,-0.070312,0.96875
6.835347,0.046875,-0.046875,0.945312
6.835673,0.039062,-0.046875,1.0
6.835999,0.039062,-0.070312,0.992188
6.836325,0.046875,-0.070312,1.007812
6.836651,0.078125,-0.0625,1.0
6.836977,0.0625,-0.0625,1.0
6.837303,0.054688,-0.070312,0.984375
6.837629,0.023438,-0.046875,1.007812
6.837954,0.046875,-0.070312,0.945312
6.83828,0.046875,-0.0625,1.0
6.838606,0.054688,-0.078125,0.976562
6.838932,0.0625,-0.085938,0.96875
6.839258,0.039062,-0.101562,0.945312
6.839584,0.0625,-0.0625,0.976562
6.83991,0.046875,-0.070312,0.960938
6.840236,0.023438,-0.039062,0.96875
6.840562,0.0,-0.039062,0.992188
6.840888,0.015625,-0.046875,0.945312
6.841214,0.054688,-0.078125,0.984375
6.84154,0.0,-0.085938,0.96875
6.841866,0.039062,-0.070312,0.960938
6.842192,0.070312,-0.085938,1.0
6.842517,0.023438,-0.101562,0.929688
6.842843,0.054688,-0.070312,1.0
6.843169,0.039062,-0.039062,0.984375
6.843495,0.007812,-0.046875,0.96875
6.843821,0.054688,-0.03125,0.960938
6.844147,0.03125,-0.070312,0.976562
6.844473,0.015625,-0.0625,1.0
6.844799,0.070312,-0.0625,0.945312
6.845125,0.03125,-0.101562,1.023438
6.845451,0.0625,-0.09375,1.039062
6.845777,0.039062,-0.09375,1.007812
6.846103,0.023438,-0.039062,0.976562
6.846429,0.085938,-0.054688,0.960938
6.846755,0.007812,-0.070312,0.9375
6.84708,0.054688,-0.078125,0.960938
6.847406,0.085938,-0.054688,0.960938
6.847732,0.085938,-0.085938,0.960938
6.848058,0.054688,-0.054688,1.0
6.848384,0.039062,-0.046875,0.992188
6.84871,0.046875,-0.078125,1.039062
6.849036,0.023438,-0.070312,0.945312
6.849362,0.046875,-0.039062,0.96875
6.849688,0.046875,-0.085938,0.992188
6.850014,0.039062,-0.101562,1.007812
6.85034,0.046875,-0.054688,0.992188
6.850666,0.039062,-0.070312,0.96875
6.850992,0.054688,-0.078125,0.960938
6.851317,0.054688,-0.070312,1.0
6.851643,0.046875,-0.09375,0.945312
6.851969,0.039062,-0.070312,0.953125
6.852295,0.046875,-0.054688,0.984375
6.852621,0.03125,-0.117188,0.992188
6.852947,0.054688,-0.0625,0.976562
6.853273,0.023438,-0.039062,0.9375
6.853599,0.054688,-0.085938,0.984375
6.853925,0.023438,-0.046875,0.960938
6.854251,0.039062,-0.070312,1.046875
6.854577,0.03125,-0.101562,0.96875
6.854903,0.054688,-0.09375,1.0
6.855229,0.054688,-0.070312,0.96875
6.855555,0.03125,-0.078125,0.953125
6.85588,0.023438,-0.046875,1.015625
6.856206,0.0625,-0.0625,1.0
6.856532,0.03125,-0.054688,1.015625
6.856858,0.0,-0.125,1.03125
6.857184,0.046875,-0.03125,0.984375
6.85751,0.078125,-0.078125,1.046875
6.857836,0.046875,-0.046875,0.992188
6.858162,0.023438,-0.070312,0.992188
6.858488,0.046875,-0.054688,1.023438
6.858814,0.070312,-0.078125,1.0
6.85914,0.015625,-0.109375,1.0
6.859466,0.085938,-0.09375,0.96875
6.859792,0.0625,-0.078125,1.03125
6.860118,0.015625,-0.054688,0.992188
6.860443,0.078125,-0.0625,1.007812
6.860769,0.054688,-0.078125,1.0
6.861095,0.039062,-0.039062,0.984375
6.861421,0.0,-0.070312,0.96875
6.861747,0.0,-0.054688,1.023438
6.862073,0.007812,-0.054688,0.90625
6.862399,0.054688,-0.054688,0.960938
6.862725,0.039062,-0.085938,0.953125
6.863051,0.023438,-0.0625,0.992188
6.863377,0.039062,-0.054688,1.0
6.863703,0.03125,-0.070312,1.0
6.864029,0.046875,-0.039062,1.023438
6.864355,0.015625,-0.070312,1.0
6.864681,0.046875,-0.070312,0.984375
6.865006,0.023438,-0.085938,0.984375
6.865332,0.007812,-0.046875,0.9375
6.865658,0.054688,-0.039062,0.992188
6.865984,0.0625,-0.101562,1.0
6.86631,0.070312,-0.078125,0.984375
6.866636,0.0625,-0.0625,0.9375
6.866962,0.0625,-0.109375,0.960938
6.867288,0.054688,-0.054688,1.0
6.867614,0.078125,-0.101562,1.0
6.86794,0.007812,-0.054688,1.015625
6.868266,0.046875,-0.070312,0.9375
6.868592,0.070312,-0.101562,0.992188
6.868918,0.023438,-0.0625,0.992188
6.869243,0.054688,-0.070312,0.992188
6.869569,0.070312,-0.054688,0.976562
6.869895,0.007812,-0.070312,0.9375
6.870221,0.046875,-0.054688,0.984375
6.870547,0.039062,-0.085938,0.984375
6.870873,0.0625,-0.054688,0.96875
6.871199,0.015625,-0.046875,0.945312
6.871525,0.046875,-0.054688,0.992188
6.871851,0.0,-0.101562,1.007812
6.872177,0.054688,-0.0625,1.0
6.872503,0.023438,-0.039062,0.992188
6.872829,0.03125,-0.070312,1.0
6.873155,0.046875,-0.070312,0.984375
6.873481,0.03125,-0.054688,0.945312
6.873806,0.054688,-0.039062,0.992188
6.874132,0.03125,-0.070312,0.992188
6.874458,0.023438,-0.078125,0.976562
6.874784,0.023438,-0.046875,1.007812
6.87511,0.054688,-0.070312,1.0
6.875436,0.0625,-0.039062,0.976562
6.875762,0.070312,-0.132812,1.0
6.876088,0.046875,-0.101562,0.984375
6.876414,0.015625,-0.070312,0.992188
6.87674,0.0,-0.070312,0.976562
6.877066,0.0625,-0.054688,0.992188
6.877392,0.054688,-0.039062,1.0
6.877718,0.03125,-0.039062,0.960938
6.878044,0.054688,-0.054688,0.992188
6.878369,0.007812,-0.109375,1.007812
6.878695,0.054688,-0.070312,1.023438
6.879021,0.03125,-0.054688,0.992188
6.879347,0.03125,-0.054688,1.0
6.879673,0.03125,-0.085938,0.960938
6.879999,0.03125,-0.039062,0.992188
6.880325,0.039062,-0.09375,0.976562
6.880651,0.039062,-0.0625,0.984375
6.880977,0.023438,-0.054688,0.984375
6.881303,0.023438,-0.046875,1.0
6.881629,0.054688,-0.0625,1.0
6.881955,0.054688,-0.054688,1.015625
6.882281,0.039062,-0.054688,0.992188
6.882607,0.03125,-0.085938,0.96875
6.882932,0.039062,-0.085938,1.0
6.883258,0.046875,-0.054688,0.984375
6.883584,0.039062,-0.078125,0.976562
6.88391,0.007812,-0.070312,1.0
6.884236,0.054688,-0.117188,0.992188
6.884562,0.054688,-0.101562,0.992188
6.884888,0.054688,-0.054688,1.0
6.885214,0.0,-0.039062,0.992188
6.88554,0.054688,-0.070312,0.984375
6.885866,0.046875,-0.117188,1.0
6.886192,0.023438,-0.085938,1.0
6.886518,0.070312,-0.03125,0.96875
6.886844,0.0,-0.09375,1.039062
6.887169,0.039062,-0.085938,1.054688
6.887495,0.03125,-0.039062,0.96875
6.887821,0.023438,-0.078125,0.96875
6.888147,0.046875,-0.054688,1.0
6.888473,0.015625,-0.070312,0.992188
6.888799,0.070312,-0.101562,0.992188
6.889125,0.023438,-0.03125,0.953125
6.889451,0.0625,-0.046875,0.976562
6.889777,0.054688,-0.078125,1.023438
6.890103,0.023438,-0.078125,0.96875
6.890429,0.046875,-0.070312,1.0
6.890755,0.046875,-0.070312,0.984375
6.891081,0.0,-0.046875,0.9375
6.891407,0.03125,-0.046875,0.960938
6.891732,0.023438,-0.070312,0.96875
6.892058,0.070312,-0.070312,1.015625
6.892384,0.0625,-0.109375,1.0
6.89271,0.046875,-0.0625,1.015625
6.893036,0.054688,-0.078125,1.007812
6.893362,0.070312,-0.0625,0.984375
6.893688,0.023438,-0.054688,0.976562
6.894014,0.0625,-0.078125,0.992188
6.89434,0.046875,-0.0625,0.9375
6.894666,0.039062,-0.101562,1.007812
6.894992,0.054688,-0.101562,0.9375
6.895318,0.054688,-0.0625,1.0
6.895644,0.070312,-0.09375,1.0
6.89597,0.0625,-0.101562,0.984375
6.896295,0.054688,-0.0625,0.945312
6.896621,0.039062,-0.039062,0.984375
6.896947,0.046875,-0.09375,1.0
6.897273,0.039062,-0.070312,1.015625
6.897599,0.03125,-0.03125,0.914062
6.897925,0.023438,-0.039062,1.007812
6.898251,0.0625,-0.09375,1.015625
6.898577,0.054688,-0.070312,0.992188
6.898903,0.054688,-0.101562,1.0
6.899229,0.054688,-0.078125,0.96875
6.899555,0.023438,-0.0625,0.984375
6.899881,0.03125,-0.078125,0.992188
6.900207,0.03125,-0.046875,0.960938
6.900533,0.03125,-0.046875,0.992188
6.900858,0.023438,-0.0625,1.0
6.901184,0.046875,-0.0625,0.992188
6.90151,0.023438,-0.0625,0.953125
6.901836,0.023438,-0.0625,0.9375
6.902162,0.0625,-0.101562,1.0
6.902488,0.039062,-0.046875,0.976562
6.902814,0.015625,-0.085938,0.992188
6.90314,0.046875,-0.070312,1.015625
6.903466,0.039062,-0.078125,1.0
6.903792,0.046875,-0.054688,0.984375
6.904118,0.007812,-0.046875,0.96875
6.904444,0.039062,-0.0625,0.976562
6.90477,0.054688,-0.0625,0.992188
6.905095,0.039062,-0.0625,0.96875
6.905421,0.054688,-0.070312,1.007812
6.905747,0.054688,-0.046875,0.960938
6.906073,0.039062,-0.078125,1.0
6.906399,0.054688,-0.039062,0.960938
6.906725,0.085938,-0.046875,0.976562
6.907051,0.046875,-0.078125,0.992188
6.907377,0.054688,-0.039062,0.960938
6.907703,0.09375,-0.078125,0.984375
6.908029,0.046875,-0.0625,0.984375
6.908355,0.039062,-0.054688,0.992188
6.908681,0.078125,-0.070312,1.015625
6.909007,0.03125,-0.070312,0.96875
6.909333,0.023438,-0.09375,0.984375
6.909658,0.046875,-0.0625,0.96875
6.909984,0.039062,-0.070312,0.960938
6.91031,0.03125,-0.039062,0.96875
6.910636,0.039062,-0.09375,0.976562
6.910962,0.078125,-0.046875,0.96875
6.911288,0.046875,-0.0625,0.945312
6.911614,0.039062,-0.09375,0.960938
6.91194,0.085938,-0.070312,0.929688
6.912266,0.023438,-0.070312,1.0
6.912592,0.015625,-0.0625,1.007812
6.912918,0.054688,-0.0625,0.960938
6.913244,0.046875,-0.070312,0.96875
6.91357,0.0625,-0.0625,1.0
6.913896,0.054688,-0.09375,0.96875
6.914221,0.039062,-0.101562,0.976562
6.914547,0.054688,-0.070312,1.0
6.914873,0.015625,-0.09375,0.992188
6.915199,0.078125,-0.078125,0.984375
6.915525,0.039062,-0.078125,0.984375
6.915851,0.039062,-0.0625,0.976562
6.916177,0.03125,-0.054688,0.984375
6.916503,0.078125,-0.101562,1.007812
6.916829,0.039062,-0.09375,0.9375
6.917155,0.046875,-0.078125,0.976562
6.917481,0.046875,-0.09375,0.976562
6.917807,0.054688,-0.0625,0.992188
6.918133,0.0,-0.101562,1.039062
6.918459,0.03125,-0.09375,0.992188
6.918784,0.023438,-0.078125,1.03125
6.91911,0.0,-0.101562,0.992188
6.919436,0.039062,-0.039062,1.0
6.919762,0.054688,-0.015625,0.960938
6.920088,0.054688,-0.0625,0.992188
6.920414,0.023438,-0.085938,0.992188
6.92074,0.007812,-0.070312,1.023438
6.921066,0.054688,-0.070312,0.96875
6.921392,0.023438,-0.054688,0.984375
6.921718,0.054688,-0.09375,1.03125
6.922044,0.039062,-0.101562,0.976562
6.92237,0.03125,-0.085938,0.992188
6.922696,0.054688,-0.046875,0.929688
6.923021,0.015625,-0.0625,0.976562
6.923347,0.039062,-0.109375,1.023438
6.923673,0.0625,-0.09375,0.96875
6.923999,0.023438,-0.046875,1.0
6.924325,0.039062,-0.078125,0.953125
6.924651,0.0,-0.09375,0.992188
6.924977,0.039062,-0.078125,0.96875
6.925303,0.03125,-0.070312,0.96875
6.925629,0.078125,-0.070312,0.984375
6.925955,0.023438,-0.070312,0.945312
6.926281,0.007812,-0.046875,1.0
6.926607,0.007812,-0.085938,0.960938
6.926933,0.039062,-0.117188,0.992188
6.927259,0.03125,-0.054688,0.984375
6.927584,0.023438,-0.070312,1.0
6.92791,0.054688,-0.070312,0.929688
6.928236,0.007812,-0.078125,0.992188
6.928562,0.0,-0.085938,1.039062
6.928888,0.023438,-0.054688,1.0
6.929214,0.023438,-0.054688,0.992188
6.92954,0.054688,-0.109375,0.960938
6.929866,0.039062,-0.0625,0.976562
6.930192,0.0625,-0.007812,0.960938
6.930518,0.03125,-0.078125,0.96875
6.930844,0.078125,-0.070312,0.984375
6.93117,0.054688,-0.070312,0.953125
6.931496,0.046875,-0.070312,0.945312
6.931822,0.023438,-0.03125,1.0
6.932147,0.054688,-0.054688,0.984375
6.932473,0.015625,-0.039062,0.992188
6.932799,0.023438,-0.078125,1.007812
6.933125,0.039062,-0.039062,1.015625
6.933451,0.054688,-0.007812,0.984375
6.933777,0.015625,-0.054688,1.0
6.934103,0.015625,-0.0625,0.992188
6.934429,0.015625,-0.101562,1.007812
6.934755,0.054688,-0.039062,0.96875
6.935081,0.03125,-0.0625,1.0
6.935407,0.070312,-0.09375,1.0
6.935733,0.023438,-0.070312,0.96875
6.936059,0.03125,-0.046875,0.992188
6.936385,0.015625,-0.117188,0.992188
6.93671,0.023438,-0.070312,0.984375
6.937036,0.03125,-0.054688,0.960938
6.937362,0.046875,-0.09375,0.945312
6.937688,0.054688,-0.078125,1.0
6.938014,0.078125,-0.039062,1.046875
6.93834,0.054688,-0.054688,0.992188
6.938666,0.03125,-0.054688,0.984375
6.938992,0.039062,-0.046875,0.921875
6.939318,0.085938,-0.046875,0.992188
6.939644,0.03125,-0.023438,0.945312
6.93997,0.015625,-0.078125,1.007812
6.940296,0.023438,-0.070312,0.953125
6.940622,0.023438,-0.046875,0.984375
6.940947,0.0625,-0.09375,1.007812
6.941273,0.054688,-0.101562,0.992188
6.941599,0.078125,-0.085938,0.960938
6.941925,0.046875,-0.09375,0.945312
6.942251,0.0,-0.046875,0.945312
6.942577,0.015625,-0.0625,1.015625
6.942903,0.023438,-0.09375,0.96875
6.943229,0.054688,-0.070312,1.0
6.943555,0.0625,-0.085938,1.015625
6.943881,0.046875,-0.03125,0.960938
6.944207,0.046875,-0.0625,0.992188
6.944533,0.046875,-0.109375,0.976562
6.944859,0.03125,-0.0625,0.992188
6.945185,0.054688,-0.0625,0.992188
6.94551,0.023438,-0.054688,0.984375
6.945836,0.054688,-0.09375,1.023438
6.946162,0.054688,-0.085938,0.960938
6.946488,0.078125,-0.03125,0.992188
6.946814,0.046875,-0.054688,1.0
6.94714,0.039062,-0.054688,0.96875
6.947466,0.054688,-0.0625,1.0
6.947792,0.0,-0.046875,0.992188
6.948118,0.070312,-0.054688,0.96875
6.948444,0.039062,-0.078125,1.0
6.94877,0.015625,-0.054688,0.945312
6.949096,0.054688,-0.078125,1.0
6.949422,0.03125,-0.078125,0.945312
6.949748,0.046875,-0.078125,0.992188
6.950073,0.054688,-0.070312,1.007812
6.950399,0.007812,-0.070312,0.992188
6.950725,0.0625,-0.046875,1.0
6.951051,0.023438,-0.085938,0.992188
6.951377,0.078125,-0.0625,0.96875
6.951703,0.054688,-0.085938,0.914062
6.952029,0.023438,-0.09375,0.9375
6.952355,0.039062,-0.109375,0.976562
6.952681,0.023438,-0.054688,0.929688
6.953007,0.015625,-0.085938,0.984375
6.953333,0.054688,-0.039062,1.0
6.953659,0.023438,-0.054688,0.992188
6.953985,0.023438,-0.054688,0.992188
6.954311,0.0,-0.078125,0.960938
6.954636,0.054688,-0.054688,0.992188
6.954962,0.03125,-0.046875,0.992188
6.955288,0.015625,-0.0625,0.976562
6.955614,0.054688,-0.070312,1.007812
6.95594,0.046875,-0.054688,0.992188
6.956266,0.023438,-0.0625,0.992188
6.956592,0.0625,-0.101562,0.992188
6.956918,0.039062,-0.078125,0.992188
6.957244,0.03125,-0.054688,1.0
6.95757,0.046875,-0.046875,0.953125
6.957896,0.023438,-0.085938,0.90625
6.958222,0.015625,-0.039062,0.984375
6.958548,0.046875,-0.0625,0.96875
6.958873,0.03125,-0.070312,0.96875
6.959199,0.007812,-0.070312,0.984375
6.959525,0.023438,-0.039062,0.984375
6.959851,0.085938,-0.046875,1.0
6.960177,0.039062,-0.078125,0.96875
6.960503,0.054688,-0.101562,0.96875
6.960829,0.039062,-0.054688,0.960938
6.961155,0.007812,-0.109375,0.960938
6.961481,0.023438,-0.054688,0.992188
6.961807,0.015625,-0.046875,0.96875
6.962133,0.015625,-0.078125,0.992188
6.962459,0.046875,-0.070312,0.984375
6.962785,0.054688,-0.039062,0.984375
6.963111,0.023438,-0.085938,1.023438
6.963436,0.046875,-0.070312,0.960938
6.963762,0.015625,-0.09375,0.960938
6.964088,0.054688,-0.046875,1.0
6.964414,0.03125,-0.085938,0.984375
6.96474,0.054688,-0.070312,1.0
6.965066,0.0625,-0.054688,0.96875
6.965392,0.007812,-0.0625,0.984375
6.965718,0.054688,-0.078125,0.992188
6.966044,0.078125,-0.070312,1.015625
6.96637,0.0625,-0.070312,0.992188
6.966696,0.015625,-0.046875,1.015625
6.967022,0.03125,-0.046875,0.9375
6.967348,0.03125,-0.101562,0.976562
6.967674,0.007812,-0.054688,1.0
6.967999,0.0625,-0.070312,0.992188
6.968325,0.046875,-0.070312,1.0
6.968651,0.039062,-0.085938,1.0
6.968977,0.054688,-0.09375,1.023438
6.969303,0.0625,-0.0625,1.03125
6.969629,0.054688,-0.070312,1.007812
6.969955,0.046875,-0.09375,0.984375
6.970281,0.054688,-0.054688,1.0
6.970607,0.054688,-0.0625,0.992188
6.970933,0.046875,-0.054688,1.0
6.971259,0.03125,-0.078125,0.984375
6.971585,0.070312,-0.0625,0.96875
6.971911,0.054688,-0.046875,0.992188
6.972237,0.0625,-0.09375,0.945312
6.972562,0.039062,-0.09375,0.976562
6.972888,0.054688,-0.070312,1.007812
6.973214,0.070312,-0.078125,1.0
6.97354,0.054688,-0.085938,1.0
6.973866,0.054688,-0.109375,0.992188
6.974192,0.03125,-0.054688,0.992188
6.974518,0.054688,-0.109375,0.992188
6.974844,0.054688,-0.046875,0.992188
6.97517,0.054688,-0.101562,1.0
6.975496,0.039062,-0.085938,1.0
6.975822,0.046875,-0.039062,0.984375
6.976148,0.0625,-0.109375,1.023438
6.976474,0.03125,-0.0625,1.023438
6.976799,0.039062,-0.109375,0.992188
6.977125,0.039062,-0.109375,0.96875
6.977451,0.039062,-0.0625,0.960938
6.977777,0.015625,-0.0625,0.976562
6.978103,0.046875,-0.070312,1.0
6.978429,0.007812,-0.078125,0.960938
6.978755,0.054688,-0.078125,1.007812
6.979081,0.039062,-0.054688,0.984375
6.979407,0.046875,-0.085938,0.992188
6.979733,0.039062,-0.085938,0.992188
6.980059,0.054688,-0.09375,0.992188
6.980385,0.023438,-0.09375,0.976562
6.980711,0.03125,-0.039062,0.953125
6.981037,0.046875,-0.070312,0.960938
6.981362,0.03125,-0.078125,0.976562
6.981688,0.070312,-0.0625,0.960938
6.982014,0.007812,-0.09375,1.039062
6.98234,0.03125,-0.070312,0.9375
6.982666,0.070312,-0.101562,1.015625
6.982992,0.007812,-0.0625,0.976562
6.983318,0.015625,-0.046875,0.929688
6.983644,0.03125,-0.101562,0.992188
6.98397,0.03125,-0.09375,1.0
6.984296,0.039062,-0.085938,1.0
6.984622,0.03125,-0.015625,0.992188
6.984948,0.054688,-0.0625,1.023438
6.985274,0.054688,-0.070312,1.007812
6.9856,0.070312,-0.070312,0.960938
6.985925,0.023438,-0.039062,0.945312
6.986251,0.0625,-0.101562,1.023438
6.986577,0.070312,-0.078125,1.015625
6.986903,0.046875,-0.054688,0.992188
6.987229,0.039062,-0.03125,1.023438
6.987555,0.023438,-0.03125,0.984375
6.987881,0.046875,-0.03125,0.953125
6.988207,0.03125,-0.101562,0.945312
6.988533,0.023438,-0.070312,0.976562
6.988859,0.054688,-0.046875,1.015625
6.989185,0.0,-0.078125,0.992188
6.989511,0.023438,-0.085938,0.960938
6.989837,0.054688,-0.078125,0.96875
6.990163,0.070312,-0.054688,1.023438
6.990488,0.039062,-0.078125,0.96875
6.990814,0.046875,-0.039062,0.960938
6.99114,0.03125,-0.070312,1.0
6.991466,0.007812,-0.054688,0.992188
6.991792,0.039062,-0.070312,1.007812
6.992118,0.0625,-0.0625,0.96875
6.992444,0.046875,-0.078125,0.953125
6.99277,0.054688,-0.085938,1.007812
6.993096,0.054688,-0.078125,0.960938
6.993422,0.046875,-0.046875,0.960938
6.993748,0.023438,-0.070312,1.0
6.994074,0.023438,-0.0625,1.007812
6.9944,0.046875,-0.070312,0.992188
6.994725,0.007812,-0.09375,1.0
6.995051,0.023438,-0.070312,0.96875
6.995377,0.015625,-0.054688,0.945312
6.995703,0.054688,-0.078125,0.960938
6.996029,0.046875,-0.054688,0.96875
6.996355,0.015625,-0.078125,1.007812
6.996681,0.0,-0.039062,1.007812
6.997007,0.046875,-0.0625,1.023438
6.997333,0.023438,-0.101562,1.0
6.997659,0.023438,-0.054688,0.992188
6.997985,0.039062,-0.117188,1.0
6.998311,0.054688,-0.078125,0.96875
6.998637,0.0625,-0.109375,0.992188
6.998963,0.039062,-0.132812,1.007812
6.999288,0.0,-0.046875,0.976562
6.999614,0.054688,-0.078125,0.992188
6.99994,0.046875,-0.09375,1.007812
7.000266,0.0625,-0.054688,0.984375
7.000592,0.023438,-0.070312,0.976562
7.000918,0.039062,-0.09375,0.992188
7.001244,0.023438,-0.078125,0.984375
7.00157,0.054688,-0.070312,0.992188
7.001896,0.054688,-0.054688,0.953125
7.002222,0.039062,-0.070312,0.984375
7.002548,0.007812,-0.0625,1.0
7.002874,0.0,-0.101562,1.0
7.0032,0.070312,-0.085938,1.023438
7.003526,0.054688,-0.085938,0.992188
7.003851,0.085938,-0.070312,0.929688
7.004177,0.046875,-0.039062,0.96875
7.004503,0.0,-0.070312,0.984375
7.004829,0.007812,-0.03125,0.992188
7.005155,0.054688,-0.070312,1.007812
7.005481,0.03125,-0.085938,0.984375
7.005807,0.0625,-0.117188,0.945312
7.006133,0.046875,-0.078125,0.914062
7.006459,0.039062,-0.0625,0.96875
7.006785,0.0625,-0.078125,0.945312
7.007111,0.039062,-0.070312,0.976562
7.007437,0.054688,-0.054688,1.0
7.007763,0.03125,-0.0625,1.015625
7.008089,0.015625,-0.078125,1.0
7.008414,0.023438,-0.046875,0.960938
7.00874,0.046875,-0.070312,1.0
7.009066,0.070312,-0.070312,0.992188
7.009392,0.0,-0.0625,0.960938
7.009718,0.03125,-0.03125,0.992188
7.010044,0.046875,-0.046875,0.953125
7.01037,0.007812,-0.078125,0.992188
7.010696,0.023438,-0.054688,0.984375
7.011022,0.046875,-0.085938,1.0
7.011348,0.054688,-0.070312,0.992188
7.011674,0.046875,-0.0625,1.0
7.012,0.03125,-0.039062,1.015625
7.012326,0.03125,-0.09375,0.953125
7.012651,0.054688,-0.078125,1.054688
7.012977,0.054688,-0.070312,0.960938
7.013303,0.046875,-0.03125,1.023438
7.013629,0.0,-0.070312,0.984375
7.013955,0.03125,-0.054688,0.976562
7.014281,0.03125,-0.101562,0.96875
7.014607,0.054688,-0.101562,1.015625
7.014933,0.007812,-0.046875,0.96875
7.015259,0.007812,-0.070312,0.960938
7.015585,0.046875,-0.0625,0.945312
7.015911,0.046875,-0.070312,1.0
7.016237,0.007812,-0.070312,0.953125
7.016563,0.039062,-0.046875,0.945312
7.016889,0.054688,-0.101562,1.0
7.017214,0.007812,-0.0625,0.960938
7.01754,0.023438,-0.078125,1.007812
7.017866,0.0625,-0.078125,1.0
7.018192,0.039062,-0.101562,0.992188
7.018518,0.039062,-0.070312,0.953125
7.018844,0.039062,-0.070312,0.960938
7.01917,0.046875,-0.070312,0.960938
7.019496,0.039062,-0.109375,0.976562
7.019822,0.101562,-0.109375,0.984375
7.020148,0.023438,-0.070312,0.945312
7.020474,0.0625,-0.0625,0.960938
7.0208,0.0,-0.078125,1.0
7.021126,0.023438,-0.0625,1.0
7.021452,0.03125,-0.0625,1.023438
7.021777,0.023438,-0.054688,0.984375
7.022103,0.007812,-0.070312,1.0
7.022429,0.023438,-0.078125,0.953125
7.022755,0.046875,-0.101562,0.984375
7.023081,0.03125,-0.109375,1.023438
7.023407,0.03125,-0.007812,0.992188
7.023733,0.0,-0.070312,0.984375
7.024059,0.046875,-0.085938,0.953125
7.024385,0.078125,-0.078125,1.023438
7.024711,0.046875,-0.085938,1.0
7.025037,0.007812,-0.078125,0.945312
7.025363,0.054688,-0.070312,0.976562
7.025689,0.023438,-0.0625,1.0
7.026015,0.039062,-0.0625,1.03125
7.02634,0.039062,-0.0625,1.046875
7.026666,0.054688,-0.0625,1.0
7.026992,0.015625,-0.101562,0.960938
7.027318,0.070312,-0.117188,0.960938
7.027644,0.039062,-0.101562,0.984375
7.02797,0.054688,-0.117188,1.0
7.028296,0.0625,-0.101562,0.921875
7.028622,0.070312,-0.101562,0.9375
7.028948,0.023438,-0.09375,0.90625
7.029274,0.070312,-0.101562,0.9375
7.0296,0.0625,-0.070312,0.984375
7.029926,0.03125,-0.085938,1.0
7.030252,0.085938,-0.109375,1.0
7.030577,0.0625,-0.085938,1.0
7.030903,0.09375,-0.085938,0.976562
7.031229,0.03125,-0.039062,0.992188
7.031555,0.0,-0.101562,0.960938
7.031881,0.085938,-0.070312,0.992188
7.032207,0.046875,-0.070312,0.992188
7.032533,0.054688,-0.046875,0.992188
7.032859,0.046875,-0.03125,1.007812
7.033185,0.046875,-0.0625,1.023438
7.033511,0.054688,-0.046875,1.015625
7.033837,0.054688,-0.046875,0.992188
7.034163,0.039062,-0.0625,1.023438
7.034489,0.039062,-0.070312,0.976562
7.034815,0.070312,-0.109375,0.984375
7.03514,0.0,-0.085938,1.0
7.035466,0.015625,-0.078125,0.984375
7.035792,0.023438,-0.03125,1.023438
7.036118,0.015625,-0.078125,1.007812
7.036444,0.046875,-0.0625,1.0
7.03677,0.054688,-0.054688,0.976562
7.037096,0.078125,-0.046875,0.984375
7.037422,0.023438,-0.054688,1.007812
7.037748,0.007812,-0.09375,0.945312
7.038074,0.070312,-0.070312,1.023438
7.0384,0.03125,-0.039062,0.945312
7.038726,0.070312,-0.117188,1.015625
7.039052,0.023438,-0.046875,0.953125
7.039378,0.046875,-0.085938,0.976562
7.039703,0.023438,-0.054688,0.984375
7.040029,0.054688,-0.070312,0.96875
7.040355,0.007812,-0.085938,0.96875
7.040681,0.039062,-0.117188,0.984375
7.041007,0.054688,-0.054688,0.992188
7.041333,0.078125,-0.117188,0.992188
7.041659,0.054688,-0.0625,0.945312
7.041985,0.054688,-0.078125,0.960938
7.042311,0.039062,-0.039062,0.984375
7.042637,0.046875,-0.101562,1.0
7.042963,0.046875,-0.078125,1.0
7.043289,0.046875,-0.070312,1.0
7.043615,0.0,-0.054688,1.0
7.043941,0.046875,-0.117188,0.953125
7.044266,0.046875,-0.078125,0.992188
7.044592,0.054688,-0.078125,1.007812
7.044918,0.023438,-0.039062,1.0
7.045244,0.0625,-0.03125,0.992188
7.04557,0.023438,-0.117188,0.96875
7.045896,0.03125,-0.0625,0.953125
7.046222,0.023438,-0.046875,0.96875
7.046548,0.046875,-0.070312,1.015625
7.046874,0.054688,-0.085938,0.984375
7.0472,0.070312,-0.054688,1.0
7.047526,0.03125,-0.03125,0.9375
7.047852,0.054688,-0.101562,1.0
7.048178,0.054688,-0.085938,1.0
7.048503,0.039062,-0.0625,0.992188
7.048829,0.03125,-0.101562,1.007812
7.049155,0.015625,-0.070312,0.960938
7.049481,0.03125,-0.054688,1.0
7.049807,0.0,-0.078125,1.0
7.050133,0.054688,-0.078125,0.960938
7.050459,0.007812,-0.085938,1.0
7.050785,0.023438,-0.0625,0.96875
7.051111,0.03125,-0.070312,0.976562
7.051437,0.054688,-0.101562,0.992188
7.051763,0.0,-0.09375,1.0
7.052089,0.023438,-0.078125,0.984375
7.052415,0.03125,-0.03125,0.960938
7.052741,0.03125,-0.078125,1.0
7.053066,0.046875,-0.054688,0.984375
7.053392,0.03125,-0.054688,0.945312
7.053718,0.046875,-0.085938,1.0
7.054044,0.023438,-0.054688,0.992188
7.05437,0.046875,-0.070312,0.976562
7.054696,0.0625,-0.046875,0.976562
7.055022,0.039062,-0.070312,1.0
7.055348,0.0625,-0.109375,1.0
7.055674,0.039062,-0.101562,0.992188
7.056,0.0625,-0.070312,0.992188
7.056326,0.054688,-0.101562,0.960938
7.056652,0.054688,-0.0625,0.960938
7.056978,0.03125,-0.0625,1.0
7.057304,0.023438,-0.0625,0.945312
7.057629,0.046875,-0.101562,0.984375
7.057955,0.054688,-0.0625,1.0
7.058281,0.03125,-0.09375,1.007812
7.058607,0.007812,-0.0625,0.953125
7.058933,0.03125,-0.09375,1.023438
7.059259,0.023438,-0.070312,0.945312
7.059585,0.023438,-0.085938,0.984375
7.059911,0.03125,-0.078125,0.96875
7.060237,0.007812,-0.070312,0.992188
7.060563,0.054688,-0.085938,0.984375
7.060889,0.054688,-0.0625,0.960938
7.061215,0.007812,-0.0625,0.976562
7.061541,0.046875,-0.054688,0.992188
7.061867,0.023438,-0.070312,0.984375
7.062192,0.03125,-0.078125,1.0
7.062518,0.023438,-0.070312,1.0
7.062844,0.054688,-0.039062,0.960938
7.06317,0.007812,-0.0625,0.976562
7.063496,0.054688,-0.09375,1.023438
7.063822,0.023438,-0.078125,1.007812
7.064148,0.046875,-0.070312,0.984375
7.064474,0.054688,-0.046875,0.992188
7.0648,0.046875,-0.070312,0.976562
7.065126,0.03125,-0.070312,0.929688
7.065452,0.007812,-0.070312,0.960938
7.065778,0.0625,-0.085938,0.992188
7.066104,0.039062,-0.054688,0.945312
7.066429,0.054688,-0.078125,0.96875
7.066755,0.007812,-0.085938,0.992188
7.067081,0.03125,-0.078125,0.984375
7.067407,0.039062,-0.070312,0.96875
7.067733,0.023438,-0.039062,0.960938
7.068059,0.039062,-0.09375,0.976562
7.068385,0.03125,-0.0625,0.992188
7.068711,0.007812,-0.039062,1.0
7.069037,0.0625,-0.117188,0.96875
7.069363,0.03125,-0.070312,0.984375
7.069689,0.007812,-0.039062,0.976562
7.070015,0.023438,-0.101562,0.945312
7.070341,0.015625,-0.054688,0.945312
7.070667,0.054688,-0.070312,1.0
7.070992,0.03125,-0.078125,1.0
7.071318,0.03125,-0.085938,0.992188
7.071644,0.039062,-0.09375,0.945312
7.07197,0.0625,-0.117188,0.984375
7.072296,0.039062,-0.085938,0.984375
7.072622,0.03125,-0.078125,0.96875
7.072948,0.0625,-0.09375,0.929688
7.073274,0.007812,-0.070312,0.945312
7.0736,0.023438,-0.03125,0.984375
7.073926,0.007812,-0.046875,1.0
7.074252,0.0,-0.070312,1.070312
7.074578,0.0,-0.132812,1.039062
7.074904,0.03125,-0.109375,0.96875
7.07523,0.078125,-0.039062,1.0
7.075555,0.03125,-0.070312,1.046875
7.075881,0.039062,-0.0625,0.960938
7.076207,0.054688,-0.054688,1.0
7.076533,0.054688,-0.09375,0.976562
7.076859,0.039062,-0.125,0.9375
7.077185,0.078125,-0.070312,0.9375
7.077511,0.0625,-0.09375,0.992188
7.077837,0.070312,-0.09375,1.007812
7.078163,0.015625,-0.0625,0.976562
7.078489,0.054688,-0.023438,0.992188
7.078815,0.03125,-0.007812,0.960938
7.079141,0.054688,-0.070312,0.960938
7.079467,0.078125,-0.070312,0.976562
7.079793,0.0,-0.039062,0.984375
7.080118,0.054688,-0.085938,0.992188
7.080444,0.023438,-0.070312,0.984375
7.08077,0.054688,-0.070312,1.0
7.081096,0.007812,-0.054688,0.953125
7.081422,0.0625,-0.070312,1.0
7.081748,0.023438,-0.0625,0.992188
7.082074,0.0625,-0.0625,0.992188
7.0824,0.046875,-0.101562,0.984375
7.082726,0.039062,-0.070312,1.0
7.083052,0.03125,-0.046875,0.960938
7.083378,0.039062,-0.070312,0.953125
7.083704,0.046875,-0.085938,0.992188
7.08403,0.03125,-0.085938,0.96875
7.084355,0.070312,-0.078125,0.953125
7.084681,0.007812,-0.054688,0.976562
7.085007,0.0625,-0.109375,1.007812
7.085333,0.039062,-0.0625,0.992188
7.085659,0.0,-0.039062,1.0
7.085985,0.007812,-0.085938,0.945312
7.086311,0.039062,-0.085938,0.96875
7.086637,0.023438,-0.0625,0.976562
7.086963,0.054688,-0.101562,0.960938
7.087289,0.054688,-0.039062,0.992188
7.087615,0.023438,-0.054688,0.953125
7.087941,0.054688,-0.101562,0.976562
7.088267,0.054688,-0.070312,0.992188
7.088593,0.054688,-0.085938,1.0
7.088918,0.015625,-0.054688,0.96875
7.089244,0.023438,-0.015625,1.015625
7.08957,0.046875,-0.046875,1.015625
7.089896,0.039062,-0.0625,1.0
7.090222,0.054688,-0.046875,1.015625
7.090548,0.039062,-0.09375,0.976562
7.090874,0.046875,-0.0625,1.0
7.0912,0.023438,-0.0625,0.960938
7.091526,0.054688,-0.078125,0.992188
7.091852,0.023438,-0.03125,0.976562
7.092178,0.0625,-0.054688,0.992188
7.092504,0.054688,-0.078125,0.992188
7.09283,0.046875,-0.085938,1.0
7.093156,0.03125,-0.078125,0.992188
7.093481,0.046875,-0.070312,0.96875
7.093807,0.039062,-0.09375,0.992188
7.094133,0.039062,-0.039062,0.960938
7.094459,0.023438,-0.054688,1.023438
7.094785,0.023438,-0.070312,0.945312
7.095111,0.054688,-0.054688,0.984375
7.095437,0.007812,-0.09375,0.945312
7.095763,0.046875,-0.054688,1.0
7.096089,0.007812,-0.101562,1.0
7.096415,0.03125,-0.046875,0.960938
7.096741,0.0,-0.09375,0.976562
7.097067,0.046875,-0.054688,0.992188
7.097393,0.023438,-0.085938,0.953125
7.097719,0.03125,-0.09375,0.992188
7.098044,0.023438,-0.054688,0.976562
7.09837,0.054688,-0.101562,0.976562
7.098696,0.046875,-0.085938,0.921875
7.099022,0.023438,-0.085938,0.984375
7.099348,0.0,-0.101562,0.984375
7.099674,0.054688,-0.109375,1.0
7.1,0.023438,-0.078125,1.0
7.100326,0.070312,-0.09375,0.992188
7.100652,0.0625,-0.023438,0.992188
7.100978,0.054688,-0.039062,0.976562
7.101304,0.039062,-0.046875,0.960938
7.10163,0.046875,-0.078125,0.953125
7.101956,0.054688,-0.054688,1.0
7.102281,0.007812,-0.101562,0.960938
7.102607,0.03125,-0.0625,0.976562
7.102933,0.054688,-0.09375,1.023438
7.103259,0.023438,-0.09375,0.984375
7.103585,0.023438,-0.078125,0.984375
7.103911,0.03125,-0.117188,1.0
7.104237,0.054688,-0.078125,0.960938
7.104563,0.0,-0.054688,0.992188
7.104889,0.015625,-0.101562,0.984375
7.105215,0.0625,-0.039062,1.0
7.105541,0.015625,-0.0625,1.0
7.105867,0.039062,-0.085938,0.992188
7.106193,0.054688,-0.09375,1.007812
7.106519,0.054688,-0.085938,1.0
7.106844,0.070312,-0.085938,0.945312
7.10717,0.054688,-0.101562,0.976562
7.107496,0.054688,-0.0625,0.96875
7.107822,0.054688,-0.0625,1.007812
7.108148,0.03125,-0.070312,1.007812
7.108474,0.054688,-0.0625,0.992188
7.1088,0.015625,-0.046875,0.992188
7.109126,0.0,-0.109375,1.023438
7.109452,0.0,-0.0625,0.921875
7.109778,0.0625,-0.039062,0.992188
7.110104,0.054688,-0.0625,0.96875
7.11043,0.0625,-0.125,0.960938
7.110756,0.023438,-0.039062,0.96875
7.111082,0.039062,-0.070312,0.960938
7.111407,0.039062,-0.054688,0.984375
7.111733,0.023438,-0.070312,0.984375
7.112059,0.054688,-0.0625,0.96875
7.112385,0.0625,-0.070312,1.0
7.112711,0.039062,-0.0625,0.976562
7.113037,0.054688,-0.085938,0.992188
7.113363,0.023438,-0.085938,0.90625
7.113689,0.0,-0.085938,1.007812
7.114015,0.046875,-0.085938,1.007812
7.114341,0.046875,-0.101562,0.992188
7.114667,0.023438,-0.078125,0.976562
7.114993,0.007812,-0.054688,0.96875
7.115319,0.054688,-0.054688,1.0
7.115645,0.0625,-0.046875,0.976562
7.11597,0.023438,-0.054688,1.007812
7.116296,0.039062,-0.09375,0.984375
7.116622,0.0625,-0.03125,1.0
7.116948,0.078125,-0.09375,0.921875
7.117274,0.039062,-0.054688,1.03125
7.1176,0.078125,-0.070312,1.023438
7.117926,0.023438,-0.085938,1.070312
7.118252,0.007812,-0.09375,1.007812
7.118578,0.023438,-0.085938,1.046875
7.118904,0.03125,-0.054688,0.960938
7.11923,0.054688,-0.078125,1.0
7.119556,0.023438,-0.0625,0.945312
7.119882,0.054688,-0.046875,0.992188
7.120207,0.03125,-0.0625,0.96875
7.120533,0.054688,-0.054688,0.992188
7.120859,0.054688,-0.054688,0.976562
7.121185,0.046875,-0.085938,0.9375
7.121511,0.007812,-0.070312,0.96875
7.121837,0.054688,-0.117188,1.0
7.122163,0.046875,-0.085938,1.054688
7.122489,0.0,-0.046875,1.0
7.122815,0.03125,-0.039062,0.945312
7.123141,0.007812,-0.054688,0.9375
7.123467,0.039062,-0.054688,0.96875
7.123793,0.078125,-0.070312,1.03125
7.124119,0.039062,-0.054688,0.960938
7.124445,0.039062,-0.09375,0.976562
7.12477,0.0,-0.046875,1.007812
7.125096,0.023438,-0.101562,0.96875
7.125422,0.039062,-0.039062,0.984375
7.125748,0.03125,-0.078125,0.992188
7.126074,0.054688,-0.0625,0.984375
7.1264,0.023438,-0.054688,0.96875
7.126726,0.054688,-0.09375,0.992188
7.127052,0.007812,-0.0625,0.984375
7.127378,0.007812,-0.0625,1.007812
7.127704,0.054688,-0.117188,0.992188
7.12803,0.023438,-0.085938,1.015625
7.128356,0.046875,-0.054688,0.984375
7.128682,0.054688,-0.0625,1.0
7.129008,0.046875,-0.0625,0.96875
7.129333,0.03125,-0.054688,0.992188
7.129659,0.039062,-0.0625,1.007812
7.129985,0.03125,-0.046875,0.992188
7.130311,0.078125,-0.101562,0.953125
7.130637,0.03125,-0.09375,0.992188
7.130963,0.039062,-0.085938,0.992188
7.131289,0.023438,-0.101562,0.992188
7.131615,0.0625,-0.09375,0.976562
7.131941,0.039062,-0.085938,1.0
7.132267,0.054688,-0.0625,1.015625
7.132593,0.039062,-0.054688,0.96875
7.132919,0.039062,-0.070312,0.96875
7.133245,0.046875,-0.070312,1.0
7.133571,0.03125,-0.0625,1.0
7.133896,0.046875,-0.085938,0.96875
7.134222,0.046875,-0.070312,1.0
7.134548,0.03125,-0.0625,1.023438
7.134874,0.070312,-0.078125,0.992188
7.1352,0.046875,-0.046875,0.96875
7.135526,0.046875,-0.054688,0.960938
7.135852,0.054688,-0.070312,0.96875
7.136178,0.0625,-0.101562,1.0
7.136504,0.085938,-0.070312,0.984375
7.13683,0.023438,-0.0625,0.953125
7.137156,0.03125,-0.078125,0.921875
7.137482,0.023438,-0.0625,0.984375
7.137808,0.054688,-0.101562,0.984375
7.138133,0.0,-0.070312,0.976562
7.138459,0.070312,-0.085938,0.992188
7.138785,0.0625,-0.046875,0.984375
7.139111,0.070312,-0.0625,1.007812
7.139437,0.03125,-0.054688,1.0
7.139763,0.039062,-0.054688,1.0
7.140089,0.039062,-0.078125,1.0
7.140415,0.03125,-0.132812,0.953125
7.140741,0.054688,-0.085938,0.992188
7.141067,0.054688,-0.109375,1.023438
7.141393,0.054688,-0.0625,0.984375
7.141719,0.070312,-0.0625,0.984375
7.142045,0.0625,-0.09375,1.007812
7.142371,0.046875,-0.078125,0.992188
7.142696,0.0625,-0.109375,0.992188
7.143022,0.070312,-0.085938,0.992188
7.143348,0.054688,-0.09375,0.992188
7.143674,0.054688,-0.070312,0.992188
7.144,0.054688,-0.101562,0.96875
7.144326,0.007812,-0.070312,0.984375
7.144652,0.070312,-0.125,0.992188
7.144978,0.03125,-0.039062,1.03125
7.145304,0.046875,-0.0625,1.007812
7.14563,0.054688,-0.101562,0.960938
7.145956,0.039062,-0.070312,0.953125
7.146282,0.03125,-0.070312,1.0
7.146608,0.039062,-0.101562,1.0
7.146934,0.054688,-0.039062,0.984375
7.147259,0.046875,-0.101562,1.0
7.147585,0.046875,-0.101562,0.992188
7.147911,0.03125,-0.085938,0.984375
7.148237,0.0,-0.054688,1.007812
7.148563,0.054688,-0.0625,0.992188
7.148889,0.070312,-0.054688,0.96875
7.149215,0.039062,-0.078125,0.992188
7.149541,0.0625,-0.078125,0.960938
7.149867,0.007812,-0.070312,0.96875
7.150193,0.078125,-0.078125,1.0
7.150519,0.039062,-0.0625,0.96875
7.150845,0.054688,-0.109375,0.984375
7.151171,0.070312,-0.09375,1.007812
7.151497,0.039062,-0.085938,0.992188
7.151822,0.03125,-0.101562,1.023438
7.152148,0.078125,-0.070312,1.0
7.152474,0.046875,-0.078125,1.0
7.1528,0.03125,-0.109375,1.0
7.153126,0.070312,-0.0625,0.992188
7.153452,0.046875,-0.0625,1.0
7.153778,0.023438,-0.0625,0.953125
7.154104,0.070312,-0.070312,0.96875
7.15443,0.046875,-0.078125,1.007812
7.154756,0.046875,-0.0625,1.015625
7.155082,0.054688,-0.054688,1.0
7.155408,0.03125,-0.070312,0.984375
7.155734,0.0625,-0.039062,0.953125
7.156059,0.070312,-0.078125,0.992188
7.156385,0.054688,-0.0625,0.96875
7.156711,0.03125,-0.054688,0.992188
7.157037,0.039062,-0.109375,0.976562
7.157363,0.039062,-0.070312,1.0
7.157689,0.046875,-0.101562,1.023438
7.158015,0.039062,-0.070312,0.992188
7.158341,0.054688,-0.09375,0.960938
7.158667,0.03125,-0.109375,1.0
7.158993,0.007812,-0.054688,0.992188
7.159319,0.023438,-0.054688,0.953125
7.159645,0.054688,-0.078125,1.0
7.159971,0.046875,-0.109375,1.0
7.160297,0.078125,-0.109375,0.992188
7.160622,0.054688,-0.054688,0.945312
7.160948,0.054688,-0.101562,0.976562
7.161274,0.0,-0.0625,1.0
7.1616,0.039062,-0.0625,1.007812
7.161926,0.023438,-0.054688,0.992188
7.162252,0.023438,-0.070312,0.992188
7.162578,0.023438,-0.085938,0.960938
7.162904,0.03125,-0.078125,1.015625
7.16323,0.015625,-0.070312,1.007812
7.163556,0.046875,-0.078125,1.007812
7.163882,0.039062,-0.078125,0.96875
7.164208,0.0,-0.078125,0.96875
7.164534,0.101562,-0.070312,0.984375
7.16486,0.039062,-0.09375,1.0
7.165185,0.023438,-0.054688,0.992188
7.165511,0.039062,-0.070312,1.0
7.165837,0.078125,-0.101562,0.984375
7.166163,0.03125,-0.085938,0.976562
7.166489,0.007812,-0.070312,0.992188
7.166815,0.023438,-0.0625,0.96875
7.167141,0.023438,-0.070312,0.976562
7.167467,0.023438,-0.0625,0.960938
7.167793,0.023438,-0.085938,1.0
7.168119,0.03125,-0.070312,1.0
7.168445,0.03125,-0.046875,0.960938
7.168771,0.0625,-0.085938,1.0
7.169097,0.023438,-0.101562,0.960938
7.169423,0.03125,-0.054688,1.0
7.169748,0.03125,-0.0625,0.992188
7.170074,0.046875,-0.085938,1.007812
7.1704,0.023438,-0.070312,1.023438
7.170726,0.03125,-0.09375,1.007812
7.171052,0.039062,-0.046875,0.96875
7.171378,0.046875,-0.0625,0.960938
7.171704,0.023438,-0.0625,0.96875
7.17203,0.03125,-0.0625,0.992188
7.172356,0.046875,-0.046875,0.984375
7.172682,0.046875,-0.101562,0.976562
7.173008,0.03125,-0.070312,1.007812
7.173334,0.0625,-0.078125,0.945312
7.17366,0.039062,-0.070312,1.0
7.173986,0.039062,-0.078125,0.96875
7.174311,0.046875,-0.070312,0.96875
7.174637,0.0625,-0.054688,1.0
7.174963,0.054688,-0.070312,1.0
7.175289,0.015625,-0.0625,0.992188
7.175615,0.023438,-0.0625,0.953125
7.175941,0.0625,-0.085938,0.992188
7.176267,0.023438,-0.09375,1.0
7.176593,0.0625,-0.070312,0.976562
7.176919,0.023438,-0.109375,0.992188
7.177245,0.039062,-0.070312,0.992188
7.177571,0.039062,-0.078125,0.992188
7.177897,0.039062,-0.101562,0.976562
7.178223,0.03125,-0.070312,0.945312
7.178548,0.023438,-0.070312,0.992188
7.178874,0.03125,-0.085938,0.984375
7.1792,0.023438,-0.085938,0.960938
7.179526,0.015625,-0.0625,1.007812
7.179852,0.054688,-0.039062,0.960938
7.180178,0.015625,-0.070312,1.0
7.180504,0.023438,-0.085938,1.015625
7.18083,0.046875,-0.0625,0.945312
7.181156,0.0625,-0.078125,0.976562
7.181482,0.023438,-0.085938,0.984375
7.181808,0.046875,-0.085938,1.007812
7.182134,0.039062,-0.054688,1.0
7.18246,0.023438,-0.023438,0.96875
7.182786,0.039062,-0.070312,0.960938
7.183111,0.054688,-0.0625,1.0
7.183437,0.054688,-0.085938,1.0
7.183763,0.054688,-0.09375,1.0
7.184089,0.039062,-0.085938,0.992188
7.184415,0.054688,-0.085938,0.945312
7.184741,0.054688,-0.09375,0.984375
7.185067,0.0625,-0.085938,0.984375
7.185393,0.0625,-0.046875,0.929688
7.185719,0.015625,-0.0625,0.984375
7.186045,0.03125,-0.039062,0.96875
7.186371,0.078125,-0.070312,0.953125
7.186697,0.054688,-0.085938,1.015625
7.187023,0.023438,-0.085938,1.0
7.187349,0.0625,-0.085938,1.03125
7.187674,0.046875,-0.039062,1.046875
7.188,0.03125,-0.070312,1.0
7.188326,0.03125,-0.085938,0.953125
7.188652,0.039062,-0.070312,0.929688
7.188978,0.023438,-0.078125,0.960938
7.189304,0.007812,-0.070312,1.015625
7.18963,0.007812,-0.0625,1.0
7.189956,0.054688,-0.078125,1.03125
7.190282,0.039062,-0.09375,0.960938
7.190608,0.007812,-0.0625,0.992188
7.190934,0.023438,-0.023438,0.992188
7.19126,0.023438,-0.039062,0.96875
7.191586,0.0,-0.046875,0.945312
7.191912,0.054688,-0.117188,0.976562
7.192237,0.0625,-0.09375,0.953125
7.192563,0.046875,-0.039062,1.023438
7.192889,0.03125,-0.0625,0.96875
7.193215,0.0,-0.0625,0.945312
7.193541,0.023438,-0.070312,0.976562
7.193867,0.03125,-0.0625,0.992188
7.194193,0.023438,-0.070312,1.0
7.194519,0.0625,-0.046875,0.953125
7.194845,0.039062,-0.054688,0.945312
7.195171,0.03125,-0.078125,0.992188
7.195497,0.054688,-0.070312,1.03125
7.195823,0.015625,-0.03125,1.0
7.196149,0.054688,-0.046875,1.023438
7.196474,0.085938,-0.03125,0.976562
7.1968,0.054688,-0.0625,0.960938
7.197126,0.039062,-0.0625,0.96875
7.197452,0.023438,-0.0625,0.960938
7.197778,0.039062,-0.078125,0.945312
7.198104,0.070312,-0.085938,1.007812
7.19843,0.046875,-0.070312,1.015625
7.198756,0.007812,-0.0625,0.960938
7.199082,0.015625,-0.070312,1.0
7.199408,0.046875,-0.078125,1.015625
7.199734,0.101562,-0.0625,0.960938
7.20006,0.039062,-0.0625,0.9375
7.200386,0.03125,-0.054688,0.984375
7.200712,0.039062,-0.109375,1.03125
7.201037,0.0,-0.054688,0.984375
7.201363,0.054688,-0.085938,0.960938
7.201689,0.0625,-0.09375,0.992188
7.202015,0.054688,-0.109375,0.96875
7.202341,0.023438,-0.070312,1.015625
7.202667,0.03125,-0.023438,0.976562
7.202993,0.039062,-0.070312,1.0
7.203319,0.0625,-0.125,0.953125
7.203645,0.03125,-0.046875,0.992188
7.203971,0.03125,-0.09375,1.0
7.204297,0.023438,-0.078125,1.0
7.204623,0.007812,-0.046875,0.96875
7.204949,0.015625,-0.085938,0.984375
7.205275,0.054688,-0.078125,0.984375
7.2056,0.046875,-0.054688,0.992188
7.205926,0.054688,-0.054688,0.976562
7.206252,0.054688,-0.070312,0.945312
7.206578,0.054688,-0.125,0.984375
7.206904,0.03125,-0.078125,1.023438
7.20723,0.03125,-0.09375,1.023438
7.207556,0.0,-0.039062,1.023438
7.207882,0.023438,-0.039062,0.945312
7.208208,0.039062,-0.078125,1.0
7.208534,0.039062,-0.039062,1.0
7.20886,0.015625,-0.101562,0.992188
7.209186,0.078125,-0.0625,0.992188
7.209512,0.046875,-0.085938,0.914062
7.209838,0.085938,-0.101562,1.0
7.210163,0.039062,-0.070312,0.984375
7.210489,0.03125,-0.078125,0.9375
7.210815,0.046875,-0.070312,0.992188
7.211141,0.070312,-0.070312,0.9375
7.211467,0.046875,-0.0625,0.992188
7.211793,0.039062,-0.09375,0.984375
7.212119,0.015625,-0.039062,0.984375
7.212445,0.007812,-0.085938,0.960938
7.212771,0.070312,-0.101562,0.976562
7.213097,0.039062,-0.070312,0.96875
7.213423,0.039062,-0.046875,0.960938
7.213749,0.015625,-0.078125,0.992188
7.214075,0.046875,-0.101562,0.953125
7.2144,0.03125,-0.0625,0.984375
7.214726,0.03125,-0.078125,1.015625
7.215052,0.039062,-0.070312,1.0
7.215378,0.0,-0.054688,0.976562
7.215704,0.039062,-0.0625,0.976562
7.21603,0.054688,-0.0625,1.0
7.216356,0.054688,-0.085938,0.96875
7.216682,0.03125,-0.039062,1.0
7.217008,0.070312,-0.0625,1.023438
7.217334,0.078125,-0.09375,1.039062
7.21766,0.03125,-0.039062,0.929688
7.217986,0.03125,-0.03125,0.929688
7.218312,0.046875,-0.0625,0.992188
7.218638,0.054688,-0.078125,0.984375
7.218963,0.015625,-0.09375,0.953125
7.219289,0.023438,-0.054688,0.96875
7.219615,0.039062,-0.078125,0.976562
7.219941,0.046875,-0.085938,1.0
7.220267,0.007812,-0.007812,1.0
7.220593,0.039062,-0.054688,0.992188
7.220919,0.0,-0.070312,0.976562
7.221245,0.039062,-0.0625,0.992188
7.221571,0.054688,-0.0625,1.0
7.221897,0.054688,-0.078125,0.945312
7.222223,0.046875,-0.046875,0.96875
7.222549,0.039062,-0.046875,0.960938
7.222875,0.046875,-0.109375,0.96875
7.223201,0.007812,-0.070312,0.976562
7.223526,0.03125,-0.085938,1.03125
7.223852,0.0,-0.085938,1.007812
7.224178,0.03125,-0.070312,0.96875
7.224504,0.023438,-0.039062,0.96875
7.22483,0.054688,-0.070312,0.992188
7.225156,0.007812,-0.0625,1.0
7.225482,0.046875,-0.085938,0.984375
7.225808,0.070312,-0.101562,0.992188
7.226134,0.03125,-0.046875,1.0
7.22646,0.070312,-0.085938,1.0
7.226786,0.023438,-0.09375,1.0
7.227112,0.039062,-0.039062,1.0
7.227438,0.039062,-0.054688,1.015625
7.227764,0.039062,-0.070312,0.9375
7.228089,0.085938,-0.101562,0.976562
7.228415,0.0625,-0.101562,1.023438
7.228741,0.0625,-0.070312,1.023438
7.229067,0.03125,-0.085938,0.96875
7.229393,0.03125,-0.085938,0.960938
7.229719,0.015625,-0.054688,0.992188
7.230045,0.0625,-0.101562,0.992188
7.230371,0.070312,-0.09375,0.992188
7.230697,0.039062,-0.101562,0.984375
7.231023,0.054688,-0.070312,1.0
7.231349,0.046875,-0.054688,0.992188
7.231675,0.054688,-0.078125,0.96875
7.232001,0.054688,-0.046875,0.976562
7.232326,0.03125,-0.070312,0.960938
7.232652,0.023438,-0.085938,0.976562
7.232978,0.039062,-0.0625,1.0
7.233304,0.054688,-0.085938,0.960938
7.23363,0.054688,-0.085938,0.9375
7.233956,0.03125,-0.0625,0.9375
7.234282,0.054688,-0.070312,0.992188
7.234608,0.03125,-0.078125,0.945312
7.234934,0.070312,-0.039062,1.0
7.23526,0.039062,-0.078125,0.992188
7.235586,0.070312,-0.0625,1.007812
7.235912,0.023438,-0.054688,0.953125
7.236238,0.046875,-0.070312,0.953125
7.236564,0.046875,-0.070312,0.976562
7.236889,0.054688,-0.039062,0.953125
7.237215,0.0625,-0.09375,1.0
7.237541,0.078125,-0.109375,0.953125
7.237867,0.046875,-0.078125,0.984375
7.238193,0.078125,-0.070312,0.96875
7.238519,0.046875,-0.039062,1.0
7.238845,0.039062,-0.070312,1.023438
7.239171,0.03125,-0.054688,0.984375
7.239497,0.023438,-0.054688,0.992188
7.239823,0.039062,-0.085938,0.96875
7.240149,0.054688,-0.078125,0.976562
7.240475,0.007812,-0.101562,1.0
7.240801,0.015625,-0.070312,0.929688
7.241127,0.023438,-0.125,1.0
7.241452,0.0625,-0.078125,0.960938
7.241778,0.046875,-0.070312,0.953125
7.242104,0.054688,-0.085938,0.976562
7.24243,0.070312,-0.078125,0.96875
7.242756,0.046875,-0.054688,0.960938
7.243082,0.054688,-0.054688,1.007812
7.243408,0.007812,-0.070312,0.976562
7.243734,0.03125,-0.0625,0.96875
7.24406,0.007812,-0.0625,0.960938
7.244386,0.03125,-0.078125,0.96875
7.244712,0.0625,-0.070312,1.0
7.245038,0.007812,-0.070312,0.960938
7.245364,0.023438,-0.078125,0.992188
7.24569,0.046875,-0.070312,0.984375
7.246015,0.070312,-0.070312,0.96875
7.246341,0.015625,-0.109375,0.96875
7.246667,0.03125,-0.0625,1.0
7.246993,0.023438,-0.0625,0.96875
7.247319,0.0,-0.078125,0.992188
7.247645,0.078125,-0.085938,1.007812
7.247971,0.070312,-0.054688,1.015625
7.248297,0.046875,-0.0625,1.0
7.248623,0.046875,-0.078125,1.0
7.248949,0.0,-0.070312,0.992188
7.249275,0.0,-0.054688,0.96875
7.249601,0.023438,-0.0625,0.96875
7.249927,0.046875,-0.101562,0.992188
7.250252,0.046875,-0.046875,0.960938
7.250578,0.007812,-0.046875,0.96875
7.250904,0.007812,-0.078125,1.023438
7.25123,0.046875,-0.039062,0.984375
7.251556,0.054688,-0.070312,1.0
7.251882,0.046875,-0.046875,0.984375
7.252208,0.015625,-0.070312,0.984375
7.252534,0.046875,-0.0625,1.0
7.25286,0.039062,-0.09375,0.945312
7.253186,0.03125,-0.039062,1.015625
7.253512,0.070312,-0.0625,0.96875
7.253838,0.054688,-0.070312,0.976562
7.254164,0.0,-0.085938,1.0
7.25449,0.054688,-0.101562,0.984375
7.254815,0.0625,-0.078125,1.0
7.255141,0.054688,-0.070312,0.96875
7.255467,0.054688,-0.109375,0.992188
7.255793,0.039062,-0.085938,0.976562
7.256119,0.0625,-0.054688,0.984375
7.256445,0.0,-0.070312,1.0
7.256771,0.03125,-0.078125,0.992188
7.257097,0.03125,-0.070312,0.96875
7.257423,0.054688,-0.085938,1.0
7.257749,0.054688,-0.085938,0.96875
7.258075,0.0625,-0.039062,0.96875
7.258401,0.023438,-0.046875,1.015625
7.258727,0.039062,-0.070312,0.960938
7.259053,0.046875,-0.078125,1.023438
7.259378,0.023438,-0.085938,0.984375
7.259704,0.03125,-0.078125,1.023438
7.26003,0.039062,-0.054688,0.960938
7.260356,0.03125,-0.078125,0.960938
7.260682,0.070312,-0.03125,0.953125
7.261008,0.03125,-0.0625,1.0
7.261334,0.0,-0.054688,0.960938
7.26166,0.023438,-0.0625,0.992188
7.261986,0.054688,-0.070312,1.007812
7.262312,0.054688,-0.109375,0.984375
7.262638,0.0625,-0.085938,0.992188
7.262964,0.039062,-0.0625,0.992188
7.26329,0.054688,-0.070312,0.929688
7.263616,0.039062,-0.085938,0.953125
7.263941,0.03125,-0.09375,1.023438
7.264267,0.046875,-0.070312,1.007812
7.264593,0.054688,-0.0625,0.992188
7.264919,0.039062,-0.101562,0.984375
7.265245,0.0625,-0.0625,1.0
7.265571,0.054688,-0.109375,1.0
7.265897,0.054688,-0.117188,0.984375
7.266223,0.054688,-0.070312,0.984375
7.266549,0.03125,-0.054688,0.992188
7.266875,0.0625,-0.039062,0.992188
7.267201,0.015625,-0.046875,1.0
7.267527,0.039062,-0.117188,0.992188
7.267853,0.054688,-0.0625,1.007812
7.268178,0.054688,-0.101562,1.0
7.268504,0.046875,-0.085938,1.007812
7.26883,0.015625,-0.0625,0.992188
7.269156,0.0,-0.085938,1.0
7.269482,0.046875,-0.0625,0.984375
7.269808,0.070312,-0.109375,0.960938
7.270134,0.0625,-0.0625,0.976562
7.27046,0.0625,-0.09375,0.976562
7.270786,0.046875,-0.117188,0.953125
7.271112,0.007812,-0.070312,1.0
7.271438,0.054688,-0.0625,0.992188
7.271764,0.046875,-0.117188,0.992188
7.27209,0.039062,-0.070312,0.992188
7.272416,0.046875,-0.039062,1.0
7.272741,0.0625,-0.039062,1.0
7.273067,0.023438,-0.039062,0.992188
7.273393,0.015625,-0.070312,0.976562
7.273719,0.046875,-0.070312,0.976562
7.274045,0.0625,-0.070312,0.992188
7.274371,0.015625,-0.09375,1.007812
7.274697,0.046875,-0.085938,0.96875
7.275023,0.039062,-0.0625,0.960938
7.275349,0.0625,-0.09375,1.023438
7.275675,0.0,-0.101562,1.0
7.276001,0.0625,-0.078125,0.96875
7.276327,0.007812,-0.070312,1.0
7.276653,0.0,-0.054688,1.023438
7.276979,0.03125,-0.117188,1.007812
7.277304,0.054688,-0.085938,1.0
7.27763,0.023438,-0.0625,0.984375
7.277956,0.0625,-0.09375,1.0
7.278282,0.054688,-0.085938,0.992188
7.278608,0.03125,-0.03125,0.992188
7.278934,0.046875,-0.046875,0.992188
7.27926,0.054688,-0.085938,1.023438
7.279586,0.03125,-0.054688,1.015625
7.279912,0.070312,-0.070312,0.9375
7.280238,0.023438,-0.078125,1.0
7.280564,0.046875,-0.078125,0.984375
7.28089,0.03125,-0.070312,0.9375
7.281216,0.007812,-0.078125,1.0
7.281542,0.03125,-0.0625,0.992188
7.281867,0.023438,-0.070312,1.0
7.282193,0.039062,-0.078125,1.0
7.282519,0.046875,-0.070312,1.007812
7.282845,0.054688,-0.078125,1.0
7.283171,0.054688,-0.101562,1.015625
7.283497,0.039062,-0.085938,0.992188
7.283823,0.015625,-0.039062,0.9375
7.284149,0.023438,-0.0625,0.96875
7.284475,0.046875,-0.0625,0.945312
7.284801,0.0,-0.085938,0.9375
7.285127,0.046875,-0.078125,0.984375
7.285453,0.0,-0.0625,0.992188
7.285779,0.023438,-0.070312,0.992188
7.286104,0.046875,-0.054688,0.96875
7.28643,0.023438,-0.09375,0.984375
7.286756,0.039062,-0.101562,0.984375
7.287082,0.03125,-0.023438,0.960938
7.287408,0.023438,-0.085938,1.0
7.287734,0.039062,-0.046875,0.960938
7.28806,0.046875,-0.09375,0.992188
7.288386,0.023438,-0.09375,0.992188
7.288712,0.054688,-0.085938,1.0
7.289038,0.054688,-0.101562,1.015625
7.289364,0.09375,-0.09375,0.96875
7.28969,0.023438,-0.0625,1.0
7.290016,0.070312,-0.109375,0.992188
7.290342,0.023438,-0.101562,1.03125
7.290667,0.046875,-0.070312,0.992188
7.290993,0.039062,-0.070312,0.960938
7.291319,0.023438,-0.117188,0.96875
7.291645,0.023438,-0.054688,0.992188
7.291971,0.0625,-0.0625,0.945312
7.292297,0.007812,-0.085938,0.976562
7.292623,0.046875,-0.046875,0.976562
7.292949,0.054688,-0.0625,1.0
7.293275,0.070312,-0.015625,0.984375
7.293601,0.046875,-0.0625,1.007812
7.293927,0.007812,-0.070312,0.976562
7.294253,0.054688,-0.078125,1.007812
7.294579,0.023438,-0.078125,0.953125
7.294905,0.03125,-0.0625,0.960938
7.29523,0.023438,-0.078125,1.0
7.295556,0.0625,-0.0625,0.96875
7.295882,0.070312,-0.085938,0.953125
7.296208,0.078125,-0.070312,0.96875
7.296534,0.054688,-0.070312,1.015625
7.29686,0.070312,-0.078125,0.96875
7.297186,0.023438,-0.0625,0.984375
7.297512,0.0625,-0.039062,0.992188
7.297838,0.0,-0.070312,0.984375
7.298164,0.046875,-0.101562,0.960938
7.29849,0.0625,-0.070312,1.007812
7.298816,0.054688,-0.101562,0.992188
7.299142,0.039062,-0.070312,0.992188
7.299468,0.070312,-0.0625,0.96875
7.299793,0.007812,-0.039062,1.015625
7.300119,0.046875,-0.0625,0.992188
7.300445,0.054688,-0.078125,0.984375
7.300771,0.007812,-0.039062,0.992188
7.301097,0.039062,-0.0625,0.984375
7.301423,0.070312,-0.0625,0.984375
7.301749,0.023438,-0.0625,0.953125
7.302075,0.023438,-0.046875,0.960938
7.302401,0.046875,-0.0625,0.984375
7.302727,0.039062,-0.03125,1.0
7.303053,0.039062,-0.078125,1.0
7.303379,0.070312,-0.046875,0.992188
7.303705,0.046875,-0.078125,0.96875
7.30403,0.054688,-0.09375,0.992188
7.304356,0.015625,-0.046875,1.0
7.304682,0.046875,-0.046875,0.984375
7.305008,0.054688,-0.070312,0.96875
7.305334,0.023438,-0.046875,0.945312
7.30566,0.046875,-0.046875,0.976562
7.305986,0.039062,-0.078125,1.023438
7.306312,0.0625,-0.078125,0.960938
7.306638,0.039062,-0.0625,0.984375
7.306964,0.054688,-0.070312,1.0
7.30729,0.03125,-0.085938,0.992188
7.307616,0.023438,-0.070312,0.984375
7.307942,0.046875,-0.085938,0.96875
7.308268,0.023438,-0.09375,1.015625
7.308593,0.039062,-0.046875,0.992188
7.308919,0.03125,-0.085938,0.976562
7.309245,0.054688,-0.117188,0.984375
7.309571,0.0625,-0.0625,0.984375
7.309897,0.03125,-0.070312,0.992188
7.310223,0.046875,-0.046875,1.007812
7.310549,0.046875,-0.070312,1.0
7.310875,0.015625,-0.0625,0.960938
7.311201,0.023438,-0.0625,0.960938
7.311527,0.046875,-0.070312,0.984375
7.311853,0.054688,-0.085938,1.0
7.312179,0.046875,-0.078125,1.007812
7.312505,0.03125,-0.070312,1.007812
7.312831,0.039062,-0.03125,0.992188
7.313156,0.054688,-0.085938,0.992188
7.313482,0.015625,-0.0625,0.945312
7.313808,0.023438,-0.0625,1.0
7.314134,0.023438,-0.070312,0.96875
7.31446,0.007812,-0.046875,0.984375
7.314786,0.039062,-0.046875,0.976562
7.315112,0.023438,-0.085938,0.992188
7.315438,0.101562,-0.101562,0.992188
7.315764,0.039062,-0.070312,1.007812
7.31609,0.046875,-0.0625,1.0
7.316416,0.023438,-0.0625,0.984375
7.316742,0.039062,-0.085938,0.960938
7.317068,0.03125,-0.0625,1.039062
7.317394,0.054688,-0.078125,1.0
7.317719,0.046875,-0.070312,1.0
7.318045,0.070312,-0.070312,0.960938
7.318371,0.0625,-0.0625,0.96875
7.318697,0.023438,-0.03125,1.0
7.319023,0.046875,-0.078125,0.992188
7.319349,0.023438,-0.085938,0.984375
7.319675,0.046875,-0.070312,1.0
7.320001,0.0625,-0.0625,0.960938
7.320327,0.023438,-0.070312,0.976562
7.320653,0.023438,-0.039062,0.992188
7.320979,0.023438,-0.03125,0.96875
7.321305,0.039062,-0.0625,0.960938
7.321631,0.0625,-0.085938,0.992188
7.321956,0.046875,-0.109375,0.96875
7.322282,0.039062,-0.070312,0.976562
7.322608,0.023438,-0.0625,1.023438
7.322934,0.039062,-0.0625,0.992188
7.32326,0.039062,-0.054688,0.96875
7.323586,0.046875,-0.085938,1.0
7.323912,0.03125,-0.085938,0.976562
7.324238,0.015625,-0.046875,0.960938
7.324564,0.03125,-0.09375,0.984375
7.32489,0.03125,-0.039062,1.0
7.325216,0.007812,-0.046875,0.984375
7.325542,0.03125,-0.0625,0.960938
7.325868,0.0,-0.078125,1.0
7.326194,0.039062,-0.054688,0.984375
7.326519,0.023438,-0.070312,0.96875
7.326845,0.023438,-0.078125,0.992188
7.327171,0.039062,-0.0625,0.984375
7.327497,0.007812,-0.085938,0.976562
7.327823,0.007812,-0.046875,0.960938
7.328149,0.054688,-0.039062,0.953125
7.328475,0.007812,-0.078125,0.976562
7.328801,0.0625,-0.101562,0.976562
7.329127,0.054688,-0.070312,1.0
7.329453,0.03125,-0.101562,0.976562
