t,ADC0
0.0,165
0.000187,15
0.000374,164
0.000561,15
0.000748,162
0.000935,15
0.001122,164
0.001309,15
0.001496,165
0.001683,15
0.00187,166
0.002057,15
0.002244,165
0.002431,15
0.002618,166
0.002805,15
0.002992,164
0.003179,15
0.003366,168
0.003553,15
0.00374,167
0.003927,15
0.004114,164
0.004301,15
0.004487,164
0.004674,15
0.004861,167
0.005048,15
0.005235,165
0.005422,15
0.005609,163
0.005796,15
0.005983,170
0.00617,15
0.006357,165
0.006544,15
0.006731,165
0.006918,15
0.007105,167
0.007292,15
0.007479,164
0.007666,15
0.007853,167
0.00804,15
0.008227,167
0.008414,15
0.008601,165
0.008788,15
0.008975,166
0.009162,15
0.009349,164
0.009536,15
0.009723,167
0.00991,15
0.010097,166
0.010284,15
0.010471,169
0.010658,15
0.010845,163
0.011032,15
0.011219,164
0.011406,15
0.011593,167
0.01178,15
0.011967,166
0.012154,15
0.012341,163
0.012528,15
0.012715,161
0.012902,15
0.013089,163
0.013275,15
0.013462,162
0.013649,15
0.013836,167
0.014023,15
0.01421,165
0.014397,15
0.014584,170
0.014771,15
0.014958,167
0.015145,15
0.015332,163
0.015519,15
0.015706,164
0.015893,15
0.01608,164
0.016267,15
0.016454,167
0.016641,15
0.016828,169
0.017015,15
0.017202,170
0.017389,15
0.017576,168
0.017763,15
0.01795,168
0.018137,15
0.018324,163
0.018511,15
0.018698,168
0.018885,15
0.019072,167
0.019259,15
0.019446,168
0.019633,15
0.01982,165
0.020007,15
0.020194,168
0.020381,15
0.020568,166
0.020755,15
0.020942,170
0.021129,15
0.021316,170
0.021503,15
0.02169,168
0.021876,15
0.022063,164
0.02225,15
0.022437,166
0.022624,15
0.022811,167
0.022998,15
0.023185,165
0.023372,15
0.023559,164
0.023746,15
0.023933,165
0.02412,15
0.024307,167
0.024494,15
0.024681,168
0.024868,15
0.025055,168
0.025242,15
0.025429,165
0.025616,15
0.025803,167
0.02599,15
0.026177,166
0.026364,15
0.026551,163
0.026738,15
0.026925,165
0.027112,15
0.027299,165
0.027486,15
0.027673,165
0.02786,15
0.028047,168
0.028234,15
0.028421,163
0.028608,15
0.028795,167
0.028982,15
0.029169,164
0.029356,15
0.029543,164
0.02973,15
0.029917,170
0.030104,15
0.030291,163
0.030478,15
0.030664,166
0.030851,15
0.031038,163
0.031225,15
0.031412,168
0.031599,15
0.031786,166
0.031973,15
0.03216,164
0.032347,15
0.032534,165
0.032721,15
0.032908,164
0.033095,15
0.033282,163
0.033469,15
0.033656,167
0.033843,15
0.03403,170
0.034217,15
0.034404,169
0.034591,15
0.034778,164
0.034965,15
0.035152,166
0.035339,15
0.035526,166
0.035713,15
0.0359,165
0.036087,15
0.036274,166
0.036461,15
0.036648,167
0.036835,15
0.037022,166
0.037209,15
0.037396,168
0.037583,15
0.03777,166
0.037957,15
0.038144,166
0.038331,15
0.038518,164
0.038705,15
0.038892,168
0.039079,15
0.039266,168
0.039452,15
0.039639,168
0.039826,15
0.040013,168
0.0402,15
0.040387,170
0.040574,15
0.040761,168
0.040948,15
0.041135,163
0.041322,15
0.041509,165
0.041696,15
0.041883,166
0.04207,15
0.042257,165
0.042444,15
0.042631,166
0.042818,15
0.043005,167
0.043192,15
0.043379,166
0.043566,15
0.043753,165
0.04394,15
0.044127,169
0.044314,15
0.044501,165
0.044688,15
0.044875,165
0.045062,15
0.045249,165
0.045436,15
0.045623,168
0.04581,15
0.045997,167
0.046184,15
0.046371,170
0.046558,15
0.046745,164
0.046932,15
0.047119,169
0.047306,15
0.047493,168
0.04768,15
0.047867,168
0.048054,15
0.04824,166
0.048427,15
0.048614,165
0.048801,15
0.048988,170
0.049175,15
0.049362,169
0.049549,15
0.049736,164
0.049923,15
0.05011,168
0.050297,15
0.050484,164
0.050671,15
0.050858,168
0.051045,15
0.051232,168
0.051419,15
0.051606,164
0.051793,15
0.05198,168
0.052167,15
0.052354,165
0.052541,15
0.052728,163
0.052915,15
0.053102,166
0.053289,15
0.053476,166
0.053663,15
0.05385,168
0.054037,15
0.054224,166
0.054411,15
0.054598,172
0.054785,15
0.054972,168
0.055159,15
0.055346,166
0.055533,15
0.05572,165
0.055907,15
0.056094,168
0.056281,15
0.056468,166
0.056655,15
0.056841,166
0.057028,15
0.057215,170
0.057402,15
0.057589,167
0.057776,15
0.057963,167
0.05815,15
0.058337,168
0.058524,15
0.058711,169
0.058898,15
0.059085,170
0.059272,15
0.059459,168
0.059646,15
0.059833,167
0.06002,15
0.060207,168
0.060394,15
0.060581,172
0.060768,15
0.060955,166
0.061142,15
0.061329,166
0.061516,15
0.061703,168
0.06189,15
0.062077,165
0.062264,15
0.062451,166
0.062638,15
0.062825,170
0.063012,15
0.063199,167
0.063386,15
0.063573,165
0.06376,15
0.063947,165
0.064134,15
0.064321,165
0.064508,15
0.064695,164
0.064882,15
0.065069,171
0.065256,15
0.065443,166
0.065629,15
0.065816,165
0.066003,15
0.06619,168
0.066377,15
0.066564,167
0.066751,15
0.066938,166
0.067125,15
0.067312,166
0.067499,15
0.067686,167
0.067873,15
0.06806,170
0.068247,15
0.068434,164
0.068621,15
0.068808,166
0.068995,15
0.069182,165
0.069369,15
0.069556,163
0.069743,15
0.06993,164
0.070117,15
0.070304,166
0.070491,15
0.070678,169
0.070865,15
0.071052,166
0.071239,15
0.071426,168
0.071613,15
0.0718,167
0.071987,15
0.072174,167
0.072361,15
0.072548,166
0.072735,15
0.072922,166
0.073109,15
0.073296,168
0.073483,15
0.07367,162
0.073857,15
0.074044,167
0.074231,15
0.074417,164
0.074604,15
0.074791,168
0.074978,15
0.075165,168
0.075352,15
0.075539,166
0.075726,15
0.075913,169
0.0761,15
0.076287,166
0.076474,15
0.076661,168
0.076848,15
0.077035,170
0.077222,15
0.077409,168
0.077596,15
0.077783,169
0.07797,15
0.078157,165
0.078344,15
0.078531,166
0.078718,15
0.078905,169
0.079092,15
0.079279,165
0.079466,15
0.079653,167
0.07984,15
0.080027,165
0.080214,15
0.080401,166
0.080588,15
0.080775,168
0.080962,15
0.081149,162
0.081336,15
0.081523,169
0.08171,15
0.081897,168
0.082084,15
0.082271,166
0.082458,15
0.082645,165
0.082832,15
0.083019,168
0.083205,15
0.083392,168
0.083579,15
0.083766,167
0.083953,15
0.08414,169
0.084327,15
0.084514,166
0.084701,15
0.084888,166
0.085075,15
0.085262,169
0.085449,15
0.085636,169
0.085823,15
0.08601,166
0.086197,15
0.086384,171
0.086571,15
0.086758,166
0.086945,15
0.087132,165
0.087319,15
0.087506,166
0.087693,15
0.08788,164
0.088067,15
0.088254,166
0.088441,15
0.088628,165
0.088815,15
0.089002,165
0.089189,15
0.089376,168
0.089563,15
0.08975,164
0.089937,15
0.090124,168
0.090311,15
0.090498,165
0.090685,15
0.090872,168
0.091059,15
0.091246,167
0.091433,15
0.09162,168
0.091807,15
0.091993,168
0.09218,15
0.092367,165
0.092554,15
0.092741,162
0.092928,15
0.093115,167
0.093302,15
0.093489,167
0.093676,15
0.093863,169
0.09405,15
0.094237,164
0.094424,15
0.094611,171
0.094798,15
0.094985,168
0.095172,15
0.095359,172
0.095546,15
0.095733,165
0.09592,15
0.096107,167
0.096294,15
0.096481,168
0.096668,15
0.096855,166
0.097042,15
0.097229,171
0.097416,15
0.097603,168
0.09779,15
0.097977,168
0.098164,15
0.098351,166
0.098538,15
0.098725,170
0.098912,15
0.099099,166
0.099286,15
0.099473,170
0.09966,15
0.099847,170
0.100034,15
0.100221,166
0.100408,15
0.100594,171
0.100781,15
0.100968,164
0.101155,15
0.101342,170
0.101529,15
0.101716,167
0.101903,15
0.10209,164
0.102277,15
0.102464,165
0.102651,15
0.102838,171
0.103025,15
0.103212,168
0.103399,15
0.103586,167
0.103773,15
0.10396,170
0.104147,15
0.104334,168
0.104521,15
0.104708,170
0.104895,15
0.105082,171
0.105269,15
0.105456,168
0.105643,15
0.10583,172
0.106017,15
0.106204,169
0.106391,15
0.106578,167
0.106765,15
0.106952,168
0.107139,15
0.107326,167
0.107513,15
0.1077,166
0.107887,15
0.108074,168
0.108261,15
0.108448,172
0.108635,15
0.108822,167
0.109009,15
0.109196,168
0.109382,15
0.109569,170
0.109756,15
0.109943,168
0.11013,15
0.110317,165
0.110504,15
0.110691,169
0.110878,15
0.111065,168
0.111252,15
0.111439,167
0.111626,15
0.111813,168
0.112,15
0.112187,166
0.112374,15
0.112561,167
0.112748,15
0.112935,164
0.113122,15
0.113309,166
0.113496,15
0.113683,168
0.11387,15
0.114057,165
0.114244,15
0.114431,164
0.114618,15
0.114805,167
0.114992,15
0.115179,165
0.115366,15
0.115553,167
0.11574,15
0.115927,167
0.116114,15
0.116301,165
0.116488,15
0.116675,166
0.116862,15
0.117049,170
0.117236,15
0.117423,173
0.11761,15
0.117797,170
0.117984,15
0.11817,167
0.118357,15
0.118544,168
0.118731,15
0.118918,169
0.119105,15
0.119292,168
0.119479,15
0.119666,172
0.119853,15
0.12004,169
0.120227,15
0.120414,169
0.120601,15
0.120788,168
0.120975,15
0.121162,167
0.121349,15
0.121536,169
0.121723,15
0.12191,168
0.122097,15
0.122284,169
0.122471,15
0.122658,169
0.122845,15
0.123032,167
0.123219,15
0.123406,171
0.123593,15
0.12378,167
0.123967,15
0.124154,169
0.124341,15
0.124528,170
0.124715,15
0.124902,168
0.125089,15
0.125276,168
0.125463,15
0.12565,170
0.125837,15
0.126024,167
0.126211,15
0.126398,168
0.126585,15
0.126772,168
0.126958,15
0.127145,165
0.127332,15
0.127519,168
0.127706,15
0.127893,168
0.12808,15
0.128267,168
0.128454,15
0.128641,169
0.128828,15
0.129015,170
0.129202,15
0.129389,170
0.129576,15
0.129763,169
0.12995,15
0.130137,167
0.130324,15
0.130511,170
0.130698,15
0.130885,170
0.131072,15
0.131259,168
0.131446,15
0.131633,166
0.13182,15
0.132007,168
0.132194,15
0.132381,166
0.132568,15
0.132755,172
0.132942,15
0.133129,170
0.133316,15
0.133503,172
0.13369,15
0.133877,169
0.134064,15
0.134251,170
0.134438,15
0.134625,169
0.134812,15
0.134999,165
0.135186,15
0.135373,166
0.135559,15
0.135746,166
0.135933,15
0.13612,171
0.136307,15
0.136494,171
0.136681,15
0.136868,168
0.137055,15
0.137242,169
0.137429,15
0.137616,165
0.137803,15
0.13799,169
0.138177,15
0.138364,166
0.138551,15
0.138738,168
0.138925,15
0.139112,168
0.139299,15
0.139486,165
0.139673,15
0.13986,166
0.140047,15
0.140234,170
0.140421,15
0.140608,165
0.140795,15
0.140982,166
0.141169,15
0.141356,172
0.141543,15
0.14173,168
0.141917,15
0.142104,170
0.142291,15
0.142478,172
0.142665,15
0.142852,168
0.143039,15
0.143226,169
0.143413,15
0.1436,168
0.143787,15
0.143974,168
0.144161,15
0.144347,169
0.144534,15
0.144721,170
0.144908,15
0.145095,166
0.145282,15
0.145469,168
0.145656,15
0.145843,168
0.14603,15
0.146217,170
0.146404,15
0.146591,168
0.146778,15
0.146965,166
0.147152,15
0.147339,167
0.147526,15
0.147713,168
0.1479,15
0.148087,170
0.148274,15
0.148461,167
0.148648,15
0.148835,168
0.149022,15
0.149209,168
0.149396,15
0.149583,166
0.14977,15
0.149957,164
0.150144,15
0.150331,168
0.150518,15
0.150705,166
0.150892,15
0.151079,168
0.151266,15
0.151453,166
0.15164,15
0.151827,170
0.152014,15
0.152201,168
0.152388,15
0.152575,170
0.152762,15
0.152949,164
0.153135,15
0.153322,167
0.153509,15
0.153696,168
0.153883,15
0.15407,169
0.154257,15
0.154444,168
0.154631,15
0.154818,167
0.155005,15
0.155192,165
0.155379,15
0.155566,169
0.155753,15
0.15594,171
0.156127,15
0.156314,171
0.156501,15
0.156688,168
0.156875,15
0.157062,172
0.157249,15
0.157436,170
0.157623,15
0.15781,167
0.157997,15
0.158184,166
0.158371,15
0.158558,167
0.158745,15
0.158932,172
0.159119,15
0.159306,170
0.159493,15
0.15968,166
0.159867,15
0.160054,169
0.160241,15
0.160428,169
0.160615,15
0.160802,168
0.160989,15
0.161176,168
0.161363,15
0.16155,166
0.161737,15
0.161923,171
0.16211,15
0.162297,168
0.162484,15
0.162671,171
0.162858,15
0.163045,165
0.163232,15
0.163419,173
0.163606,15
0.163793,166
0.16398,15
0.164167,166
0.164354,15
0.164541,170
0.164728,15
0.164915,166
0.165102,15
0.165289,170
0.165476,15
0.165663,165
0.16585,15
0.166037,169
0.166224,15
0.166411,168
0.166598,15
0.166785,168
0.166972,15
0.167159,167
0.167346,15
0.167533,170
0.16772,15
0.167907,171
0.168094,15
0.168281,167
0.168468,15
0.168655,170
0.168842,15
0.169029,168
0.169216,15
0.169403,168
0.16959,15
0.169777,166
0.169964,15
0.170151,165
0.170338,15
0.170524,168
0.170711,15
0.170898,168
0.171085,15
0.171272,172
0.171459,15
0.171646,166
0.171833,15
0.17202,165
0.172207,15
0.172394,167
0.172581,15
0.172768,173
0.172955,15
0.173142,166
0.173329,15
0.173516,168
0.173703,15
0.17389,168
0.174077,15
0.174264,168
0.174451,15
0.174638,167
0.174825,15
0.175012,169
0.175199,15
0.175386,165
0.175573,15
0.17576,168
0.175947,15
0.176134,170
0.176321,15
0.176508,171
0.176695,15
0.176882,170
0.177069,15
0.177256,168
0.177443,15
0.17763,173
0.177817,15
0.178004,170
0.178191,15
0.178378,167
0.178565,15
0.178752,172
0.178939,15
0.179126,170
0.179312,15
0.179499,167
0.179686,15
0.179873,166
0.18006,15
0.180247,168
0.180434,15
0.180621,170
0.180808,15
0.180995,167
0.181182,15
0.181369,172
0.181556,15
0.181743,172
0.18193,15
0.182117,170
0.182304,15
0.182491,170
0.182678,15
0.182865,172
0.183052,15
0.183239,168
0.183426,15
0.183613,169
0.1838,15
0.183987,170
0.184174,15
0.184361,170
0.184548,15
0.184735,168
0.184922,15
0.185109,168
0.185296,15
0.185483,170
0.18567,15
0.185857,170
0.186044,15
0.186231,166
0.186418,15
0.186605,169
0.186792,15
0.186979,169
0.187166,15
0.187353,165
0.18754,15
0.187727,168
0.187914,15
0.1881,165
0.188287,15
0.188474,170
0.188661,15
0.188848,169
0.189035,15
0.189222,168
0.189409,15
0.189596,167
0.189783,15
0.18997,172
0.190157,15
0.190344,168
0.190531,15
0.190718,168
0.190905,15
0.191092,168
0.191279,15
0.191466,167
0.191653,15
0.19184,169
0.192027,15
0.192214,172
0.192401,15
0.192588,170
0.192775,15
0.192962,172
0.193149,15
0.193336,167
0.193523,15
0.19371,172
0.193897,15
0.194084,172
0.194271,15
0.194458,167
0.194645,15
0.194832,168
0.195019,15
0.195206,171
0.195393,15
0.19558,170
0.195767,15
0.195954,165
0.196141,15
0.196328,172
0.196515,15
0.196702,168
0.196888,15
0.197075,172
0.197262,15
0.197449,167
0.197636,15
0.197823,169
0.19801,15
0.198197,170
0.198384,15
0.198571,164
0.198758,15
0.198945,171
0.199132,15
0.199319,169
0.199506,15
0.199693,170
0.19988,15
0.200067,172
0.200254,15
0.200441,169
0.200628,15
0.200815,170
0.201002,15
0.201189,166
0.201376,15
0.201563,167
0.20175,15
0.201937,170
0.202124,15
0.202311,171
0.202498,15
0.202685,170
0.202872,15
0.203059,167
0.203246,15
0.203433,171
0.20362,15
0.203807,172
0.203994,15
0.204181,166
0.204368,15
0.204555,173
0.204742,15
0.204929,169
0.205116,15
0.205303,169
0.205489,15
0.205676,169
0.205863,15
0.20605,170
0.206237,15
0.206424,171
0.206611,15
0.206798,169
0.206985,15
0.207172,171
0.207359,15
0.207546,171
0.207733,15
0.20792,167
0.208107,15
0.208294,171
0.208481,15
0.208668,173
0.208855,15
0.209042,168
0.209229,15
0.209416,170
0.209603,15
0.20979,168
0.209977,15
0.210164,170
0.210351,15
0.210538,172
0.210725,15
0.210912,169
0.211099,15
0.211286,175
0.211473,15
0.21166,170
0.211847,15
0.212034,169
0.212221,15
0.212408,170
0.212595,15
0.212782,170
0.212969,15
0.213156,174
0.213343,15
0.21353,171
0.213717,15
0.213904,170
0.214091,15
0.214277,168
0.214464,15
0.214651,168
0.214838,15
0.215025,172
0.215212,15
0.215399,166
0.215586,15
0.215773,171
0.21596,15
0.216147,172
0.216334,15
0.216521,170
0.216708,15
0.216895,169
0.217082,15
0.217269,170
0.217456,15
0.217643,172
0.21783,15
0.218017,170
0.218204,15
0.218391,170
0.218578,15
0.218765,168
0.218952,15
0.219139,170
0.219326,15
0.219513,172
0.2197,15
0.219887,167
0.220074,15
0.220261,173
0.220448,15
0.220635,172
0.220822,15
0.221009,167
0.221196,15
0.221383,170
0.22157,15
0.221757,170
0.221944,15
0.222131,170
0.222318,15
0.222505,170
0.222692,15
0.222879,168
0.223065,15
0.223252,169
0.223439,15
0.223626,169
0.223813,15
0.224,170
0.224187,15
0.224374,169
0.224561,15
0.224748,172
0.224935,15
0.225122,172
0.225309,15
0.225496,170
0.225683,15
0.22587,175
0.226057,15
0.226244,173
0.226431,15
0.226618,173
0.226805,15
0.226992,173
0.227179,15
0.227366,173
0.227553,15
0.22774,173
0.227927,15
0.228114,166
0.228301,15
0.228488,170
0.228675,15
0.228862,169
0.229049,15
0.229236,170
0.229423,15
0.22961,168
0.229797,15
0.229984,174
0.230171,15
0.230358,168
0.230545,15
0.230732,168
0.230919,15
0.231106,168
0.231293,15
0.23148,167
0.231667,15
0.231853,172
0.23204,15
0.232227,170
0.232414,15
0.232601,165
0.232788,15
0.232975,170
0.233162,15
0.233349,169
0.233536,15
0.233723,169
0.23391,15
0.234097,165
0.234284,15
0.234471,172
0.234658,15
0.234845,170
0.235032,15
0.235219,169
0.235406,15
0.235593,172
0.23578,15
0.235967,171
0.236154,15
0.236341,170
0.236528,15
0.236715,168
0.236902,15
0.237089,169
0.237276,15
0.237463,170
0.23765,15
0.237837,171
0.238024,15
0.238211,171
0.238398,15
0.238585,172
0.238772,15
0.238959,170
0.239146,15
0.239333,171
0.23952,15
0.239707,173
0.239894,15
0.240081,171
0.240268,15
0.240454,171
0.240641,15
0.240828,171
0.241015,15
0.241202,170
0.241389,15
0.241576,171
0.241763,15
0.24195,170
0.242137,15
0.242324,170
0.242511,15
0.242698,168
0.242885,15
0.243072,166
0.243259,15
0.243446,169
0.243633,15
0.24382,169
0.244007,15
0.244194,171
0.244381,15
0.244568,173
0.244755,15
0.244942,166
0.245129,15
0.245316,168
0.245503,15
0.24569,172
0.245877,15
0.246064,171
0.246251,15
0.246438,174
0.246625,15
0.246812,171
0.246999,15
0.247186,171
0.247373,15
0.24756,173
0.247747,15
0.247934,172
0.248121,15
0.248308,172
0.248495,15
0.248682,169
0.248869,15
0.249056,170
0.249242,15
0.249429,170
0.249616,15
0.249803,171
0.24999,15
0.250177,172
0.250364,15
0.250551,171
0.250738,15
0.250925,169
0.251112,15
0.251299,168
0.251486,15
0.251673,170
0.25186,15
0.252047,169
0.252234,15
0.252421,168
0.252608,15
0.252795,170
0.252982,15
0.253169,168
0.253356,15
0.253543,168
0.25373,15
0.253917,172
0.254104,15
0.254291,170
0.254478,15
0.254665,170
0.254852,15
0.255039,167
0.255226,15
0.255413,170
0.2556,15
0.255787,168
0.255974,15
0.256161,168
0.256348,15
0.256535,165
0.256722,15
0.256909,172
0.257096,15
0.257283,170
0.25747,15
0.257657,172
0.257844,15
0.25803,167
0.258217,15
0.258404,170
0.258591,15
0.258778,172
0.258965,15
0.259152,168
0.259339,15
0.259526,169
0.259713,15
0.2599,171
0.260087,15
0.260274,166
0.260461,15
0.260648,171
0.260835,15
0.261022,171
0.261209,15
0.261396,171
0.261583,15
0.26177,171
0.261957,15
0.262144,171
0.262331,15
0.262518,170
0.262705,15
0.262892,170
0.263079,15
0.263266,170
0.263453,15
0.26364,168
0.263827,15
0.264014,172
0.264201,15
0.264388,172
0.264575,15
0.264762,170
0.264949,15
0.265136,172
0.265323,15
0.26551,173
0.265697,15
0.265884,172
0.266071,15
0.266258,173
0.266445,15
0.266632,170
0.266818,15
0.267005,170
0.267192,15
0.267379,166
0.267566,15
0.267753,170
0.26794,15
0.268127,171
0.268314,15
0.268501,172
0.268688,15
0.268875,170
0.269062,15
0.269249,173
0.269436,15
0.269623,170
0.26981,15
0.269997,165
0.270184,15
0.270371,170
0.270558,15
0.270745,169
0.270932,15
0.271119,173
0.271306,15
0.271493,171
0.27168,15
0.271867,171
0.272054,15
0.272241,167
0.272428,15
0.272615,173
0.272802,15
0.272989,171
0.273176,15
0.273363,169
0.27355,15
0.273737,169
0.273924,15
0.274111,170
0.274298,15
0.274485,170
0.274672,15
0.274859,167
0.275046,15
0.275233,169
0.27542,15
0.275606,170
0.275793,15
0.27598,171
0.276167,15
0.276354,170
0.276541,15
0.276728,169
0.276915,15
0.277102,170
0.277289,15
0.277476,170
0.277663,15
0.27785,170
0.278037,15
0.278224,173
0.278411,15
0.278598,172
0.278785,15
0.278972,174
0.279159,15
0.279346,166
0.279533,15
0.27972,172
0.279907,15
0.280094,172
0.280281,15
0.280468,169
0.280655,15
0.280842,168
0.281029,15
0.281216,172
0.281403,15
0.28159,171
0.281777,15
0.281964,172
0.282151,15
0.282338,171
0.282525,15
0.282712,168
0.282899,15
0.283086,171
0.283273,15
0.28346,169
0.283647,15
0.283834,173
0.284021,15
0.284207,172
0.284394,15
0.284581,175
0.284768,15
0.284955,170
0.285142,15
0.285329,173
0.285516,15
0.285703,169
0.28589,15
0.286077,170
0.286264,15
0.286451,172
0.286638,15
0.286825,165
0.287012,15
0.287199,168
0.287386,15
0.287573,170
0.28776,15
0.287947,173
0.288134,15
0.288321,172
0.288508,15
0.288695,173
0.288882,15
0.289069,173
0.289256,15
0.289443,175
0.28963,15
0.289817,173
0.290004,15
0.290191,168
0.290378,15
0.290565,171
0.290752,15
0.290939,172
0.291126,15
0.291313,169
0.2915,15
0.291687,171
0.291874,15
0.292061,173
0.292248,15
0.292435,169
0.292622,15
0.292809,170
0.292995,15
0.293182,172
0.293369,15
0.293556,171
0.293743,15
0.29393,169
0.294117,15
0.294304,171
0.294491,15
0.294678,170
0.294865,15
0.295052,172
0.295239,15
0.295426,170
0.295613,15
0.2958,172
0.295987,15
0.296174,173
0.296361,15
0.296548,173
0.296735,15
0.296922,174
0.297109,15
0.297296,173
0.297483,15
0.29767,170
0.297857,15
0.298044,171
0.298231,15
0.298418,170
0.298605,15
0.298792,173
0.298979,15
0.299166,168
0.299353,15
0.29954,172
0.299727,15
0.299914,174
0.300101,15
0.300288,173
0.300475,15
0.300662,171
0.300849,15
0.301036,171
0.301223,15
0.30141,165
0.301597,15
0.301783,171
0.30197,15
0.302157,166
0.302344,15
0.302531,173
0.302718,15
0.302905,171
0.303092,15
0.303279,172
0.303466,15
0.303653,172
0.30384,15
0.304027,169
0.304214,15
0.304401,172
0.304588,15
0.304775,169
0.304962,15
0.305149,174
0.305336,15
0.305523,169
0.30571,15
0.305897,172
0.306084,15
0.306271,173
0.306458,15
0.306645,171
0.306832,15
0.307019,174
0.307206,15
0.307393,174
0.30758,15
0.307767,173
0.307954,15
0.308141,171
0.308328,15
0.308515,171
0.308702,15
0.308889,173
0.309076,15
0.309263,171
0.30945,15
0.309637,173
0.309824,15
0.310011,169
0.310198,15
0.310385,171
0.310571,15
0.310758,169
0.310945,15
0.311132,172
0.311319,15
0.311506,171
0.311693,15
0.31188,169
0.312067,15
0.312254,170
0.312441,15
0.312628,170
0.312815,15
0.313002,170
0.313189,15
0.313376,172
0.313563,15
0.31375,168
0.313937,15
0.314124,172
0.314311,15
0.314498,170
0.314685,15
0.314872,172
0.315059,15
0.315246,170
0.315433,15
0.31562,170
0.315807,15
0.315994,172
0.316181,15
0.316368,172
0.316555,15
0.316742,171
0.316929,15
0.317116,176
0.317303,15
0.31749,170
0.317677,15
0.317864,170
0.318051,15
0.318238,169
0.318425,15
0.318612,170
0.318799,15
0.318986,171
0.319172,15
0.319359,168
0.319546,15
0.319733,173
0.31992,15
0.320107,171
0.320294,15
0.320481,170
0.320668,15
0.320855,168
0.321042,15
0.321229,172
0.321416,15
0.321603,170
0.32179,15
0.321977,173
0.322164,15
0.322351,173
0.322538,15
0.322725,169
0.322912,15
0.323099,173
0.323286,15
0.323473,171
0.32366,15
0.323847,170
0.324034,15
0.324221,172
0.324408,15
0.324595,174
0.324782,15
0.324969,172
0.325156,15
0.325343,173
0.32553,15
0.325717,171
0.325904,15
0.326091,170
0.326278,15
0.326465,172
0.326652,15
0.326839,172
0.327026,15
0.327213,171
0.3274,15
0.327587,169
0.327774,15
0.32796,171
0.328147,15
0.328334,174
0.328521,15
0.328708,170
0.328895,15
0.329082,175
0.329269,15
0.329456,172
0.329643,15
0.32983,171
0.330017,15
0.330204,171
0.330391,15
0.330578,171
0.330765,15
0.330952,171
0.331139,15
0.331326,171
0.331513,15
0.3317,169
0.331887,15
0.332074,171
0.332261,15
0.332448,171
0.332635,15
0.332822,171
0.333009,15
0.333196,171
0.333383,15
0.33357,173
0.333757,15
0.333944,172
0.334131,15
0.334318,171
0.334505,15
0.334692,169
0.334879,15
0.335066,173
0.335253,15
0.33544,173
0.335627,15
0.335814,173
0.336001,15
0.336188,170
0.336375,15
0.336562,173
0.336748,15
0.336935,172
0.337122,15
0.337309,172
0.337496,15
0.337683,168
0.33787,15
0.338057,172
0.338244,15
0.338431,170
0.338618,15
0.338805,168
0.338992,15
0.339179,171
0.339366,15
0.339553,174
0.33974,15
0.339927,170
0.340114,15
0.340301,168
0.340488,15
0.340675,172
0.340862,15
0.341049,174
0.341236,15
0.341423,171
0.34161,15
0.341797,172
0.341984,15
0.342171,170
0.342358,15
0.342545,171
0.342732,15
0.342919,171
0.343106,15
0.343293,171
0.34348,15
0.343667,172
0.343854,15
0.344041,175
0.344228,15
0.344415,172
0.344602,15
0.344789,173
0.344976,15
0.345163,175
0.34535,15
0.345536,167
0.345723,15
0.34591,169
0.346097,15
0.346284,173
0.346471,15
0.346658,167
0.346845,15
0.347032,173
0.347219,15
0.347406,170
0.347593,15
0.34778,174
0.347967,15
0.348154,174
0.348341,15
0.348528,175
0.348715,15
0.348902,171
0.349089,15
0.349276,172
0.349463,15
0.34965,171
0.349837,15
0.350024,169
0.350211,15
0.350398,168
0.350585,15
0.350772,170
0.350959,15
0.351146,173
0.351333,15
0.35152,171
0.351707,15
0.351894,170
0.352081,15
0.352268,171
0.352455,15
0.352642,168
0.352829,15
0.353016,171
0.353203,15
0.35339,171
0.353577,15
0.353764,168
0.353951,15
0.354137,169
0.354324,15
0.354511,168
0.354698,15
0.354885,173
0.355072,15
0.355259,174
0.355446,15
0.355633,171
0.35582,15
0.356007,173
0.356194,15
0.356381,170
0.356568,15
0.356755,169
0.356942,15
0.357129,171
0.357316,15
0.357503,177
0.35769,15
0.357877,170
0.358064,15
0.358251,171
0.358438,15
0.358625,173
0.358812,15
0.358999,173
0.359186,15
0.359373,172
0.35956,15
0.359747,173
0.359934,15
0.360121,172
0.360308,15
0.360495,174
0.360682,15
0.360869,171
0.361056,15
0.361243,172
0.36143,15
0.361617,172
0.361804,15
0.361991,170
0.362178,15
0.362365,175
0.362552,15
0.362739,171
0.362925,15
0.363112,175
0.363299,15
0.363486,172
0.363673,15
0.36386,175
0.364047,15
0.364234,170
0.364421,15
0.364608,174
0.364795,15
0.364982,172
0.365169,15
0.365356,172
0.365543,15
0.36573,172
0.365917,15
0.366104,170
0.366291,15
0.366478,169
0.366665,15
0.366852,173
0.367039,15
0.367226,171
0.367413,15
0.3676,171
0.367787,15
0.367974,172
0.368161,15
0.368348,172
0.368535,15
0.368722,169
0.368909,15
0.369096,172
0.369283,15
0.36947,168
0.369657,15
0.369844,171
0.370031,15
0.370218,172
0.370405,15
0.370592,174
0.370779,15
0.370966,173
0.371153,15
0.37134,168
0.371527,15
0.371713,172
0.3719,15
0.372087,172
0.372274,15
0.372461,170
0.372648,15
0.372835,172
0.373022,15
0.373209,170
0.373396,15
0.373583,172
0.37377,15
0.373957,169
0.374144,15
0.374331,173
0.374518,15
0.374705,172
0.374892,15
0.375079,172
0.375266,15
0.375453,172
0.37564,15
0.375827,166
0.376014,15
0.376201,171
0.376388,15
0.376575,167
0.376762,15
0.376949,169
0.377136,15
0.377323,172
0.37751,15
0.377697,173
0.377884,15
0.378071,169
0.378258,15
0.378445,170
0.378632,15
0.378819,166
0.379006,15
0.379193,169
0.37938,15
0.379567,170
0.379754,15
0.379941,170
0.380128,15
0.380315,174
0.380501,15
0.380688,171
0.380875,15
0.381062,173
0.381249,15
0.381436,171
0.381623,15
0.38181,169
0.381997,15
0.382184,172
0.382371,15
0.382558,171
0.382745,15
0.382932,171
0.383119,15
0.383306,170
0.383493,15
0.38368,170
0.383867,15
0.384054,172
0.384241,15
0.384428,172
0.384615,15
0.384802,172
0.384989,15
0.385176,171
0.385363,15
0.38555,170
0.385737,15
0.385924,172
0.386111,15
0.386298,172
0.386485,15
0.386672,171
0.386859,15
0.387046,171
0.387233,15
0.38742,172
0.387607,15
0.387794,169
0.387981,15
0.388168,173
0.388355,15
0.388542,171
0.388729,15
0.388916,172
0.389102,15
0.389289,175
0.389476,15
0.389663,173
0.38985,15
0.390037,172
0.390224,15
0.390411,175
0.390598,15
0.390785,171
0.390972,15
0.391159,171
0.391346,15
0.391533,174
0.39172,15
0.391907,172
0.392094,15
0.392281,171
0.392468,15
0.392655,174
0.392842,15
0.393029,170
0.393216,15
0.393403,174
0.39359,15
0.393777,170
0.393964,15
0.394151,171
0.394338,15
0.394525,170
0.394712,15
0.394899,172
0.395086,15
0.395273,169
0.39546,15
0.395647,173
0.395834,15
0.396021,172
0.396208,15
0.396395,172
0.396582,15
0.396769,172
0.396956,15
0.397143,169
0.39733,15
0.397517,174
0.397704,15
0.39789,172
0.398077,15
0.398264,171
0.398451,15
0.398638,172
0.398825,15
0.399012,173
0.399199,15
0.399386,171
0.399573,15
0.39976,173
0.399947,15
0.400134,173
0.400321,15
0.400508,172
0.400695,15
0.400882,173
0.401069,15
0.401256,173
0.401443,15
0.40163,170
0.401817,15
0.402004,171
0.402191,15
0.402378,169
0.402565,15
0.402752,170
0.402939,15
0.403126,169
0.403313,15
0.4035,174
0.403687,15
0.403874,168
0.404061,15
0.404248,173
0.404435,15
0.404622,171
0.404809,15
0.404996,171
0.405183,15
0.40537,171
0.405557,15
0.405744,174
0.405931,15
0.406118,170
0.406305,15
0.406492,171
0.406678,15
0.406865,173
0.407052,15
0.407239,172
0.407426,15
0.407613,172
0.4078,15
0.407987,175
0.408174,15
0.408361,171
0.408548,15
0.408735,171
0.408922,15
0.409109,168
0.409296,15
0.409483,168
0.40967,15
0.409857,171
0.410044,15
0.410231,172
0.410418,15
0.410605,171
0.410792,15
0.410979,175
0.411166,15
0.411353,170
0.41154,15
0.411727,171
0.411914,15
0.412101,169
0.412288,15
0.412475,173
0.412662,15
0.412849,174
0.413036,15
0.413223,172
0.41341,15
0.413597,175
0.413784,15
0.413971,172
0.414158,15
0.414345,171
0.414532,15
0.414719,172
0.414906,15
0.415093,172
0.41528,15
0.415466,171
0.415653,15
0.41584,173
0.416027,15
0.416214,172
0.416401,15
0.416588,172
0.416775,15
0.416962,171
0.417149,15
0.417336,172
0.417523,15
0.41771,173
0.417897,15
0.418084,175
0.418271,15
0.418458,172
0.418645,15
0.418832,169
0.419019,15
0.419206,169
0.419393,15
0.41958,171
0.419767,15
0.419954,170
0.420141,15
0.420328,171
0.420515,15
0.420702,171
0.420889,15
0.421076,172
0.421263,15
0.42145,171
0.421637,15
0.421824,169
0.422011,15
0.422198,172
0.422385,15
0.422572,172
0.422759,15
0.422946,175
0.423133,15
0.42332,170
0.423507,15
0.423694,171
0.423881,15
0.424067,168
0.424254,15
0.424441,172
0.424628,15
0.424815,173
0.425002,15
0.425189,168
0.425376,15
0.425563,172
0.42575,15
0.425937,170
0.426124,15
0.426311,172
0.426498,15
0.426685,173
0.426872,15
0.427059,168
0.427246,15
0.427433,172
0.42762,15
0.427807,172
0.427994,15
0.428181,171
0.428368,15
0.428555,174
0.428742,15
0.428929,173
0.429116,15
0.429303,171
0.42949,15
0.429677,174
0.429864,15
0.430051,170
0.430238,15
0.430425,168
0.430612,15
0.430799,169
0.430986,15
0.431173,172
0.43136,15
0.431547,171
0.431734,15
0.431921,170
0.432108,15
0.432295,174
0.432482,15
0.432669,171
0.432855,15
0.433042,171
0.433229,15
0.433416,172
0.433603,15
0.43379,172
0.433977,15
0.434164,170
0.434351,15
0.434538,168
0.434725,15
0.434912,171
0.435099,15
0.435286,172
0.435473,15
0.43566,170
0.435847,15
0.436034,171
0.436221,15
0.436408,168
0.436595,15
0.436782,173
0.436969,15
0.437156,173
0.437343,15
0.43753,170
0.437717,15
0.437904,174
0.438091,15
0.438278,168
0.438465,15
0.438652,172
0.438839,15
0.439026,170
0.439213,15
0.4394,173
0.439587,15
0.439774,171
0.439961,15
0.440148,170
0.440335,15
0.440522,174
0.440709,15
0.440896,172
0.441083,15
0.44127,175
0.441457,15
0.441643,170
0.44183,15
0.442017,172
0.442204,15
0.442391,170
0.442578,15
0.442765,168
0.442952,15
0.443139,170
0.443326,15
0.443513,174
0.4437,15
0.443887,175
0.444074,15
0.444261,171
0.444448,15
0.444635,175
0.444822,15
0.445009,177
0.445196,15
0.445383,172
0.44557,15
0.445757,170
0.445944,15
0.446131,170
0.446318,15
0.446505,171
0.446692,15
0.446879,170
0.447066,15
0.447253,168
0.44744,15
0.447627,172
0.447814,15
0.448001,173
0.448188,15
0.448375,171
0.448562,15
0.448749,170
0.448936,15
0.449123,171
0.44931,15
0.449497,171
0.449684,15
0.449871,174
0.450058,15
0.450245,174
0.450431,15
0.450618,171
0.450805,15
0.450992,168
0.451179,15
0.451366,173
0.451553,15
0.45174,172
0.451927,15
0.452114,172
0.452301,15
0.452488,171
0.452675,15
0.452862,171
0.453049,15
0.453236,170
0.453423,15
0.45361,170
0.453797,15
0.453984,168
0.454171,15
0.454358,173
0.454545,15
0.454732,170
0.454919,15
0.455106,170
0.455293,15
0.45548,172
0.455667,15
0.455854,168
0.456041,15
0.456228,171
0.456415,15
0.456602,173
0.456789,15
0.456976,171
0.457163,15
0.45735,173
0.457537,15
0.457724,171
0.457911,15
0.458098,172
0.458285,15
0.458472,172
0.458659,15
0.458846,172
0.459033,15
0.459219,172
0.459406,15
0.459593,173
0.45978,15
0.459967,170
0.460154,15
0.460341,174
0.460528,15
0.460715,169
0.460902,15
0.461089,171
0.461276,15
0.461463,172
0.46165,15
0.461837,172
0.462024,15
0.462211,171
0.462398,15
0.462585,171
0.462772,15
0.462959,174
0.463146,15
0.463333,170
0.46352,15
0.463707,173
0.463894,15
0.464081,172
0.464268,15
0.464455,172
0.464642,15
0.464829,171
0.465016,15
0.465203,172
0.46539,15
0.465577,172
0.465764,15
0.465951,172
0.466138,15
0.466325,172
0.466512,15
0.466699,171
0.466886,15
0.467073,174
0.46726,15
0.467447,173
0.467634,15
0.46782,172
0.468007,15
0.468194,169
0.468381,15
0.468568,171
0.468755,15
0.468942,169
0.469129,15
0.469316,172
0.469503,15
0.46969,171
0.469877,15
0.470064,173
0.470251,15
0.470438,170
0.470625,15
0.470812,168
0.470999,15
0.471186,172
0.471373,15
0.47156,171
0.471747,15
0.471934,169
0.472121,15
0.472308,172
0.472495,15
0.472682,170
0.472869,15
0.473056,169
0.473243,15
0.47343,171
0.473617,15
0.473804,169
0.473991,15
0.474178,173
0.474365,15
0.474552,175
0.474739,15
0.474926,173
0.475113,15
0.4753,173
0.475487,15
0.475674,172
0.475861,15
0.476048,174
0.476235,15
0.476422,170
0.476608,15
0.476795,170
0.476982,15
0.477169,171
0.477356,15
0.477543,171
0.47773,15
0.477917,173
0.478104,15
0.478291,171
0.478478,15
0.478665,170
0.478852,15
0.479039,171
0.479226,15
0.479413,166
0.4796,15
0.479787,172
0.479974,15
0.480161,171
0.480348,15
0.480535,168
0.480722,15
0.480909,173
0.481096,15
0.481283,174
0.48147,15
0.481657,171
0.481844,15
0.482031,169
0.482218,15
0.482405,172
0.482592,15
0.482779,170
0.482966,15
0.483153,168
0.48334,15
0.483527,171
0.483714,15
0.483901,171
0.484088,15
0.484275,172
0.484462,15
0.484649,171
0.484836,15
0.485023,174
0.48521,15
0.485396,168
0.485583,15
0.48577,170
0.485957,15
0.486144,173
0.486331,15
0.486518,171
0.486705,15
0.486892,172
0.487079,15
0.487266,173
0.487453,15
0.48764,173
0.487827,15
0.488014,174
0.488201,15
0.488388,173
0.488575,15
0.488762,170
0.488949,15
0.489136,173
0.489323,15
0.48951,172
0.489697,15
0.489884,171
0.490071,15
0.490258,172
0.490445,15
0.490632,172
0.490819,15
0.491006,172
0.491193,15
0.49138,172
0.491567,15
0.491754,171
0.491941,15
0.492128,173
0.492315,15
0.492502,172
0.492689,15
0.492876,173
0.493063,15
0.49325,170
0.493437,15
0.493624,174
0.493811,15
0.493998,173
0.494184,15
0.494371,168
0.494558,15
0.494745,173
0.494932,15
0.495119,176
0.495306,15
0.495493,173
0.49568,15
0.495867,173
0.496054,15
0.496241,174
0.496428,15
0.496615,172
0.496802,15
0.496989,172
0.497176,15
0.497363,172
0.49755,15
0.497737,169
0.497924,15
0.498111,171
0.498298,15
0.498485,172
0.498672,15
0.498859,169
0.499046,15
0.499233,168
0.49942,15
0.499607,170
0.499794,15
0.499981,171
0.500168,15
0.500355,173
0.500542,15
0.500729,170
0.500916,15
0.501103,171
0.50129,15
0.501477,170
0.501664,15
0.501851,166
0.502038,15
0.502225,171
0.502412,15
0.502599,171
0.502785,15
0.502972,170
0.503159,15
0.503346,170
0.503533,15
0.50372,171
0.503907,15
0.504094,174
0.504281,15
0.504468,174
0.504655,15
0.504842,175
0.505029,15
0.505216,171
0.505403,15
0.50559,171
0.505777,15
0.505964,170
0.506151,15
0.506338,171
0.506525,15
0.506712,173
0.506899,15
0.507086,173
0.507273,15
0.50746,171
0.507647,15
0.507834,172
0.508021,15
0.508208,172
0.508395,15
0.508582,170
0.508769,15
0.508956,171
0.509143,15
0.50933,175
0.509517,15
0.509704,173
0.509891,15
0.510078,171
0.510265,15
0.510452,172
0.510639,15
0.510826,171
0.511013,15
0.5112,172
0.511387,15
0.511573,173
0.51176,15
0.511947,173
0.512134,15
0.512321,171
0.512508,15
0.512695,170
0.512882,15
0.513069,173
0.513256,15
0.513443,170
0.51363,15
0.513817,173
0.514004,15
0.514191,172
0.514378,15
0.514565,171
0.514752,15
0.514939,174
0.515126,15
0.515313,176
0.5155,15
0.515687,175
0.515874,15
0.516061,170
0.516248,15
0.516435,170
0.516622,15
0.516809,173
0.516996,15
0.517183,171
0.51737,15
0.517557,168
0.517744,15
0.517931,174
0.518118,15
0.518305,172
0.518492,15
0.518679,175
0.518866,15
0.519053,170
0.51924,15
0.519427,172
0.519614,15
0.519801,168
0.519988,15
0.520175,171
0.520361,15
0.520548,170
0.520735,15
0.520922,169
0.521109,15
0.521296,172
0.521483,15
0.52167,174
0.521857,15
0.522044,172
0.522231,15
0.522418,170
0.522605,15
0.522792,172
0.522979,15
0.523166,169
0.523353,15
0.52354,170
0.523727,15
0.523914,172
0.524101,15
0.524288,171
0.524475,15
0.524662,171
0.524849,15
0.525036,175
0.525223,15
0.52541,173
0.525597,15
0.525784,173
0.525971,15
0.526158,175
0.526345,15
0.526532,173
0.526719,15
0.526906,171
0.527093,15
0.52728,172
0.527467,15
0.527654,171
0.527841,15
0.528028,173
0.528215,15
0.528402,171
0.528589,15
0.528776,170
0.528963,15
0.529149,172
0.529336,15
0.529523,175
0.52971,15
0.529897,174
0.530084,15
0.530271,169
0.530458,15
0.530645,172
0.530832,15
0.531019,170
0.531206,15
0.531393,174
0.53158,15
0.531767,171
0.531954,15
0.532141,174
0.532328,15
0.532515,171
0.532702,15
0.532889,171
0.533076,15
0.533263,177
0.53345,15
0.533637,173
0.533824,15
0.534011,169
0.534198,15
0.534385,171
0.534572,15
0.534759,171
0.534946,15
0.535133,175
0.53532,15
0.535507,171
0.535694,15
0.535881,172
0.536068,15
0.536255,174
0.536442,15
0.536629,172
0.536816,15
0.537003,171
0.53719,15
0.537377,172
0.537564,15
0.53775,171
0.537937,15
0.538124,171
0.538311,15
0.538498,169
0.538685,15
0.538872,169
0.539059,15
0.539246,172
0.539433,15
0.53962,171
0.539807,15
0.539994,172
0.540181,15
0.540368,169
0.540555,15
0.540742,172
0.540929,15
0.541116,174
0.541303,15
0.54149,170
0.541677,15
0.541864,171
0.542051,15
0.542238,171
0.542425,15
0.542612,173
0.542799,15
0.542986,172
0.543173,15
0.54336,172
0.543547,15
0.543734,170
0.543921,15
0.544108,175
0.544295,15
0.544482,173
0.544669,15
0.544856,171
0.545043,15
0.54523,171
0.545417,15
0.545604,172
0.545791,15
0.545978,171
0.546165,15
0.546352,170
0.546538,15
0.546725,172
0.546912,15
0.547099,172
0.547286,15
0.547473,173
0.54766,15
0.547847,173
0.548034,15
0.548221,174
0.548408,15
0.548595,170
0.548782,15
0.548969,172
0.549156,15
0.549343,173
0.54953,15
0.549717,172
0.549904,15
0.550091,172
0.550278,15
0.550465,172
0.550652,15
0.550839,169
0.551026,15
0.551213,174
0.5514,15
0.551587,174
0.551774,15
0.551961,174
0.552148,15
0.552335,172
0.552522,15
0.552709,171
0.552896,15
0.553083,171
0.55327,15
0.553457,173
0.553644,15
0.553831,173
0.554018,15
0.554205,170
0.554392,15
0.554579,172
0.554766,15
0.554953,171
0.55514,15
0.555326,173
0.555513,15
0.5557,175
0.555887,15
0.556074,171
0.556261,15
0.556448,167
0.556635,15
0.556822,173
0.557009,15
0.557196,171
0.557383,15
0.55757,172
0.557757,15
0.557944,172
0.558131,15
0.558318,172
0.558505,15
0.558692,172
0.558879,15
0.559066,168
0.559253,15
0.55944,173
0.559627,15
0.559814,172
0.560001,15
0.560188,172
0.560375,15
0.560562,173
0.560749,15
0.560936,171
0.561123,15
0.56131,172
0.561497,15
0.561684,171
0.561871,15
0.562058,172
0.562245,15
0.562432,170
0.562619,15
0.562806,172
0.562993,15
0.56318,170
0.563367,15
0.563554,170
0.563741,15
0.563928,172
0.564114,15
0.564301,172
0.564488,15
0.564675,170
0.564862,15
0.565049,173
0.565236,15
0.565423,175
0.56561,15
0.565797,172
0.565984,15
0.566171,172
0.566358,15
0.566545,173
0.566732,15
0.566919,171
0.567106,15
0.567293,170
0.56748,15
0.567667,177
0.567854,15
0.568041,171
0.568228,15
0.568415,173
0.568602,15
0.568789,173
0.568976,15
0.569163,173
0.56935,15
0.569537,172
0.569724,15
0.569911,174
0.570098,15
0.570285,172
0.570472,15
0.570659,171
0.570846,15
0.571033,171
0.57122,15
0.571407,172
0.571594,15
0.571781,175
0.571968,15
0.572155,174
0.572342,15
0.572529,172
0.572715,15
0.572902,171
0.573089,15
0.573276,172
0.573463,15
0.57365,171
0.573837,15
0.574024,173
0.574211,15
0.574398,167
0.574585,15
0.574772,171
0.574959,15
0.575146,171
0.575333,15
0.57552,172
0.575707,15
0.575894,173
0.576081,15
0.576268,172
0.576455,15
0.576642,172
0.576829,15
0.577016,171
0.577203,15
0.57739,171
0.577577,15
0.577764,174
0.577951,15
0.578138,170
0.578325,15
0.578512,174
0.578699,15
0.578886,178
0.579073,15
0.57926,169
0.579447,15
0.579634,172
0.579821,15
0.580008,174
0.580195,15
0.580382,173
0.580569,15
0.580756,170
0.580943,15
0.58113,172
0.581317,15
0.581503,171
0.58169,15
0.581877,174
0.582064,15
0.582251,170
0.582438,15
0.582625,171
0.582812,15
0.582999,172
0.583186,15
0.583373,172
0.58356,15
0.583747,174
0.583934,15
0.584121,173
0.584308,15
0.584495,168
0.584682,15
0.584869,168
0.585056,15
0.585243,171
0.58543,15
0.585617,171
0.585804,15
0.585991,173
0.586178,15
0.586365,172
0.586552,15
0.586739,173
0.586926,15
0.587113,172
0.5873,15
0.587487,170
0.587674,15
0.587861,169
0.588048,15
0.588235,170
0.588422,15
0.588609,173
0.588796,15
0.588983,171
0.58917,15
0.589357,170
0.589544,15
0.589731,174
0.589918,15
0.590105,175
0.590291,15
0.590478,172
0.590665,15
0.590852,172
0.591039,15
0.591226,171
0.591413,15
0.5916,172
0.591787,15
0.591974,170
0.592161,15
0.592348,174
0.592535,15
0.592722,172
0.592909,15
0.593096,174
0.593283,15
0.59347,174
0.593657,15
0.593844,172
0.594031,15
0.594218,171
0.594405,15
0.594592,172
0.594779,15
0.594966,174
0.595153,15
0.59534,172
0.595527,15
0.595714,172
0.595901,15
0.596088,172
0.596275,15
0.596462,174
0.596649,15
0.596836,172
0.597023,15
0.59721,171
0.597397,15
0.597584,174
0.597771,15
0.597958,173
0.598145,15
0.598332,173
0.598519,15
0.598706,174
0.598893,15
0.599079,172
0.599266,15
0.599453,171
0.59964,15
0.599827,168
0.600014,15
0.600201,171
0.600388,15
0.600575,171
0.600762,15
0.600949,172
0.601136,15
0.601323,173
0.60151,15
0.601697,170
0.601884,15
0.602071,168
0.602258,15
0.602445,172
0.602632,15
0.602819,170
0.603006,15
0.603193,171
0.60338,15
0.603567,170
0.603754,15
0.603941,174
0.604128,15
0.604315,174
0.604502,15
0.604689,170
0.604876,15
0.605063,174
0.60525,15
0.605437,172
0.605624,15
0.605811,171
0.605998,15
0.606185,172
0.606372,15
0.606559,173
0.606746,15
0.606933,173
0.60712,15
0.607307,173
0.607494,15
0.60768,170
0.607867,15
0.608054,169
0.608241,15
0.608428,172
0.608615,15
0.608802,173
0.608989,15
0.609176,172
0.609363,15
0.60955,174
0.609737,15
0.609924,173
0.610111,15
0.610298,173
0.610485,15
0.610672,172
0.610859,15
0.611046,174
0.611233,15
0.61142,173
0.611607,15
0.611794,172
0.611981,15
0.612168,175
0.612355,15
0.612542,171
0.612729,15
0.612916,170
0.613103,15
0.61329,172
0.613477,15
0.613664,168
0.613851,15
0.614038,173
0.614225,15
0.614412,173
0.614599,15
0.614786,174
0.614973,15
0.61516,171
0.615347,15
0.615534,174
0.615721,15
0.615908,172
0.616095,15
0.616282,172
0.616468,15
0.616655,173
0.616842,15
0.617029,173
0.617216,15
0.617403,170
0.61759,15
0.617777,170
0.617964,15
0.618151,170
0.618338,15
0.618525,171
0.618712,15
0.618899,171
0.619086,15
0.619273,172
0.61946,15
0.619647,169
0.619834,15
0.620021,176
0.620208,15
0.620395,173
0.620582,15
0.620769,170
0.620956,15
0.621143,171
0.62133,15
0.621517,169
0.621704,15
0.621891,173
0.622078,15
0.622265,172
0.622452,15
0.622639,170
0.622826,15
0.623013,171
0.6232,15
0.623387,171
0.623574,15
0.623761,173
0.623948,15
0.624135,168
0.624322,15
0.624509,172
0.624696,15
0.624883,170
0.62507,15
0.625256,170
0.625443,15
0.62563,173
0.625817,15
0.626004,170
0.626191,15
0.626378,173
0.626565,15
0.626752,172
0.626939,15
0.627126,172
0.627313,15
0.6275,172
0.627687,15
0.627874,170
0.628061,15
0.628248,171
0.628435,15
0.628622,172
0.628809,15
0.628996,173
0.629183,15
0.62937,174
0.629557,15
0.629744,172
0.629931,15
0.630118,172
0.630305,15
0.630492,172
0.630679,15
0.630866,173
0.631053,15
0.63124,173
0.631427,15
0.631614,172
0.631801,15
0.631988,173
0.632175,15
0.632362,171
0.632549,15
0.632736,175
0.632923,15
0.63311,172
0.633297,15
0.633484,173
0.633671,15
0.633858,172
0.634044,15
0.634231,173
0.634418,15
0.634605,170
0.634792,15
0.634979,173
0.635166,15
0.635353,173
0.63554,15
0.635727,172
0.635914,15
0.636101,175
0.636288,15
0.636475,173
0.636662,15
0.636849,174
0.637036,15
0.637223,172
0.63741,15
0.637597,173
0.637784,15
0.637971,172
0.638158,15
0.638345,170
0.638532,15
0.638719,172
0.638906,15
0.639093,169
0.63928,15
0.639467,172
0.639654,15
0.639841,170
0.640028,15
0.640215,170
0.640402,15
0.640589,170
0.640776,15
0.640963,171
0.64115,15
0.641337,172
0.641524,15
0.641711,170
0.641898,15
0.642085,169
0.642272,15
0.642459,175
0.642646,15
0.642832,171
0.643019,15
0.643206,168
0.643393,15
0.64358,172
0.643767,15
0.643954,171
0.644141,15
0.644328,173
0.644515,15
0.644702,175
0.644889,15
0.645076,173
0.645263,15
0.64545,175
0.645637,15
0.645824,171
0.646011,15
0.646198,168
0.646385,15
0.646572,173
0.646759,15
0.646946,172
0.647133,15
0.64732,174
0.647507,15
0.647694,172
0.647881,15
0.648068,171
0.648255,15
0.648442,172
0.648629,15
0.648816,170
0.649003,15
0.64919,170
0.649377,15
0.649564,173
0.649751,15
0.649938,173
0.650125,15
0.650312,175
0.650499,15
0.650686,175
0.650873,15
0.65106,173
0.651247,15
0.651433,172
0.65162,15
0.651807,171
0.651994,15
0.652181,174
0.652368,15
0.652555,170
0.652742,15
0.652929,172
0.653116,15
0.653303,175
0.65349,15
0.653677,172
0.653864,15
0.654051,173
0.654238,15
0.654425,172
0.654612,15
0.654799,176
0.654986,15
0.655173,173
0.65536,15
0.655547,172
0.655734,15
0.655921,175
0.656108,15
0.656295,169
0.656482,15
0.656669,172
0.656856,15
0.657043,173
0.65723,15
0.657417,173
0.657604,15
0.657791,172
0.657978,15
0.658165,168
0.658352,15
0.658539,172
0.658726,15
0.658913,171
0.6591,15
0.659287,170
0.659474,15
0.659661,171
0.659848,15
0.660035,172
0.660221,15
0.660408,171
0.660595,15
0.660782,172
0.660969,15
0.661156,168
0.661343,15
0.66153,171
0.661717,15
0.661904,173
0.662091,15
0.662278,171
0.662465,15
0.662652,168
0.662839,15
0.663026,174
0.663213,15
0.6634,172
0.663587,15
0.663774,173
0.663961,15
0.664148,173
0.664335,15
0.664522,172
0.664709,15
0.664896,173
0.665083,15
0.66527,170
0.665457,15
0.665644,170
0.665831,15
0.666018,172
0.666205,15
0.666392,171
0.666579,15
0.666766,173
0.666953,15
0.66714,170
0.667327,15
0.667514,174
0.667701,15
0.667888,173
0.668075,15
0.668262,171
0.668449,15
0.668636,175
0.668823,15
0.669009,171
0.669196,15
0.669383,172
0.66957,15
0.669757,169
0.669944,15
0.670131,173
0.670318,15
0.670505,173
0.670692,15
0.670879,170
0.671066,15
0.671253,172
0.67144,15
0.671627,172
0.671814,15
0.672001,171
0.672188,15
0.672375,173
0.672562,15
0.672749,171
0.672936,15
0.673123,174
0.67331,15
0.673497,173
0.673684,15
0.673871,173
0.674058,15
0.674245,175
0.674432,15
0.674619,171
0.674806,15
0.674993,174
0.67518,15
0.675367,172
0.675554,15
0.675741,173
0.675928,15
0.676115,172
0.676302,15
0.676489,173
0.676676,15
0.676863,175
0.67705,15
0.677237,172
0.677424,15
0.677611,175
0.677797,15
0.677984,174
0.678171,15
0.678358,173
0.678545,15
0.678732,172
0.678919,15
0.679106,177
0.679293,15
0.67948,170
0.679667,15
0.679854,170
0.680041,15
0.680228,172
0.680415,15
0.680602,176
0.680789,15
0.680976,174
0.681163,15
0.68135,172
0.681537,15
0.681724,171
0.681911,15
0.682098,172
0.682285,15
0.682472,171
0.682659,15
0.682846,173
0.683033,15
0.68322,171
0.683407,15
0.683594,173
0.683781,15
0.683968,170
0.684155,15
0.684342,173
0.684529,15
0.684716,172
0.684903,15
0.68509,169
0.685277,15
0.685464,169
0.685651,15
0.685838,171
0.686025,15
0.686212,173
0.686398,15
0.686585,172
0.686772,15
0.686959,173
0.687146,15
0.687333,169
0.68752,15
0.687707,170
0.687894,15
0.688081,175
0.688268,15
0.688455,171
0.688642,15
0.688829,171
0.689016,15
0.689203,174
0.68939,15
0.689577,173
0.689764,15
0.689951,173
0.690138,15
0.690325,170
0.690512,15
0.690699,169
0.690886,15
0.691073,172
0.69126,15
0.691447,171
0.691634,15
0.691821,172
0.692008,15
0.692195,173
0.692382,15
0.692569,173
0.692756,15
0.692943,171
0.69313,15
0.693317,170
0.693504,15
0.693691,175
0.693878,15
0.694065,173
0.694252,15
0.694439,171
0.694626,15
0.694813,175
0.695,15
0.695186,175
0.695373,15
0.69556,174
0.695747,15
0.695934,174
0.696121,15
0.696308,172
0.696495,15
0.696682,172
0.696869,15
0.697056,171
0.697243,15
0.69743,172
0.697617,15
0.697804,174
0.697991,15
0.698178,175
0.698365,15
0.698552,173
0.698739,15
0.698926,171
0.699113,15
0.6993,175
0.699487,15
0.699674,173
0.699861,15
0.700048,170
0.700235,15
0.700422,172
0.700609,15
0.700796,172
0.700983,15
0.70117,171
0.701357,15
0.701544,175
0.701731,15
0.701918,175
0.702105,15
0.702292,172
0.702479,15
0.702666,170
0.702853,15
0.70304,172
0.703227,15
0.703414,172
0.703601,15
0.703788,174
0.703974,15
0.704161,171
0.704348,15
0.704535,170
0.704722,15
0.704909,172
0.705096,15
0.705283,172
0.70547,15
0.705657,173
0.705844,15
0.706031,172
0.706218,15
0.706405,170
0.706592,15
0.706779,173
0.706966,15
0.707153,173
0.70734,15
0.707527,173
0.707714,15
0.707901,171
0.708088,15
0.708275,172
0.708462,15
0.708649,170
0.708836,15
0.709023,172
0.70921,15
0.709397,172
0.709584,15
0.709771,170
0.709958,15
0.710145,172
0.710332,15
0.710519,173
0.710706,15
0.710893,172
0.71108,15
0.711267,173
0.711454,15
0.711641,172
0.711828,15
0.712015,172
0.712202,15
0.712389,174
0.712576,15
0.712762,170
0.712949,15
0.713136,176
0.713323,15
0.71351,175
0.713697,15
0.713884,172
0.714071,15
0.714258,173
0.714445,15
0.714632,174
0.714819,15
0.715006,173
0.715193,15
0.71538,173
0.715567,15
0.715754,171
0.715941,15
0.716128,173
0.716315,15
0.716502,171
0.716689,15
0.716876,172
0.717063,15
0.71725,174
0.717437,15
0.717624,172
0.717811,15
0.717998,174
0.718185,15
0.718372,174
0.718559,15
0.718746,170
0.718933,15
0.71912,171
0.719307,15
0.719494,171
0.719681,15
0.719868,174
0.720055,15
0.720242,172
0.720429,15
0.720616,175
0.720803,15
0.72099,171
0.721177,15
0.721363,174
0.72155,15
0.721737,172
0.721924,15
0.722111,172
0.722298,15
0.722485,173
0.722672,15
0.722859,171
0.723046,15
0.723233,173
0.72342,15
0.723607,174
0.723794,15
0.723981,173
0.724168,15
0.724355,171
0.724542,15
0.724729,171
0.724916,15
0.725103,170
0.72529,15
0.725477,172
0.725664,15
0.725851,174
0.726038,15
0.726225,172
0.726412,15
0.726599,170
0.726786,15
0.726973,172
0.72716,15
0.727347,174
0.727534,15
0.727721,174
0.727908,15
0.728095,174
0.728282,15
0.728469,172
0.728656,15
0.728843,169
0.72903,15
0.729217,172
0.729404,15
0.729591,169
0.729778,15
0.729965,172
0.730151,15
0.730338,170
0.730525,15
0.730712,175
0.730899,15
0.731086,171
0.731273,15
0.73146,173
0.731647,15
0.731834,174
0.732021,15
0.732208,175
0.732395,15
0.732582,172
0.732769,15
0.732956,171
0.733143,15
0.73333,172
0.733517,15
0.733704,171
0.733891,15
0.734078,173
0.734265,15
0.734452,173
0.734639,15
0.734826,173
0.735013,15
0.7352,172
0.735387,15
0.735574,172
0.735761,15
0.735948,173
0.736135,15
0.736322,172
0.736509,15
0.736696,171
0.736883,15
0.73707,173
0.737257,15
0.737444,174
0.737631,15
0.737818,170
0.738005,15
0.738192,172
0.738379,15
0.738566,171
0.738753,15
0.738939,169
0.739126,15
0.739313,171
0.7395,15
0.739687,171
0.739874,15
0.740061,169
0.740248,15
0.740435,170
0.740622,15
0.740809,171
0.740996,15
0.741183,171
0.74137,15
0.741557,171
0.741744,15
0.741931,176
0.742118,15
0.742305,174
0.742492,15
0.742679,169
0.742866,15
0.743053,172
0.74324,15
0.743427,173
0.743614,15
0.743801,171
0.743988,15
0.744175,173
0.744362,15
0.744549,171
0.744736,15
0.744923,169
0.74511,15
0.745297,174
0.745484,15
0.745671,175
0.745858,15
0.746045,172
0.746232,15
0.746419,175
0.746606,15
0.746793,168
0.74698,15
0.747167,172
0.747354,15
0.747541,173
0.747727,15
0.747914,169
0.748101,15
0.748288,174
0.748475,15
0.748662,170
0.748849,15
0.749036,171
0.749223,15
0.74941,171
0.749597,15
0.749784,175
0.749971,15
0.750158,171
0.750345,15
0.750532,169
0.750719,15
0.750906,170
0.751093,15
0.75128,172
0.751467,15
0.751654,172
0.751841,15
0.752028,171
0.752215,15
0.752402,169
0.752589,15
0.752776,172
0.752963,15
0.75315,173
0.753337,15
0.753524,169
0.753711,15
0.753898,173
0.754085,15
0.754272,172
0.754459,15
0.754646,171
0.754833,15
0.75502,170
0.755207,15
0.755394,172
0.755581,15
0.755768,172
0.755955,15
0.756142,171
0.756328,15
0.756515,175
0.756702,15
0.756889,171
0.757076,15
0.757263,173
0.75745,15
0.757637,173
0.757824,15
0.758011,169
0.758198,15
0.758385,175
0.758572,15
0.758759,175
0.758946,15
0.759133,172
0.75932,15
0.759507,172
0.759694,15
0.759881,173
0.760068,15
0.760255,170
0.760442,15
0.760629,172
0.760816,15
0.761003,170
0.76119,15
0.761377,174
0.761564,15
0.761751,175
0.761938,15
0.762125,175
0.762312,15
0.762499,172
0.762686,15
0.762873,171
0.76306,15
0.763247,172
0.763434,15
0.763621,173
0.763808,15
0.763995,171
0.764182,15
0.764369,170
0.764556,15
0.764743,173
0.76493,15
0.765116,169
0.765303,15
0.76549,172
0.765677,15
0.765864,173
0.766051,15
0.766238,171
0.766425,15
0.766612,171
0.766799,15
0.766986,169
0.767173,15
0.76736,173
0.767547,15
0.767734,169
0.767921,15
0.768108,174
0.768295,15
0.768482,171
0.768669,15
0.768856,171
0.769043,15
0.76923,168
0.769417,15
0.769604,171
0.769791,15
0.769978,172
0.770165,15
0.770352,169
0.770539,15
0.770726,173
0.770913,15
0.7711,173
0.771287,15
0.771474,173
0.771661,15
0.771848,168
0.772035,15
0.772222,172
0.772409,15
0.772596,170
0.772783,15
0.77297,171
0.773157,15
0.773344,171
0.773531,15
0.773718,170
0.773904,15
0.774091,172
0.774278,15
0.774465,174
0.774652,15
0.774839,172
0.775026,15
0.775213,172
0.7754,15
0.775587,173
0.775774,15
0.775961,174
0.776148,15
0.776335,172
0.776522,15
0.776709,175
0.776896,15
0.777083,175
0.77727,15
0.777457,175
0.777644,15
0.777831,174
0.778018,15
0.778205,172
0.778392,15
0.778579,170
0.778766,15
0.778953,169
0.77914,15
0.779327,172
0.779514,15
0.779701,174
0.779888,15
0.780075,175
0.780262,15
0.780449,170
0.780636,15
0.780823,172
0.78101,15
0.781197,173
0.781384,15
0.781571,177
0.781758,15
0.781945,174
0.782132,15
0.782319,173
0.782506,15
0.782692,173
0.782879,15
0.783066,172
0.783253,15
0.78344,171
0.783627,15
0.783814,176
0.784001,15
0.784188,176
0.784375,15
0.784562,174
0.784749,15
0.784936,173
0.785123,15
0.78531,172
0.785497,15
0.785684,171
0.785871,15
0.786058,173
0.786245,15
0.786432,172
0.786619,15
0.786806,172
0.786993,15
0.78718,172
0.787367,15
0.787554,174
0.787741,15
0.787928,174
0.788115,15
0.788302,173
0.788489,15
0.788676,172
0.788863,15
0.78905,169
0.789237,15
0.789424,171
0.789611,15
0.789798,172
0.789985,15
0.790172,170
0.790359,15
0.790546,170
0.790733,15
0.79092,173
0.791107,15
0.791293,172
0.79148,15
0.791667,172
0.791854,15
0.792041,170
0.792228,15
0.792415,173
0.792602,15
0.792789,173
0.792976,15
0.793163,173
0.79335,15
0.793537,174
0.793724,15
0.793911,168
0.794098,15
0.794285,176
0.794472,15
0.794659,172
0.794846,15
0.795033,172
0.79522,15
0.795407,172
0.795594,15
0.795781,173
0.795968,15
0.796155,176
0.796342,15
0.796529,173
0.796716,15
0.796903,178
0.79709,15
0.797277,175
0.797464,15
0.797651,173
0.797838,15
0.798025,172
0.798212,15
0.798399,174
0.798586,15
0.798773,173
0.79896,15
0.799147,172
0.799334,15
0.799521,173
0.799708,15
0.799895,172
0.800081,15
0.800268,174
0.800455,15
0.800642,172
0.800829,15
0.801016,174
0.801203,15
0.80139,174
0.801577,15
0.801764,171
0.801951,15
0.802138,175
0.802325,15
0.802512,172
0.802699,15
0.802886,174
0.803073,15
0.80326,173
0.803447,15
0.803634,175
0.803821,15
0.804008,170
0.804195,15
0.804382,172
0.804569,15
0.804756,174
0.804943,15
0.80513,173
0.805317,15
0.805504,171
0.805691,15
0.805878,175
0.806065,15
0.806252,173
0.806439,15
0.806626,171
0.806813,15
0.807,173
0.807187,15
0.807374,172
0.807561,15
0.807748,173
0.807935,15
0.808122,172
0.808309,15
0.808496,171
0.808683,15
0.808869,170
0.809056,15
0.809243,172
0.80943,15
0.809617,176
0.809804,15
0.809991,172
0.810178,15
0.810365,168
0.810552,15
0.810739,172
0.810926,15
0.811113,173
0.8113,15
0.811487,173
0.811674,15
0.811861,173
0.812048,15
0.812235,173
0.812422,15
0.812609,172
0.812796,15
0.812983,172
0.81317,15
0.813357,170
0.813544,15
0.813731,174
0.813918,15
0.814105,171
0.814292,15
0.814479,176
0.814666,15
0.814853,172
0.81504,15
0.815227,174
0.815414,15
0.815601,173
0.815788,15
0.815975,175
0.816162,15
0.816349,168
0.816536,15
0.816723,172
0.81691,15
0.817097,171
0.817284,15
0.817471,174
0.817657,15
0.817844,173
0.818031,15
0.818218,171
0.818405,15
0.818592,172
0.818779,15
0.818966,174
0.819153,15
0.81934,171
0.819527,15
0.819714,175
0.819901,15
0.820088,172
0.820275,15
0.820462,172
0.820649,15
0.820836,172
0.821023,15
0.82121,174
0.821397,15
0.821584,171
0.821771,15
0.821958,174
0.822145,15
0.822332,173
0.822519,15
0.822706,176
0.822893,15
0.82308,175
0.823267,15
0.823454,172
0.823641,15
0.823828,172
0.824015,15
0.824202,174
0.824389,15
0.824576,173
0.824763,15
0.82495,172
0.825137,15
0.825324,172
0.825511,15
0.825698,168
0.825885,15
0.826072,172
0.826259,15
0.826445,172
0.826632,15
0.826819,170
0.827006,15
0.827193,171
0.82738,15
0.827567,171
0.827754,15
0.827941,171
0.828128,15
0.828315,172
0.828502,15
0.828689,174
0.828876,15
0.829063,171
0.82925,15
0.829437,172
0.829624,15
0.829811,174
0.829998,15
0.830185,171
0.830372,15
0.830559,170
0.830746,15
0.830933,175
0.83112,15
0.831307,172
0.831494,15
0.831681,173
0.831868,15
0.832055,172
0.832242,15
0.832429,173
0.832616,15
0.832803,173
0.83299,15
0.833177,171
0.833364,15
0.833551,172
0.833738,15
0.833925,177
0.834112,15
0.834299,172
0.834486,15
0.834673,171
0.83486,15
0.835046,174
0.835233,15
0.83542,174
0.835607,15
0.835794,173
0.835981,15
0.836168,171
0.836355,15
0.836542,173
0.836729,15
0.836916,172
0.837103,15
0.83729,174
0.837477,15
0.837664,174
0.837851,15
0.838038,174
0.838225,15
0.838412,170
0.838599,15
0.838786,172
0.838973,15
0.83916,173
0.839347,15
0.839534,173
0.839721,15
0.839908,173
0.840095,15
0.840282,173
0.840469,15
0.840656,171
0.840843,15
0.84103,174
0.841217,15
0.841404,176
0.841591,15
0.841778,175
0.841965,15
0.842152,170
0.842339,15
0.842526,173
0.842713,15
0.8429,173
0.843087,15
0.843274,175
0.843461,15
0.843648,172
0.843834,15
0.844021,171
0.844208,15
0.844395,173
0.844582,15
0.844769,174
0.844956,15
0.845143,172
0.84533,15
0.845517,171
0.845704,15
0.845891,169
0.846078,15
0.846265,175
0.846452,15
0.846639,173
0.846826,15
0.847013,171
0.8472,15
0.847387,171
0.847574,15
0.847761,173
0.847948,15
0.848135,174
0.848322,15
0.848509,173
0.848696,15
0.848883,172
0.84907,15
0.849257,171
0.849444,15
0.849631,171
0.849818,15
0.850005,173
0.850192,15
0.850379,175
0.850566,15
0.850753,173
0.85094,15
0.851127,171
0.851314,15
0.851501,171
0.851688,15
0.851875,171
0.852062,15
0.852249,170
0.852436,15
0.852622,172
0.852809,15
0.852996,174
0.853183,15
0.85337,171
0.853557,15
0.853744,171
0.853931,15
0.854118,170
0.854305,15
0.854492,170
0.854679,15
0.854866,174
0.855053,15
0.85524,172
0.855427,15
0.855614,171
0.855801,15
0.855988,171
0.856175,15
0.856362,174
0.856549,15
0.856736,175
0.856923,15
0.85711,174
0.857297,15
0.857484,172
0.857671,15
0.857858,172
0.858045,15
0.858232,172
0.858419,15
0.858606,175
0.858793,15
0.85898,174
0.859167,15
0.859354,171
0.859541,15
0.859728,174
0.859915,15
0.860102,176
0.860289,15
0.860476,173
0.860663,15
0.86085,172
0.861037,15
0.861224,174
0.86141,15
0.861597,174
0.861784,15
0.861971,172
0.862158,15
0.862345,174
0.862532,15
0.862719,174
0.862906,15
0.863093,174
0.86328,15
0.863467,172
0.863654,15
0.863841,174
0.864028,15
0.864215,174
0.864402,15
0.864589,169
0.864776,15
0.864963,172
0.86515,15
0.865337,172
0.865524,15
0.865711,174
0.865898,15
0.866085,178
0.866272,15
0.866459,170
0.866646,15
0.866833,172
0.86702,15
0.867207,173
0.867394,15
0.867581,170
0.867768,15
0.867955,174
0.868142,15
0.868329,174
0.868516,15
0.868703,170
0.86889,15
0.869077,172
0.869264,15
0.869451,176
0.869638,15
0.869825,172
0.870011,15
0.870198,172
0.870385,15
0.870572,168
0.870759,15
0.870946,173
0.871133,15
0.87132,172
0.871507,15
0.871694,170
0.871881,15
0.872068,172
0.872255,15
0.872442,173
0.872629,15
0.872816,172
0.873003,15
0.87319,174
0.873377,15
0.873564,174
0.873751,15
0.873938,170
0.874125,15
0.874312,172
0.874499,15
0.874686,172
0.874873,15
0.87506,172
0.875247,15
0.875434,169
0.875621,15
0.875808,173
0.875995,15
0.876182,172
0.876369,15
0.876556,172
0.876743,15
0.87693,171
0.877117,15
0.877304,172
0.877491,15
0.877678,170
0.877865,15
0.878052,172
0.878239,15
0.878426,172
0.878613,15
0.878799,173
0.878986,15
0.879173,171
0.87936,15
0.879547,171
0.879734,15
0.879921,172
0.880108,15
0.880295,171
0.880482,15
0.880669,174
0.880856,15
0.881043,173
0.88123,15
0.881417,173
0.881604,15
0.881791,172
0.881978,15
0.882165,171
0.882352,15
0.882539,177
0.882726,15
0.882913,172
0.8831,15
0.883287,174
0.883474,15
0.883661,172
0.883848,15
0.884035,172
0.884222,15
0.884409,175
0.884596,15
0.884783,172
0.88497,15
0.885157,170
0.885344,15
0.885531,172
0.885718,15
0.885905,172
0.886092,15
0.886279,174
0.886466,15
0.886653,171
0.88684,15
0.887027,173
0.887214,15
0.887401,173
0.887587,15
0.887774,171
0.887961,15
0.888148,173
0.888335,15
0.888522,170
0.888709,15
0.888896,170
0.889083,15
0.88927,168
0.889457,15
0.889644,174
0.889831,15
0.890018,172
0.890205,15
0.890392,172
0.890579,15
0.890766,169
0.890953,15
0.89114,173
0.891327,15
0.891514,172
0.891701,15
0.891888,171
0.892075,15
0.892262,171
0.892449,15
0.892636,171
0.892823,15
0.89301,172
0.893197,15
0.893384,169
0.893571,15
0.893758,175
0.893945,15
0.894132,172
0.894319,15
0.894506,174
0.894693,15
0.89488,172
0.895067,15
0.895254,170
0.895441,15
0.895628,172
0.895815,15
0.896002,172
0.896189,15
0.896375,171
0.896562,15
0.896749,176
0.896936,15
0.897123,177
0.89731,15
0.897497,174
0.897684,15
0.897871,172
0.898058,15
0.898245,175
0.898432,15
0.898619,173
0.898806,15
0.898993,172
0.89918,15
0.899367,174
0.899554,15
0.899741,170
0.899928,15
0.900115,173
0.900302,15
0.900489,172
0.900676,15
0.900863,172
0.90105,15
0.901237,176
0.901424,15
0.901611,172
0.901798,15
0.901985,172
0.902172,15
0.902359,173
0.902546,15
0.902733,173
0.90292,15
0.903107,171
0.903294,15
0.903481,174
0.903668,15
0.903855,173
0.904042,15
0.904229,172
0.904416,15
0.904603,172
0.90479,15
0.904976,170
0.905163,15
0.90535,171
0.905537,15
0.905724,172
0.905911,15
0.906098,174
0.906285,15
0.906472,173
0.906659,15
0.906846,171
0.907033,15
0.90722,172
0.907407,15
0.907594,172
0.907781,15
0.907968,172
0.908155,15
0.908342,174
0.908529,15
0.908716,172
0.908903,15
0.90909,175
0.909277,15
0.909464,173
0.909651,15
0.909838,173
0.910025,15
0.910212,171
0.910399,15
0.910586,170
0.910773,15
0.91096,172
0.911147,15
0.911334,170
0.911521,15
0.911708,171
0.911895,15
0.912082,174
0.912269,15
0.912456,171
0.912643,15
0.91283,172
0.913017,15
0.913204,173
0.913391,15
0.913578,173
0.913764,15
0.913951,174
0.914138,15
0.914325,173
0.914512,15
0.914699,171
0.914886,15
0.915073,170
0.91526,15
0.915447,172
0.915634,15
0.915821,169
0.916008,15
0.916195,173
0.916382,15
0.916569,172
0.916756,15
0.916943,171
0.91713,15
0.917317,174
0.917504,15
0.917691,172
0.917878,15
0.918065,172
0.918252,15
0.918439,172
0.918626,15
0.918813,173
0.919,15
0.919187,174
0.919374,15
0.919561,172
0.919748,15
0.919935,172
0.920122,15
0.920309,171
0.920496,15
0.920683,171
0.92087,15
0.921057,172
0.921244,15
0.921431,172
0.921618,15
0.921805,174
0.921992,15
0.922179,175
0.922366,15
0.922552,170
0.922739,15
0.922926,174
0.923113,15
0.9233,172
0.923487,15
0.923674,172
0.923861,15
0.924048,171
0.924235,15
0.924422,172
0.924609,15
0.924796,170
0.924983,15
0.92517,170
0.925357,15
0.925544,172
0.925731,15
0.925918,175
0.926105,15
0.926292,173
0.926479,15
0.926666,172
0.926853,15
0.92704,172
0.927227,15
0.927414,171
0.927601,15
0.927788,172
0.927975,15
0.928162,173
0.928349,15
0.928536,171
0.928723,15
0.92891,172
0.929097,15
0.929284,171
0.929471,15
0.929658,173
0.929845,15
0.930032,173
0.930219,15
0.930406,173
0.930593,15
0.93078,174
0.930967,15
0.931154,172
0.93134,15
0.931527,173
0.931714,15
0.931901,175
0.932088,15
0.932275,171
0.932462,15
0.932649,173
0.932836,15
0.933023,172
0.93321,15
0.933397,169
0.933584,15
0.933771,171
0.933958,15
0.934145,176
0.934332,15
0.934519,171
0.934706,15
0.934893,173
0.93508,15
0.935267,173
0.935454,15
0.935641,172
0.935828,15
0.936015,172
0.936202,15
0.936389,172
0.936576,15
0.936763,172
0.93695,15
0.937137,171
0.937324,15
0.937511,172
0.937698,15
0.937885,174
0.938072,15
0.938259,172
0.938446,15
0.938633,172
0.93882,15
0.939007,172
0.939194,15
0.939381,170
0.939568,15
0.939755,170
0.939941,15
0.940128,174
0.940315,15
0.940502,171
0.940689,15
0.940876,172
0.941063,15
0.94125,170
0.941437,15
0.941624,173
0.941811,15
0.941998,170
0.942185,15
0.942372,175
0.942559,15
0.942746,172
0.942933,15
0.94312,175
0.943307,15
0.943494,174
0.943681,15
0.943868,172
0.944055,15
0.944242,170
0.944429,15
0.944616,173
0.944803,15
0.94499,170
0.945177,15
0.945364,174
0.945551,15
0.945738,172
0.945925,15
0.946112,172
0.946299,15
0.946486,175
0.946673,15
0.94686,171
0.947047,15
0.947234,173
0.947421,15
0.947608,174
0.947795,15
0.947982,171
0.948169,15
0.948356,168
0.948543,15
0.948729,174
0.948916,15
0.949103,171
0.94929,15
0.949477,173
0.949664,15
0.949851,169
0.950038,15
0.950225,172
0.950412,15
0.950599,171
0.950786,15
0.950973,169
0.95116,15
0.951347,175
0.951534,15
0.951721,172
0.951908,15
0.952095,170
0.952282,15
0.952469,174
0.952656,15
0.952843,172
0.95303,15
0.953217,171
0.953404,15
0.953591,171
0.953778,15
0.953965,171
0.954152,15
0.954339,171
0.954526,15
0.954713,172
0.9549,15
0.955087,170
0.955274,15
0.955461,170
0.955648,15
0.955835,172
0.956022,15
0.956209,172
0.956396,15
0.956583,175
0.95677,15
0.956957,170
0.957144,15
0.957331,173
0.957517,15
0.957704,172
0.957891,15
0.958078,172
0.958265,15
0.958452,172
0.958639,15
0.958826,170
0.959013,15
0.9592,174
0.959387,15
0.959574,176
0.959761,15
0.959948,173
0.960135,15
0.960322,173
0.960509,15
0.960696,173
0.960883,15
0.96107,175
0.961257,15
0.961444,172
0.961631,15
0.961818,174
0.962005,15
0.962192,174
0.962379,15
0.962566,175
0.962753,15
0.96294,172
0.963127,15
0.963314,175
0.963501,15
0.963688,172
0.963875,15
0.964062,177
0.964249,15
0.964436,172
0.964623,15
0.96481,171
0.964997,15
0.965184,172
0.965371,15
0.965558,175
0.965745,15
0.965932,174
0.966119,15
0.966305,173
0.966492,15
0.966679,173
0.966866,15
0.967053,173
0.96724,15
0.967427,171
0.967614,15
0.967801,171
0.967988,15
0.968175,172
0.968362,15
0.968549,173
0.968736,15
0.968923,174
0.96911,15
0.969297,173
0.969484,15
0.969671,172
0.969858,15
0.970045,173
0.970232,15
0.970419,169
0.970606,15
0.970793,170
0.97098,15
0.971167,173
0.971354,15
0.971541,173
0.971728,15
0.971915,171
0.972102,15
0.972289,175
0.972476,15
0.972663,174
0.97285,15
0.973037,175
0.973224,15
0.973411,171
0.973598,15
0.973785,173
0.973972,15
0.974159,170
0.974346,15
0.974533,173
0.97472,15
0.974906,172
0.975093,15
0.97528,173
0.975467,15
0.975654,173
0.975841,15
0.976028,174
0.976215,15
0.976402,176
0.976589,15
0.976776,172
0.976963,15
0.97715,171
0.977337,15
0.977524,171
0.977711,15
0.977898,170
0.978085,15
0.978272,173
0.978459,15
0.978646,173
0.978833,15
0.97902,171
0.979207,15
0.979394,173
0.979581,15
0.979768,172
0.979955,15
0.980142,175
0.980329,15
0.980516,174
0.980703,15
0.98089,176
0.981077,15
0.981264,174
0.981451,15
0.981638,171
0.981825,15
0.982012,173
0.982199,15
0.982386,176
0.982573,15
0.98276,173
0.982947,15
0.983134,172
0.983321,15
0.983508,172
0.983694,15
0.983881,172
0.984068,15
0.984255,171
0.984442,15
0.984629,172
0.984816,15
0.985003,174
0.98519,15
0.985377,172
0.985564,15
0.985751,175
0.985938,15
0.986125,172
0.986312,15
0.986499,174
0.986686,15
0.986873,175
0.98706,15
0.987247,176
0.987434,15
0.987621,176
0.987808,15
0.987995,172
0.988182,15
0.988369,172
0.988556,15
0.988743,175
0.98893,15
0.989117,173
0.989304,15
0.989491,172
0.989678,15
0.989865,173
0.990052,15
0.990239,173
0.990426,15
0.990613,171
0.9908,15
0.990987,170
0.991174,15
0.991361,172
0.991548,15
0.991735,174
0.991922,15
0.992109,173
0.992296,15
0.992482,171
0.992669,15
0.992856,172
0.993043,15
0.99323,172
0.993417,15
0.993604,173
0.993791,15
0.993978,171
0.994165,15
0.994352,174
0.994539,15
0.994726,173
0.994913,15
0.9951,173
0.995287,15
0.995474,171
0.995661,15
0.995848,173
0.996035,15
0.996222,172
0.996409,15
0.996596,172
0.996783,15
0.99697,173
0.997157,15
0.997344,171
0.997531,15
0.997718,173
0.997905,15
0.998092,173
0.998279,15
0.998466,172
0.998653,15
0.99884,170
0.999027,15
0.999214,173
0.999401,15
0.999588,174
0.999775,15
0.999962,169
1.000149,15
1.000336,172
1.000523,15
1.00071,171
1.000897,15
1.001084,172
1.00127,15
1.001457,175
1.001644,15
1.001831,177
1.002018,15
1.002205,170
1.002392,15
1.002579,171
1.002766,15
1.002953,174
1.00314,15
1.003327,174
1.003514,15
1.003701,174
1.003888,15
1.004075,174
1.004262,15
1.004449,174
1.004636,15
1.004823,175
1.00501,15
1.005197,172
1.005384,15
1.005571,174
1.005758,15
1.005945,170
1.006132,15
1.006319,175
1.006506,15
1.006693,174
1.00688,15
1.007067,171
1.007254,15
1.007441,175
1.007628,15
1.007815,170
1.008002,15
1.008189,174
1.008376,15
1.008563,172
1.00875,15
1.008937,173
1.009124,15
1.009311,173
1.009498,15
1.009685,170
1.009872,15
1.010058,171
1.010245,15
1.010432,177
1.010619,15
1.010806,172
1.010993,15
1.01118,171
1.011367,15
1.011554,171
1.011741,15
1.011928,173
1.012115,15
1.012302,169
1.012489,15
1.012676,172
1.012863,15
1.01305,174
1.013237,15
1.013424,172
1.013611,15
1.013798,173
1.013985,15
1.014172,172
1.014359,15
1.014546,173
1.014733,15
1.01492,168
1.015107,15
1.015294,176
1.015481,15
1.015668,171
1.015855,15
1.016042,175
1.016229,15
1.016416,170
1.016603,15
1.01679,171
1.016977,15
1.017164,172
1.017351,15
1.017538,173
1.017725,15
1.017912,170
1.018099,15
1.018286,172
1.018473,15
1.018659,172
1.018846,15
1.019033,172
1.01922,15
1.019407,176
1.019594,15
1.019781,171
1.019968,15
1.020155,172
1.020342,15
1.020529,172
1.020716,15
1.020903,174
1.02109,15
1.021277,175
1.021464,15
1.021651,173
1.021838,15
1.022025,171
1.022212,15
1.022399,173
1.022586,15
1.022773,173
1.02296,15
1.023147,173
1.023334,15
1.023521,173
1.023708,15
1.023895,170
1.024082,15
1.024269,172
1.024456,15
1.024643,175
1.02483,15
1.025017,174
1.025204,15
1.025391,173
1.025578,15
1.025765,173
1.025952,15
1.026139,171
1.026326,15
1.026513,172
1.0267,15
1.026887,172
1.027074,15
1.027261,172
1.027447,15
1.027634,172
1.027821,15
1.028008,172
1.028195,15
1.028382,170
1.028569,15
1.028756,172
1.028943,15
1.02913,174
1.029317,15
1.029504,173
1.029691,15
1.029878,172
1.030065,15
1.030252,172
1.030439,15
1.030626,171
1.030813,15
1.031,172
1.031187,15
1.031374,175
1.031561,15
1.031748,170
1.031935,15
1.032122,171
1.032309,15
1.032496,174
1.032683,15
1.03287,174
1.033057,15
1.033244,173
1.033431,15
1.033618,170
1.033805,15
1.033992,171
1.034179,15
1.034366,170
1.034553,15
1.03474,172
1.034927,15
1.035114,174
1.035301,15
1.035488,170
1.035675,15
1.035862,174
1.036049,15
1.036235,172
1.036422,15
1.036609,171
1.036796,15
1.036983,171
1.03717,15
1.037357,175
1.037544,15
1.037731,170
1.037918,15
1.038105,178
1.038292,15
1.038479,174
1.038666,15
1.038853,172
1.03904,15
1.039227,170
1.039414,15
1.039601,169
1.039788,15
1.039975,172
1.040162,15
1.040349,171
1.040536,15
1.040723,175
1.04091,15
1.041097,173
1.041284,15
1.041471,173
1.041658,15
1.041845,172
1.042032,15
1.042219,172
1.042406,15
1.042593,176
1.04278,15
1.042967,173
1.043154,15
1.043341,173
1.043528,15
1.043715,169
1.043902,15
1.044089,174
1.044276,15
1.044463,173
1.04465,15
1.044837,176
1.045023,15
1.04521,172
1.045397,15
1.045584,174
1.045771,15
1.045958,173
1.046145,15
1.046332,176
1.046519,15
1.046706,174
1.046893,15
1.04708,172
1.047267,15
1.047454,172
1.047641,15
1.047828,174
1.048015,15
1.048202,169
1.048389,15
1.048576,176
1.048763,15
1.04895,173
1.049137,15
1.049324,174
1.049511,15
1.049698,175
1.049885,15
1.050072,173
1.050259,15
1.050446,175
1.050633,15
1.05082,173
1.051007,15
1.051194,174
1.051381,15
1.051568,173
1.051755,15
1.051942,171
1.052129,15
1.052316,174
1.052503,15
1.05269,171
1.052877,15
1.053064,171
1.053251,15
1.053438,170
1.053624,15
1.053811,173
1.053998,15
1.054185,171
1.054372,15
1.054559,171
1.054746,15
1.054933,173
1.05512,15
1.055307,174
1.055494,15
1.055681,173
1.055868,15
1.056055,173
1.056242,15
1.056429,174
1.056616,15
1.056803,168
1.05699,15
1.057177,175
1.057364,15
1.057551,172
1.057738,15
1.057925,170
1.058112,15
1.058299,171
1.058486,15
1.058673,172
1.05886,15
1.059047,175
1.059234,15
1.059421,172
1.059608,15
1.059795,173
1.059982,15
1.060169,172
1.060356,15
1.060543,173
1.06073,15
1.060917,170
1.061104,15
1.061291,170
1.061478,15
1.061665,169
1.061852,15
1.062039,171
1.062226,15
1.062412,175
1.062599,15
1.062786,173
1.062973,15
1.06316,175
1.063347,15
1.063534,174
1.063721,15
1.063908,173
1.064095,15
1.064282,175
1.064469,15
1.064656,173
1.064843,15
1.06503,171
1.065217,15
1.065404,175
1.065591,15
1.065778,173
1.065965,15
1.066152,173
1.066339,15
1.066526,173
1.066713,15
1.0669,174
1.067087,15
1.067274,175
1.067461,15
1.067648,175
1.067835,15
1.068022,174
1.068209,15
1.068396,174
1.068583,15
1.06877,173
1.068957,15
1.069144,174
1.069331,15
1.069518,173
1.069705,15
1.069892,171
1.070079,15
1.070266,174
1.070453,15
1.07064,178
1.070827,15
1.071014,174
1.0712,15
1.071387,172
1.071574,15
1.071761,172
1.071948,15
1.072135,172
1.072322,15
1.072509,173
1.072696,15
1.072883,174
1.07307,15
1.073257,171
1.073444,15
1.073631,173
1.073818,15
1.074005,172
1.074192,15
1.074379,171
1.074566,15
1.074753,171
1.07494,15
1.075127,173
1.075314,15
1.075501,173
1.075688,15
1.075875,172
1.076062,15
1.076249,170
1.076436,15
1.076623,172
1.07681,15
1.076997,170
1.077184,15
1.077371,169
1.077558,15
1.077745,175
1.077932,15
1.078119,174
1.078306,15
1.078493,173
1.07868,15
1.078867,171
1.079054,15
1.079241,171
1.079428,15
1.079615,174
1.079802,15
1.079988,172
1.080175,15
1.080362,174
1.080549,15
1.080736,173
1.080923,15
1.08111,172
1.081297,15
1.081484,169
1.081671,15
1.081858,173
1.082045,15
1.082232,177
1.082419,15
1.082606,173
1.082793,15
1.08298,172
1.083167,15
1.083354,174
1.083541,15
1.083728,174
1.083915,15
1.084102,169
1.084289,15
1.084476,175
1.084663,15
1.08485,172
1.085037,15
1.085224,174
1.085411,15
1.085598,172
1.085785,15
1.085972,168
1.086159,15
1.086346,173
1.086533,15
1.08672,174
1.086907,15
1.087094,173
1.087281,15
1.087468,172
1.087655,15
1.087842,174
1.088029,15
1.088216,175
1.088403,15
1.088589,171
1.088776,15
1.088963,171
1.08915,15
1.089337,173
1.089524,15
1.089711,170
1.089898,15
1.090085,174
1.090272,15
1.090459,174
1.090646,15
1.090833,176
1.09102,15
1.091207,175
1.091394,15
1.091581,172
1.091768,15
1.091955,175
1.092142,15
1.092329,173
1.092516,15
1.092703,172
1.09289,15
1.093077,171
1.093264,15
1.093451,174
1.093638,15
1.093825,171
1.094012,15
1.094199,172
1.094386,15
1.094573,171
1.09476,15
1.094947,171
1.095134,15
1.095321,173
1.095508,15
1.095695,173
1.095882,15
1.096069,174
1.096256,15
1.096443,172
1.09663,15
1.096817,173
1.097004,15
1.097191,171
1.097377,15
1.097564,174
1.097751,15
1.097938,175
1.098125,15
1.098312,174
1.098499,15
1.098686,172
1.098873,15
1.09906,172
1.099247,15
1.099434,174
1.099621,15
1.099808,172
1.099995,15
1.100182,173
1.100369,15
1.100556,172
1.100743,15
1.10093,172
1.101117,15
1.101304,172
1.101491,15
1.101678,169
1.101865,15
1.102052,175
1.102239,15
1.102426,178
1.102613,15
1.1028,173
1.102987,15
1.103174,173
1.103361,15
1.103548,172
1.103735,15
1.103922,173
1.104109,15
1.104296,172
1.104483,15
1.10467,171
1.104857,15
1.105044,173
1.105231,15
1.105418,170
1.105605,15
1.105792,171
1.105979,15
1.106165,172
1.106352,15
1.106539,177
1.106726,15
1.106913,175
1.1071,15
1.107287,174
1.107474,15
1.107661,175
1.107848,15
1.108035,172
1.108222,15
1.108409,174
1.108596,15
1.108783,174
1.10897,15
1.109157,174
1.109344,15
1.109531,172
1.109718,15
1.109905,175
1.110092,15
1.110279,172
1.110466,15
1.110653,175
1.11084,15
1.111027,173
1.111214,15
1.111401,173
1.111588,15
1.111775,168
1.111962,15
1.112149,171
1.112336,15
1.112523,171
1.11271,15
1.112897,171
1.113084,15
1.113271,170
1.113458,15
1.113645,174
1.113832,15
1.114019,175
1.114206,15
1.114393,172
1.11458,15
1.114767,174
1.114953,15
1.11514,170
1.115327,15
1.115514,173
1.115701,15
1.115888,174
1.116075,15
1.116262,171
1.116449,15
1.116636,174
1.116823,15
1.11701,172
1.117197,15
1.117384,175
1.117571,15
1.117758,175
1.117945,15
1.118132,169
1.118319,15
1.118506,171
1.118693,15
1.11888,173
1.119067,15
1.119254,172
1.119441,15
1.119628,171
1.119815,15
1.120002,172
1.120189,15
1.120376,174
1.120563,15
1.12075,173
1.120937,15
1.121124,173
1.121311,15
1.121498,172
1.121685,15
1.121872,173
1.122059,15
1.122246,172
1.122433,15
1.12262,177
1.122807,15
1.122994,174
1.123181,15
1.123368,170
1.123554,15
1.123741,172
1.123928,15
1.124115,170
1.124302,15
1.124489,172
1.124676,15
1.124863,175
1.12505,15
1.125237,174
1.125424,15
1.125611,173
1.125798,15
1.125985,171
1.126172,15
1.126359,172
1.126546,15
1.126733,170
1.12692,15
1.127107,174
1.127294,15
1.127481,171
1.127668,15
1.127855,171
1.128042,15
1.128229,173
1.128416,15
1.128603,173
1.12879,15
1.128977,175
1.129164,15
1.129351,173
1.129538,15
1.129725,172
1.129912,15
1.130099,173
1.130286,15
1.130473,168
1.13066,15
1.130847,173
1.131034,15
1.131221,177
1.131408,15
1.131595,172
1.131782,15
1.131969,172
1.132156,15
1.132342,173
1.132529,15
1.132716,170
1.132903,15
1.13309,173
1.133277,15
1.133464,173
1.133651,15
1.133838,172
1.134025,15
1.134212,172
1.134399,15
1.134586,172
1.134773,15
1.13496,173
1.135147,15
1.135334,174
1.135521,15
1.135708,175
1.135895,15
1.136082,173
1.136269,15
1.136456,176
1.136643,15
1.13683,172
1.137017,15
1.137204,173
1.137391,15
1.137578,170
1.137765,15
1.137952,172
1.138139,15
1.138326,174
1.138513,15
1.1387,173
1.138887,15
1.139074,171
1.139261,15
1.139448,170
1.139635,15
1.139822,171
1.140009,15
1.140196,173
1.140383,15
1.14057,178
1.140757,15
1.140944,174
1.14113,15
1.141317,173
1.141504,15
1.141691,174
1.141878,15
1.142065,171
1.142252,15
1.142439,174
1.142626,15
1.142813,174
1.143,15
1.143187,173
1.143374,15
1.143561,174
1.143748,15
1.143935,172
1.144122,15
1.144309,173
1.144496,15
1.144683,173
1.14487,15
1.145057,172
1.145244,15
1.145431,172
1.145618,15
1.145805,175
1.145992,15
1.146179,172
1.146366,15
1.146553,175
1.14674,15
1.146927,170
1.147114,15
1.147301,170
1.147488,15
1.147675,174
1.147862,15
1.148049,169
1.148236,15
1.148423,170
1.14861,15
1.148797,173
1.148984,15
1.149171,172
1.149358,15
1.149545,172
1.149732,15
1.149918,171
1.150105,15
1.150292,173
1.150479,15
1.150666,173
1.150853,15
1.15104,172
1.151227,15
1.151414,175
1.151601,15
1.151788,171
1.151975,15
1.152162,173
1.152349,15
1.152536,171
1.152723,15
1.15291,176
1.153097,15
1.153284,174
1.153471,15
1.153658,176
1.153845,15
1.154032,175
1.154219,15
1.154406,173
1.154593,15
1.15478,173
1.154967,15
1.155154,169
1.155341,15
1.155528,171
1.155715,15
1.155902,173
1.156089,15
1.156276,170
1.156463,15
1.15665,174
1.156837,15
1.157024,172
1.157211,15
1.157398,176
1.157585,15
1.157772,172
1.157959,15
1.158146,174
1.158333,15
1.158519,171
1.158706,15
1.158893,173
1.15908,15
1.159267,171
1.159454,15
1.159641,172
1.159828,15
1.160015,174
1.160202,15
1.160389,173
1.160576,15
1.160763,171
1.16095,15
1.161137,172
1.161324,15
1.161511,172
1.161698,15
1.161885,171
1.162072,15
1.162259,172
1.162446,15
1.162633,171
1.16282,15
1.163007,172
1.163194,15
1.163381,172
1.163568,15
1.163755,177
1.163942,15
1.164129,173
1.164316,15
1.164503,172
1.16469,15
1.164877,171
1.165064,15
1.165251,174
1.165438,15
1.165625,175
1.165812,15
1.165999,170
1.166186,15
1.166373,173
1.16656,15
1.166747,173
1.166934,15
1.167121,173
1.167307,15
1.167494,174
1.167681,15
1.167868,173
1.168055,15
1.168242,172
1.168429,15
1.168616,175
1.168803,15
1.16899,172
1.169177,15
1.169364,173
1.169551,15
1.169738,172
1.169925,15
1.170112,173
1.170299,15
1.170486,172
1.170673,15
1.17086,179
1.171047,15
1.171234,172
1.171421,15
1.171608,170
1.171795,15
1.171982,171
1.172169,15
1.172356,174
1.172543,15
1.17273,174
1.172917,15
1.173104,169
1.173291,15
1.173478,172
1.173665,15
1.173852,173
1.174039,15
1.174226,171
1.174413,15
1.1746,173
1.174787,15
1.174974,172
1.175161,15
1.175348,173
1.175535,15
1.175722,171
1.175909,15
1.176095,171
1.176282,15
1.176469,171
1.176656,15
1.176843,172
1.17703,15
1.177217,172
1.177404,15
1.177591,176
1.177778,15
1.177965,173
1.178152,15
1.178339,173
1.178526,15
1.178713,171
1.1789,15
1.179087,171
1.179274,15
1.179461,174
1.179648,15
1.179835,172
1.180022,15
1.180209,173
1.180396,15
1.180583,173
1.18077,15
1.180957,170
1.181144,15
1.181331,177
1.181518,15
1.181705,172
1.181892,15
1.182079,173
1.182266,15
1.182453,173
1.18264,15
1.182827,175
1.183014,15
1.183201,172
1.183388,15
1.183575,176
1.183762,15
1.183949,174
1.184136,15
1.184323,172
1.18451,15
1.184697,173
1.184883,15
1.18507,174
1.185257,15
1.185444,172
1.185631,15
1.185818,172
1.186005,15
1.186192,174
1.186379,15
1.186566,172
1.186753,15
1.18694,173
1.187127,15
1.187314,175
1.187501,15
1.187688,173
1.187875,15
1.188062,174
1.188249,15
1.188436,171
1.188623,15
1.18881,172
1.188997,15
1.189184,171
1.189371,15
1.189558,172
1.189745,15
1.189932,174
1.190119,15
1.190306,173
1.190493,15
1.19068,173
1.190867,15
1.191054,175
1.191241,15
1.191428,173
1.191615,15
1.191802,171
1.191989,15
1.192176,174
1.192363,15
1.19255,176
1.192737,15
1.192924,170
1.193111,15
1.193298,171
1.193485,15
1.193671,172
1.193858,15
1.194045,170
1.194232,15
1.194419,172
1.194606,15
1.194793,172
1.19498,15
1.195167,170
1.195354,15
1.195541,171
1.195728,15
1.195915,168
1.196102,15
1.196289,173
1.196476,15
1.196663,172
1.19685,15
1.197037,170
1.197224,15
1.197411,170
1.197598,15
1.197785,175
1.197972,15
1.198159,175
1.198346,15
1.198533,171
1.19872,15
1.198907,175
1.199094,15
1.199281,174
1.199468,15
1.199655,172
1.199842,15
1.200029,174
1.200216,15
1.200403,173
1.20059,15
1.200777,171
1.200964,15
1.201151,171
1.201338,15
1.201525,175
1.201712,15
1.201899,178
1.202086,15
1.202272,172
1.202459,15
1.202646,172
1.202833,15
1.20302,171
1.203207,15
1.203394,175
1.203581,15
1.203768,178
1.203955,15
1.204142,170
1.204329,15
1.204516,175
1.204703,15
1.20489,174
1.205077,15
1.205264,173
1.205451,15
1.205638,175
1.205825,15
1.206012,173
1.206199,15
1.206386,173
1.206573,15
1.20676,170
1.206947,15
1.207134,172
1.207321,15
1.207508,171
1.207695,15
1.207882,176
1.208069,15
1.208256,172
1.208443,15
1.20863,174
1.208817,15
1.209004,174
1.209191,15
1.209378,172
1.209565,15
1.209752,172
1.209939,15
1.210126,176
1.210313,15
1.2105,175
1.210687,15
1.210874,170
1.21106,15
1.211247,174
1.211434,15
1.211621,169
1.211808,15
1.211995,172
1.212182,15
1.212369,173
1.212556,15
1.212743,172
1.21293,15
1.213117,173
1.213304,15
1.213491,172
1.213678,15
1.213865,172
1.214052,15
1.214239,171
1.214426,15
1.214613,174
1.2148,15
1.214987,169
1.215174,15
1.215361,170
1.215548,15
1.215735,174
1.215922,15
1.216109,173
1.216296,15
1.216483,174
1.21667,15
1.216857,168
1.217044,15
1.217231,171
1.217418,15
1.217605,175
1.217792,15
1.217979,172
1.218166,15
1.218353,169
1.21854,15
1.218727,171
1.218914,15
1.219101,173
1.219288,15
1.219475,171
1.219662,15
1.219848,173
1.220035,15
1.220222,174
1.220409,15
1.220596,172
1.220783,15
1.22097,170
1.221157,15
1.221344,174
1.221531,15
1.221718,172
1.221905,15
1.222092,173
1.222279,15
1.222466,171
1.222653,15
1.22284,172
1.223027,15
1.223214,172
1.223401,15
1.223588,178
1.223775,15
1.223962,176
1.224149,15
1.224336,170
1.224523,15
1.22471,173
1.224897,15
1.225084,174
1.225271,15
1.225458,175
1.225645,15
1.225832,178
1.226019,15
1.226206,173
1.226393,15
1.22658,174
1.226767,15
1.226954,175
1.227141,15
1.227328,173
1.227515,15
1.227702,173
1.227889,15
1.228076,173
1.228263,15
1.22845,172
1.228636,15
1.228823,172
1.22901,15
1.229197,175
1.229384,15
1.229571,170
1.229758,15
1.229945,173
1.230132,15
1.230319,177
1.230506,15
1.230693,172
1.23088,15
1.231067,170
1.231254,15
1.231441,175
1.231628,15
1.231815,171
1.232002,15
1.232189,171
1.232376,15
1.232563,176
1.23275,15
1.232937,172
1.233124,15
1.233311,176
1.233498,15
1.233685,173
1.233872,15
1.234059,172
1.234246,15
1.234433,171
1.23462,15
1.234807,173
1.234994,15
1.235181,171
1.235368,15
1.235555,175
1.235742,15
1.235929,171
1.236116,15
1.236303,174
1.23649,15
1.236677,172
1.236864,15
1.237051,171
1.237237,15
1.237424,173
1.237611,15
1.237798,174
1.237985,15
1.238172,173
1.238359,15
1.238546,174
1.238733,15
1.23892,168
1.239107,15
1.239294,170
1.239481,15
1.239668,174
1.239855,15
1.240042,170
1.240229,15
1.240416,174
1.240603,15
1.24079,172
1.240977,15
1.241164,172
1.241351,15
1.241538,171
1.241725,15
1.241912,172
1.242099,15
1.242286,171
1.242473,15
1.24266,173
1.242847,15
1.243034,172
1.243221,15
1.243408,175
1.243595,15
1.243782,171
1.243969,15
1.244156,171
1.244343,15
1.24453,166
1.244717,15
1.244904,177
1.245091,15
1.245278,174
1.245465,15
1.245652,171
1.245839,15
1.246025,171
1.246212,15
1.246399,171
1.246586,15
1.246773,173
1.24696,15
1.247147,172
1.247334,15
1.247521,174
1.247708,15
1.247895,176
1.248082,15
1.248269,175
1.248456,15
1.248643,177
1.24883,15
1.249017,175
1.249204,15
1.249391,173
1.249578,15
1.249765,174
1.249952,15
1.250139,172
1.250326,15
1.250513,170
1.2507,15
1.250887,174
1.251074,15
1.251261,170
1.251448,15
1.251635,169
1.251822,15
1.252009,173
1.252196,15
1.252383,176
1.25257,15
1.252757,169
1.252944,15
1.253131,175
1.253318,15
1.253505,171
1.253692,15
1.253879,171
1.254066,15
1.254253,172
1.25444,15
1.254627,175
1.254813,15
1.255,172
1.255187,15
1.255374,171
1.255561,15
1.255748,174
1.255935,15
1.256122,172
1.256309,15
1.256496,172
1.256683,15
1.25687,173
1.257057,15
1.257244,172
1.257431,15
1.257618,173
1.257805,15
1.257992,172
1.258179,15
1.258366,172
1.258553,15
1.25874,174
1.258927,15
1.259114,173
1.259301,15
1.259488,174
1.259675,15
1.259862,173
1.260049,15
1.260236,173
1.260423,15
1.26061,171
1.260797,15
1.260984,174
1.261171,15
1.261358,170
1.261545,15
1.261732,174
1.261919,15
1.262106,173
1.262293,15
1.26248,169
1.262667,15
1.262854,173
1.263041,15
1.263228,168
1.263415,15
1.263601,174
1.263788,15
1.263975,174
1.264162,15
1.264349,171
1.264536,15
1.264723,173
1.26491,15
1.265097,174
1.265284,15
1.265471,173
1.265658,15
1.265845,174
1.266032,15
1.266219,173
1.266406,15
1.266593,173
1.26678,15
1.266967,172
1.267154,15
1.267341,173
1.267528,15
1.267715,176
1.267902,15
1.268089,173
1.268276,15
1.268463,176
1.26865,15
1.268837,174
1.269024,15
1.269211,174
1.269398,15
1.269585,170
1.269772,15
1.269959,171
1.270146,15
1.270333,172
1.27052,15
1.270707,171
1.270894,15
1.271081,172
1.271268,15
1.271455,174
1.271642,15
1.271829,170
1.272016,15
1.272202,173
1.272389,15
1.272576,173
1.272763,15
1.27295,172
1.273137,15
1.273324,174
1.273511,15
1.273698,176
1.273885,15
1.274072,174
1.274259,15
1.274446,175
1.274633,15
1.27482,175
1.275007,15
1.275194,176
1.275381,15
1.275568,173
1.275755,15
1.275942,176
1.276129,15
1.276316,171
1.276503,15
1.27669,172
1.276877,15
1.277064,173
1.277251,15
1.277438,173
1.277625,15
1.277812,172
1.277999,15
1.278186,174
1.278373,15
1.27856,171
1.278747,15
1.278934,171
1.279121,15
1.279308,174
1.279495,15
1.279682,171
1.279869,15
1.280056,170
1.280243,15
1.28043,172
1.280617,15
1.280804,170
1.28099,15
1.281177,174
1.281364,15
1.281551,172
1.281738,15
1.281925,172
1.282112,15
1.282299,173
1.282486,15
1.282673,171
1.28286,15
1.283047,170
1.283234,15
1.283421,172
1.283608,15
1.283795,172
1.283982,15
1.284169,172
1.284356,15
1.284543,172
1.28473,15
1.284917,174
1.285104,15
1.285291,172
1.285478,15
1.285665,171
1.285852,15
1.286039,171
1.286226,15
1.286413,174
1.2866,15
1.286787,173
1.286974,15
1.287161,172
1.287348,15
1.287535,172
1.287722,15
1.287909,175
1.288096,15
1.288283,173
1.28847,15
1.288657,172
1.288844,15
1.289031,173
1.289218,15
1.289405,173
1.289592,15
1.289778,171
1.289965,15
1.290152,172
1.290339,15
1.290526,169
1.290713,15
1.2909,175
1.291087,15
1.291274,175
1.291461,15
1.291648,174
1.291835,15
1.292022,177
1.292209,15
1.292396,175
1.292583,15
1.29277,172
1.292957,15
1.293144,174
1.293331,15
1.293518,172
1.293705,15
1.293892,176
1.294079,15
1.294266,173
1.294453,15
1.29464,171
1.294827,15
1.295014,173
1.295201,15
1.295388,175
1.295575,15
1.295762,172
1.295949,15
1.296136,175
1.296323,15
1.29651,172
1.296697,15
1.296884,175
1.297071,15
1.297258,174
1.297445,15
1.297632,172
1.297819,15
1.298006,171
1.298193,15
1.29838,172
1.298566,15
1.298753,174
1.29894,15
1.299127,170
1.299314,15
1.299501,173
1.299688,15
1.299875,172
1.300062,15
1.300249,171
1.300436,15
1.300623,172
1.30081,15
1.300997,171
1.301184,15
1.301371,171
1.301558,15
1.301745,174
1.301932,15
1.302119,171
1.302306,15
1.302493,171
1.30268,15
1.302867,175
1.303054,15
1.303241,174
1.303428,15
1.303615,174
1.303802,15
1.303989,171
1.304176,15
1.304363,169
1.30455,15
1.304737,173
1.304924,15
1.305111,174
1.305298,15
1.305485,174
1.305672,15
1.305859,172
1.306046,15
1.306233,175
1.30642,15
1.306607,171
1.306794,15
1.306981,172
1.307167,15
1.307354,179
1.307541,15
1.307728,172
1.307915,15
1.308102,171
1.308289,15
1.308476,172
1.308663,15
1.30885,172
1.309037,15
1.309224,172
1.309411,15
1.309598,173
1.309785,15
1.309972,173
1.310159,15
1.310346,173
1.310533,15
1.31072,172
1.310907,15
1.311094,173
1.311281,15
1.311468,173
1.311655,15
1.311842,172
1.312029,15
1.312216,174
1.312403,15
1.31259,172
1.312777,15
1.312964,174
1.313151,15
1.313338,172
1.313525,15
1.313712,173
1.313899,15
1.314086,171
1.314273,15
1.31446,171
1.314647,15
1.314834,174
1.315021,15
1.315208,175
1.315395,15
1.315582,174
1.315769,15
1.315955,178
1.316142,15
1.316329,171
1.316516,15
1.316703,171
1.31689,15
1.317077,174
1.317264,15
1.317451,173
1.317638,15
1.317825,171
1.318012,15
1.318199,172
1.318386,15
1.318573,175
1.31876,15
1.318947,172
1.319134,15
1.319321,174
1.319508,15
1.319695,173
1.319882,15
1.320069,170
1.320256,15
1.320443,173
1.32063,15
1.320817,172
1.321004,15
1.321191,175
1.321378,15
1.321565,173
1.321752,15
1.321939,175
1.322126,15
1.322313,173
1.3225,15
1.322687,170
1.322874,15
1.323061,174
1.323248,15
1.323435,173
1.323622,15
1.323809,171
1.323996,15
1.324183,171
1.32437,15
1.324557,178
1.324743,15
1.32493,171
1.325117,15
1.325304,174
1.325491,15
1.325678,170
1.325865,15
1.326052,173
1.326239,15
1.326426,174
1.326613,15
1.3268,173
1.326987,15
1.327174,171
1.327361,15
1.327548,172
1.327735,15
1.327922,174
1.328109,15
1.328296,173
1.328483,15
1.32867,175
1.328857,15
1.329044,174
1.329231,15
1.329418,173
1.329605,15
1.329792,174
1.329979,15
1.330166,172
1.330353,15
1.33054,173
1.330727,15
1.330914,172
1.331101,15
1.331288,175
1.331475,15
1.331662,173
1.331849,15
1.332036,175
1.332223,15
1.33241,173
1.332597,15
1.332784,171
1.332971,15
1.333158,172
1.333345,15
1.333531,178
1.333718,15
1.333905,174
1.334092,15
1.334279,173
1.334466,15
1.334653,172
1.33484,15
1.335027,175
1.335214,15
1.335401,172
1.335588,15
1.335775,174
1.335962,15
1.336149,174
1.336336,15
1.336523,170
1.33671,15
1.336897,170
1.337084,15
1.337271,173
1.337458,15
1.337645,173
1.337832,15
1.338019,173
1.338206,15
1.338393,170
1.33858,15
1.338767,174
1.338954,15
1.339141,175
1.339328,15
1.339515,175
1.339702,15
1.339889,171
1.340076,15
1.340263,171
1.34045,15
1.340637,172
1.340824,15
1.341011,174
1.341198,15
1.341385,174
1.341572,15
1.341759,174
1.341946,15
1.342132,172
1.342319,15
1.342506,171
1.342693,15
1.34288,169
1.343067,15
1.343254,171
1.343441,15
1.343628,174
1.343815,15
1.344002,174
1.344189,15
1.344376,170
1.344563,15
1.34475,173
1.344937,15
1.345124,173
1.345311,15
1.345498,173
1.345685,15
1.345872,173
1.346059,15
1.346246,173
1.346433,15
1.34662,174
1.346807,15
1.346994,170
1.347181,15
1.347368,171
1.347555,15
1.347742,173
1.347929,15
1.348116,173
1.348303,15
1.34849,172
1.348677,15
1.348864,173
1.349051,15
1.349238,172
1.349425,15
1.349612,173
1.349799,15
1.349986,173
1.350173,15
1.35036,172
1.350547,15
1.350734,174
1.35092,15
1.351107,174
1.351294,15
1.351481,176
1.351668,15
1.351855,171
1.352042,15
1.352229,172
1.352416,15
1.352603,174
1.35279,15
1.352977,175
1.353164,15
1.353351,174
1.353538,15
1.353725,172
1.353912,15
1.354099,174
1.354286,15
1.354473,171
1.35466,15
1.354847,177
1.355034,15
1.355221,172
1.355408,15
1.355595,174
1.355782,15
1.355969,173
1.356156,15
1.356343,175
1.35653,15
1.356717,176
1.356904,15
1.357091,175
1.357278,15
1.357465,172
1.357652,15
1.357839,172
1.358026,15
1.358213,172
1.3584,15
1.358587,171
1.358774,15
1.358961,174
1.359148,15
1.359335,174
1.359522,15
1.359708,176
1.359895,15
1.360082,176
1.360269,15
1.360456,172
1.360643,15
1.36083,171
1.361017,15
1.361204,175
1.361391,15
1.361578,171
1.361765,15
1.361952,174
1.362139,15
1.362326,175
1.362513,15
1.3627,175
1.362887,15
1.363074,170
1.363261,15
1.363448,170
1.363635,15
1.363822,175
1.364009,15
1.364196,175
1.364383,15
1.36457,172
1.364757,15
1.364944,173
1.365131,15
1.365318,174
1.365505,15
1.365692,172
1.365879,15
1.366066,169
1.366253,15
1.36644,171
1.366627,15
1.366814,174
1.367001,15
1.367188,169
1.367375,15
1.367562,174
1.367749,15
1.367936,171
1.368123,15
1.36831,170
1.368496,15
1.368683,174
1.36887,15
1.369057,175
1.369244,15
1.369431,173
1.369618,15
1.369805,172
1.369992,15
1.370179,175
1.370366,15
1.370553,172
1.37074,15
1.370927,170
1.371114,15
1.371301,172
1.371488,15
1.371675,172
1.371862,15
1.372049,174
1.372236,15
1.372423,172
1.37261,15
1.372797,176
1.372984,15
1.373171,172
1.373358,15
1.373545,171
1.373732,15
1.373919,174
1.374106,15
1.374293,173
1.37448,15
1.374667,173
1.374854,15
1.375041,170
1.375228,15
1.375415,174
1.375602,15
1.375789,170
1.375976,15
1.376163,173
1.37635,15
1.376537,174
1.376724,15
1.376911,177
1.377098,15
1.377284,172
1.377471,15
1.377658,175
1.377845,15
1.378032,174
1.378219,15
1.378406,177
1.378593,15
1.37878,175
1.378967,15
1.379154,172
1.379341,15
1.379528,172
1.379715,15
1.379902,172
1.380089,15
1.380276,169
1.380463,15
1.38065,175
1.380837,15
1.381024,172
1.381211,15
1.381398,173
1.381585,15
1.381772,172
1.381959,15
1.382146,174
1.382333,15
1.38252,172
1.382707,15
1.382894,172
1.383081,15
1.383268,174
1.383455,15
1.383642,174
1.383829,15
1.384016,173
1.384203,15
1.38439,173
1.384577,15
1.384764,174
1.384951,15
1.385138,171
1.385325,15
1.385512,173
1.385699,15
1.385885,172
1.386072,15
1.386259,172
1.386446,15
1.386633,171
1.38682,15
1.387007,171
1.387194,15
1.387381,172
1.387568,15
1.387755,172
1.387942,15
1.388129,171
1.388316,15
1.388503,174
1.38869,15
1.388877,172
1.389064,15
1.389251,175
1.389438,15
1.389625,173
1.389812,15
1.389999,171
1.390186,15
1.390373,170
1.39056,15
1.390747,174
1.390934,15
1.391121,172
1.391308,15
1.391495,173
1.391682,15
1.391869,173
1.392056,15
1.392243,172
1.39243,15
1.392617,173
1.392804,15
1.392991,175
1.393178,15
1.393365,172
1.393552,15
1.393739,171
1.393926,15
1.394113,176
1.3943,15
1.394487,175
1.394673,15
1.39486,173
1.395047,15
1.395234,169
1.395421,15
1.395608,177
1.395795,15
1.395982,173
1.396169,15
1.396356,172
1.396543,15
1.39673,173
1.396917,15
1.397104,173
1.397291,15
1.397478,171
1.397665,15
1.397852,171
1.398039,15
1.398226,173
1.398413,15
1.3986,173
1.398787,15
1.398974,171
1.399161,15
1.399348,173
1.399535,15
1.399722,172
1.399909,15
1.400096,171
1.400283,15
1.40047,175
1.400657,15
1.400844,172
1.401031,15
1.401218,172
1.401405,15
1.401592,173
1.401779,15
1.401966,173
1.402153,15
1.40234,173
1.402527,15
1.402714,174
1.402901,15
1.403088,172
1.403275,15
1.403461,174
1.403648,15
1.403835,174
1.404022,15
1.404209,174
1.404396,15
1.404583,173
1.40477,15
1.404957,172
1.405144,15
1.405331,172
1.405518,15
1.405705,174
1.405892,15
1.406079,171
1.406266,15
1.406453,173
1.40664,15
1.406827,174
1.407014,15
1.407201,172
1.407388,15
1.407575,173
1.407762,15
1.407949,171
1.408136,15
1.408323,173
1.40851,15
1.408697,174
1.408884,15
1.409071,173
1.409258,15
1.409445,172
1.409632,15
1.409819,173
1.410006,15
1.410193,178
1.41038,15
1.410567,175
1.410754,15
1.410941,171
1.411128,15
1.411315,172
1.411502,15
1.411689,173
1.411876,15
1.412063,173
1.412249,15
1.412436,173
1.412623,15
1.41281,172
1.412997,15
1.413184,175
1.413371,15
1.413558,172
1.413745,15
1.413932,172
1.414119,15
1.414306,171
1.414493,15
1.41468,172
1.414867,15
1.415054,172
1.415241,15
1.415428,170
1.415615,15
1.415802,171
1.415989,15
1.416176,171
1.416363,15
1.41655,172
1.416737,15
1.416924,172
1.417111,15
1.417298,177
1.417485,15
1.417672,173
1.417859,15
1.418046,172
1.418233,15
1.41842,171
1.418607,15
1.418794,175
1.418981,15
1.419168,172
1.419355,15
1.419542,175
1.419729,15
1.419916,174
1.420103,15
1.42029,174
1.420477,15
1.420664,173
1.42085,15
1.421037,174
1.421224,15
1.421411,173
1.421598,15
1.421785,175
1.421972,15
1.422159,173
1.422346,15
1.422533,172
1.42272,15
1.422907,178
1.423094,15
1.423281,173
1.423468,15
1.423655,171
1.423842,15
1.424029,173
1.424216,15
1.424403,174
1.42459,15
1.424777,175
1.424964,15
1.425151,174
1.425338,15
1.425525,172
1.425712,15
1.425899,172
1.426086,15
1.426273,171
1.42646,15
1.426647,170
1.426834,15
1.427021,172
1.427208,15
1.427395,171
1.427582,15
1.427769,173
1.427956,15
1.428143,175
1.42833,15
1.428517,173
1.428704,15
1.428891,172
1.429078,15
1.429265,174
1.429452,15
1.429638,174
1.429825,15
1.430012,173
1.430199,15
1.430386,172
1.430573,15
1.43076,172
1.430947,15
1.431134,177
1.431321,15
1.431508,175
1.431695,15
1.431882,174
1.432069,15
1.432256,177
1.432443,15
1.43263,171
1.432817,15
1.433004,176
1.433191,15
1.433378,173
1.433565,15
1.433752,172
1.433939,15
1.434126,175
1.434313,15
1.4345,172
1.434687,15
1.434874,175
1.435061,15
1.435248,173
1.435435,15
1.435622,174
1.435809,15
1.435996,173
1.436183,15
1.43637,172
1.436557,15
1.436744,176
1.436931,15
1.437118,174
1.437305,15
1.437492,173
1.437679,15
1.437866,177
1.438053,15
1.43824,170
1.438426,15
1.438613,173
1.4388,15
1.438987,175
1.439174,15
1.439361,174
1.439548,15
1.439735,174
1.439922,15
1.440109,178
1.440296,15
1.440483,174
1.44067,15
1.440857,173
1.441044,15
1.441231,172
1.441418,15
1.441605,176
1.441792,15
1.441979,171
1.442166,15
1.442353,171
1.44254,15
1.442727,170
1.442914,15
1.443101,170
1.443288,15
1.443475,172
1.443662,15
1.443849,174
1.444036,15
1.444223,172
1.44441,15
1.444597,172
1.444784,15
1.444971,175
1.445158,15
1.445345,173
1.445532,15
1.445719,176
1.445906,15
1.446093,174
1.44628,15
1.446467,174
1.446654,15
1.446841,172
1.447028,15
1.447214,172
1.447401,15
1.447588,172
1.447775,15
1.447962,168
1.448149,15
1.448336,173
1.448523,15
1.44871,172
1.448897,15
1.449084,173
1.449271,15
1.449458,173
1.449645,15
1.449832,173
1.450019,15
1.450206,172
1.450393,15
1.45058,173
1.450767,15
1.450954,174
1.451141,15
1.451328,172
1.451515,15
1.451702,172
1.451889,15
1.452076,169
1.452263,15
1.45245,173
1.452637,15
1.452824,173
1.453011,15
1.453198,172
1.453385,15
1.453572,171
1.453759,15
1.453946,174
1.454133,15
1.45432,173
1.454507,15
1.454694,173
1.454881,15
1.455068,175
1.455255,15
1.455442,175
1.455629,15
1.455815,172
1.456002,15
1.456189,171
1.456376,15
1.456563,170
1.45675,15
1.456937,172
1.457124,15
1.457311,174
1.457498,15
1.457685,174
1.457872,15
1.458059,175
1.458246,15
1.458433,172
1.45862,15
1.458807,172
1.458994,15
1.459181,172
1.459368,15
1.459555,174
1.459742,15
1.459929,179
1.460116,15
1.460303,175
1.46049,15
1.460677,174
1.460864,15
1.461051,177
1.461238,15
1.461425,172
1.461612,15
1.461799,173
1.461986,15
1.462173,173
1.46236,15
1.462547,170
1.462734,15
1.462921,172
1.463108,15
1.463295,173
1.463482,15
1.463669,174
1.463856,15
1.464043,172
1.46423,15
1.464417,175
1.464603,15
1.46479,174
1.464977,15
1.465164,173
1.465351,15
1.465538,173
1.465725,15
1.465912,172
1.466099,15
1.466286,173
1.466473,15
1.46666,171
1.466847,15
1.467034,174
1.467221,15
1.467408,173
1.467595,15
1.467782,170
1.467969,15
1.468156,174
1.468343,15
1.46853,173
1.468717,15
1.468904,170
1.469091,15
1.469278,174
1.469465,15
1.469652,171
1.469839,15
1.470026,173
1.470213,15
1.4704,170
1.470587,15
1.470774,166
1.470961,15
1.471148,175
1.471335,15
1.471522,173
1.471709,15
1.471896,173
1.472083,15
1.47227,176
1.472457,15
1.472644,170
1.472831,15
1.473018,172
1.473205,15
1.473391,173
1.473578,15
1.473765,170
1.473952,15
1.474139,173
1.474326,15
1.474513,173
1.4747,15
1.474887,172
1.475074,15
1.475261,175
1.475448,15
1.475635,173
1.475822,15
1.476009,174
1.476196,15
1.476383,173
1.47657,15
1.476757,173
1.476944,15
1.477131,174
1.477318,15
1.477505,172
1.477692,15
1.477879,172
1.478066,15
1.478253,174
1.47844,15
1.478627,172
1.478814,15
1.479001,173
1.479188,15
1.479375,174
1.479562,15
1.479749,173
1.479936,15
1.480123,174
1.48031,15
1.480497,173
1.480684,15
1.480871,173
1.481058,15
1.481245,172
1.481432,15
1.481619,174
1.481806,15
1.481993,172
1.482179,15
1.482366,172
1.482553,15
1.48274,171
1.482927,15
1.483114,171
1.483301,15
1.483488,172
1.483675,15
1.483862,174
1.484049,15
1.484236,178
1.484423,15
1.48461,173
1.484797,15
1.484984,172
1.485171,15
1.485358,170
1.485545,15
1.485732,172
1.485919,15
1.486106,173
1.486293,15
1.48648,172
1.486667,15
1.486854,173
1.487041,15
1.487228,170
1.487415,15
1.487602,172
1.487789,15
1.487976,172
1.488163,15
1.48835,175
1.488537,15
1.488724,171
1.488911,15
1.489098,172
1.489285,15
1.489472,173
1.489659,15
1.489846,170
1.490033,15
1.49022,173
1.490407,15
1.490594,174
1.49078,15
1.490967,172
1.491154,15
1.491341,176
1.491528,15
1.491715,170
1.491902,15
1.492089,170
1.492276,15
1.492463,173
1.49265,15
1.492837,171
1.493024,15
1.493211,172
1.493398,15
1.493585,172
1.493772,15
1.493959,174
1.494146,15
1.494333,176
1.49452,15
1.494707,174
1.494894,15
1.495081,174
1.495268,15
1.495455,173
1.495642,15
1.495829,174
1.496016,15
1.496203,176
1.49639,15
1.496577,171
1.496764,15
1.496951,175
1.497138,15
1.497325,171
1.497512,15
1.497699,175
1.497886,15
1.498073,174
1.49826,15
1.498447,172
1.498634,15
1.498821,173
1.499008,15
1.499195,172
1.499382,15
1.499568,173
1.499755,15
1.499942,171
1.500129,15
1.500316,171
1.500503,15
1.50069,170
1.500877,15
1.501064,173
1.501251,15
1.501438,172
1.501625,15
1.501812,170
1.501999,15
1.502186,173
1.502373,15
1.50256,172
1.502747,15
1.502934,174
1.503121,15
1.503308,174
1.503495,15
1.503682,171
1.503869,15
1.504056,176
1.504243,15
1.50443,174
1.504617,15
1.504804,173
1.504991,15
1.505178,176
1.505365,15
1.505552,171
1.505739,15
1.505926,174
1.506113,15
1.5063,173
1.506487,15
1.506674,174
1.506861,15
1.507048,172
1.507235,15
1.507422,173
1.507609,15
1.507796,174
1.507983,15
1.50817,173
1.508356,15
1.508543,173
1.50873,15
1.508917,172
1.509104,15
1.509291,173
1.509478,15
1.509665,173
1.509852,15
1.510039,173
1.510226,15
1.510413,172
1.5106,15
1.510787,173
1.510974,15
1.511161,173
1.511348,15
1.511535,175
1.511722,15
1.511909,174
1.512096,15
1.512283,172
1.51247,15
1.512657,173
1.512844,15
1.513031,173
1.513218,15
1.513405,175
1.513592,15
1.513779,173
1.513966,15
1.514153,172
1.51434,15
1.514527,172
1.514714,15
1.514901,175
1.515088,15
1.515275,173
1.515462,15
1.515649,172
1.515836,15
1.516023,173
1.51621,15
1.516397,176
1.516584,15
1.516771,173
1.516958,15
1.517144,175
1.517331,15
1.517518,174
1.517705,15
1.517892,173
1.518079,15
1.518266,172
1.518453,15
1.51864,175
1.518827,15
1.519014,171
1.519201,15
1.519388,170
1.519575,15
1.519762,172
1.519949,15
1.520136,172
1.520323,15
1.52051,171
1.520697,15
1.520884,174
1.521071,15
1.521258,173
1.521445,15
1.521632,174
1.521819,15
1.522006,173
1.522193,15
1.52238,171
1.522567,15
1.522754,171
1.522941,15
1.523128,173
1.523315,15
1.523502,171
1.523689,15
1.523876,172
1.524063,15
1.52425,175
1.524437,15
1.524624,172
1.524811,15
1.524998,175
1.525185,15
1.525372,173
1.525559,15
1.525745,174
1.525932,15
1.526119,171
1.526306,15
1.526493,172
1.52668,15
1.526867,169
1.527054,15
1.527241,172
1.527428,15
1.527615,173
1.527802,15
1.527989,175
1.528176,15
1.528363,175
1.52855,15
1.528737,171
1.528924,15
1.529111,171
1.529298,15
1.529485,175
1.529672,15
1.529859,173
1.530046,15
1.530233,173
1.53042,15
1.530607,171
1.530794,15
1.530981,172
1.531168,15
1.531355,175
1.531542,15
1.531729,173
1.531916,15
1.532103,172
1.53229,15
1.532477,170
1.532664,15
1.532851,174
1.533038,15
1.533225,171
1.533412,15
1.533599,172
1.533786,15
1.533973,175
1.53416,15
1.534347,173
1.534533,15
1.53472,173
1.534907,15
1.535094,174
1.535281,15
1.535468,173
1.535655,15
1.535842,173
1.536029,15
1.536216,176
1.536403,15
1.53659,173
1.536777,15
1.536964,173
1.537151,15
1.537338,172
1.537525,15
1.537712,175
1.537899,15
1.538086,170
1.538273,15
1.53846,173
1.538647,15
1.538834,174
1.539021,15
1.539208,173
1.539395,15
1.539582,174
1.539769,15
1.539956,174
1.540143,15
1.54033,172
1.540517,15
1.540704,173
1.540891,15
1.541078,173
1.541265,15
1.541452,171
1.541639,15
1.541826,174
1.542013,15
1.5422,172
1.542387,15
1.542574,173
1.542761,15
1.542948,175
1.543135,15
1.543321,175
1.543508,15
1.543695,171
1.543882,15
1.544069,174
1.544256,15
1.544443,173
1.54463,15
1.544817,175
1.545004,15
1.545191,170
1.545378,15
1.545565,173
1.545752,15
1.545939,173
1.546126,15
1.546313,172
1.5465,15
1.546687,174
1.546874,15
1.547061,173
1.547248,15
1.547435,172
1.547622,15
1.547809,171
1.547996,15
1.548183,175
1.54837,15
1.548557,172
1.548744,15
1.548931,174
1.549118,15
1.549305,172
1.549492,15
1.549679,175
1.549866,15
1.550053,173
1.55024,15
1.550427,173
1.550614,15
1.550801,170
1.550988,15
1.551175,171
1.551362,15
1.551549,172
1.551736,15
1.551923,175
1.552109,15
1.552296,172
1.552483,15
1.55267,172
1.552857,15
1.553044,175
1.553231,15
1.553418,170
1.553605,15
1.553792,173
1.553979,15
1.554166,173
1.554353,15
1.55454,178
1.554727,15
1.554914,173
1.555101,15
1.555288,174
1.555475,15
1.555662,175
1.555849,15
1.556036,173
1.556223,15
1.55641,174
1.556597,15
1.556784,171
1.556971,15
1.557158,175
1.557345,15
1.557532,174
1.557719,15
1.557906,172
1.558093,15
1.55828,171
1.558467,15
1.558654,172
1.558841,15
1.559028,173
1.559215,15
1.559402,171
1.559589,15
1.559776,178
1.559963,15
1.56015,172
1.560337,15
1.560524,175
1.560711,15
1.560897,173
1.561084,15
1.561271,171
1.561458,15
1.561645,173
1.561832,15
1.562019,172
1.562206,15
1.562393,174
1.56258,15
1.562767,176
1.562954,15
1.563141,176
1.563328,15
1.563515,171
1.563702,15
1.563889,173
1.564076,15
1.564263,170
1.56445,15
1.564637,169
1.564824,15
1.565011,177
1.565198,15
1.565385,173
1.565572,15
1.565759,175
1.565946,15
1.566133,171
1.56632,15
1.566507,173
1.566694,15
1.566881,173
1.567068,15
1.567255,173
1.567442,15
1.567629,171
1.567816,15
1.568003,173
1.56819,15
1.568377,172
1.568564,15
1.568751,173
1.568938,15
1.569125,171
1.569312,15
1.569498,174
1.569685,15
1.569872,175
1.570059,15
1.570246,174
1.570433,15
1.57062,173
1.570807,15
1.570994,174
1.571181,15
1.571368,174
1.571555,15
1.571742,175
1.571929,15
1.572116,173
1.572303,15
1.57249,170
1.572677,15
1.572864,175
1.573051,15
1.573238,173
1.573425,15
1.573612,173
1.573799,15
1.573986,174
1.574173,15
1.57436,172
1.574547,15
1.574734,170
1.574921,15
1.575108,173
1.575295,15
1.575482,172
1.575669,15
1.575856,174
1.576043,15
1.57623,174
1.576417,15
1.576604,172
1.576791,15
1.576978,170
1.577165,15
1.577352,174
1.577539,15
1.577726,173
1.577913,15
1.5781,174
1.578286,15
1.578473,175
1.57866,15
1.578847,171
1.579034,15
1.579221,176
1.579408,15
1.579595,172
1.579782,15
1.579969,175
1.580156,15
1.580343,170
1.58053,15
1.580717,172
1.580904,15
1.581091,174
1.581278,15
1.581465,175
1.581652,15
1.581839,176
1.582026,15
1.582213,174
1.5824,15
1.582587,175
1.582774,15
1.582961,171
1.583148,15
1.583335,173
1.583522,15
1.583709,172
1.583896,15
1.584083,174
1.58427,15
1.584457,173
1.584644,15
1.584831,173
1.585018,15
1.585205,171
1.585392,15
1.585579,175
1.585766,15
1.585953,173
1.58614,15
1.586327,175
1.586514,15
1.586701,174
1.586888,15
1.587074,171
1.587261,15
1.587448,171
1.587635,15
1.587822,172
1.588009,15
1.588196,174
1.588383,15
1.58857,174
1.588757,15
1.588944,172
1.589131,15
1.589318,172
1.589505,15
1.589692,174
1.589879,15
1.590066,172
1.590253,15
1.59044,172
1.590627,15
1.590814,173
1.591001,15
1.591188,172
1.591375,15
1.591562,175
1.591749,15
1.591936,173
1.592123,15
1.59231,174
1.592497,15
1.592684,173
1.592871,15
1.593058,172
1.593245,15
1.593432,173
1.593619,15
1.593806,173
1.593993,15
1.59418,175
1.594367,15
1.594554,172
1.594741,15
1.594928,175
1.595115,15
1.595302,171
1.595489,15
1.595676,173
1.595862,15
1.596049,172
1.596236,15
1.596423,174
1.59661,15
1.596797,173
1.596984,15
1.597171,172
1.597358,15
1.597545,175
1.597732,15
1.597919,172
1.598106,15
1.598293,173
1.59848,15
1.598667,173
1.598854,15
1.599041,173
1.599228,15
1.599415,176
1.599602,15
1.599789,175
1.599976,15
1.600163,173
1.60035,15
1.600537,172
1.600724,15
1.600911,172
1.601098,15
1.601285,173
1.601472,15
1.601659,174
1.601846,15
1.602033,170
1.60222,15
1.602407,173
1.602594,15
1.602781,178
1.602968,15
1.603155,174
1.603342,15
1.603529,173
1.603716,15
1.603903,173
1.60409,15
1.604277,170
1.604463,15
1.60465,171
1.604837,15
1.605024,173
1.605211,15
1.605398,172
1.605585,15
1.605772,170
1.605959,15
1.606146,176
1.606333,15
1.60652,173
1.606707,15
1.606894,174
1.607081,15
1.607268,176
1.607455,15
1.607642,173
1.607829,15
1.608016,170
1.608203,15
1.60839,172
1.608577,15
1.608764,175
1.608951,15
1.609138,172
1.609325,15
1.609512,171
1.609699,15
1.609886,170
1.610073,15
1.61026,173
1.610447,15
1.610634,173
1.610821,15
1.611008,172
1.611195,15
1.611382,172
1.611569,15
1.611756,173
1.611943,15
1.61213,169
1.612317,15
1.612504,174
1.612691,15
1.612878,175
1.613065,15
1.613251,171
1.613438,15
1.613625,172
1.613812,15
1.613999,173
1.614186,15
1.614373,175
1.61456,15
1.614747,177
1.614934,15
1.615121,174
1.615308,15
1.615495,174
1.615682,15
1.615869,175
1.616056,15
1.616243,174
1.61643,15
1.616617,174
1.616804,15
1.616991,173
1.617178,15
1.617365,174
1.617552,15
1.617739,178
1.617926,15
1.618113,172
1.6183,15
1.618487,175
1.618674,15
1.618861,172
1.619048,15
1.619235,172
1.619422,15
1.619609,170
1.619796,15
1.619983,173
1.62017,15
1.620357,173
1.620544,15
1.620731,175
1.620918,15
1.621105,172
1.621292,15
1.621479,176
1.621666,15
1.621853,172
1.622039,15
1.622226,177
1.622413,15
1.6226,172
1.622787,15
1.622974,174
1.623161,15
1.623348,174
1.623535,15
1.623722,173
1.623909,15
1.624096,171
1.624283,15
1.62447,174
1.624657,15
1.624844,175
1.625031,15
1.625218,173
1.625405,15
1.625592,175
1.625779,15
1.625966,172
1.626153,15
1.62634,172
1.626527,15
1.626714,171
1.626901,15
1.627088,174
1.627275,15
1.627462,174
1.627649,15
1.627836,175
1.628023,15
1.62821,172
1.628397,15
1.628584,173
1.628771,15
1.628958,172
1.629145,15
1.629332,171
1.629519,15
1.629706,171
1.629893,15
1.63008,171
1.630267,15
1.630454,174
1.630641,15
1.630827,172
1.631014,15
1.631201,173
1.631388,15
1.631575,175
1.631762,15
1.631949,172
1.632136,15
1.632323,173
1.63251,15
1.632697,172
1.632884,15
1.633071,173
1.633258,15
1.633445,173
1.633632,15
1.633819,173
1.634006,15
1.634193,174
1.63438,15
1.634567,171
1.634754,15
1.634941,175
1.635128,15
1.635315,172
1.635502,15
1.635689,172
1.635876,15
1.636063,173
1.63625,15
1.636437,173
1.636624,15
1.636811,179
1.636998,15
1.637185,174
1.637372,15
1.637559,175
1.637746,15
1.637933,172
1.63812,15
1.638307,171
1.638494,15
1.638681,173
1.638868,15
1.639055,175
1.639242,15
1.639428,175
1.639615,15
1.639802,176
1.639989,15
1.640176,171
1.640363,15
1.64055,176
1.640737,15
1.640924,173
1.641111,15
1.641298,177
1.641485,15
1.641672,173
1.641859,15
1.642046,171
1.642233,15
1.64242,174
1.642607,15
1.642794,173
1.642981,15
1.643168,173
1.643355,15
1.643542,172
1.643729,15
1.643916,177
1.644103,15
1.64429,172
1.644477,15
1.644664,173
1.644851,15
1.645038,173
1.645225,15
1.645412,175
1.645599,15
1.645786,174
1.645973,15
1.64616,173
1.646347,15
1.646534,175
1.646721,15
1.646908,173
1.647095,15
1.647282,172
1.647469,15
1.647656,173
1.647843,15
1.64803,173
1.648216,15
1.648403,172
1.64859,15
1.648777,173
1.648964,15
1.649151,173
1.649338,15
1.649525,174
1.649712,15
1.649899,172
1.650086,15
1.650273,168
1.65046,15
1.650647,172
1.650834,15
1.651021,172
1.651208,15
1.651395,172
1.651582,15
1.651769,170
1.651956,15
1.652143,169
1.65233,15
1.652517,172
1.652704,15
1.652891,172
1.653078,15
1.653265,174
1.653452,15
1.653639,173
1.653826,15
1.654013,172
1.6542,15
1.654387,175
1.654574,15
1.654761,175
1.654948,15
1.655135,175
1.655322,15
1.655509,174
1.655696,15
1.655883,172
1.65607,15
1.656257,173
1.656444,15
1.656631,174
1.656818,15
1.657004,175
1.657191,15
1.657378,175
1.657565,15
1.657752,172
1.657939,15
1.658126,174
1.658313,15
1.6585,174
1.658687,15
1.658874,173
1.659061,15
1.659248,174
1.659435,15
1.659622,175
1.659809,15
1.659996,175
1.660183,15
1.66037,171
1.660557,15
1.660744,172
1.660931,15
1.661118,175
1.661305,15
1.661492,171
1.661679,15
1.661866,175
1.662053,15
1.66224,172
1.662427,15
1.662614,171
1.662801,15
1.662988,175
1.663175,15
1.663362,172
1.663549,15
1.663736,178
1.663923,15
1.66411,174
1.664297,15
1.664484,174
1.664671,15
1.664858,177
1.665045,15
1.665232,173
1.665419,15
1.665606,175
1.665792,15
1.665979,174
1.666166,15
1.666353,174
1.66654,15
1.666727,174
1.666914,15
1.667101,172
1.667288,15
1.667475,172
1.667662,15
1.667849,173
1.668036,15
1.668223,172
1.66841,15
1.668597,178
1.668784,15
1.668971,173
1.669158,15
1.669345,171
1.669532,15
1.669719,172
1.669906,15
1.670093,174
1.67028,15
1.670467,175
1.670654,15
1.670841,170
1.671028,15
1.671215,172
1.671402,15
1.671589,175
1.671776,15
1.671963,171
1.67215,15
1.672337,171
1.672524,15
1.672711,173
1.672898,15
1.673085,173
1.673272,15
1.673459,172
1.673646,15
1.673833,171
1.67402,15
1.674207,176
1.674393,15
1.67458,176
1.674767,15
1.674954,171
1.675141,15
1.675328,173
1.675515,15
1.675702,177
1.675889,15
1.676076,177
1.676263,15
1.67645,171
1.676637,15
1.676824,174
1.677011,15
1.677198,175
1.677385,15
1.677572,175
1.677759,15
1.677946,174
1.678133,15
1.67832,170
1.678507,15
1.678694,172
1.678881,15
1.679068,174
1.679255,15
1.679442,175
1.679629,15
1.679816,171
1.680003,15
1.68019,173
1.680377,15
1.680564,172
1.680751,15
1.680938,173
1.681125,15
1.681312,173
1.681499,15
1.681686,173
1.681873,15
1.68206,173
1.682247,15
1.682434,175
1.682621,15
1.682808,171
1.682995,15
1.683181,174
1.683368,15
1.683555,173
1.683742,15
1.683929,181
1.684116,15
1.684303,174
1.68449,15
1.684677,173
1.684864,15
1.685051,174
1.685238,15
1.685425,173
1.685612,15
1.685799,172
1.685986,15
1.686173,172
1.68636,15
1.686547,173
1.686734,15
1.686921,174
1.687108,15
1.687295,172
1.687482,15
1.687669,172
1.687856,15
1.688043,173
1.68823,15
1.688417,173
1.688604,15
1.688791,173
1.688978,15
1.689165,175
1.689352,15
1.689539,174
1.689726,15
1.689913,169
1.6901,15
1.690287,174
1.690474,15
1.690661,172
1.690848,15
1.691035,172
1.691222,15
1.691409,173
1.691596,15
1.691783,174
1.691969,15
1.692156,177
1.692343,15
1.69253,174
1.692717,15
1.692904,172
1.693091,15
1.693278,175
1.693465,15
1.693652,175
1.693839,15
1.694026,172
1.694213,15
1.6944,175
1.694587,15
1.694774,173
1.694961,15
1.695148,173
1.695335,15
1.695522,172
1.695709,15
1.695896,169
1.696083,15
1.69627,172
1.696457,15
1.696644,174
1.696831,15
1.697018,173
1.697205,15
1.697392,173
1.697579,15
1.697766,173
1.697953,15
1.69814,174
1.698327,15
1.698514,176
1.698701,15
1.698888,174
1.699075,15
1.699262,173
1.699449,15
1.699636,174
1.699823,15
1.70001,172
1.700197,15
1.700384,173
1.700571,15
1.700757,175
1.700944,15
1.701131,172
1.701318,15
1.701505,173
1.701692,15
1.701879,172
1.702066,15
1.702253,172
1.70244,15
1.702627,172
1.702814,15
1.703001,178
1.703188,15
1.703375,174
1.703562,15
1.703749,172
1.703936,15
1.704123,171
1.70431,15
1.704497,175
1.704684,15
1.704871,175
1.705058,15
1.705245,174
1.705432,15
1.705619,177
1.705806,15
1.705993,175
1.70618,15
1.706367,174
1.706554,15
1.706741,172
1.706928,15
1.707115,171
1.707302,15
1.707489,171
1.707676,15
1.707863,172
1.70805,15
1.708237,173
1.708424,15
1.708611,173
1.708798,15
1.708985,173
1.709172,15
1.709359,173
1.709545,15
1.709732,171
1.709919,15
1.710106,174
1.710293,15
1.71048,172
1.710667,15
1.710854,173
1.711041,15
1.711228,174
1.711415,15
1.711602,173
1.711789,15
1.711976,172
1.712163,15
1.71235,172
1.712537,15
1.712724,172
1.712911,15
1.713098,171
1.713285,15
1.713472,176
1.713659,15
1.713846,172
1.714033,15
1.71422,172
1.714407,15
1.714594,170
1.714781,15
1.714968,175
1.715155,15
1.715342,175
1.715529,15
1.715716,176
1.715903,15
1.71609,172
1.716277,15
1.716464,174
1.716651,15
1.716838,174
1.717025,15
1.717212,173
1.717399,15
1.717586,173
1.717773,15
1.71796,172
1.718146,15
1.718333,179
1.71852,15
1.718707,175
1.718894,15
1.719081,170
1.719268,15
1.719455,175
1.719642,15
1.719829,174
1.720016,15
1.720203,172
1.72039,15
1.720577,174
1.720764,15
1.720951,174
1.721138,15
1.721325,175
1.721512,15
1.721699,172
1.721886,15
1.722073,178
1.72226,15
1.722447,172
1.722634,15
1.722821,175
1.723008,15
1.723195,172
1.723382,15
1.723569,173
1.723756,15
1.723943,173
1.72413,15
1.724317,175
1.724504,15
1.724691,170
1.724878,15
1.725065,173
1.725252,15
1.725439,173
1.725626,15
1.725813,174
1.726,15
1.726187,174
1.726374,15
1.726561,175
1.726748,15
1.726934,170
1.727121,15
1.727308,172
1.727495,15
1.727682,174
1.727869,15
1.728056,170
1.728243,15
1.72843,170
1.728617,15
1.728804,174
1.728991,15
1.729178,181
1.729365,15
1.729552,173
1.729739,15
1.729926,172
1.730113,15
1.7303,174
1.730487,15
1.730674,173
1.730861,15
1.731048,173
1.731235,15
1.731422,168
1.731609,15
1.731796,174
1.731983,15
1.73217,171
1.732357,15
1.732544,170
1.732731,15
1.732918,172
1.733105,15
1.733292,175
1.733479,15
1.733666,172
1.733853,15
1.73404,172
1.734227,15
1.734414,173
1.734601,15
1.734788,174
1.734975,15
1.735162,173
1.735349,15
1.735536,170
1.735722,15
1.735909,176
1.736096,15
1.736283,175
1.73647,15
1.736657,173
1.736844,15
1.737031,176
1.737218,15
1.737405,173
1.737592,15
1.737779,174
1.737966,15
1.738153,173
1.73834,15
1.738527,172
1.738714,15
1.738901,173
1.739088,15
1.739275,174
1.739462,15
1.739649,172
1.739836,15
1.740023,173
1.74021,15
1.740397,176
1.740584,15
1.740771,174
1.740958,15
1.741145,172
1.741332,15
1.741519,175
1.741706,15
1.741893,174
1.74208,15
1.742267,174
1.742454,15
1.742641,173
1.742828,15
1.743015,172
1.743202,15
1.743389,175
1.743576,15
1.743763,175
1.74395,15
1.744137,174
1.744324,15
1.74451,173
1.744697,15
1.744884,174
1.745071,15
1.745258,176
1.745445,15
1.745632,174
1.745819,15
1.746006,172
1.746193,15
1.74638,172
1.746567,15
1.746754,174
1.746941,15
1.747128,175
1.747315,15
1.747502,175
1.747689,15
1.747876,175
1.748063,15
1.74825,173
1.748437,15
1.748624,172
1.748811,15
1.748998,175
1.749185,15
1.749372,174
1.749559,15
1.749746,171
1.749933,15
1.75012,170
1.750307,15
1.750494,174
1.750681,15
1.750868,173
1.751055,15
1.751242,171
1.751429,15
1.751616,178
1.751803,15
1.75199,174
1.752177,15
1.752364,174
1.752551,15
1.752738,173
1.752925,15
1.753111,171
1.753298,15
1.753485,171
1.753672,15
1.753859,173
1.754046,15
1.754233,172
1.75442,15
1.754607,169
1.754794,15
1.754981,176
1.755168,15
1.755355,173
1.755542,15
1.755729,172
1.755916,15
1.756103,174
1.75629,15
1.756477,173
1.756664,15
1.756851,170
1.757038,15
1.757225,174
1.757412,15
1.757599,172
1.757786,15
1.757973,172
1.75816,15
1.758347,171
1.758534,15
1.758721,172
1.758908,15
1.759095,173
1.759282,15
1.759469,172
1.759656,15
1.759843,169
1.76003,15
1.760217,176
1.760404,15
1.760591,175
1.760778,15
1.760965,172
1.761152,15
1.761339,172
1.761526,15
1.761713,178
1.761899,15
1.762086,174
1.762273,15
1.76246,175
1.762647,15
1.762834,174
1.763021,15
1.763208,173
1.763395,15
1.763582,178
1.763769,15
1.763956,177
1.764143,15
1.76433,172
1.764517,15
1.764704,177
1.764891,15
1.765078,174
1.765265,15
1.765452,172
1.765639,15
1.765826,172
1.766013,15
1.7662,169
1.766387,15
1.766574,174
1.766761,15
1.766948,173
1.767135,15
1.767322,172
1.767509,15
1.767696,174
1.767883,15
1.76807,171
1.768257,15
1.768444,173
1.768631,15
1.768818,173
1.769005,15
1.769192,173
1.769379,15
1.769566,171
1.769753,15
1.76994,171
1.770127,15
1.770314,173
1.770501,15
1.770687,172
1.770874,15
1.771061,171
1.771248,15
1.771435,174
1.771622,15
1.771809,172
1.771996,15
1.772183,173
1.77237,15
1.772557,174
1.772744,15
1.772931,174
1.773118,15
1.773305,171
1.773492,15
1.773679,174
1.773866,15
1.774053,173
1.77424,15
1.774427,172
1.774614,15
1.774801,172
1.774988,15
1.775175,172
1.775362,15
1.775549,172
1.775736,15
1.775923,173
1.77611,15
1.776297,174
1.776484,15
1.776671,171
1.776858,15
1.777045,174
1.777232,15
1.777419,174
1.777606,15
1.777793,174
1.77798,15
1.778167,173
1.778354,15
1.778541,175
1.778728,15
1.778915,177
1.779102,15
1.779289,175
1.779475,15
1.779662,174
1.779849,15
1.780036,172
1.780223,15
1.78041,172
1.780597,15
1.780784,172
1.780971,15
1.781158,172
1.781345,15
1.781532,170
1.781719,15
1.781906,174
1.782093,15
1.78228,173
1.782467,15
1.782654,174
1.782841,15
1.783028,172
1.783215,15
1.783402,175
1.783589,15
1.783776,171
1.783963,15
1.78415,174
1.784337,15
1.784524,173
1.784711,15
1.784898,175
1.785085,15
1.785272,173
1.785459,15
1.785646,176
1.785833,15
1.78602,174
1.786207,15
1.786394,172
1.786581,15
1.786768,175
1.786955,15
1.787142,172
1.787329,15
1.787516,175
1.787703,15
1.78789,178
1.788076,15
1.788263,174
1.78845,15
1.788637,174
1.788824,15
1.789011,172
1.789198,15
1.789385,175
1.789572,15
1.789759,173
1.789946,15
1.790133,175
1.79032,15
1.790507,174
1.790694,15
1.790881,172
1.791068,15
1.791255,173
1.791442,15
1.791629,174
1.791816,15
1.792003,174
1.79219,15
1.792377,174
1.792564,15
1.792751,171
1.792938,15
1.793125,172
1.793312,15
1.793499,171
1.793686,15
1.793873,172
1.79406,15
1.794247,171
1.794434,15
1.794621,174
1.794808,15
1.794995,174
1.795182,15
1.795369,170
1.795556,15
1.795743,170
1.79593,15
1.796117,174
1.796304,15
1.796491,172
1.796678,15
1.796864,175
1.797051,15
1.797238,170
1.797425,15
1.797612,172
1.797799,15
1.797986,174
1.798173,15
1.79836,172
1.798547,15
1.798734,176
1.798921,15
1.799108,175
1.799295,15
1.799482,174
1.799669,15
1.799856,173
1.800043,15
1.80023,172
1.800417,15
1.800604,171
1.800791,15
1.800978,174
1.801165,15
1.801352,172
1.801539,15
1.801726,175
1.801913,15
1.8021,175
1.802287,15
1.802474,171
1.802661,15
1.802848,173
1.803035,15
1.803222,173
1.803409,15
1.803596,176
1.803783,15
1.80397,175
1.804157,15
1.804344,172
1.804531,15
1.804718,175
1.804905,15
1.805092,171
1.805279,15
1.805466,174
1.805652,15
1.805839,175
1.806026,15
1.806213,173
1.8064,15
1.806587,175
1.806774,15
1.806961,171
1.807148,15
1.807335,173
1.807522,15
1.807709,174
1.807896,15
1.808083,175
1.80827,15
1.808457,176
1.808644,15
1.808831,176
1.809018,15
1.809205,176
1.809392,15
1.809579,172
1.809766,15
1.809953,172
1.81014,15
1.810327,174
1.810514,15
1.810701,173
1.810888,15
1.811075,172
1.811262,15
1.811449,174
1.811636,15
1.811823,174
1.81201,15
1.812197,176
1.812384,15
1.812571,173
1.812758,15
1.812945,178
1.813132,15
1.813319,172
1.813506,15
1.813693,174
1.81388,15
1.814067,173
1.814254,15
1.81444,174
1.814627,15
1.814814,172
1.815001,15
1.815188,173
1.815375,15
1.815562,175
1.815749,15
1.815936,175
1.816123,15
1.81631,178
1.816497,15
1.816684,178
1.816871,15
1.817058,178
1.817245,15
1.817432,170
1.817619,15
1.817806,175
1.817993,15
1.81818,172
1.818367,15
1.818554,172
1.818741,15
1.818928,171
1.819115,15
1.819302,175
1.819489,15
1.819676,171
1.819863,15
1.82005,172
1.820237,15
1.820424,172
1.820611,15
1.820798,174
1.820985,15
1.821172,170
1.821359,15
1.821546,173
1.821733,15
1.82192,171
1.822107,15
1.822294,173
1.822481,15
1.822668,174
1.822855,15
1.823041,174
1.823228,15
1.823415,174
1.823602,15
1.823789,177
1.823976,15
1.824163,174
1.82435,15
1.824537,174
1.824724,15
1.824911,175
1.825098,15
1.825285,173
1.825472,15
1.825659,174
1.825846,15
1.826033,174
1.82622,15
1.826407,173
1.826594,15
1.826781,172
1.826968,15
1.827155,174
1.827342,15
1.827529,173
1.827716,15
1.827903,173
1.82809,15
1.828277,176
1.828464,15
1.828651,174
1.828838,15
1.829025,175
1.829212,15
1.829399,172
1.829586,15
1.829773,174
1.82996,15
1.830147,172
1.830334,15
1.830521,171
1.830708,15
1.830895,174
1.831082,15
1.831269,176
1.831456,15
1.831643,173
1.831829,15
1.832016,171
1.832203,15
1.83239,178
1.832577,15
1.832764,172
1.832951,15
1.833138,175
1.833325,15
1.833512,175
1.833699,15
1.833886,175
1.834073,15
1.83426,178
1.834447,15
1.834634,177
1.834821,15
1.835008,173
1.835195,15
1.835382,173
1.835569,15
1.835756,174
1.835943,15
1.83613,175
1.836317,15
1.836504,172
1.836691,15
1.836878,172
1.837065,15
1.837252,174
1.837439,15
1.837626,177
1.837813,15
1.838,172
1.838187,15
1.838374,171
1.838561,15
1.838748,173
1.838935,15
1.839122,171
1.839309,15
1.839496,174
1.839683,15
1.83987,175
1.840057,15
1.840244,171
1.840431,15
1.840617,178
1.840804,15
1.840991,173
1.841178,15
1.841365,175
1.841552,15
1.841739,177
1.841926,15
1.842113,175
1.8423,15
1.842487,171
1.842674,15
1.842861,174
1.843048,15
1.843235,167
1.843422,15
1.843609,178
1.843796,15
1.843983,172
1.84417,15
1.844357,171
1.844544,15
1.844731,170
1.844918,15
1.845105,172
1.845292,15
1.845479,174
1.845666,15
1.845853,172
1.84604,15
1.846227,174
1.846414,15
1.846601,175
1.846788,15
1.846975,174
1.847162,15
1.847349,174
1.847536,15
1.847723,176
1.84791,15
1.848097,174
1.848284,15
1.848471,172
1.848658,15
1.848845,174
1.849032,15
1.849219,175
1.849405,15
1.849592,172
1.849779,15
1.849966,176
1.850153,15
1.85034,172
1.850527,15
1.850714,174
1.850901,15
1.851088,173
1.851275,15
1.851462,174
1.851649,15
1.851836,173
1.852023,15
1.85221,173
1.852397,15
1.852584,173
1.852771,15
1.852958,173
1.853145,15
1.853332,175
1.853519,15
1.853706,172
1.853893,15
1.85408,173
1.854267,15
1.854454,171
1.854641,15
1.854828,169
1.855015,15
1.855202,175
1.855389,15
1.855576,173
1.855763,15
1.85595,172
1.856137,15
1.856324,173
1.856511,15
1.856698,175
1.856885,15
1.857072,175
1.857259,15
1.857446,175
1.857633,15
1.85782,174
1.858006,15
1.858193,172
1.85838,15
1.858567,174
1.858754,15
1.858941,174
1.859128,15
1.859315,174
1.859502,15
1.859689,172
1.859876,15
1.860063,171
1.86025,15
1.860437,175
1.860624,15
1.860811,172
1.860998,15
1.861185,174
1.861372,15
1.861559,174
1.861746,15
1.861933,173
1.86212,15
1.862307,175
1.862494,15
1.862681,177
1.862868,15
1.863055,173
1.863242,15
1.863429,175
1.863616,15
1.863803,172
1.86399,15
1.864177,170
1.864364,15
1.864551,173
1.864738,15
1.864925,176
1.865112,15
1.865299,171
1.865486,15
1.865673,174
1.86586,15
1.866047,177
1.866234,15
1.866421,172
1.866608,15
1.866794,173
1.866981,15
1.867168,172
1.867355,15
1.867542,176
1.867729,15
1.867916,173
1.868103,15
1.86829,174
1.868477,15
1.868664,173
1.868851,15
1.869038,175
1.869225,15
1.869412,172
1.869599,15
1.869786,173
1.869973,15
1.87016,173
1.870347,15
1.870534,177
1.870721,15
1.870908,172
1.871095,15
1.871282,174
1.871469,15
1.871656,172
1.871843,15
1.87203,174
1.872217,15
1.872404,173
1.872591,15
1.872778,173
1.872965,15
1.873152,176
1.873339,15
1.873526,172
1.873713,15
1.8739,176
1.874087,15
1.874274,174
1.874461,15
1.874648,170
1.874835,15
1.875022,173
1.875209,15
1.875396,173
1.875582,15
1.875769,175
1.875956,15
1.876143,172
1.87633,15
1.876517,170
1.876704,15
1.876891,175
1.877078,15
1.877265,172
1.877452,15
1.877639,173
1.877826,15
1.878013,175
1.8782,15
1.878387,172
1.878574,15
1.878761,172
1.878948,15
1.879135,172
1.879322,15
1.879509,174
1.879696,15
1.879883,176
1.88007,15
1.880257,174
1.880444,15
1.880631,173
1.880818,15
1.881005,171
1.881192,15
1.881379,174
1.881566,15
1.881753,174
1.88194,15
1.882127,174
1.882314,15
1.882501,178
1.882688,15
1.882875,174
1.883062,15
1.883249,174
1.883436,15
1.883623,174
1.88381,15
1.883997,175
1.884184,15
1.88437,177
1.884557,15
1.884744,174
1.884931,15
1.885118,177
1.885305,15
1.885492,173
1.885679,15
1.885866,173
1.886053,15
1.88624,172
1.886427,15
1.886614,171
1.886801,15
1.886988,175
1.887175,15
1.887362,178
1.887549,15
1.887736,174
1.887923,15
1.88811,174
1.888297,15
1.888484,175
1.888671,15
1.888858,174
1.889045,15
1.889232,174
1.889419,15
1.889606,175
1.889793,15
1.88998,177
1.890167,15
1.890354,177
1.890541,15
1.890728,172
1.890915,15
1.891102,172
1.891289,15
1.891476,173
1.891663,15
1.89185,176
1.892037,15
1.892224,172
1.892411,15
1.892598,171
1.892785,15
1.892972,171
1.893158,15
1.893345,175
1.893532,15
1.893719,171
1.893906,15
1.894093,172
1.89428,15
1.894467,173
1.894654,15
1.894841,170
1.895028,15
1.895215,173
1.895402,15
1.895589,173
1.895776,15
1.895963,173
1.89615,15
1.896337,175
1.896524,15
1.896711,175
1.896898,15
1.897085,173
1.897272,15
1.897459,174
1.897646,15
1.897833,172
1.89802,15
1.898207,175
1.898394,15
1.898581,173
1.898768,15
1.898955,171
1.899142,15
1.899329,174
1.899516,15
1.899703,173
1.89989,15
1.900077,169
1.900264,15
1.900451,171
1.900638,15
1.900825,176
1.901012,15
1.901199,174
1.901386,15
1.901573,174
1.901759,15
1.901946,173
1.902133,15
1.90232,174
1.902507,15
1.902694,172
1.902881,15
1.903068,174
1.903255,15
1.903442,172
1.903629,15
1.903816,173
1.904003,15
1.90419,174
1.904377,15
1.904564,172
1.904751,15
1.904938,172
1.905125,15
1.905312,174
1.905499,15
1.905686,175
1.905873,15
1.90606,177
1.906247,15
1.906434,176
1.906621,15
1.906808,174
1.906995,15
1.907182,174
1.907369,15
1.907556,176
1.907743,15
1.90793,173
1.908117,15
1.908304,178
1.908491,15
1.908678,174
1.908865,15
1.909052,175
1.909239,15
1.909426,172
1.909613,15
1.9098,171
1.909987,15
1.910174,177
1.910361,15
1.910547,173
1.910734,15
1.910921,176
1.911108,15
1.911295,174
1.911482,15
1.911669,173
1.911856,15
1.912043,171
1.91223,15
1.912417,172
1.912604,15
1.912791,172
1.912978,15
1.913165,173
1.913352,15
1.913539,174
1.913726,15
1.913913,173
1.9141,15
1.914287,174
1.914474,15
1.914661,171
1.914848,15
1.915035,172
1.915222,15
1.915409,175
1.915596,15
1.915783,173
1.91597,15
1.916157,173
1.916344,15
1.916531,173
1.916718,15
1.916905,172
1.917092,15
1.917279,173
1.917466,15
1.917653,172
1.91784,15
1.918027,170
1.918214,15
1.918401,172
1.918588,15
1.918775,169
1.918962,15
1.919149,175
1.919335,15
1.919522,172
1.919709,15
1.919896,172
1.920083,15
1.92027,173
1.920457,15
1.920644,170
1.920831,15
1.921018,172
1.921205,15
1.921392,172
1.921579,15
1.921766,174
1.921953,15
1.92214,172
1.922327,15
1.922514,171
1.922701,15
1.922888,175
1.923075,15
1.923262,169
1.923449,15
1.923636,172
1.923823,15
1.92401,175
1.924197,15
1.924384,173
1.924571,15
1.924758,174
1.924945,15
1.925132,173
1.925319,15
1.925506,173
1.925693,15
1.92588,172
1.926067,15
1.926254,174
1.926441,15
1.926628,176
1.926815,15
1.927002,172
1.927189,15
1.927376,171
1.927563,15
1.92775,174
1.927937,15
1.928123,172
1.92831,15
1.928497,175
1.928684,15
1.928871,173
1.929058,15
1.929245,174
1.929432,15
1.929619,172
1.929806,15
1.929993,179
1.93018,15
1.930367,171
1.930554,15
1.930741,176
1.930928,15
1.931115,175
1.931302,15
1.931489,172
1.931676,15
1.931863,172
1.93205,15
1.932237,172
1.932424,15
1.932611,174
1.932798,15
1.932985,175
1.933172,15
1.933359,173
1.933546,15
1.933733,173
1.93392,15
1.934107,174
1.934294,15
1.934481,174
1.934668,15
1.934855,173
1.935042,15
1.935229,173
1.935416,15
1.935603,173
1.93579,15
1.935977,175
1.936164,15
1.936351,172
1.936538,15
1.936724,173
1.936911,15
1.937098,169
1.937285,15
1.937472,174
1.937659,15
1.937846,172
1.938033,15
1.93822,173
1.938407,15
1.938594,173
1.938781,15
1.938968,175
1.939155,15
1.939342,173
1.939529,15
1.939716,172
1.939903,15
1.94009,171
1.940277,15
1.940464,174
1.940651,15
1.940838,173
1.941025,15
1.941212,173
1.941399,15
1.941586,175
1.941773,15
1.94196,171
1.942147,15
1.942334,172
1.942521,15
1.942708,172
1.942895,15
1.943082,173
1.943269,15
1.943456,171
1.943643,15
1.94383,172
1.944017,15
1.944204,172
1.944391,15
1.944578,175
1.944765,15
1.944952,174
1.945139,15
1.945326,172
1.945512,15
1.945699,172
1.945886,15
1.946073,175
1.94626,15
1.946447,178
1.946634,15
1.946821,174
1.947008,15
1.947195,172
1.947382,15
1.947569,178
1.947756,15
1.947943,172
1.94813,15
1.948317,173
1.948504,15
1.948691,173
1.948878,15
1.949065,173
1.949252,15
1.949439,172
1.949626,15
1.949813,172
1.95,15
1.950187,172
1.950374,15
1.950561,174
1.950748,15
1.950935,175
1.951122,15
1.951309,175
1.951496,15
1.951683,176
1.95187,15
1.952057,171
1.952244,15
1.952431,172
1.952618,15
1.952805,173
1.952992,15
1.953179,173
1.953366,15
1.953553,175
1.95374,15
1.953927,172
1.954114,15
1.9543,172
1.954487,15
1.954674,172
1.954861,15
1.955048,172
1.955235,15
1.955422,172
1.955609,15
1.955796,172
1.955983,15
1.95617,170
1.956357,15
1.956544,171
1.956731,15
1.956918,175
1.957105,15
1.957292,173
1.957479,15
1.957666,173
1.957853,15
1.95804,172
1.958227,15
1.958414,172
1.958601,15
1.958788,171
1.958975,15
1.959162,173
1.959349,15
1.959536,172
1.959723,15
1.95991,173
1.960097,15
1.960284,174
1.960471,15
1.960658,175
1.960845,15
1.961032,174
1.961219,15
1.961406,174
1.961593,15
1.96178,173
1.961967,15
1.962154,173
1.962341,15
1.962528,174
1.962715,15
1.962902,172
1.963088,15
1.963275,170
1.963462,15
1.963649,172
1.963836,15
1.964023,172
1.96421,15
1.964397,172
1.964584,15
1.964771,172
1.964958,15
1.965145,174
1.965332,15
1.965519,175
1.965706,15
1.965893,175
1.96608,15
1.966267,173
1.966454,15
1.966641,173
1.966828,15
1.967015,170
1.967202,15
1.967389,175
1.967576,15
1.967763,174
1.96795,15
1.968137,175
1.968324,15
1.968511,177
1.968698,15
1.968885,172
1.969072,15
1.969259,175
1.969446,15
1.969633,178
1.96982,15
1.970007,172
1.970194,15
1.970381,173
1.970568,15
1.970755,172
1.970942,15
1.971129,171
1.971316,15
1.971503,170
1.971689,15
1.971876,174
1.972063,15
1.97225,175
1.972437,15
1.972624,178
1.972811,15
1.972998,175
1.973185,15
1.973372,174
1.973559,15
1.973746,171
1.973933,15
1.97412,173
1.974307,15
1.974494,172
1.974681,15
1.974868,175
1.975055,15
1.975242,172
1.975429,15
1.975616,170
1.975803,15
1.97599,170
1.976177,15
1.976364,172
1.976551,15
1.976738,171
1.976925,15
1.977112,172
1.977299,15
1.977486,173
1.977673,15
1.97786,176
1.978047,15
1.978234,174
1.978421,15
1.978608,174
1.978795,15
1.978982,177
1.979169,15
1.979356,176
1.979543,15
1.97973,174
1.979917,15
1.980104,173
1.980291,15
1.980477,173
1.980664,15
1.980851,176
1.981038,15
1.981225,174
1.981412,15
1.981599,174
1.981786,15
1.981973,168
1.98216,15
1.982347,172
1.982534,15
1.982721,170
1.982908,15
1.983095,173
1.983282,15
1.983469,171
1.983656,15
1.983843,174
1.98403,15
1.984217,173
1.984404,15
1.984591,173
1.984778,15
1.984965,173
1.985152,15
1.985339,179
1.985526,15
1.985713,171
1.9859,15
1.986087,174
1.986274,15
1.986461,173
1.986648,15
1.986835,175
1.987022,15
1.987209,173
1.987396,15
1.987583,174
1.98777,15
1.987957,173
1.988144,15
1.988331,176
1.988518,15
1.988705,175
1.988892,15
1.989079,171
1.989265,15
1.989452,172
1.989639,15
1.989826,174
1.990013,15
1.9902,170
1.990387,15
1.990574,171
1.990761,15
1.990948,173
1.991135,15
1.991322,172
1.991509,15
1.991696,173
1.991883,15
1.99207,171
1.992257,15
1.992444,172
1.992631,15
1.992818,175
1.993005,15
1.993192,172
1.993379,15
1.993566,173
1.993753,15
1.99394,172
1.994127,15
1.994314,171
1.994501,15
1.994688,173
1.994875,15
1.995062,170
1.995249,15
1.995436,172
1.995623,15
1.99581,169
1.995997,15
1.996184,174
1.996371,15
1.996558,171
1.996745,15
1.996932,174
1.997119,15
1.997306,174
1.997493,15
1.99768,176
1.997867,15
1.998053,174
1.99824,15
1.998427,173
1.998614,15
1.998801,171
1.998988,15
1.999175,170
1.999362,15
1.999549,173
1.999736,15
1.999923,172
2.00011,15
2.000297,174
2.000484,15
2.000671,169
2.000858,15
2.001045,172
2.001232,15
2.001419,175
2.001606,15
2.001793,174
2.00198,15
2.002167,171
2.002354,15
2.002541,173
2.002728,15
2.002915,172
2.003102,15
2.003289,175
2.003476,15
2.003663,174
2.00385,15
2.004037,172
2.004224,15
2.004411,172
2.004598,15
2.004785,171
2.004972,15
2.005159,175
2.005346,15
2.005533,173
2.00572,15
2.005907,173
2.006094,15
2.006281,175
2.006468,15
2.006654,174
2.006841,15
2.007028,173
2.007215,15
2.007402,173
2.007589,15
2.007776,173
2.007963,15
2.00815,173
2.008337,15
2.008524,174
2.008711,15
2.008898,173
2.009085,15
2.009272,170
2.009459,15
2.009646,173
2.009833,15
2.01002,175
2.010207,15
2.010394,174
2.010581,15
2.010768,169
2.010955,15
2.011142,172
2.011329,15
2.011516,173
2.011703,15
2.01189,173
2.012077,15
2.012264,171
2.012451,15
2.012638,174
2.012825,15
2.013012,178
2.013199,15
2.013386,173
2.013573,15
2.01376,172
2.013947,15
2.014134,175
2.014321,15
2.014508,172
2.014695,15
2.014882,172
2.015069,15
2.015256,172
2.015442,15
2.015629,175
2.015816,15
2.016003,175
2.01619,15
2.016377,173
2.016564,15
2.016751,172
2.016938,15
2.017125,175
2.017312,15
2.017499,175
2.017686,15
2.017873,173
2.01806,15
2.018247,174
2.018434,15
2.018621,171
2.018808,15
2.018995,175
2.019182,15
2.019369,174
2.019556,15
2.019743,173
2.01993,15
2.020117,172
2.020304,15
2.020491,172
2.020678,15
2.020865,171
2.021052,15
2.021239,175
2.021426,15
2.021613,172
2.0218,15
2.021987,175
2.022174,15
2.022361,175
2.022548,15
2.022735,176
2.022922,15
2.023109,172
2.023296,15
2.023483,173
2.02367,15
2.023857,172
2.024044,15
2.02423,171
2.024417,15
2.024604,173
2.024791,15
2.024978,174
2.025165,15
2.025352,173
2.025539,15
2.025726,175
2.025913,15
2.0261,173
2.026287,15
2.026474,176
2.026661,15
2.026848,179
2.027035,15
2.027222,174
2.027409,15
2.027596,175
2.027783,15
2.02797,173
2.028157,15
2.028344,177
2.028531,15
2.028718,174
2.028905,15
2.029092,170
2.029279,15
2.029466,172
2.029653,15
2.02984,173
2.030027,15
2.030214,172
2.030401,15
2.030588,174
2.030775,15
2.030962,174
2.031149,15
2.031336,176
2.031523,15
2.03171,173
2.031897,15
2.032084,174
2.032271,15
2.032458,173
2.032645,15
2.032832,175
2.033018,15
2.033205,174
2.033392,15
2.033579,173
2.033766,15
2.033953,172
2.03414,15
2.034327,172
2.034514,15
2.034701,173
2.034888,15
2.035075,174
2.035262,15
2.035449,174
2.035636,15
2.035823,175
2.03601,15
2.036197,175
2.036384,15
2.036571,171
2.036758,15
2.036945,171
2.037132,15
2.037319,177
2.037506,15
2.037693,171
2.03788,15
2.038067,174
2.038254,15
2.038441,172
2.038628,15
2.038815,170
2.039002,15
2.039189,173
2.039376,15
2.039563,172
2.03975,15
2.039937,171
2.040124,15
2.040311,172
2.040498,15
2.040685,175
2.040872,15
2.041059,172
2.041246,15
2.041433,175
2.041619,15
2.041806,171
2.041993,15
2.04218,176
2.042367,15
2.042554,173
2.042741,15
2.042928,172
2.043115,15
2.043302,174
2.043489,15
2.043676,175
2.043863,15
2.04405,175
2.044237,15
2.044424,173
2.044611,15
2.044798,175
2.044985,15
2.045172,171
2.045359,15
2.045546,172
2.045733,15
2.04592,173
2.046107,15
2.046294,172
2.046481,15
2.046668,174
2.046855,15
2.047042,172
2.047229,15
2.047416,171
2.047603,15
2.04779,176
2.047977,15
2.048164,176
2.048351,15
2.048538,172
2.048725,15
2.048912,176
2.049099,15
2.049286,175
2.049473,15
2.04966,175
2.049847,15
2.050034,172
2.050221,15
2.050407,173
2.050594,15
2.050781,173
2.050968,15
2.051155,176
2.051342,15
2.051529,172
2.051716,15
2.051903,175
2.05209,15
2.052277,174
2.052464,15
2.052651,174
2.052838,15
2.053025,174
2.053212,15
2.053399,170
2.053586,15
2.053773,174
2.05396,15
2.054147,170
2.054334,15
2.054521,172
2.054708,15
2.054895,175
2.055082,15
2.055269,170
2.055456,15
2.055643,173
2.05583,15
2.056017,171
2.056204,15
2.056391,173
2.056578,15
2.056765,171
2.056952,15
2.057139,174
2.057326,15
2.057513,175
2.0577,15
2.057887,172
2.058074,15
2.058261,172
2.058448,15
2.058635,174
2.058822,15
2.059009,174
2.059195,15
2.059382,177
2.059569,15
2.059756,172
2.059943,15
2.06013,172
2.060317,15
2.060504,172
2.060691,15
2.060878,171
2.061065,15
2.061252,173
2.061439,15
2.061626,173
2.061813,15
2.062,170
2.062187,15
2.062374,174
2.062561,15
2.062748,174
2.062935,15
2.063122,172
2.063309,15
2.063496,173
2.063683,15
2.06387,172
2.064057,15
2.064244,170
2.064431,15
2.064618,174
2.064805,15
2.064992,172
2.065179,15
2.065366,174
2.065553,15
2.06574,178
2.065927,15
2.066114,174
2.066301,15
2.066488,174
2.066675,15
2.066862,178
2.067049,15
2.067236,172
2.067423,15
2.06761,173
2.067797,15
2.067983,174
2.06817,15
2.068357,175
2.068544,15
2.068731,176
2.068918,15
2.069105,174
2.069292,15
2.069479,177
2.069666,15
2.069853,173
2.07004,15
2.070227,174
2.070414,15
2.070601,173
2.070788,15
2.070975,175
2.071162,15
2.071349,174
2.071536,15
2.071723,174
2.07191,15
2.072097,170
2.072284,15
2.072471,170
2.072658,15
2.072845,173
2.073032,15
2.073219,173
2.073406,15
2.073593,171
2.07378,15
2.073967,172
2.074154,15
2.074341,175
2.074528,15
2.074715,173
2.074902,15
2.075089,172
2.075276,15
2.075463,174
2.07565,15
2.075837,173
2.076024,15
2.076211,172
2.076398,15
2.076585,172
2.076771,15
2.076958,171
2.077145,15
2.077332,172
2.077519,15
2.077706,174
2.077893,15
2.07808,173
2.078267,15
2.078454,171
2.078641,15
2.078828,171
2.079015,15
2.079202,172
2.079389,15
2.079576,171
2.079763,15
2.07995,172
2.080137,15
2.080324,173
2.080511,15
2.080698,173
2.080885,15
2.081072,173
2.081259,15
2.081446,174
2.081633,15
2.08182,173
2.082007,15
2.082194,173
2.082381,15
2.082568,173
2.082755,15
2.082942,175
2.083129,15
2.083316,172
2.083503,15
2.08369,174
2.083877,15
2.084064,174
2.084251,15
2.084438,174
2.084625,15
2.084812,172
2.084999,15
2.085186,175
2.085372,15
2.085559,170
2.085746,15
2.085933,172
2.08612,15
2.086307,174
2.086494,15
2.086681,172
2.086868,15
2.087055,178
2.087242,15
2.087429,172
2.087616,15
2.087803,175
2.08799,15
2.088177,177
2.088364,15
2.088551,173
2.088738,15
2.088925,174
2.089112,15
2.089299,172
2.089486,15
2.089673,172
2.08986,15
2.090047,174
2.090234,15
2.090421,173
2.090608,15
2.090795,177
2.090982,15
2.091169,174
2.091356,15
2.091543,174
2.09173,15
2.091917,175
2.092104,15
2.092291,173
2.092478,15
2.092665,174
2.092852,15
2.093039,174
2.093226,15
2.093413,175
2.0936,15
2.093787,172
2.093974,15
2.09416,170
2.094347,15
2.094534,172
2.094721,15
2.094908,176
2.095095,15
2.095282,177
2.095469,15
2.095656,170
2.095843,15
2.09603,171
2.096217,15
2.096404,171
2.096591,15
2.096778,171
2.096965,15
2.097152,174
2.097339,15
2.097526,171
2.097713,15
2.0979,174
2.098087,15
2.098274,172
2.098461,15
2.098648,172
2.098835,15
2.099022,173
2.099209,15
2.099396,175
2.099583,15
2.09977,174
2.099957,15
2.100144,176
2.100331,15
2.100518,173
2.100705,15
2.100892,174
2.101079,15
2.101266,172
2.101453,15
2.10164,172
2.101827,15
2.102014,173
2.102201,15
2.102388,172
2.102575,15
2.102762,172
2.102948,15
2.103135,174
2.103322,15
2.103509,172
2.103696,15
2.103883,173
2.10407,15
2.104257,172
2.104444,15
2.104631,169
2.104818,15
2.105005,174
2.105192,15
2.105379,172
2.105566,15
2.105753,173
2.10594,15
2.106127,173
2.106314,15
2.106501,174
2.106688,15
2.106875,178
2.107062,15
2.107249,172
2.107436,15
2.107623,170
2.10781,15
2.107997,174
2.108184,15
2.108371,173
2.108558,15
2.108745,174
2.108932,15
2.109119,174
2.109306,15
2.109493,172
2.10968,15
2.109867,177
2.110054,15
2.110241,178
2.110428,15
2.110615,177
2.110802,15
2.110989,174
2.111176,15
2.111363,175
2.11155,15
2.111736,174
2.111923,15
2.11211,172
2.112297,15
2.112484,174
2.112671,15
2.112858,171
2.113045,15
2.113232,171
2.113419,15
2.113606,175
2.113793,15
2.11398,174
2.114167,15
2.114354,171
2.114541,15
2.114728,178
2.114915,15
2.115102,175
2.115289,15
2.115476,172
2.115663,15
2.11585,175
2.116037,15
2.116224,170
2.116411,15
2.116598,174
2.116785,15
2.116972,176
2.117159,15
2.117346,172
2.117533,15
2.11772,172
2.117907,15
2.118094,174
2.118281,15
2.118468,173
2.118655,15
2.118842,173
2.119029,15
2.119216,176
2.119403,15
2.11959,176
2.119777,15
2.119964,173
2.120151,15
2.120337,178
2.120524,15
2.120711,170
2.120898,15
2.121085,173
2.121272,15
2.121459,173
2.121646,15
2.121833,173
2.12202,15
2.122207,171
2.122394,15
2.122581,174
2.122768,15
2.122955,174
2.123142,15
2.123329,171
2.123516,15
2.123703,173
2.12389,15
2.124077,175
2.124264,15
2.124451,172
2.124638,15
2.124825,177
2.125012,15
2.125199,175
2.125386,15
2.125573,175
2.12576,15
2.125947,172
2.126134,15
2.126321,171
2.126508,15
2.126695,176
2.126882,15
2.127069,173
2.127256,15
2.127443,173
2.12763,15
2.127817,173
2.128004,15
2.128191,175
2.128378,15
2.128565,171
2.128752,15
2.128939,173
2.129125,15
2.129312,171
2.129499,15
2.129686,176
2.129873,15
2.13006,174
2.130247,15
2.130434,172
2.130621,15
2.130808,172
2.130995,15
2.131182,174
2.131369,15
2.131556,172
2.131743,15
2.13193,174
2.132117,15
2.132304,173
2.132491,15
2.132678,174
2.132865,15
2.133052,172
2.133239,15
2.133426,171
2.133613,15
2.1338,175
2.133987,15
2.134174,172
2.134361,15
2.134548,175
2.134735,15
2.134922,172
2.135109,15
2.135296,172
2.135483,15
2.13567,173
2.135857,15
2.136044,174
2.136231,15
2.136418,173
2.136605,15
2.136792,176
2.136979,15
2.137166,174
2.137353,15
2.13754,172
2.137727,15
2.137913,169
2.1381,15
2.138287,175
2.138474,15
2.138661,173
2.138848,15
2.139035,172
2.139222,15
2.139409,172
2.139596,15
2.139783,172
2.13997,15
2.140157,170
2.140344,15
2.140531,173
2.140718,15
2.140905,171
2.141092,15
2.141279,176
2.141466,15
2.141653,175
2.14184,15
2.142027,172
2.142214,15
2.142401,174
2.142588,15
2.142775,174
2.142962,15
2.143149,174
2.143336,15
2.143523,173
2.14371,15
2.143897,172
2.144084,15
2.144271,173
2.144458,15
2.144645,174
2.144832,15
2.145019,172
2.145206,15
2.145393,174
2.14558,15
2.145767,173
2.145954,15
2.146141,173
2.146328,15
2.146515,173
2.146701,15
2.146888,172
2.147075,15
2.147262,175
2.147449,15
2.147636,170
2.147823,15
2.14801,171
2.148197,15
2.148384,175
2.148571,15
2.148758,172
2.148945,15
2.149132,172
2.149319,15
2.149506,172
2.149693,15
2.14988,172
2.150067,15
2.150254,170
2.150441,15
2.150628,173
2.150815,15
2.151002,174
2.151189,15
2.151376,170
2.151563,15
2.15175,175
2.151937,15
2.152124,175
2.152311,15
2.152498,174
2.152685,15
2.152872,175
2.153059,15
2.153246,178
2.153433,15
2.15362,173
2.153807,15
2.153994,171
2.154181,15
2.154368,173
2.154555,15
2.154742,175
2.154929,15
2.155116,172
2.155302,15
2.155489,174
2.155676,15
2.155863,175
2.15605,15
2.156237,174
2.156424,15
2.156611,177
2.156798,15
2.156985,174
2.157172,15
2.157359,173
2.157546,15
2.157733,174
2.15792,15
2.158107,173
2.158294,15
2.158481,171
2.158668,15
2.158855,170
2.159042,15
2.159229,175
2.159416,15
2.159603,167
2.15979,15
2.159977,173
2.160164,15
2.160351,172
2.160538,15
2.160725,174
2.160912,15
2.161099,173
2.161286,15
2.161473,173
2.16166,15
2.161847,174
2.162034,15
2.162221,172
2.162408,15
2.162595,174
2.162782,15
2.162969,177
2.163156,15
2.163343,172
2.16353,15
2.163717,175
2.163904,15
2.16409,172
2.164277,15
2.164464,172
2.164651,15
2.164838,172
2.165025,15
2.165212,171
2.165399,15
2.165586,177
2.165773,15
2.16596,172
2.166147,15
2.166334,171
2.166521,15
2.166708,171
2.166895,15
2.167082,170
2.167269,15
2.167456,170
2.167643,15
2.16783,173
2.168017,15
2.168204,173
2.168391,15
2.168578,174
2.168765,15
2.168952,176
2.169139,15
2.169326,176
2.169513,15
2.1697,173
2.169887,15
2.170074,173
2.170261,15
2.170448,168
2.170635,15
2.170822,172
2.171009,15
2.171196,174
2.171383,15
2.17157,177
2.171757,15
2.171944,173
2.172131,15
2.172318,171
2.172505,15
2.172692,174
2.172878,15
2.173065,176
2.173252,15
2.173439,173
2.173626,15
2.173813,176
2.174,15
2.174187,172
2.174374,15
2.174561,174
2.174748,15
2.174935,176
2.175122,15
2.175309,176
2.175496,15
2.175683,170
2.17587,15
2.176057,175
2.176244,15
2.176431,172
2.176618,15
2.176805,173
2.176992,15
2.177179,172
2.177366,15
2.177553,172
2.17774,15
2.177927,172
2.178114,15
2.178301,173
2.178488,15
2.178675,173
2.178862,15
2.179049,174
2.179236,15
2.179423,171
2.17961,15
2.179797,175
2.179984,15
2.180171,172
2.180358,15
2.180545,173
2.180732,15
2.180919,171
2.181106,15
2.181293,173
2.18148,15
2.181666,174
2.181853,15
2.18204,175
2.182227,15
2.182414,174
2.182601,15
2.182788,174
2.182975,15
2.183162,178
2.183349,15
2.183536,171
2.183723,15
2.18391,175
2.184097,15
2.184284,175
2.184471,15
2.184658,177
2.184845,15
2.185032,177
2.185219,15
2.185406,170
2.185593,15
2.18578,174
2.185967,15
2.186154,173
2.186341,15
2.186528,173
2.186715,15
2.186902,177
2.187089,15
2.187276,175
2.187463,15
2.18765,172
2.187837,15
2.188024,172
2.188211,15
2.188398,176
2.188585,15
2.188772,175
2.188959,15
2.189146,173
2.189333,15
2.18952,174
2.189707,15
2.189894,175
2.190081,15
2.190267,173
2.190454,15
2.190641,175
2.190828,15
2.191015,176
2.191202,15
2.191389,173
2.191576,15
2.191763,175
2.19195,15
2.192137,175
2.192324,15
2.192511,173
2.192698,15
2.192885,172
2.193072,15
2.193259,175
2.193446,15
2.193633,173
2.19382,15
2.194007,171
2.194194,15
2.194381,173
2.194568,15
2.194755,174
2.194942,15
2.195129,172
2.195316,15
2.195503,172
2.19569,15
2.195877,171
2.196064,15
2.196251,174
2.196438,15
2.196625,176
2.196812,15
2.196999,177
2.197186,15
2.197373,176
2.19756,15
2.197747,176
2.197934,15
2.198121,171
2.198308,15
2.198495,175
2.198682,15
2.198869,173
2.199055,15
2.199242,172
2.199429,15
2.199616,176
2.199803,15
2.19999,170
2.200177,15
2.200364,172
2.200551,15
2.200738,173
2.200925,15
2.201112,172
2.201299,15
2.201486,172
2.201673,15
2.20186,170
2.202047,15
2.202234,176
2.202421,15
2.202608,170
2.202795,15
2.202982,174
2.203169,15
2.203356,172
2.203543,15
2.20373,171
2.203917,15
2.204104,173
2.204291,15
2.204478,172
2.204665,15
2.204852,172
2.205039,15
2.205226,173
2.205413,15
2.2056,173
2.205787,15
2.205974,174
2.206161,15
2.206348,172
2.206535,15
2.206722,173
2.206909,15
2.207096,172
2.207283,15
2.20747,175
2.207657,15
2.207843,172
2.20803,15
2.208217,172
2.208404,15
2.208591,174
2.208778,15
2.208965,172
2.209152,15
2.209339,174
2.209526,15
2.209713,172
2.2099,15
2.210087,173
2.210274,15
2.210461,171
2.210648,15
2.210835,171
2.211022,15
2.211209,172
2.211396,15
2.211583,172
2.21177,15
2.211957,175
2.212144,15
2.212331,173
2.212518,15
2.212705,171
2.212892,15
2.213079,172
2.213266,15
2.213453,174
2.21364,15
2.213827,172
2.214014,15
2.214201,177
2.214388,15
2.214575,176
2.214762,15
2.214949,172
2.215136,15
2.215323,176
2.21551,15
2.215697,173
2.215884,15
2.216071,171
2.216258,15
2.216445,172
2.216631,15
2.216818,174
2.217005,15
2.217192,174
2.217379,15
2.217566,172
2.217753,15
2.21794,173
2.218127,15
2.218314,176
2.218501,15
2.218688,176
2.218875,15
2.219062,175
2.219249,15
2.219436,173
2.219623,15
2.21981,174
2.219997,15
2.220184,173
2.220371,15
2.220558,177
2.220745,15
2.220932,175
2.221119,15
2.221306,173
2.221493,15
2.22168,174
2.221867,15
2.222054,172
2.222241,15
2.222428,175
2.222615,15
2.222802,174
2.222989,15
2.223176,171
2.223363,15
2.22355,174
2.223737,15
2.223924,171
2.224111,15
2.224298,175
2.224485,15
2.224672,172
2.224859,15
2.225046,172
2.225232,15
2.225419,173
2.225606,15
2.225793,171
2.22598,15
2.226167,175
2.226354,15
2.226541,176
2.226728,15
2.226915,171
2.227102,15
2.227289,172
2.227476,15
2.227663,173
2.22785,15
2.228037,172
2.228224,15
2.228411,175
2.228598,15
2.228785,173
2.228972,15
2.229159,171
2.229346,15
2.229533,173
2.22972,15
2.229907,173
2.230094,15
2.230281,172
2.230468,15
2.230655,171
2.230842,15
2.231029,173
2.231216,15
2.231403,176
2.23159,15
2.231777,172
2.231964,15
2.232151,172
2.232338,15
2.232525,176
2.232712,15
2.232899,172
2.233086,15
2.233273,173
2.23346,15
2.233647,173
2.233834,15
2.23402,174
2.234207,15
2.234394,173
2.234581,15
2.234768,175
2.234955,15
2.235142,172
2.235329,15
2.235516,173
2.235703,15
2.23589,174
2.236077,15
2.236264,176
2.236451,15
2.236638,176
2.236825,15
2.237012,173
2.237199,15
2.237386,174
2.237573,15
2.23776,174
2.237947,15
2.238134,174
2.238321,15
2.238508,173
2.238695,15
2.238882,172
2.239069,15
2.239256,171
2.239443,15
2.23963,171
2.239817,15
2.240004,172
2.240191,15
2.240378,174
2.240565,15
2.240752,174
2.240939,15
2.241126,174
2.241313,15
2.2415,173
2.241687,15
2.241874,178
2.242061,15
2.242248,173
2.242435,15
2.242622,169
2.242808,15
2.242995,173
2.243182,15
2.243369,173
2.243556,15
2.243743,174
2.24393,15
2.244117,172
2.244304,15
2.244491,173
2.244678,15
2.244865,171
2.245052,15
2.245239,175
2.245426,15
2.245613,172
2.2458,15
2.245987,176
2.246174,15
2.246361,176
2.246548,15
2.246735,172
2.246922,15
2.247109,173
2.247296,15
2.247483,175
2.24767,15
2.247857,174
2.248044,15
2.248231,172
2.248418,15
2.248605,175
2.248792,15
2.248979,173
2.249166,15
2.249353,172
2.24954,15
2.249727,174
2.249914,15
2.250101,173
2.250288,15
2.250475,174
2.250662,15
2.250849,175
2.251036,15
2.251223,172
2.25141,15
2.251596,173
2.251783,15
2.25197,174
2.252157,15
2.252344,170
2.252531,15
2.252718,174
2.252905,15
2.253092,173
2.253279,15
2.253466,176
2.253653,15
2.25384,176
2.254027,15
2.254214,172
2.254401,15
2.254588,174
2.254775,15
2.254962,173
2.255149,15
2.255336,175
2.255523,15
2.25571,173
2.255897,15
2.256084,174
2.256271,15
2.256458,175
2.256645,15
2.256832,174
2.257019,15
2.257206,172
2.257393,15
2.25758,177
2.257767,15
2.257954,173
2.258141,15
2.258328,175
2.258515,15
2.258702,173
2.258889,15
2.259076,175
2.259263,15
2.25945,173
2.259637,15
2.259824,177
2.260011,15
2.260198,178
2.260384,15
2.260571,171
2.260758,15
2.260945,171
2.261132,15
2.261319,172
2.261506,15
2.261693,171
2.26188,15
2.262067,172
2.262254,15
2.262441,177
2.262628,15
2.262815,171
2.263002,15
2.263189,170
2.263376,15
2.263563,173
2.26375,15
2.263937,173
2.264124,15
2.264311,171
2.264498,15
2.264685,173
2.264872,15
2.265059,173
2.265246,15
2.265433,175
2.26562,15
2.265807,173
2.265994,15
2.266181,170
2.266368,15
2.266555,172
2.266742,15
2.266929,170
2.267116,15
2.267303,172
2.26749,15
2.267677,172
2.267864,15
2.268051,173
2.268238,15
2.268425,172
2.268612,15
2.268799,174
2.268985,15
2.269172,170
2.269359,15
2.269546,173
2.269733,15
2.26992,175
2.270107,15
2.270294,174
2.270481,15
2.270668,173
2.270855,15
2.271042,174
2.271229,15
2.271416,178
2.271603,15
2.27179,176
2.271977,15
2.272164,173
2.272351,15
2.272538,175
2.272725,15
2.272912,172
2.273099,15
2.273286,173
2.273473,15
2.27366,172
2.273847,15
2.274034,170
2.274221,15
2.274408,177
2.274595,15
2.274782,171
2.274969,15
2.275156,173
2.275343,15
2.27553,175
2.275717,15
2.275904,173
2.276091,15
2.276278,174
2.276465,15
2.276652,177
2.276839,15
2.277026,175
2.277213,15
2.2774,179
2.277587,15
2.277773,175
2.27796,15
2.278147,175
2.278334,15
2.278521,173
2.278708,15
2.278895,172
2.279082,15
2.279269,175
2.279456,15
2.279643,176
2.27983,15
2.280017,175
2.280204,15
2.280391,174
2.280578,15
2.280765,173
2.280952,15
2.281139,173
2.281326,15
2.281513,170
2.2817,15
2.281887,173
2.282074,15
2.282261,172
2.282448,15
2.282635,171
2.282822,15
2.283009,174
2.283196,15
2.283383,176
2.28357,15
2.283757,171
2.283944,15
2.284131,172
2.284318,15
2.284505,173
2.284692,15
2.284879,170
2.285066,15
2.285253,171
2.28544,15
2.285627,175
2.285814,15
2.286001,171
2.286188,15
2.286375,172
2.286561,15
2.286748,174
2.286935,15
2.287122,173
2.287309,15
2.287496,172
2.287683,15
2.28787,172
2.288057,15
2.288244,176
2.288431,15
2.288618,174
2.288805,15
2.288992,174
2.289179,15
2.289366,175
2.289553,15
2.28974,175
2.289927,15
2.290114,173
2.290301,15
2.290488,174
2.290675,15
2.290862,175
2.291049,15
2.291236,175
2.291423,15
2.29161,176
2.291797,15
2.291984,174
2.292171,15
2.292358,172
2.292545,15
2.292732,174
2.292919,15
2.293106,171
2.293293,15
2.29348,174
2.293667,15
2.293854,177
2.294041,15
2.294228,174
2.294415,15
2.294602,170
2.294789,15
2.294976,178
2.295163,15
2.295349,175
2.295536,15
2.295723,171
2.29591,15
2.296097,172
2.296284,15
2.296471,170
2.296658,15
2.296845,175
2.297032,15
2.297219,173
2.297406,15
2.297593,179
2.29778,15
2.297967,172
2.298154,15
2.298341,173
2.298528,15
2.298715,178
2.298902,15
2.299089,173
2.299276,15
2.299463,173
2.29965,15
2.299837,175
2.300024,15
2.300211,173
2.300398,15
2.300585,174
2.300772,15
2.300959,174
2.301146,15
2.301333,173
2.30152,15
2.301707,173
2.301894,15
2.302081,171
2.302268,15
2.302455,170
2.302642,15
2.302829,173
2.303016,15
2.303203,173
2.30339,15
2.303577,174
2.303764,15
2.30395,172
2.304137,15
2.304324,173
2.304511,15
2.304698,175
2.304885,15
2.305072,174
2.305259,15
2.305446,174
2.305633,15
2.30582,173
2.306007,15
2.306194,172
2.306381,15
2.306568,172
2.306755,15
2.306942,172
2.307129,15
2.307316,172
2.307503,15
2.30769,173
2.307877,15
2.308064,173
2.308251,15
2.308438,173
2.308625,15
2.308812,173
2.308999,15
2.309186,172
2.309373,15
2.30956,171
2.309747,15
2.309934,168
2.310121,15
2.310308,170
2.310495,15
2.310682,173
2.310869,15
2.311056,173
2.311243,15
2.31143,172
2.311617,15
2.311804,173
2.311991,15
2.312178,174
2.312365,15
2.312552,173
2.312738,15
2.312925,177
2.313112,15
2.313299,174
2.313486,15
2.313673,177
2.31386,15
2.314047,178
2.314234,15
2.314421,172
2.314608,15
2.314795,174
2.314982,15
2.315169,173
2.315356,15
2.315543,174
2.31573,15
2.315917,173
2.316104,15
2.316291,176
2.316478,15
2.316665,173
2.316852,15
2.317039,174
2.317226,15
2.317413,174
2.3176,15
2.317787,173
2.317974,15
2.318161,172
2.318348,15
2.318535,173
2.318722,15
2.318909,173
2.319096,15
2.319283,173
2.31947,15
2.319657,174
2.319844,15
2.320031,175
2.320218,15
2.320405,173
2.320592,15
2.320779,175
2.320966,15
2.321153,175
2.32134,15
2.321526,176
2.321713,15
2.3219,175
2.322087,15
2.322274,175
2.322461,15
2.322648,174
2.322835,15
2.323022,175
2.323209,15
2.323396,175
2.323583,15
2.32377,177
2.323957,15
2.324144,175
2.324331,15
2.324518,175
2.324705,15
2.324892,174
2.325079,15
2.325266,174
2.325453,15
2.32564,173
2.325827,15
2.326014,173
2.326201,15
2.326388,171
2.326575,15
2.326762,173
2.326949,15
2.327136,172
2.327323,15
2.32751,173
2.327697,15
2.327884,171
2.328071,15
2.328258,172
2.328445,15
2.328632,175
2.328819,15
2.329006,173
2.329193,15
2.32938,174
2.329567,15
2.329754,172
2.329941,15
2.330128,172
2.330314,15
2.330501,173
2.330688,15
2.330875,171
2.331062,15
2.331249,173
2.331436,15
2.331623,173
2.33181,15
2.331997,173
2.332184,15
2.332371,174
2.332558,15
2.332745,173
2.332932,15
2.333119,174
2.333306,15
2.333493,173
2.33368,15
2.333867,173
2.334054,15
2.334241,173
2.334428,15
2.334615,175
2.334802,15
2.334989,177
2.335176,15
2.335363,172
2.33555,15
2.335737,175
2.335924,15
2.336111,175
2.336298,15
2.336485,173
2.336672,15
2.336859,171
2.337046,15
2.337233,173
2.33742,15
2.337607,172
2.337794,15
2.337981,174
2.338168,15
2.338355,175
2.338542,15
2.338729,172
2.338915,15
2.339102,172
2.339289,15
2.339476,176
2.339663,15
2.33985,174
2.340037,15
2.340224,173
2.340411,15
2.340598,174
2.340785,15
2.340972,177
2.341159,15
2.341346,175
2.341533,15
2.34172,174
2.341907,15
2.342094,173
2.342281,15
2.342468,172
2.342655,15
2.342842,176
2.343029,15
2.343216,172
2.343403,15
2.34359,174
2.343777,15
2.343964,173
2.344151,15
2.344338,173
2.344525,15
2.344712,171
2.344899,15
2.345086,174
2.345273,15
2.34546,173
2.345647,15
2.345834,175
2.346021,15
2.346208,171
2.346395,15
2.346582,171
2.346769,15
2.346956,172
2.347143,15
2.34733,173
2.347517,15
2.347703,172
2.34789,15
2.348077,168
2.348264,15
2.348451,173
2.348638,15
2.348825,174
2.349012,15
2.349199,168
2.349386,15
2.349573,173
2.34976,15
2.349947,169
2.350134,15
2.350321,173
2.350508,15
2.350695,173
2.350882,15
2.351069,172
2.351256,15
2.351443,173
2.35163,15
2.351817,174
2.352004,15
2.352191,172
2.352378,15
2.352565,174
2.352752,15
2.352939,173
2.353126,15
2.353313,175
2.3535,15
2.353687,172
2.353874,15
2.354061,171
2.354248,15
2.354435,173
2.354622,15
2.354809,173
2.354996,15
2.355183,173
2.35537,15
2.355557,178
2.355744,15
2.355931,173
2.356118,15
2.356305,172
2.356491,15
2.356678,175
2.356865,15
2.357052,173
2.357239,15
2.357426,173
2.357613,15
2.3578,177
2.357987,15
2.358174,176
2.358361,15
2.358548,174
2.358735,15
2.358922,178
2.359109,15
2.359296,170
2.359483,15
2.35967,172
2.359857,15
2.360044,178
2.360231,15
2.360418,171
2.360605,15
2.360792,176
2.360979,15
2.361166,172
2.361353,15
2.36154,176
2.361727,15
2.361914,175
2.362101,15
2.362288,175
2.362475,15
2.362662,174
2.362849,15
2.363036,171
2.363223,15
2.36341,171
2.363597,15
2.363784,172
2.363971,15
2.364158,176
2.364345,15
2.364532,175
2.364719,15
2.364906,175
2.365093,15
2.365279,173
2.365466,15
2.365653,173
2.36584,15
2.366027,170
2.366214,15
2.366401,173
2.366588,15
2.366775,170
2.366962,15
2.367149,175
2.367336,15
2.367523,173
2.36771,15
2.367897,170
2.368084,15
2.368271,174
2.368458,15
2.368645,174
2.368832,15
2.369019,173
2.369206,15
2.369393,171
2.36958,15
2.369767,172
2.369954,15
2.370141,173
2.370328,15
2.370515,168
2.370702,15
2.370889,172
2.371076,15
2.371263,172
2.37145,15
2.371637,175
2.371824,15
2.372011,177
2.372198,15
2.372385,176
2.372572,15
2.372759,171
2.372946,15
2.373133,172
2.37332,15
2.373507,173
2.373694,15
2.37388,174
2.374067,15
2.374254,174
2.374441,15
2.374628,174
2.374815,15
2.375002,171
2.375189,15
2.375376,172
2.375563,15
2.37575,171
2.375937,15
2.376124,172
2.376311,15
2.376498,174
2.376685,15
2.376872,174
2.377059,15
2.377246,172
2.377433,15
2.37762,175
2.377807,15
2.377994,174
2.378181,15
2.378368,174
2.378555,15
2.378742,170
2.378929,15
2.379116,178
2.379303,15
2.37949,174
2.379677,15
2.379864,174
2.380051,15
2.380238,176
2.380425,15
2.380612,174
2.380799,15
2.380986,174
2.381173,15
2.38136,173
2.381547,15
2.381734,173
2.381921,15
2.382108,176
2.382295,15
2.382482,178
2.382668,15
2.382855,174
2.383042,15
2.383229,172
2.383416,15
2.383603,173
2.38379,15
2.383977,169
2.384164,15
2.384351,172
2.384538,15
2.384725,174
2.384912,15
2.385099,174
2.385286,15
2.385473,173
2.38566,15
2.385847,172
2.386034,15
2.386221,170
2.386408,15
2.386595,170
2.386782,15
2.386969,174
2.387156,15
2.387343,172
2.38753,15
2.387717,174
2.387904,15
2.388091,172
2.388278,15
2.388465,172
2.388652,15
2.388839,172
2.389026,15
2.389213,173
2.3894,15
2.389587,175
2.389774,15
2.389961,175
2.390148,15
2.390335,171
2.390522,15
2.390709,173
2.390896,15
2.391083,173
2.39127,15
2.391456,176
2.391643,15
2.39183,175
2.392017,15
2.392204,173
2.392391,15
2.392578,178
2.392765,15
2.392952,175
2.393139,15
2.393326,173
2.393513,15
2.3937,172
2.393887,15
2.394074,173
2.394261,15
2.394448,172
2.394635,15
2.394822,173
2.395009,15
2.395196,175
2.395383,15
2.39557,172
2.395757,15
2.395944,173
2.396131,15
2.396318,173
2.396505,15
2.396692,172
2.396879,15
2.397066,176
2.397253,15
2.39744,173
2.397627,15
2.397814,170
2.398001,15
2.398188,177
2.398375,15
2.398562,174
2.398749,15
2.398936,172
2.399123,15
2.39931,174
2.399497,15
2.399684,173
2.399871,15
2.400058,175
2.400244,15
2.400431,179
2.400618,15
2.400805,175
2.400992,15
2.401179,171
2.401366,15
2.401553,175
2.40174,15
2.401927,176
2.402114,15
2.402301,172
2.402488,15
2.402675,174
2.402862,15
2.403049,173
2.403236,15
2.403423,173
2.40361,15
2.403797,175
2.403984,15
2.404171,177
2.404358,15
2.404545,175
2.404732,15
2.404919,171
2.405106,15
2.405293,171
2.40548,15
2.405667,175
2.405854,15
2.406041,175
2.406228,15
2.406415,173
2.406602,15
2.406789,174
2.406976,15
2.407163,172
2.40735,15
2.407537,171
2.407724,15
2.407911,174
2.408098,15
2.408285,170
2.408472,15
2.408659,171
2.408845,15
2.409032,172
2.409219,15
2.409406,171
2.409593,15
2.40978,171
2.409967,15
2.410154,174
2.410341,15
2.410528,173
2.410715,15
2.410902,172
2.411089,15
2.411276,173
2.411463,15
2.41165,174
2.411837,15
2.412024,173
2.412211,15
2.412398,175
2.412585,15
2.412772,175
2.412959,15
2.413146,172
2.413333,15
2.41352,176
2.413707,15
2.413894,173
2.414081,15
2.414268,175
2.414455,15
2.414642,172
2.414829,15
2.415016,175
2.415203,15
2.41539,174
2.415577,15
2.415764,171
2.415951,15
2.416138,176
2.416325,15
2.416512,173
2.416699,15
2.416886,175
2.417073,15
2.41726,172
2.417447,15
2.417633,176
2.41782,15
2.418007,176
2.418194,15
2.418381,175
2.418568,15
2.418755,175
2.418942,15
2.419129,171
2.419316,15
2.419503,177
2.41969,15
2.419877,173
2.420064,15
2.420251,175
2.420438,15
2.420625,173
2.420812,15
2.420999,171
2.421186,15
2.421373,172
2.42156,15
2.421747,173
2.421934,15
2.422121,174
2.422308,15
2.422495,173
2.422682,15
2.422869,172
2.423056,15
2.423243,174
2.42343,15
2.423617,176
2.423804,15
2.423991,173
2.424178,15
2.424365,177
2.424552,15
2.424739,172
2.424926,15
2.425113,173
2.4253,15
2.425487,175
2.425674,15
2.425861,173
2.426048,15
2.426235,174
2.426421,15
2.426608,172
2.426795,15
2.426982,174
2.427169,15
2.427356,173
2.427543,15
2.42773,172
2.427917,15
2.428104,175
2.428291,15
2.428478,172
2.428665,15
2.428852,173
2.429039,15
2.429226,173
2.429413,15
2.4296,173
2.429787,15
2.429974,174
2.430161,15
2.430348,172
2.430535,15
2.430722,175
2.430909,15
2.431096,175
2.431283,15
2.43147,171
2.431657,15
2.431844,174
2.432031,15
2.432218,173
2.432405,15
2.432592,172
2.432779,15
2.432966,175
2.433153,15
2.43334,174
2.433527,15
2.433714,175
2.433901,15
2.434088,173
2.434275,15
2.434462,172
2.434649,15
2.434836,174
2.435023,15
2.435209,171
2.435396,15
2.435583,173
2.43577,15
2.435957,173
2.436144,15
2.436331,173
2.436518,15
2.436705,175
2.436892,15
2.437079,174
2.437266,15
2.437453,176
2.43764,15
2.437827,170
2.438014,15
2.438201,175
2.438388,15
2.438575,177
2.438762,15
2.438949,175
2.439136,15
2.439323,173
2.43951,15
2.439697,171
2.439884,15
2.440071,174
2.440258,15
2.440445,175
2.440632,15
2.440819,173
2.441006,15
2.441193,172
2.44138,15
2.441567,173
2.441754,15
2.441941,173
2.442128,15
2.442315,174
2.442502,15
2.442689,175
2.442876,15
2.443063,174
2.44325,15
2.443437,174
2.443624,15
2.443811,175
2.443997,15
2.444184,173
2.444371,15
2.444558,173
2.444745,15
2.444932,173
2.445119,15
2.445306,173
2.445493,15
2.44568,173
2.445867,15
2.446054,172
2.446241,15
2.446428,172
2.446615,15
2.446802,171
2.446989,15
2.447176,174
2.447363,15
2.44755,174
2.447737,15
2.447924,172
2.448111,15
2.448298,175
2.448485,15
2.448672,175
2.448859,15
2.449046,173
2.449233,15
2.44942,173
2.449607,15
2.449794,173
2.449981,15
2.450168,173
2.450355,15
2.450542,174
2.450729,15
2.450916,173
2.451103,15
2.45129,171
2.451477,15
2.451664,175
2.451851,15
2.452038,174
2.452225,15
2.452412,173
2.452598,15
2.452785,172
2.452972,15
2.453159,171
2.453346,15
2.453533,175
2.45372,15
2.453907,172
2.454094,15
2.454281,172
2.454468,15
2.454655,171
2.454842,15
2.455029,173
2.455216,15
2.455403,171
2.45559,15
2.455777,176
2.455964,15
2.456151,175
2.456338,15
2.456525,175
2.456712,15
2.456899,172
2.457086,15
2.457273,175
2.45746,15
2.457647,175
2.457834,15
2.458021,173
2.458208,15
2.458395,172
2.458582,15
2.458769,175
2.458956,15
2.459143,170
2.45933,15
2.459517,175
2.459704,15
2.459891,177
2.460078,15
2.460265,176
2.460452,15
2.460639,173
2.460826,15
2.461013,175
2.4612,15
2.461386,173
2.461573,15
2.46176,172
2.461947,15
2.462134,174
2.462321,15
2.462508,175
2.462695,15
2.462882,171
2.463069,15
2.463256,174
2.463443,15
2.46363,178
2.463817,15
2.464004,175
2.464191,15
2.464378,172
2.464565,15
2.464752,172
2.464939,15
2.465126,174
2.465313,15
2.4655,173
2.465687,15
2.465874,172
2.466061,15
2.466248,174
2.466435,15
2.466622,171
2.466809,15
2.466996,174
2.467183,15
2.46737,173
2.467557,15
2.467744,174
2.467931,15
2.468118,172
2.468305,15
2.468492,172
2.468679,15
2.468866,176
2.469053,15
2.46924,174
2.469427,15
2.469614,172
2.469801,15
2.469988,172
2.470174,15
2.470361,172
2.470548,15
2.470735,172
2.470922,15
2.471109,173
2.471296,15
2.471483,173
2.47167,15
2.471857,172
2.472044,15
2.472231,173
2.472418,15
2.472605,171
2.472792,15
2.472979,175
2.473166,15
2.473353,171
2.47354,15
2.473727,175
2.473914,15
2.474101,170
2.474288,15
2.474475,172
2.474662,15
2.474849,172
2.475036,15
2.475223,173
2.47541,15
2.475597,177
2.475784,15
2.475971,175
2.476158,15
2.476345,172
2.476532,15
2.476719,171
2.476906,15
2.477093,173
2.47728,15
2.477467,174
2.477654,15
2.477841,172
2.478028,15
2.478215,175
2.478402,15
2.478589,172
2.478776,15
2.478962,177
2.479149,15
2.479336,173
2.479523,15
2.47971,175
2.479897,15
2.480084,173
2.480271,15
2.480458,175
2.480645,15
2.480832,174
2.481019,15
2.481206,174
2.481393,15
2.48158,171
2.481767,15
2.481954,174
2.482141,15
2.482328,175
2.482515,15
2.482702,171
2.482889,15
2.483076,174
2.483263,15
2.48345,174
2.483637,15
2.483824,170
2.484011,15
2.484198,172
2.484385,15
2.484572,171
2.484759,15
2.484946,175
2.485133,15
2.48532,173
2.485507,15
2.485694,174
2.485881,15
2.486068,173
2.486255,15
2.486442,172
2.486629,15
2.486816,172
2.487003,15
2.48719,172
2.487377,15
2.487563,172
2.48775,15
2.487937,174
2.488124,15
2.488311,173
2.488498,15
2.488685,176
2.488872,15
2.489059,174
2.489246,15
2.489433,173
2.48962,15
2.489807,175
2.489994,15
2.490181,174
2.490368,15
2.490555,172
2.490742,15
2.490929,173
2.491116,15
2.491303,171
2.49149,15
2.491677,172
2.491864,15
2.492051,173
2.492238,15
2.492425,172
2.492612,15
2.492799,172
2.492986,15
2.493173,172
2.49336,15
2.493547,170
2.493734,15
2.493921,171
2.494108,15
2.494295,175
2.494482,15
2.494669,174
2.494856,15
2.495043,171
2.49523,15
2.495417,170
2.495604,15
2.495791,175
2.495978,15
2.496165,174
2.496351,15
2.496538,171
2.496725,15
2.496912,176
2.497099,15
2.497286,172
2.497473,15
2.49766,173
2.497847,15
2.498034,174
2.498221,15
2.498408,173
2.498595,15
2.498782,175
2.498969,15
2.499156,172
2.499343,15
2.49953,172
2.499717,15
2.499904,172
2.500091,15
2.500278,175
2.500465,15
2.500652,173
2.500839,15
2.501026,171
2.501213,15
2.5014,175
2.501587,15
2.501774,172
2.501961,15
2.502148,174
2.502335,15
2.502522,173
2.502709,15
2.502896,174
2.503083,15
2.50327,174
2.503457,15
2.503644,172
2.503831,15
2.504018,172
2.504205,15
2.504392,175
2.504579,15
2.504766,174
2.504953,15
2.505139,170
2.505326,15
2.505513,172
2.5057,15
2.505887,170
2.506074,15
2.506261,174
2.506448,15
2.506635,173
2.506822,15
2.507009,175
2.507196,15
2.507383,174
2.50757,15
2.507757,175
2.507944,15
2.508131,173
2.508318,15
2.508505,176
2.508692,15
2.508879,174
2.509066,15
2.509253,173
2.50944,15
2.509627,172
2.509814,15
2.510001,176
2.510188,15
2.510375,173
2.510562,15
2.510749,173
2.510936,15
2.511123,174
2.51131,15
2.511497,175
2.511684,15
2.511871,175
2.512058,15
2.512245,175
2.512432,15
2.512619,172
2.512806,15
2.512993,173
2.51318,15
2.513367,173
2.513554,15
2.513741,174
2.513927,15
2.514114,174
2.514301,15
2.514488,173
2.514675,15
2.514862,173
2.515049,15
2.515236,170
2.515423,15
2.51561,174
2.515797,15
2.515984,173
2.516171,15
2.516358,175
2.516545,15
2.516732,170
2.516919,15
2.517106,173
2.517293,15
2.51748,175
2.517667,15
2.517854,172
2.518041,15
2.518228,170
2.518415,15
2.518602,171
2.518789,15
2.518976,176
2.519163,15
2.51935,175
2.519537,15
2.519724,173
2.519911,15
2.520098,172
2.520285,15
2.520472,172
2.520659,15
2.520846,178
2.521033,15
2.52122,173
2.521407,15
2.521594,175
2.521781,15
2.521968,172
2.522155,15
2.522342,173
2.522528,15
2.522715,174
2.522902,15
2.523089,175
2.523276,15
2.523463,178
2.52365,15
2.523837,172
2.524024,15
2.524211,175
2.524398,15
2.524585,172
2.524772,15
2.524959,171
2.525146,15
2.525333,172
2.52552,15
2.525707,174
2.525894,15
2.526081,175
2.526268,15
2.526455,173
2.526642,15
2.526829,170
2.527016,15
2.527203,176
2.52739,15
2.527577,173
2.527764,15
2.527951,173
2.528138,15
2.528325,172
2.528512,15
2.528699,174
2.528886,15
2.529073,175
2.52926,15
2.529447,175
2.529634,15
2.529821,170
2.530008,15
2.530195,175
2.530382,15
2.530569,171
2.530756,15
2.530943,171
2.53113,15
2.531316,171
2.531503,15
2.53169,170
2.531877,15
2.532064,172
2.532251,15
2.532438,175
2.532625,15
2.532812,178
2.532999,15
2.533186,172
2.533373,15
2.53356,171
2.533747,15
2.533934,174
2.534121,15
2.534308,172
2.534495,15
2.534682,171
2.534869,15
2.535056,176
2.535243,15
2.53543,172
2.535617,15
2.535804,172
2.535991,15
2.536178,173
2.536365,15
2.536552,169
2.536739,15
2.536926,175
2.537113,15
2.5373,173
2.537487,15
2.537674,174
2.537861,15
2.538048,173
2.538235,15
2.538422,177
2.538609,15
2.538796,173
2.538983,15
2.53917,179
2.539357,15
2.539544,173
2.539731,15
2.539918,173
2.540104,15
2.540291,172
2.540478,15
2.540665,171
2.540852,15
2.541039,175
2.541226,15
2.541413,176
2.5416,15
2.541787,171
2.541974,15
2.542161,175
2.542348,15
2.542535,174
2.542722,15
2.542909,176
2.543096,15
2.543283,175
2.54347,15
2.543657,176
2.543844,15
2.544031,173
2.544218,15
2.544405,172
2.544592,15
2.544779,175
2.544966,15
2.545153,172
2.54534,15
2.545527,174
2.545714,15
2.545901,174
2.546088,15
2.546275,178
2.546462,15
2.546649,171
2.546836,15
2.547023,173
2.54721,15
2.547397,172
2.547584,15
2.547771,174
2.547958,15
2.548145,178
2.548332,15
2.548519,170
2.548706,15
2.548892,172
2.549079,15
2.549266,174
2.549453,15
2.54964,172
2.549827,15
2.550014,172
2.550201,15
2.550388,172
2.550575,15
2.550762,174
2.550949,15
2.551136,172
2.551323,15
2.55151,172
2.551697,15
2.551884,173
2.552071,15
2.552258,172
2.552445,15
2.552632,174
2.552819,15
2.553006,174
2.553193,15
2.55338,171
2.553567,15
2.553754,173
2.553941,15
2.554128,177
2.554315,15
2.554502,173
2.554689,15
2.554876,173
2.555063,15
2.55525,172
2.555437,15
2.555624,175
2.555811,15
2.555998,174
2.556185,15
2.556372,174
2.556559,15
2.556746,176
2.556933,15
2.55712,171
2.557307,15
2.557493,172
2.55768,15
2.557867,173
2.558054,15
2.558241,174
2.558428,15
2.558615,176
2.558802,15
2.558989,175
2.559176,15
2.559363,176
2.55955,15
2.559737,173
2.559924,15
2.560111,174
2.560298,15
2.560485,175
2.560672,15
2.560859,174
2.561046,15
2.561233,173
2.56142,15
2.561607,171
2.561794,15
2.561981,173
2.562168,15
2.562355,173
2.562542,15
2.562729,173
2.562916,15
2.563103,175
2.56329,15
2.563477,171
2.563664,15
2.563851,177
2.564038,15
2.564225,176
2.564412,15
2.564599,170
2.564786,15
2.564973,175
2.56516,15
2.565347,172
2.565534,15
2.565721,173
2.565908,15
2.566095,175
2.566281,15
2.566468,174
2.566655,15
2.566842,173
2.567029,15
2.567216,175
2.567403,15
2.56759,175
2.567777,15
2.567964,174
2.568151,15
2.568338,171
2.568525,15
2.568712,171
2.568899,15
2.569086,174
2.569273,15
2.56946,172
2.569647,15
2.569834,172
2.570021,15
2.570208,172
2.570395,15
2.570582,173
2.570769,15
2.570956,171
2.571143,15
2.57133,172
2.571517,15
2.571704,173
2.571891,15
2.572078,174
2.572265,15
2.572452,173
2.572639,15
2.572826,175
2.573013,15
2.5732,173
2.573387,15
2.573574,171
2.573761,15
2.573948,175
2.574135,15
2.574322,177
2.574509,15
2.574696,176
2.574883,15
2.575069,172
2.575256,15
2.575443,174
2.57563,15
2.575817,175
2.576004,15
2.576191,175
2.576378,15
2.576565,173
2.576752,15
2.576939,173
2.577126,15
2.577313,175
2.5775,15
2.577687,173
2.577874,15
2.578061,176
2.578248,15
2.578435,175
2.578622,15
2.578809,177
2.578996,15
2.579183,175
2.57937,15
2.579557,172
2.579744,15
2.579931,174
2.580118,15
2.580305,173
2.580492,15
2.580679,176
2.580866,15
2.581053,172
2.58124,15
2.581427,175
2.581614,15
2.581801,172
2.581988,15
2.582175,173
2.582362,15
2.582549,174
2.582736,15
2.582923,177
2.58311,15
2.583297,174
2.583484,15
2.583671,179
2.583857,15
2.584044,172
2.584231,15
2.584418,174
2.584605,15
2.584792,172
2.584979,15
2.585166,175
2.585353,15
2.58554,172
2.585727,15
2.585914,174
2.586101,15
2.586288,172
2.586475,15
2.586662,173
2.586849,15
2.587036,174
2.587223,15
2.58741,176
2.587597,15
2.587784,171
2.587971,15
2.588158,175
2.588345,15
2.588532,173
2.588719,15
2.588906,175
2.589093,15
2.58928,176
2.589467,15
2.589654,170
2.589841,15
2.590028,173
2.590215,15
2.590402,174
2.590589,15
2.590776,172
2.590963,15
2.59115,174
2.591337,15
2.591524,174
2.591711,15
2.591898,174
2.592085,15
2.592272,174
2.592458,15
2.592645,172
2.592832,15
2.593019,171
2.593206,15
2.593393,175
2.59358,15
2.593767,172
2.593954,15
2.594141,179
2.594328,15
2.594515,178
2.594702,15
2.594889,177
2.595076,15
2.595263,176
2.59545,15
2.595637,172
2.595824,15
2.596011,171
2.596198,15
2.596385,173
2.596572,15
2.596759,172
2.596946,15
2.597133,173
2.59732,15
2.597507,175
2.597694,15
2.597881,175
2.598068,15
2.598255,172
2.598442,15
2.598629,171
2.598816,15
2.599003,173
2.59919,15
2.599377,175
2.599564,15
2.599751,175
2.599938,15
2.600125,172
2.600312,15
2.600499,174
2.600686,15
2.600873,171
2.60106,15
2.601246,169
2.601433,15
2.60162,173
2.601807,15
2.601994,175
2.602181,15
2.602368,174
2.602555,15
2.602742,171
2.602929,15
2.603116,174
2.603303,15
2.60349,177
2.603677,15
2.603864,176
2.604051,15
2.604238,175
2.604425,15
2.604612,173
2.604799,15
2.604986,172
2.605173,15
2.60536,173
2.605547,15
2.605734,174
2.605921,15
2.606108,172
2.606295,15
2.606482,172
2.606669,15
2.606856,174
2.607043,15
2.60723,176
2.607417,15
2.607604,172
2.607791,15
2.607978,171
2.608165,15
2.608352,174
2.608539,15
2.608726,174
2.608913,15
2.6091,176
2.609287,15
2.609474,177
2.609661,15
2.609848,175
2.610034,15
2.610221,174
2.610408,15
2.610595,172
2.610782,15
2.610969,175
2.611156,15
2.611343,171
2.61153,15
2.611717,175
2.611904,15
2.612091,170
2.612278,15
2.612465,174
2.612652,15
2.612839,175
2.613026,15
2.613213,173
2.6134,15
2.613587,173
2.613774,15
2.613961,170
2.614148,15
2.614335,173
2.614522,15
2.614709,177
2.614896,15
2.615083,173
2.61527,15
2.615457,175
2.615644,15
2.615831,175
2.616018,15
2.616205,175
2.616392,15
2.616579,172
2.616766,15
2.616953,171
2.61714,15
2.617327,173
2.617514,15
2.617701,174
2.617888,15
2.618075,173
2.618262,15
2.618449,175
2.618636,15
2.618822,172
2.619009,15
2.619196,173
2.619383,15
2.61957,172
2.619757,15
2.619944,175
2.620131,15
2.620318,173
2.620505,15
2.620692,177
2.620879,15
2.621066,177
2.621253,15
2.62144,174
2.621627,15
2.621814,178
2.622001,15
2.622188,176
2.622375,15
2.622562,177
2.622749,15
2.622936,181
2.623123,15
2.62331,173
2.623497,15
2.623684,172
2.623871,15
2.624058,177
2.624245,15
2.624432,175
2.624619,15
2.624806,173
2.624993,15
2.62518,173
2.625367,15
2.625554,171
2.625741,15
2.625928,175
2.626115,15
2.626302,174
2.626489,15
2.626676,177
2.626863,15
2.62705,177
2.627237,15
2.627424,171
2.62761,15
2.627797,172
2.627984,15
2.628171,172
2.628358,15
2.628545,174
2.628732,15
2.628919,173
2.629106,15
2.629293,172
2.62948,15
2.629667,173
2.629854,15
2.630041,174
2.630228,15
2.630415,174
2.630602,15
2.630789,177
2.630976,15
2.631163,174
2.63135,15
2.631537,174
2.631724,15
2.631911,173
2.632098,15
2.632285,176
2.632472,15
2.632659,174
2.632846,15
2.633033,175
2.63322,15
2.633407,172
2.633594,15
2.633781,175
2.633968,15
2.634155,174
2.634342,15
2.634529,174
2.634716,15
2.634903,176
2.63509,15
2.635277,171
2.635464,15
2.635651,174
2.635838,15
2.636025,171
2.636211,15
2.636398,174
2.636585,15
2.636772,175
2.636959,15
2.637146,170
2.637333,15
2.63752,172
2.637707,15
2.637894,175
2.638081,15
2.638268,175
2.638455,15
2.638642,173
2.638829,15
2.639016,174
2.639203,15
2.63939,177
2.639577,15
2.639764,175
2.639951,15
2.640138,172
2.640325,15
2.640512,172
2.640699,15
2.640886,174
2.641073,15
2.64126,178
2.641447,15
2.641634,175
2.641821,15
2.642008,175
2.642195,15
2.642382,175
2.642569,15
2.642756,174
2.642943,15
2.64313,173
2.643317,15
2.643504,173
2.643691,15
2.643878,172
2.644065,15
2.644252,172
2.644439,15
2.644626,172
2.644813,15
2.644999,175
2.645186,15
2.645373,172
2.64556,15
2.645747,172
2.645934,15
2.646121,174
2.646308,15
2.646495,174
2.646682,15
2.646869,175
2.647056,15
2.647243,174
2.64743,15
2.647617,173
2.647804,15
2.647991,171
2.648178,15
2.648365,173
2.648552,15
2.648739,174
2.648926,15
2.649113,174
2.6493,15
2.649487,173
2.649674,15
2.649861,174
2.650048,15
2.650235,178
2.650422,15
2.650609,173
2.650796,15
2.650983,174
2.65117,15
2.651357,173
2.651544,15
2.651731,175
2.651918,15
2.652105,173
2.652292,15
2.652479,174
2.652666,15
2.652853,173
2.65304,15
2.653227,174
2.653414,15
2.653601,172
2.653787,15
2.653974,178
2.654161,15
2.654348,176
2.654535,15
2.654722,173
2.654909,15
2.655096,171
2.655283,15
2.65547,173
2.655657,15
2.655844,176
2.656031,15
2.656218,172
2.656405,15
2.656592,177
2.656779,15
2.656966,175
2.657153,15
2.65734,172
2.657527,15
2.657714,178
2.657901,15
2.658088,173
2.658275,15
2.658462,173
2.658649,15
2.658836,175
2.659023,15
2.65921,175
2.659397,15
2.659584,171
2.659771,15
2.659958,173
2.660145,15
2.660332,176
2.660519,15
2.660706,177
2.660893,15
2.66108,172
2.661267,15
2.661454,180
2.661641,15
2.661828,173
2.662015,15
2.662202,172
2.662389,15
2.662575,172
2.662762,15
2.662949,172
2.663136,15
2.663323,178
2.66351,15
2.663697,174
2.663884,15
2.664071,174
2.664258,15
2.664445,172
2.664632,15
2.664819,174
2.665006,15
2.665193,172
2.66538,15
2.665567,176
2.665754,15
2.665941,172
2.666128,15
2.666315,171
2.666502,15
2.666689,172
2.666876,15
2.667063,173
2.66725,15
2.667437,172
2.667624,15
2.667811,171
2.667998,15
2.668185,173
2.668372,15
2.668559,173
2.668746,15
2.668933,172
2.66912,15
2.669307,172
2.669494,15
2.669681,173
2.669868,15
2.670055,172
2.670242,15
2.670429,178
2.670616,15
2.670803,173
2.67099,15
2.671176,174
2.671363,15
2.67155,173
2.671737,15
2.671924,172
2.672111,15
2.672298,177
2.672485,15
2.672672,175
2.672859,15
2.673046,172
2.673233,15
2.67342,173
2.673607,15
2.673794,172
2.673981,15
2.674168,175
2.674355,15
2.674542,174
2.674729,15
2.674916,173
2.675103,15
2.67529,173
2.675477,15
2.675664,172
2.675851,15
2.676038,175
2.676225,15
2.676412,173
2.676599,15
2.676786,170
2.676973,15
2.67716,175
2.677347,15
2.677534,175
2.677721,15
2.677908,173
2.678095,15
2.678282,173
2.678469,15
2.678656,169
2.678843,15
2.67903,172
2.679217,15
2.679404,173
2.679591,15
2.679778,172
2.679964,15
2.680151,171
2.680338,15
2.680525,168
2.680712,15
2.680899,172
2.681086,15
2.681273,173
2.68146,15
2.681647,176
2.681834,15
2.682021,172
2.682208,15
2.682395,172
2.682582,15
2.682769,176
2.682956,15
2.683143,174
2.68333,15
2.683517,172
2.683704,15
2.683891,175
2.684078,15
2.684265,173
2.684452,15
2.684639,176
2.684826,15
2.685013,172
2.6852,15
2.685387,174
2.685574,15
2.685761,175
2.685948,15
2.686135,172
2.686322,15
2.686509,172
2.686696,15
2.686883,172
2.68707,15
2.687257,174
2.687444,15
2.687631,176
2.687818,15
2.688005,174
2.688192,15
2.688379,175
2.688566,15
2.688752,174
2.688939,15
2.689126,173
2.689313,15
2.6895,174
2.689687,15
2.689874,173
2.690061,15
2.690248,173
2.690435,15
2.690622,174
2.690809,15
2.690996,172
2.691183,15
2.69137,173
2.691557,15
2.691744,171
2.691931,15
2.692118,177
2.692305,15
2.692492,175
2.692679,15
2.692866,174
2.693053,15
2.69324,175
2.693427,15
2.693614,173
2.693801,15
2.693988,175
2.694175,15
2.694362,172
2.694549,15
2.694736,173
2.694923,15
2.69511,173
2.695297,15
2.695484,173
2.695671,15
2.695858,174
2.696045,15
2.696232,176
2.696419,15
2.696606,172
2.696793,15
2.69698,175
2.697167,15
2.697354,173
2.69754,15
2.697727,172
2.697914,15
2.698101,176
2.698288,15
2.698475,174
2.698662,15
2.698849,171
2.699036,15
2.699223,173
2.69941,15
2.699597,173
2.699784,15
2.699971,173
2.700158,15
2.700345,173
2.700532,15
2.700719,173
2.700906,15
2.701093,174
2.70128,15
2.701467,172
2.701654,15
2.701841,175
2.702028,15
2.702215,173
2.702402,15
2.702589,172
2.702776,15
2.702963,173
2.70315,15
2.703337,172
2.703524,15
2.703711,172
2.703898,15
2.704085,172
2.704272,15
2.704459,174
2.704646,15
2.704833,177
2.70502,15
2.705207,177
2.705394,15
2.705581,174
2.705768,15
2.705955,172
2.706141,15
2.706328,175
2.706515,15
2.706702,173
2.706889,15
2.707076,173
2.707263,15
2.70745,175
2.707637,15
2.707824,176
2.708011,15
2.708198,173
2.708385,15
2.708572,172
2.708759,15
2.708946,175
2.709133,15
2.70932,179
2.709507,15
2.709694,172
2.709881,15
2.710068,175
2.710255,15
2.710442,176
2.710629,15
2.710816,174
2.711003,15
2.71119,174
2.711377,15
2.711564,173
2.711751,15
2.711938,172
2.712125,15
2.712312,172
2.712499,15
2.712686,175
2.712873,15
2.71306,174
2.713247,15
2.713434,175
2.713621,15
2.713808,174
2.713995,15
2.714182,173
2.714369,15
2.714556,174
2.714743,15
2.714929,173
2.715116,15
2.715303,173
2.71549,15
2.715677,171
2.715864,15
2.716051,175
2.716238,15
2.716425,171
2.716612,15
2.716799,170
2.716986,15
2.717173,173
2.71736,15
2.717547,171
2.717734,15
2.717921,173
2.718108,15
2.718295,176
2.718482,15
2.718669,173
2.718856,15
2.719043,173
2.71923,15
2.719417,171
2.719604,15
2.719791,175
2.719978,15
2.720165,173
2.720352,15
2.720539,174
2.720726,15
2.720913,173
2.7211,15
2.721287,172
2.721474,15
2.721661,176
2.721848,15
2.722035,174
2.722222,15
2.722409,174
2.722596,15
2.722783,176
2.72297,15
2.723157,173
2.723344,15
2.723531,175
2.723717,15
2.723904,175
2.724091,15
2.724278,174
2.724465,15
2.724652,174
2.724839,15
2.725026,175
2.725213,15
2.7254,174
2.725587,15
2.725774,172
2.725961,15
2.726148,177
2.726335,15
2.726522,170
2.726709,15
2.726896,174
2.727083,15
2.72727,172
2.727457,15
2.727644,174
2.727831,15
2.728018,172
2.728205,15
2.728392,176
2.728579,15
2.728766,172
2.728953,15
2.72914,174
2.729327,15
2.729514,175
2.729701,15
2.729888,176
2.730075,15
2.730262,174
2.730449,15
2.730636,175
2.730823,15
2.73101,173
2.731197,15
2.731384,176
2.731571,15
2.731758,171
2.731945,15
2.732132,170
2.732319,15
2.732505,173
2.732692,15
2.732879,173
2.733066,15
2.733253,172
2.73344,15
2.733627,173
2.733814,15
2.734001,175
2.734188,15
2.734375,175
2.734562,15
2.734749,171
2.734936,15
2.735123,177
2.73531,15
2.735497,174
2.735684,15
2.735871,172
2.736058,15
2.736245,172
2.736432,15
2.736619,174
2.736806,15
2.736993,173
2.73718,15
2.737367,172
2.737554,15
2.737741,174
2.737928,15
2.738115,175
2.738302,15
2.738489,172
2.738676,15
2.738863,174
2.73905,15
2.739237,171
2.739424,15
2.739611,172
2.739798,15
2.739985,172
2.740172,15
2.740359,174
2.740546,15
2.740733,176
2.74092,15
2.741106,172
2.741293,15
2.74148,178
2.741667,15
2.741854,173
2.742041,15
2.742228,173
2.742415,15
2.742602,174
2.742789,15
2.742976,178
2.743163,15
2.74335,174
2.743537,15
2.743724,177
2.743911,15
2.744098,171
2.744285,15
2.744472,175
2.744659,15
2.744846,175
2.745033,15
2.74522,172
2.745407,15
2.745594,173
2.745781,15
2.745968,173
2.746155,15
2.746342,178
2.746529,15
2.746716,178
2.746903,15
2.74709,174
2.747277,15
2.747464,175
2.747651,15
2.747838,175
2.748025,15
2.748212,172
2.748399,15
2.748586,172
2.748773,15
2.74896,179
2.749147,15
2.749334,174
2.749521,15
2.749708,171
2.749894,15
2.750081,171
2.750268,15
2.750455,175
2.750642,15
2.750829,178
2.751016,15
2.751203,175
2.75139,15
2.751577,174
2.751764,15
2.751951,174
2.752138,15
2.752325,178
2.752512,15
2.752699,174
2.752886,15
2.753073,172
2.75326,15
2.753447,174
2.753634,15
2.753821,172
2.754008,15
2.754195,172
2.754382,15
2.754569,176
2.754756,15
2.754943,173
2.75513,15
2.755317,175
2.755504,15
2.755691,173
2.755878,15
2.756065,172
2.756252,15
2.756439,172
2.756626,15
2.756813,173
2.757,15
2.757187,173
2.757374,15
2.757561,172
2.757748,15
2.757935,174
2.758122,15
2.758309,172
2.758496,15
2.758682,172
2.758869,15
2.759056,171
2.759243,15
2.75943,175
2.759617,15
2.759804,170
2.759991,15
2.760178,176
2.760365,15
2.760552,172
2.760739,15
2.760926,173
2.761113,15
2.7613,172
2.761487,15
2.761674,174
2.761861,15
2.762048,173
2.762235,15
2.762422,172
2.762609,15
2.762796,174
2.762983,15
2.76317,175
2.763357,15
2.763544,173
2.763731,15
2.763918,171
2.764105,15
2.764292,172
2.764479,15
2.764666,173
2.764853,15
2.76504,174
2.765227,15
2.765414,172
2.765601,15
2.765788,174
2.765975,15
2.766162,172
2.766349,15
2.766536,177
2.766723,15
2.76691,175
2.767097,15
2.767284,176
2.76747,15
2.767657,173
2.767844,15
2.768031,177
2.768218,15
2.768405,174
2.768592,15
2.768779,173
2.768966,15
2.769153,173
2.76934,15
2.769527,172
2.769714,15
2.769901,175
2.770088,15
2.770275,176
2.770462,15
2.770649,179
2.770836,15
2.771023,172
2.77121,15
2.771397,175
2.771584,15
2.771771,177
2.771958,15
2.772145,173
2.772332,15
2.772519,171
2.772706,15
2.772893,173
2.77308,15
2.773267,171
2.773454,15
2.773641,176
2.773828,15
2.774015,175
2.774202,15
2.774389,174
2.774576,15
2.774763,175
2.77495,15
2.775137,173
2.775324,15
2.775511,173
2.775698,15
2.775885,175
2.776071,15
2.776258,171
2.776445,15
2.776632,174
2.776819,15
2.777006,173
2.777193,15
2.77738,178
2.777567,15
2.777754,175
2.777941,15
2.778128,174
2.778315,15
2.778502,174
2.778689,15
2.778876,174
2.779063,15
2.77925,175
2.779437,15
2.779624,173
2.779811,15
2.779998,171
2.780185,15
2.780372,172
2.780559,15
2.780746,176
2.780933,15
2.78112,173
2.781307,15
2.781494,175
2.781681,15
2.781868,175
2.782055,15
2.782242,174
2.782429,15
2.782616,170
2.782803,15
2.78299,172
2.783177,15
2.783364,169
2.783551,15
2.783738,172
2.783925,15
2.784112,175
2.784299,15
2.784486,173
2.784673,15
2.784859,171
2.785046,15
2.785233,175
2.78542,15
2.785607,172
2.785794,15
2.785981,172
2.786168,15
2.786355,174
2.786542,15
2.786729,174
2.786916,15
2.787103,178
2.78729,15
2.787477,176
2.787664,15
2.787851,173
2.788038,15
2.788225,177
2.788412,15
2.788599,178
2.788786,15
2.788973,175
2.78916,15
2.789347,175
2.789534,15
2.789721,173
2.789908,15
2.790095,174
2.790282,15
2.790469,178
2.790656,15
2.790843,174
2.79103,15
2.791217,172
2.791404,15
2.791591,172
2.791778,15
2.791965,173
2.792152,15
2.792339,173
2.792526,15
2.792713,174
2.7929,15
2.793087,174
2.793274,15
2.793461,175
2.793647,15
2.793834,174
2.794021,15
2.794208,177
2.794395,15
2.794582,174
2.794769,15
2.794956,172
2.795143,15
2.79533,175
2.795517,15
2.795704,175
2.795891,15
2.796078,173
2.796265,15
2.796452,172
2.796639,15
2.796826,175
2.797013,15
2.7972,172
2.797387,15
2.797574,173
2.797761,15
2.797948,171
2.798135,15
2.798322,173
2.798509,15
2.798696,175
2.798883,15
2.79907,174
2.799257,15
2.799444,172
2.799631,15
2.799818,174
2.800005,15
2.800192,172
2.800379,15
2.800566,174
2.800753,15
2.80094,171
2.801127,15
2.801314,174
2.801501,15
2.801688,174
2.801875,15
2.802062,175
2.802249,15
2.802435,172
2.802622,15
2.802809,173
2.802996,15
2.803183,173
2.80337,15
2.803557,175
2.803744,15
2.803931,175
2.804118,15
2.804305,173
2.804492,15
2.804679,174
2.804866,15
2.805053,172
2.80524,15
2.805427,178
2.805614,15
2.805801,174
2.805988,15
2.806175,171
2.806362,15
2.806549,179
2.806736,15
2.806923,175
2.80711,15
2.807297,174
2.807484,15
2.807671,172
2.807858,15
2.808045,175
2.808232,15
2.808419,174
2.808606,15
2.808793,178
2.80898,15
2.809167,172
2.809354,15
2.809541,179
2.809728,15
2.809915,178
2.810102,15
2.810289,173
2.810476,15
2.810663,168
2.81085,15
2.811037,176
2.811223,15
2.81141,174
2.811597,15
2.811784,174
2.811971,15
2.812158,174
2.812345,15
2.812532,174
2.812719,15
2.812906,172
2.813093,15
2.81328,174
2.813467,15
2.813654,173
2.813841,15
2.814028,175
2.814215,15
2.814402,172
2.814589,15
2.814776,173
2.814963,15
2.81515,172
2.815337,15
2.815524,174
2.815711,15
2.815898,173
2.816085,15
2.816272,173
2.816459,15
2.816646,172
2.816833,15
2.81702,173
2.817207,15
2.817394,172
2.817581,15
2.817768,173
2.817955,15
2.818142,170
2.818329,15
2.818516,175
2.818703,15
2.81889,172
2.819077,15
2.819264,172
2.819451,15
2.819638,174
2.819824,15
2.820011,171
2.820198,15
2.820385,172
2.820572,15
2.820759,174
2.820946,15
2.821133,174
2.82132,15
2.821507,172
2.821694,15
2.821881,172
2.822068,15
2.822255,175
2.822442,15
2.822629,172
2.822816,15
2.823003,170
2.82319,15
2.823377,175
2.823564,15
2.823751,174
2.823938,15
2.824125,172
2.824312,15
2.824499,176
2.824686,15
2.824873,176
2.82506,15
2.825247,174
2.825434,15
2.825621,175
2.825808,15
2.825995,175
2.826182,15
2.826369,174
2.826556,15
2.826743,173
2.82693,15
2.827117,173
2.827304,15
2.827491,173
2.827678,15
2.827865,173
2.828052,15
2.828239,177
2.828426,15
2.828612,172
2.828799,15
2.828986,176
2.829173,15
2.82936,177
2.829547,15
2.829734,174
2.829921,15
2.830108,176
2.830295,15
2.830482,174
2.830669,15
2.830856,174
2.831043,15
2.83123,177
2.831417,15
2.831604,175
2.831791,15
2.831978,175
2.832165,15
2.832352,174
2.832539,15
2.832726,176
2.832913,15
2.8331,174
2.833287,15
2.833474,173
2.833661,15
2.833848,171
2.834035,15
2.834222,175
2.834409,15
2.834596,171
2.834783,15
2.83497,175
2.835157,15
2.835344,172
2.835531,15
2.835718,172
2.835905,15
2.836092,175
2.836279,15
2.836466,177
2.836653,15
2.83684,173
2.837027,15
2.837214,173
2.8374,15
2.837587,172
2.837774,15
2.837961,174
2.838148,15
2.838335,174
2.838522,15
2.838709,176
2.838896,15
2.839083,176
2.83927,15
2.839457,173
2.839644,15
2.839831,173
2.840018,15
2.840205,174
2.840392,15
2.840579,173
2.840766,15
2.840953,174
2.84114,15
2.841327,173
2.841514,15
2.841701,176
2.841888,15
2.842075,172
2.842262,15
2.842449,175
2.842636,15
2.842823,170
2.84301,15
2.843197,173
2.843384,15
2.843571,176
2.843758,15
2.843945,176
2.844132,15
2.844319,173
2.844506,15
2.844693,172
2.84488,15
2.845067,172
2.845254,15
2.845441,174
2.845628,15
2.845815,174
2.846002,15
2.846188,171
2.846375,15
2.846562,174
2.846749,15
2.846936,176
2.847123,15
2.84731,171
2.847497,15
2.847684,176
2.847871,15
2.848058,176
2.848245,15
2.848432,173
2.848619,15
2.848806,172
2.848993,15
2.84918,174
2.849367,15
2.849554,176
2.849741,15
2.849928,177
2.850115,15
2.850302,173
2.850489,15
2.850676,175
2.850863,15
2.85105,174
2.851237,15
2.851424,174
2.851611,15
2.851798,174
2.851985,15
2.852172,177
2.852359,15
2.852546,173
2.852733,15
2.85292,174
2.853107,15
2.853294,173
2.853481,15
2.853668,176
2.853855,15
2.854042,175
2.854229,15
2.854416,172
2.854603,15
2.854789,175
2.854976,15
2.855163,174
2.85535,15
2.855537,174
2.855724,15
2.855911,172
2.856098,15
2.856285,178
2.856472,15
2.856659,175
2.856846,15
2.857033,173
2.85722,15
2.857407,175
2.857594,15
2.857781,174
2.857968,15
2.858155,175
2.858342,15
2.858529,172
2.858716,15
2.858903,176
2.85909,15
2.859277,172
2.859464,15
2.859651,172
2.859838,15
2.860025,174
2.860212,15
2.860399,172
2.860586,15
2.860773,172
2.86096,15
2.861147,168
2.861334,15
2.861521,171
2.861708,15
2.861895,174
2.862082,15
2.862269,174
2.862456,15
2.862643,174
2.86283,15
2.863017,175
2.863204,15
2.863391,174
2.863577,15
2.863764,176
2.863951,15
2.864138,174
2.864325,15
2.864512,173
2.864699,15
2.864886,174
2.865073,15
2.86526,171
2.865447,15
2.865634,174
2.865821,15
2.866008,176
2.866195,15
2.866382,172
2.866569,15
2.866756,171
2.866943,15
2.86713,177
2.867317,15
2.867504,171
2.867691,15
2.867878,176
2.868065,15
2.868252,174
2.868439,15
2.868626,173
2.868813,15
2.869,175
2.869187,15
2.869374,176
2.869561,15
2.869748,175
2.869935,15
2.870122,172
2.870309,15
2.870496,180
2.870683,15
2.87087,172
2.871057,15
2.871244,176
2.871431,15
2.871618,177
2.871805,15
2.871992,172
2.872179,15
2.872365,177
2.872552,15
2.872739,173
2.872926,15
2.873113,175
2.8733,15
2.873487,173
2.873674,15
2.873861,172
2.874048,15
2.874235,177
2.874422,15
2.874609,175
2.874796,15
2.874983,172
2.87517,15
2.875357,172
2.875544,15
2.875731,173
2.875918,15
2.876105,175
2.876292,15
2.876479,170
2.876666,15
2.876853,172
2.87704,15
2.877227,178
2.877414,15
2.877601,173
2.877788,15
2.877975,174
2.878162,15
2.878349,174
2.878536,15
2.878723,173
2.87891,15
2.879097,174
2.879284,15
2.879471,175
2.879658,15
2.879845,175
2.880032,15
2.880219,173
2.880406,15
2.880593,175
2.88078,15
2.880967,172
2.881153,15
2.88134,172
2.881527,15
2.881714,172
2.881901,15
2.882088,171
2.882275,15
2.882462,177
2.882649,15
2.882836,170
2.883023,15
2.88321,173
2.883397,15
2.883584,172
2.883771,15
2.883958,176
2.884145,15
2.884332,172
2.884519,15
2.884706,172
2.884893,15
2.88508,174
2.885267,15
2.885454,176
2.885641,15
2.885828,173
2.886015,15
2.886202,175
2.886389,15
2.886576,170
2.886763,15
2.88695,174
2.887137,15
2.887324,174
2.887511,15
2.887698,170
2.887885,15
2.888072,177
2.888259,15
2.888446,173
2.888633,15
2.88882,172
2.889007,15
2.889194,175
2.889381,15
2.889568,171
2.889754,15
2.889941,171
2.890128,15
2.890315,173
2.890502,15
2.890689,172
2.890876,15
2.891063,174
2.89125,15
2.891437,172
2.891624,15
2.891811,178
2.891998,15
2.892185,174
2.892372,15
2.892559,177
2.892746,15
2.892933,175
2.89312,15
2.893307,172
2.893494,15
2.893681,175
2.893868,15
2.894055,176
2.894242,15
2.894429,176
2.894616,15
2.894803,173
2.89499,15
2.895177,173
2.895364,15
2.895551,175
2.895738,15
2.895925,172
2.896112,15
2.896299,174
2.896486,15
2.896673,175
2.89686,15
2.897047,173
2.897234,15
2.897421,171
2.897608,15
2.897795,175
2.897982,15
2.898169,173
2.898356,15
2.898542,174
2.898729,15
2.898916,172
2.899103,15
2.89929,174
2.899477,15
2.899664,171
2.899851,15
2.900038,172
2.900225,15
2.900412,174
2.900599,15
2.900786,175
2.900973,15
2.90116,171
2.901347,15
2.901534,171
2.901721,15
2.901908,173
2.902095,15
2.902282,176
2.902469,15
2.902656,174
2.902843,15
2.90303,175
2.903217,15
2.903404,174
2.903591,15
2.903778,172
2.903965,15
2.904152,174
2.904339,15
2.904526,174
2.904713,15
2.9049,174
2.905087,15
2.905274,171
2.905461,15
2.905648,180
2.905835,15
2.906022,172
2.906209,15
2.906396,171
2.906583,15
2.90677,175
2.906957,15
2.907144,175
2.90733,15
2.907517,172
2.907704,15
2.907891,178
2.908078,15
2.908265,172
2.908452,15
2.908639,175
2.908826,15
2.909013,175
2.9092,15
2.909387,173
2.909574,15
2.909761,174
2.909948,15
2.910135,175
2.910322,15
2.910509,177
2.910696,15
2.910883,175
2.91107,15
2.911257,175
2.911444,15
2.911631,171
2.911818,15
2.912005,174
2.912192,15
2.912379,174
2.912566,15
2.912753,174
2.91294,15
2.913127,173
2.913314,15
2.913501,176
2.913688,15
2.913875,174
2.914062,15
2.914249,172
2.914436,15
2.914623,175
2.91481,15
2.914997,175
2.915184,15
2.915371,180
2.915558,15
2.915745,174
2.915932,15
2.916118,175
2.916305,15
2.916492,181
2.916679,15
2.916866,175
2.917053,15
2.91724,177
2.917427,15
2.917614,179
2.917801,15
2.917988,176
2.918175,15
2.918362,173
2.918549,15
2.918736,171
2.918923,15
2.91911,172
2.919297,15
2.919484,172
2.919671,15
2.919858,169
2.920045,15
2.920232,171
2.920419,15
2.920606,172
2.920793,15
2.92098,174
2.921167,15
2.921354,170
2.921541,15
2.921728,174
2.921915,15
2.922102,172
2.922289,15
2.922476,173
2.922663,15
2.92285,176
2.923037,15
2.923224,173
2.923411,15
2.923598,174
2.923785,15
2.923972,173
2.924159,15
2.924346,170
2.924533,15
2.924719,174
2.924906,15
2.925093,173
2.92528,15
2.925467,174
2.925654,15
2.925841,172
2.926028,15
2.926215,174
2.926402,15
2.926589,176
2.926776,15
2.926963,171
2.92715,15
2.927337,171
2.927524,15
2.927711,175
2.927898,15
2.928085,174
2.928272,15
2.928459,172
2.928646,15
2.928833,171
2.92902,15
2.929207,176
2.929394,15
2.929581,173
2.929768,15
2.929955,174
2.930142,15
2.930329,173
2.930516,15
2.930703,176
2.93089,15
2.931077,177
2.931264,15
2.931451,175
2.931638,15
2.931825,175
2.932012,15
2.932199,172
2.932386,15
2.932573,171
2.93276,15
2.932947,173
2.933134,15
2.933321,174
2.933507,15
2.933694,173
2.933881,15
2.934068,176
2.934255,15
2.934442,177
2.934629,15
2.934816,175
2.935003,15
2.93519,175
2.935377,15
2.935564,171
2.935751,15
2.935938,174
2.936125,15
2.936312,174
2.936499,15
2.936686,173
2.936873,15
2.93706,175
2.937247,15
2.937434,174
2.937621,15
2.937808,174
2.937995,15
2.938182,173
2.938369,15
2.938556,173
2.938743,15
2.93893,175
2.939117,15
2.939304,176
2.939491,15
2.939678,172
2.939865,15
2.940052,172
2.940239,15
2.940426,176
2.940613,15
2.9408,172
2.940987,15
2.941174,176
2.941361,15
2.941548,177
2.941735,15
2.941922,171
2.942109,15
2.942295,172
2.942482,15
2.942669,175
2.942856,15
2.943043,175
2.94323,15
2.943417,174
2.943604,15
2.943791,171
2.943978,15
2.944165,172
2.944352,15
2.944539,173
2.944726,15
2.944913,175
2.9451,15
2.945287,172
2.945474,15
2.945661,173
2.945848,15
2.946035,174
2.946222,15
2.946409,171
2.946596,15
2.946783,174
2.94697,15
2.947157,175
2.947344,15
2.947531,173
2.947718,15
2.947905,172
2.948092,15
2.948279,175
2.948466,15
2.948653,175
2.94884,15
2.949027,177
2.949214,15
2.949401,175
2.949588,15
2.949775,175
2.949962,15
2.950149,174
2.950336,15
2.950523,176
2.95071,15
2.950897,172
2.951083,15
2.95127,172
2.951457,15
2.951644,171
2.951831,15
2.952018,172
2.952205,15
2.952392,172
2.952579,15
2.952766,175
2.952953,15
2.95314,173
2.953327,15
2.953514,178
2.953701,15
2.953888,174
2.954075,15
2.954262,172
2.954449,15
2.954636,177
2.954823,15
2.95501,173
2.955197,15
2.955384,176
2.955571,15
2.955758,177
2.955945,15
2.956132,175
2.956319,15
2.956506,172
2.956693,15
2.95688,174
2.957067,15
2.957254,172
2.957441,15
2.957628,175
2.957815,15
2.958002,174
2.958189,15
2.958376,174
2.958563,15
2.95875,172
2.958937,15
2.959124,173
2.959311,15
2.959498,175
2.959684,15
2.959871,171
2.960058,15
2.960245,175
2.960432,15
2.960619,171
2.960806,15
2.960993,172
2.96118,15
2.961367,172
2.961554,15
2.961741,175
2.961928,15
2.962115,173
2.962302,15
2.962489,175
2.962676,15
2.962863,173
2.96305,15
2.963237,175
2.963424,15
2.963611,171
2.963798,15
2.963985,173
2.964172,15
2.964359,172
2.964546,15
2.964733,173
2.96492,15
2.965107,175
2.965294,15
2.965481,173
2.965668,15
2.965855,173
2.966042,15
2.966229,173
2.966416,15
2.966603,174
2.96679,15
2.966977,175
2.967164,15
2.967351,180
2.967538,15
2.967725,172
2.967912,15
2.968099,177
2.968286,15
2.968472,175
2.968659,15
2.968846,172
2.969033,15
2.96922,172
2.969407,15
2.969594,173
2.969781,15
2.969968,172
2.970155,15
2.970342,173
2.970529,15
2.970716,174
2.970903,15
2.97109,174
2.971277,15
2.971464,174
2.971651,15
2.971838,174
2.972025,15
2.972212,174
2.972399,15
2.972586,172
2.972773,15
2.97296,176
2.973147,15
2.973334,175
2.973521,15
2.973708,174
2.973895,15
2.974082,175
2.974269,15
2.974456,176
2.974643,15
2.97483,178
2.975017,15
2.975204,180
2.975391,15
2.975578,174
2.975765,15
2.975952,174
2.976139,15
2.976326,174
2.976513,15
2.9767,173
2.976887,15
2.977074,176
2.97726,15
2.977447,176
2.977634,15
2.977821,173
2.978008,15
2.978195,178
2.978382,15
2.978569,180
2.978756,15
2.978943,174
2.97913,15
2.979317,172
2.979504,15
2.979691,175
2.979878,15
2.980065,172
2.980252,15
2.980439,173
2.980626,15
2.980813,176
2.981,15
2.981187,172
2.981374,15
2.981561,173
2.981748,15
2.981935,176
2.982122,15
2.982309,175
2.982496,15
2.982683,175
2.98287,15
2.983057,173
2.983244,15
2.983431,172
2.983618,15
2.983805,175
2.983992,15
2.984179,174
2.984366,15
2.984553,173
2.98474,15
2.984927,175
2.985114,15
2.985301,178
2.985488,15
2.985675,170
2.985862,15
2.986048,171
2.986235,15
2.986422,178
2.986609,15
2.986796,176
2.986983,15
2.98717,176
2.987357,15
2.987544,174
2.987731,15
2.987918,174
2.988105,15
2.988292,172
2.988479,15
2.988666,173
2.988853,15
2.98904,174
2.989227,15
2.989414,174
2.989601,15
2.989788,173
2.989975,15
2.990162,178
2.990349,15
2.990536,175
2.990723,15
2.99091,172
2.991097,15
2.991284,173
2.991471,15
2.991658,173
2.991845,15
2.992032,172
2.992219,15
2.992406,174
2.992593,15
2.99278,174
2.992967,15
2.993154,174
2.993341,15
2.993528,173
2.993715,15
2.993902,174
2.994089,15
2.994276,175
2.994463,15
2.99465,174
2.994836,15
2.995023,175
2.99521,15
2.995397,176
2.995584,15
2.995771,175
2.995958,15
2.996145,172
2.996332,15
2.996519,172
2.996706,15
2.996893,173
2.99708,15
2.997267,178
2.997454,15
2.997641,172
2.997828,15
2.998015,176
2.998202,15
2.998389,170
2.998576,15
2.998763,176
2.99895,15
2.999137,171
2.999324,15
2.999511,171
2.999698,15
2.999885,172
3.000072,15
3.000259,175
3.000446,15
3.000633,178
3.00082,15
3.001007,172
3.001194,15
3.001381,175
3.001568,15
3.001755,169
3.001942,15
3.002129,172
3.002316,15
3.002503,175
3.00269,15
3.002877,174
3.003064,15
3.003251,175
3.003437,15
3.003624,174
3.003811,15
3.003998,173
3.004185,15
3.004372,173
3.004559,15
3.004746,172
3.004933,15
3.00512,175
3.005307,15
3.005494,175
3.005681,15
3.005868,170
3.006055,15
3.006242,172
3.006429,15
3.006616,172
3.006803,15
3.00699,176
3.007177,15
3.007364,173
3.007551,15
3.007738,176
3.007925,15
3.008112,172
3.008299,15
3.008486,174
3.008673,15
3.00886,172
3.009047,15
3.009234,171
3.009421,15
3.009608,174
3.009795,15
3.009982,174
3.010169,15
3.010356,174
3.010543,15
3.01073,174
3.010917,15
3.011104,176
3.011291,15
3.011478,179
3.011665,15
3.011852,175
3.012039,15
3.012225,174
3.012412,15
3.012599,174
3.012786,15
3.012973,172
3.01316,15
3.013347,174
3.013534,15
3.013721,175
3.013908,15
3.014095,174
3.014282,15
3.014469,175
3.014656,15
3.014843,175
3.01503,15
3.015217,179
3.015404,15
3.015591,172
3.015778,15
3.015965,178
3.016152,15
3.016339,172
3.016526,15
3.016713,173
3.0169,15
3.017087,173
3.017274,15
3.017461,176
3.017648,15
3.017835,175
3.018022,15
3.018209,172
3.018396,15
3.018583,172
3.01877,15
3.018957,176
3.019144,15
3.019331,177
3.019518,15
3.019705,175
3.019892,15
3.020079,175
3.020266,15
3.020453,172
3.02064,15
3.020827,174
3.021013,15
3.0212,172
3.021387,15
3.021574,174
3.021761,15
3.021948,170
3.022135,15
3.022322,173
3.022509,15
3.022696,172
3.022883,15
3.02307,173
3.023257,15
3.023444,175
3.023631,15
3.023818,174
3.024005,15
3.024192,173
3.024379,15
3.024566,174
3.024753,15
3.02494,172
3.025127,15
3.025314,174
3.025501,15
3.025688,177
3.025875,15
3.026062,174
3.026249,15
3.026436,173
3.026623,15
3.02681,172
3.026997,15
3.027184,170
3.027371,15
3.027558,172
3.027745,15
3.027932,174
3.028119,15
3.028306,174
3.028493,15
3.02868,174
3.028867,15
3.029054,172
3.029241,15
3.029428,171
3.029615,15
3.029801,176
3.029988,15
3.030175,170
3.030362,15
3.030549,176
3.030736,15
3.030923,174
3.03111,15
3.031297,173
3.031484,15
3.031671,177
3.031858,15
3.032045,175
3.032232,15
3.032419,174
3.032606,15
3.032793,175
3.03298,15
3.033167,175
3.033354,15
3.033541,173
3.033728,15
3.033915,178
3.034102,15
3.034289,175
3.034476,15
3.034663,175
3.03485,15
3.035037,170
3.035224,15
3.035411,175
3.035598,15
3.035785,172
3.035972,15
3.036159,175
3.036346,15
3.036533,172
3.03672,15
3.036907,173
3.037094,15
3.037281,178
3.037468,15
3.037655,179
3.037842,15
3.038029,175
3.038216,15
3.038402,174
3.038589,15
3.038776,177
3.038963,15
3.03915,175
3.039337,15
3.039524,176
3.039711,15
3.039898,176
3.040085,15
3.040272,177
3.040459,15
3.040646,174
3.040833,15
3.04102,174
3.041207,15
3.041394,173
3.041581,15
3.041768,178
3.041955,15
3.042142,172
3.042329,15
3.042516,172
3.042703,15
3.04289,170
3.043077,15
3.043264,177
3.043451,15
3.043638,173
3.043825,15
3.044012,172
3.044199,15
3.044386,173
3.044573,15
3.04476,173
3.044947,15
3.045134,172
3.045321,15
3.045508,172
3.045695,15
3.045882,175
3.046069,15
3.046256,171
3.046443,15
3.04663,172
3.046817,15
3.047004,173
3.04719,15
3.047377,173
3.047564,15
3.047751,172
3.047938,15
3.048125,173
3.048312,15
3.048499,174
3.048686,15
3.048873,172
3.04906,15
3.049247,173
3.049434,15
3.049621,179
3.049808,15
3.049995,171
3.050182,15
3.050369,175
3.050556,15
3.050743,172
3.05093,15
3.051117,176
3.051304,15
3.051491,174
3.051678,15
3.051865,173
3.052052,15
3.052239,172
3.052426,15
3.052613,174
3.0528,15
3.052987,176
3.053174,15
3.053361,178
3.053548,15
3.053735,174
3.053922,15
3.054109,177
3.054296,15
3.054483,175
3.05467,15
3.054857,175
3.055044,15
3.055231,171
3.055418,15
3.055605,174
3.055792,15
3.055978,174
3.056165,15
3.056352,176
3.056539,15
3.056726,174
3.056913,15
3.0571,174
3.057287,15
3.057474,174
3.057661,15
3.057848,175
3.058035,15
3.058222,176
3.058409,15
3.058596,171
3.058783,15
3.05897,172
3.059157,15
3.059344,172
3.059531,15
3.059718,173
3.059905,15
3.060092,175
3.060279,15
3.060466,174
3.060653,15
3.06084,176
3.061027,15
3.061214,173
3.061401,15
3.061588,176
3.061775,15
3.061962,172
3.062149,15
3.062336,179
3.062523,15
3.06271,172
3.062897,15
3.063084,177
3.063271,15
3.063458,174
3.063645,15
3.063832,174
3.064019,15
3.064206,172
3.064393,15
3.06458,172
3.064766,15
3.064953,172
3.06514,15
3.065327,174
3.065514,15
3.065701,172
3.065888,15
3.066075,174
3.066262,15
3.066449,173
3.066636,15
3.066823,174
3.06701,15
3.067197,173
3.067384,15
3.067571,175
3.067758,15
3.067945,174
3.068132,15
3.068319,176
3.068506,15
3.068693,177
3.06888,15
3.069067,173
3.069254,15
3.069441,175
3.069628,15
3.069815,173
3.070002,15
3.070189,172
3.070376,15
3.070563,174
3.07075,15
3.070937,175
3.071124,15
3.071311,178
3.071498,15
3.071685,173
3.071872,15
3.072059,174
3.072246,15
3.072433,175
3.07262,15
3.072807,175
3.072994,15
3.073181,170
3.073367,15
3.073554,173
3.073741,15
3.073928,175
3.074115,15
3.074302,172
3.074489,15
3.074676,174
3.074863,15
3.07505,170
3.075237,15
3.075424,179
3.075611,15
3.075798,174
3.075985,15
3.076172,174
3.076359,15
3.076546,175
3.076733,15
3.07692,177
3.077107,15
3.077294,173
3.077481,15
3.077668,174
3.077855,15
3.078042,178
3.078229,15
3.078416,176
3.078603,15
3.07879,175
3.078977,15
3.079164,173
3.079351,15
3.079538,176
3.079725,15
3.079912,174
3.080099,15
3.080286,174
3.080473,15
3.08066,179
3.080847,15
3.081034,176
3.081221,15
3.081408,174
3.081595,15
3.081782,173
3.081969,15
3.082155,178
3.082342,15
3.082529,171
3.082716,15
3.082903,173
3.08309,15
3.083277,178
3.083464,15
3.083651,173
3.083838,15
3.084025,176
3.084212,15
3.084399,173
3.084586,15
3.084773,173
3.08496,15
3.085147,172
3.085334,15
3.085521,175
3.085708,15
3.085895,175
3.086082,15
3.086269,176
3.086456,15
3.086643,174
3.08683,15
3.087017,170
3.087204,15
3.087391,171
3.087578,15
3.087765,176
3.087952,15
3.088139,172
3.088326,15
3.088513,176
3.0887,15
3.088887,176
3.089074,15
3.089261,172
3.089448,15
3.089635,176
3.089822,15
3.090009,175
3.090196,15
3.090383,173
3.09057,15
3.090757,177
3.090943,15
3.09113,173
3.091317,15
3.091504,172
3.091691,15
3.091878,175
3.092065,15
3.092252,172
3.092439,15
3.092626,174
3.092813,15
3.093,173
3.093187,15
3.093374,176
3.093561,15
3.093748,171
3.093935,15
3.094122,172
3.094309,15
3.094496,173
3.094683,15
3.09487,175
3.095057,15
3.095244,170
3.095431,15
3.095618,175
3.095805,15
3.095992,175
3.096179,15
3.096366,175
3.096553,15
3.09674,174
3.096927,15
3.097114,173
3.097301,15
3.097488,173
3.097675,15
3.097862,175
3.098049,15
3.098236,176
3.098423,15
3.09861,173
3.098797,15
3.098984,172
3.099171,15
3.099358,174
3.099545,15
3.099731,175
3.099918,15
3.100105,175
3.100292,15
3.100479,181
3.100666,15
3.100853,180
3.10104,15
3.101227,174
3.101414,15
3.101601,175
3.101788,15
3.101975,173
3.102162,15
3.102349,176
3.102536,15
3.102723,175
3.10291,15
3.103097,172
3.103284,15
3.103471,175
3.103658,15
3.103845,174
3.104032,15
3.104219,172
3.104406,15
3.104593,174
3.10478,15
3.104967,175
3.105154,15
3.105341,175
3.105528,15
3.105715,173
3.105902,15
3.106089,175
3.106276,15
3.106463,173
3.10665,15
3.106837,177
3.107024,15
3.107211,173
3.107398,15
3.107585,172
3.107772,15
3.107959,173
3.108146,15
3.108332,173
3.108519,15
3.108706,175
3.108893,15
3.10908,172
3.109267,15
3.109454,175
3.109641,15
3.109828,172
3.110015,15
3.110202,170
3.110389,15
3.110576,173
3.110763,15
3.11095,180
3.111137,15
3.111324,172
3.111511,15
3.111698,174
3.111885,15
3.112072,175
3.112259,15
3.112446,175
3.112633,15
3.11282,175
3.113007,15
3.113194,174
3.113381,15
3.113568,173
3.113755,15
3.113942,173
3.114129,15
3.114316,174
3.114503,15
3.11469,175
3.114877,15
3.115064,174
3.115251,15
3.115438,174
3.115625,15
3.115812,171
3.115999,15
3.116186,178
3.116373,15
3.11656,179
3.116747,15
3.116934,175
3.11712,15
3.117307,173
3.117494,15
3.117681,173
3.117868,15
3.118055,175
3.118242,15
3.118429,174
3.118616,15
3.118803,175
3.11899,15
3.119177,177
3.119364,15
3.119551,176
3.119738,15
3.119925,172
3.120112,15
3.120299,176
3.120486,15
3.120673,175
3.12086,15
3.121047,178
3.121234,15
3.121421,178
3.121608,15
3.121795,175
3.121982,15
3.122169,173
3.122356,15
3.122543,174
3.12273,15
3.122917,177
3.123104,15
3.123291,175
3.123478,15
3.123665,172
3.123852,15
3.124039,176
3.124226,15
3.124413,174
3.1246,15
3.124787,174
3.124974,15
3.125161,172
3.125348,15
3.125535,172
3.125722,15
3.125908,173
3.126095,15
3.126282,174
3.126469,15
3.126656,173
3.126843,15
3.12703,175
3.127217,15
3.127404,176
3.127591,15
3.127778,173
3.127965,15
3.128152,172
3.128339,15
3.128526,175
3.128713,15
3.1289,172
3.129087,15
3.129274,174
3.129461,15
3.129648,173
3.129835,15
3.130022,176
3.130209,15
3.130396,176
3.130583,15
3.13077,172
3.130957,15
3.131144,174
3.131331,15
3.131518,175
3.131705,15
3.131892,177
3.132079,15
3.132266,174
3.132453,15
3.13264,174
3.132827,15
3.133014,172
3.133201,15
3.133388,174
3.133575,15
3.133762,174
3.133949,15
3.134136,178
3.134323,15
3.13451,175
3.134696,15
3.134883,178
3.13507,15
3.135257,175
3.135444,15
3.135631,176
3.135818,15
3.136005,173
3.136192,15
3.136379,175
3.136566,15
3.136753,174
3.13694,15
3.137127,173
3.137314,15
3.137501,172
3.137688,15
3.137875,172
3.138062,15
3.138249,174
3.138436,15
3.138623,172
3.13881,15
3.138997,175
3.139184,15
3.139371,175
3.139558,15
3.139745,173
3.139932,15
3.140119,174
3.140306,15
3.140493,175
3.14068,15
3.140867,175
3.141054,15
3.141241,176
3.141428,15
3.141615,173
3.141802,15
3.141989,174
3.142176,15
3.142363,176
3.14255,15
3.142737,178
3.142924,15
3.143111,172
3.143297,15
3.143484,176
3.143671,15
3.143858,173
3.144045,15
3.144232,179
3.144419,15
3.144606,173
3.144793,15
3.14498,172
3.145167,15
3.145354,174
3.145541,15
3.145728,174
3.145915,15
3.146102,173
3.146289,15
3.146476,173
3.146663,15
3.14685,176
3.147037,15
3.147224,176
3.147411,15
3.147598,174
3.147785,15
3.147972,174
3.148159,15
3.148346,174
3.148533,15
3.14872,173
3.148907,15
3.149094,176
3.149281,15
3.149468,171
3.149655,15
3.149842,173
3.150029,15
3.150216,175
3.150403,15
3.15059,174
3.150777,15
3.150964,172
3.151151,15
3.151338,175
3.151525,15
3.151712,174
3.151899,15
3.152085,173
3.152272,15
3.152459,173
3.152646,15
3.152833,177
3.15302,15
3.153207,176
3.153394,15
3.153581,175
3.153768,15
3.153955,172
3.154142,15
3.154329,173
3.154516,15
3.154703,171
3.15489,15
3.155077,176
3.155264,15
3.155451,177
3.155638,15
3.155825,178
3.156012,15
3.156199,171
3.156386,15
3.156573,176
3.15676,15
3.156947,173
3.157134,15
3.157321,170
3.157508,15
3.157695,177
3.157882,15
3.158069,170
3.158256,15
3.158443,175
3.15863,15
3.158817,174
3.159004,15
3.159191,173
3.159378,15
3.159565,172
3.159752,15
3.159939,173
3.160126,15
3.160313,179
3.1605,15
3.160687,171
3.160873,15
3.16106,176
3.161247,15
3.161434,174
3.161621,15
3.161808,176
3.161995,15
3.162182,174
3.162369,15
3.162556,173
3.162743,15
3.16293,170
3.163117,15
3.163304,171
3.163491,15
3.163678,174
3.163865,15
3.164052,173
3.164239,15
3.164426,178
3.164613,15
3.1648,174
3.164987,15
3.165174,177
3.165361,15
3.165548,172
3.165735,15
3.165922,173
3.166109,15
3.166296,173
3.166483,15
3.16667,173
3.166857,15
3.167044,173
3.167231,15
3.167418,172
3.167605,15
3.167792,176
3.167979,15
3.168166,174
3.168353,15
3.16854,171
3.168727,15
3.168914,175
3.169101,15
3.169288,176
3.169475,15
3.169661,175
3.169848,15
3.170035,172
3.170222,15
3.170409,176
3.170596,15
3.170783,174
3.17097,15
3.171157,171
3.171344,15
3.171531,175
3.171718,15
3.171905,171
3.172092,15
3.172279,174
3.172466,15
3.172653,177
3.17284,15
3.173027,178
3.173214,15
3.173401,176
3.173588,15
3.173775,170
3.173962,15
3.174149,174
3.174336,15
3.174523,174
3.17471,15
3.174897,173
3.175084,15
3.175271,174
3.175458,15
3.175645,174
3.175832,15
3.176019,172
3.176206,15
3.176393,172
3.17658,15
3.176767,175
3.176954,15
3.177141,176
3.177328,15
3.177515,175
3.177702,15
3.177889,174
3.178076,15
3.178263,178
3.178449,15
3.178636,177
3.178823,15
3.17901,175
3.179197,15
3.179384,174
3.179571,15
3.179758,174
3.179945,15
3.180132,172
3.180319,15
3.180506,175
3.180693,15
3.18088,176
3.181067,15
3.181254,174
3.181441,15
3.181628,174
3.181815,15
3.182002,171
3.182189,15
3.182376,173
3.182563,15
3.18275,174
3.182937,15
3.183124,176
3.183311,15
3.183498,175
3.183685,15
3.183872,174
3.184059,15
3.184246,174
3.184433,15
3.18462,174
3.184807,15
3.184994,169
3.185181,15
3.185368,174
3.185555,15
3.185742,174
3.185929,15
3.186116,174
3.186303,15
3.18649,175
3.186677,15
3.186864,173
3.18705,15
3.187237,172
3.187424,15
3.187611,175
3.187798,15
3.187985,173
3.188172,15
3.188359,176
3.188546,15
3.188733,172
3.18892,15
3.189107,172
3.189294,15
3.189481,173
3.189668,15
3.189855,173
3.190042,15
3.190229,171
3.190416,15
3.190603,173
3.19079,15
3.190977,173
3.191164,15
3.191351,175
3.191538,15
3.191725,172
3.191912,15
3.192099,173
3.192286,15
3.192473,177
3.19266,15
3.192847,175
3.193034,15
3.193221,175
3.193408,15
3.193595,172
3.193782,15
3.193969,172
3.194156,15
3.194343,170
3.19453,15
3.194717,174
3.194904,15
3.195091,174
3.195278,15
3.195465,174
3.195652,15
3.195838,174
3.196025,15
3.196212,173
3.196399,15
3.196586,174
3.196773,15
3.19696,172
3.197147,15
3.197334,177
3.197521,15
3.197708,173
3.197895,15
3.198082,174
3.198269,15
3.198456,174
3.198643,15
3.19883,175
3.199017,15
3.199204,176
3.199391,15
3.199578,173
3.199765,15
3.199952,175
3.200139,15
3.200326,172
3.200513,15
3.2007,174
3.200887,15
3.201074,174
3.201261,15
3.201448,176
3.201635,15
3.201822,174
3.202009,15
3.202196,173
3.202383,15
3.20257,173
3.202757,15
3.202944,174
3.203131,15
3.203318,176
3.203505,15
3.203692,175
3.203879,15
3.204066,174
3.204253,15
3.20444,173
3.204626,15
3.204813,172
3.205,15
3.205187,175
3.205374,15
3.205561,176
3.205748,15
3.205935,171
3.206122,15
3.206309,175
3.206496,15
3.206683,174
3.20687,15
3.207057,174
3.207244,15
3.207431,171
3.207618,15
3.207805,175
3.207992,15
3.208179,173
3.208366,15
3.208553,173
3.20874,15
3.208927,174
3.209114,15
3.209301,175
3.209488,15
3.209675,172
3.209862,15
3.210049,175
3.210236,15
3.210423,175
3.21061,15
3.210797,173
3.210984,15
3.211171,175
3.211358,15
3.211545,173
3.211732,15
3.211919,173
3.212106,15
3.212293,174
3.21248,15
3.212667,176
3.212854,15
3.213041,173
3.213228,15
3.213414,174
3.213601,15
3.213788,171
3.213975,15
3.214162,173
3.214349,15
3.214536,174
3.214723,15
3.21491,174
3.215097,15
3.215284,173
3.215471,15
3.215658,172
3.215845,15
3.216032,174
3.216219,15
3.216406,173
3.216593,15
3.21678,174
3.216967,15
3.217154,171
3.217341,15
3.217528,175
3.217715,15
3.217902,174
3.218089,15
3.218276,174
3.218463,15
3.21865,177
3.218837,15
3.219024,172
3.219211,15
3.219398,173
3.219585,15
3.219772,175
3.219959,15
3.220146,174
3.220333,15
3.22052,177
3.220707,15
3.220894,173
3.221081,15
3.221268,176
3.221455,15
3.221642,173
3.221829,15
3.222015,174
3.222202,15
3.222389,175
3.222576,15
3.222763,170
3.22295,15
3.223137,171
3.223324,15
3.223511,171
3.223698,15
3.223885,177
3.224072,15
3.224259,173
3.224446,15
3.224633,171
3.22482,15
3.225007,171
3.225194,15
3.225381,175
3.225568,15
3.225755,174
3.225942,15
3.226129,176
3.226316,15
3.226503,174
3.22669,15
3.226877,173
3.227064,15
3.227251,172
3.227438,15
3.227625,174
3.227812,15
3.227999,171
3.228186,15
3.228373,171
3.22856,15
3.228747,174
3.228934,15
3.229121,174
3.229308,15
3.229495,173
3.229682,15
3.229869,173
3.230056,15
3.230243,172
3.23043,15
3.230617,172
3.230803,15
3.23099,175
3.231177,15
3.231364,173
3.231551,15
3.231738,172
3.231925,15
3.232112,177
3.232299,15
3.232486,172
3.232673,15
3.23286,173
3.233047,15
3.233234,177
3.233421,15
3.233608,174
3.233795,15
3.233982,172
3.234169,15
3.234356,172
3.234543,15
3.23473,172
3.234917,15
3.235104,174
3.235291,15
3.235478,173
3.235665,15
3.235852,179
3.236039,15
3.236226,175
3.236413,15
3.2366,176
3.236787,15
3.236974,174
3.237161,15
3.237348,174
3.237535,15
3.237722,176
3.237909,15
3.238096,172
3.238283,15
3.23847,175
3.238657,15
3.238844,173
3.239031,15
3.239218,173
3.239405,15
3.239591,170
3.239778,15
3.239965,175
3.240152,15
3.240339,173
3.240526,15
3.240713,173
3.2409,15
3.241087,172
3.241274,15
3.241461,177
3.241648,15
3.241835,171
3.242022,15
3.242209,175
3.242396,15
3.242583,174
3.24277,15
3.242957,170
3.243144,15
3.243331,175
3.243518,15
3.243705,176
3.243892,15
3.244079,174
3.244266,15
3.244453,174
3.24464,15
3.244827,175
3.245014,15
3.245201,175
3.245388,15
3.245575,177
3.245762,15
3.245949,175
3.246136,15
3.246323,173
3.24651,15
3.246697,174
3.246884,15
3.247071,174
3.247258,15
3.247445,174
3.247632,15
3.247819,174
3.248006,15
3.248193,174
3.248379,15
3.248566,175
3.248753,15
3.24894,174
3.249127,15
3.249314,173
3.249501,15
3.249688,176
3.249875,15
3.250062,177
3.250249,15
3.250436,175
3.250623,15
3.25081,175
3.250997,15
3.251184,175
3.251371,15
3.251558,177
3.251745,15
3.251932,173
3.252119,15
3.252306,172
3.252493,15
3.25268,172
3.252867,15
3.253054,173
3.253241,15
3.253428,177
3.253615,15
3.253802,172
3.253989,15
3.254176,172
3.254363,15
3.25455,174
3.254737,15
3.254924,172
3.255111,15
3.255298,176
3.255485,15
3.255672,173
3.255859,15
3.256046,176
3.256233,15
3.25642,172
3.256607,15
3.256794,174
3.25698,15
3.257167,170
3.257354,15
3.257541,175
3.257728,15
3.257915,173
3.258102,15
3.258289,174
3.258476,15
3.258663,174
3.25885,15
3.259037,173
3.259224,15
3.259411,173
3.259598,15
3.259785,170
3.259972,15
3.260159,175
3.260346,15
3.260533,174
3.26072,15
3.260907,177
3.261094,15
3.261281,174
3.261468,15
3.261655,174
3.261842,15
3.262029,177
3.262216,15
3.262403,173
3.26259,15
3.262777,175
3.262964,15
3.263151,171
3.263338,15
3.263525,174
3.263712,15
3.263899,172
3.264086,15
3.264273,175
3.26446,15
3.264647,176
3.264834,15
3.265021,175
3.265208,15
3.265395,175
3.265582,15
3.265768,172
3.265955,15
3.266142,175
3.266329,15
3.266516,175
3.266703,15
3.26689,176
3.267077,15
3.267264,173
3.267451,15
3.267638,173
3.267825,15
3.268012,178
3.268199,15
3.268386,173
3.268573,15
3.26876,171
3.268947,15
3.269134,174
3.269321,15
3.269508,175
3.269695,15
3.269882,174
3.270069,15
3.270256,175
3.270443,15
3.27063,176
3.270817,15
3.271004,174
3.271191,15
3.271378,172
3.271565,15
3.271752,172
3.271939,15
3.272126,170
3.272313,15
3.2725,174
3.272687,15
3.272874,174
3.273061,15
3.273248,174
3.273435,15
3.273622,175
3.273809,15
3.273996,174
3.274183,15
3.27437,174
3.274556,15
3.274743,174
3.27493,15
3.275117,172
3.275304,15
3.275491,172
3.275678,15
3.275865,178
3.276052,15
3.276239,176
3.276426,15
3.276613,174
3.2768,15
3.276987,172
3.277174,15
3.277361,175
3.277548,15
3.277735,175
3.277922,15
3.278109,171
3.278296,15
3.278483,174
3.27867,15
3.278857,173
3.279044,15
3.279231,172
3.279418,15
3.279605,177
3.279792,15
3.279979,174
3.280166,15
3.280353,172
3.28054,15
3.280727,174
3.280914,15
3.281101,175
3.281288,15
3.281475,178
3.281662,15
3.281849,172
3.282036,15
3.282223,176
3.28241,15
3.282597,175
3.282784,15
3.282971,172
3.283158,15
3.283344,175
3.283531,15
3.283718,175
3.283905,15
3.284092,173
3.284279,15
3.284466,172
3.284653,15
3.28484,174
3.285027,15
3.285214,174
3.285401,15
3.285588,175
3.285775,15
3.285962,174
3.286149,15
3.286336,177
3.286523,15
3.28671,178
3.286897,15
3.287084,175
3.287271,15
3.287458,174
3.287645,15
3.287832,173
3.288019,15
3.288206,172
3.288393,15
3.28858,174
3.288767,15
3.288954,175
3.289141,15
3.289328,175
3.289515,15
3.289702,171
3.289889,15
3.290076,172
3.290263,15
3.29045,175
3.290637,15
3.290824,173
3.291011,15
3.291198,177
3.291385,15
3.291572,175
3.291759,15
3.291945,173
3.292132,15
3.292319,173
3.292506,15
3.292693,176
3.29288,15
3.293067,175
3.293254,15
3.293441,176
3.293628,15
3.293815,172
3.294002,15
3.294189,175
3.294376,15
3.294563,174
3.29475,15
3.294937,174
3.295124,15
3.295311,169
3.295498,15
3.295685,174
3.295872,15
3.296059,173
3.296246,15
3.296433,172
3.29662,15
3.296807,174
3.296994,15
3.297181,174
3.297368,15
3.297555,176
3.297742,15
3.297929,178
3.298116,15
3.298303,174
3.29849,15
3.298677,172
3.298864,15
3.299051,175
3.299238,15
3.299425,175
3.299612,15
3.299799,172
3.299986,15
3.300173,176
3.30036,15
3.300547,178
3.300733,15
3.30092,174
3.301107,15
3.301294,171
3.301481,15
3.301668,174
3.301855,15
3.302042,171
3.302229,15
3.302416,174
3.302603,15
3.30279,172
3.302977,15
3.303164,174
3.303351,15
3.303538,170
3.303725,15
3.303912,176
3.304099,15
3.304286,175
3.304473,15
3.30466,176
3.304847,15
3.305034,178
3.305221,15
3.305408,173
3.305595,15
3.305782,175
3.305969,15
3.306156,175
3.306343,15
3.30653,175
3.306717,15
3.306904,171
3.307091,15
3.307278,175
3.307465,15
3.307652,179
3.307839,15
3.308026,176
3.308213,15
3.3084,174
3.308587,15
3.308774,172
3.308961,15
3.309148,173
3.309335,15
3.309521,172
3.309708,15
3.309895,173
3.310082,15
3.310269,173
3.310456,15
3.310643,173
3.31083,15
3.311017,173
3.311204,15
3.311391,173
3.311578,15
3.311765,174
3.311952,15
3.312139,173
3.312326,15
3.312513,172
3.3127,15
3.312887,174
3.313074,15
3.313261,175
3.313448,15
3.313635,174
3.313822,15
3.314009,175
3.314196,15
3.314383,175
3.31457,15
3.314757,173
3.314944,15
3.315131,173
3.315318,15
3.315505,174
3.315692,15
3.315879,174
3.316066,15
3.316253,173
3.31644,15
3.316627,173
3.316814,15
3.317001,175
3.317188,15
3.317375,173
3.317562,15
3.317749,174
3.317936,15
3.318123,174
3.318309,15
3.318496,174
3.318683,15
3.31887,173
3.319057,15
3.319244,175
3.319431,15
3.319618,172
3.319805,15
3.319992,177
3.320179,15
3.320366,173
3.320553,15
3.32074,173
3.320927,15
3.321114,175
3.321301,15
3.321488,171
3.321675,15
3.321862,175
3.322049,15
3.322236,173
3.322423,15
3.32261,174
3.322797,15
3.322984,175
3.323171,15
3.323358,175
3.323545,15
3.323732,173
3.323919,15
3.324106,172
3.324293,15
3.32448,173
3.324667,15
3.324854,171
3.325041,15
3.325228,177
3.325415,15
3.325602,172
3.325789,15
3.325976,175
3.326163,15
3.32635,176
3.326537,15
3.326724,174
3.326911,15
3.327097,173
3.327284,15
3.327471,174
3.327658,15
3.327845,172
3.328032,15
3.328219,175
3.328406,15
3.328593,177
3.32878,15
3.328967,172
3.329154,15
3.329341,174
3.329528,15
3.329715,176
3.329902,15
3.330089,174
3.330276,15
3.330463,174
3.33065,15
3.330837,171
3.331024,15
3.331211,173
3.331398,15
3.331585,175
3.331772,15
3.331959,173
3.332146,15
3.332333,177
3.33252,15
3.332707,171
3.332894,15
3.333081,174
3.333268,15
3.333455,173
3.333642,15
3.333829,176
3.334016,15
3.334203,175
3.33439,15
3.334577,175
3.334764,15
3.334951,172
3.335138,15
3.335325,176
3.335512,15
3.335698,173
3.335885,15
3.336072,173
3.336259,15
3.336446,172
3.336633,15
3.33682,176
3.337007,15
3.337194,175
3.337381,15
3.337568,174
3.337755,15
3.337942,175
3.338129,15
3.338316,178
3.338503,15
3.33869,173
3.338877,15
3.339064,174
3.339251,15
3.339438,172
3.339625,15
3.339812,179
3.339999,15
3.340186,177
3.340373,15
3.34056,173
3.340747,15
3.340934,174
3.341121,15
3.341308,172
3.341495,15
3.341682,176
3.341869,15
3.342056,172
3.342243,15
3.34243,175
3.342617,15
3.342804,172
3.342991,15
3.343178,175
3.343365,15
3.343552,173
3.343739,15
3.343926,173
3.344113,15
3.3443,171
3.344486,15
3.344673,177
3.34486,15
3.345047,178
3.345234,15
3.345421,174
3.345608,15
3.345795,175
3.345982,15
3.346169,175
3.346356,15
3.346543,173
3.34673,15
3.346917,176
3.347104,15
3.347291,173
3.347478,15
3.347665,175
3.347852,15
3.348039,174
3.348226,15
3.348413,172
3.3486,15
3.348787,172
3.348974,15
3.349161,174
3.349348,15
3.349535,175
3.349722,15
3.349909,175
3.350096,15
3.350283,173
3.35047,15
3.350657,173
3.350844,15
3.351031,174
3.351218,15
3.351405,173
3.351592,15
3.351779,175
3.351966,15
3.352153,174
3.35234,15
3.352527,172
3.352714,15
3.352901,175
3.353088,15
3.353274,174
3.353461,15
3.353648,175
3.353835,15
3.354022,173
3.354209,15
3.354396,173
3.354583,15
3.35477,172
3.354957,15
3.355144,173
3.355331,15
3.355518,174
3.355705,15
3.355892,172
3.356079,15
3.356266,172
3.356453,15
3.35664,175
3.356827,15
3.357014,174
3.357201,15
3.357388,174
3.357575,15
3.357762,174
3.357949,15
3.358136,171
3.358323,15
3.35851,172
3.358697,15
3.358884,178
3.359071,15
3.359258,173
3.359445,15
3.359632,174
3.359819,15
3.360006,175
3.360193,15
3.36038,172
3.360567,15
3.360754,172
3.360941,15
3.361128,174
3.361315,15
3.361502,180
3.361689,15
3.361876,175
3.362062,15
3.362249,172
3.362436,15
3.362623,175
3.36281,15
3.362997,173
3.363184,15
3.363371,173
3.363558,15
3.363745,171
3.363932,15
3.364119,175
3.364306,15
3.364493,173
3.36468,15
3.364867,172
3.365054,15
3.365241,175
3.365428,15
3.365615,174
3.365802,15
3.365989,174
3.366176,15
3.366363,175
3.36655,15
3.366737,174
3.366924,15
3.367111,173
3.367298,15
3.367485,174
3.367672,15
3.367859,174
3.368046,15
3.368233,175
3.36842,15
3.368607,174
3.368794,15
3.368981,173
3.369168,15
3.369355,175
3.369542,15
3.369729,176
3.369916,15
3.370103,173
3.37029,15
3.370477,171
3.370663,15
3.37085,174
3.371037,15
3.371224,175
3.371411,15
3.371598,177
3.371785,15
3.371972,174
3.372159,15
3.372346,174
3.372533,15
3.37272,173
3.372907,15
3.373094,172
3.373281,15
3.373468,173
3.373655,15
3.373842,172
3.374029,15
3.374216,175
3.374403,15
3.37459,176
3.374777,15
3.374964,174
3.375151,15
3.375338,175
3.375525,15
3.375712,174
3.375899,15
3.376086,177
3.376273,15
3.37646,171
3.376647,15
3.376834,175
3.377021,15
3.377208,173
3.377395,15
3.377582,173
3.377769,15
3.377956,172
3.378143,15
3.37833,178
3.378517,15
3.378704,172
3.378891,15
3.379078,175
3.379265,15
3.379451,175
3.379638,15
3.379825,174
3.380012,15
3.380199,172
3.380386,15
3.380573,172
3.38076,15
3.380947,173
3.381134,15
3.381321,177
3.381508,15
3.381695,174
3.381882,15
3.382069,173
3.382256,15
3.382443,176
3.38263,15
3.382817,179
3.383004,15
3.383191,175
3.383378,15
3.383565,176
3.383752,15
3.383939,172
3.384126,15
3.384313,172
3.3845,15
3.384687,177
3.384874,15
3.385061,173
3.385248,15
3.385435,174
3.385622,15
3.385809,175
3.385996,15
3.386183,175
3.38637,15
3.386557,175
3.386744,15
3.386931,173
3.387118,15
3.387305,171
3.387492,15
3.387679,172
3.387866,15
3.388053,175
3.388239,15
3.388426,174
3.388613,15
3.3888,173
3.388987,15
3.389174,173
3.389361,15
3.389548,178
3.389735,15
3.389922,178
3.390109,15
3.390296,178
3.390483,15
3.39067,174
3.390857,15
3.391044,173
3.391231,15
3.391418,170
3.391605,15
3.391792,174
3.391979,15
3.392166,172
3.392353,15
3.39254,178
3.392727,15
3.392914,173
3.393101,15
3.393288,173
3.393475,15
3.393662,176
3.393849,15
3.394036,173
3.394223,15
3.39441,174
3.394597,15
3.394784,170
3.394971,15
3.395158,172
3.395345,15
3.395532,173
3.395719,15
3.395906,172
3.396093,15
3.39628,175
3.396467,15
3.396654,175
3.396841,15
3.397027,174
3.397214,15
3.397401,173
3.397588,15
3.397775,172
3.397962,15
3.398149,171
3.398336,15
3.398523,172
3.39871,15
3.398897,174
3.399084,15
3.399271,173
3.399458,15
3.399645,175
3.399832,15
3.400019,174
3.400206,15
3.400393,173
3.40058,15
3.400767,173
3.400954,15
3.401141,175
3.401328,15
3.401515,175
3.401702,15
3.401889,172
3.402076,15
3.402263,175
3.40245,15
3.402637,174
3.402824,15
3.403011,174
3.403198,15
3.403385,174
3.403572,15
3.403759,173
3.403946,15
3.404133,175
3.40432,15
3.404507,172
3.404694,15
3.404881,173
3.405068,15
3.405255,174
3.405442,15
3.405628,175
3.405815,15
3.406002,173
3.406189,15
3.406376,177
3.406563,15
3.40675,172
3.406937,15
3.407124,177
3.407311,15
3.407498,178
3.407685,15
3.407872,174
3.408059,15
3.408246,173
3.408433,15
3.40862,174
3.408807,15
3.408994,175
3.409181,15
3.409368,173
3.409555,15
3.409742,175
3.409929,15
3.410116,172
3.410303,15
3.41049,172
3.410677,15
3.410864,170
3.411051,15
3.411238,180
3.411425,15
3.411612,171
3.411799,15
3.411986,174
3.412173,15
3.41236,174
3.412547,15
3.412734,171
3.412921,15
3.413108,170
3.413295,15
3.413482,174
3.413669,15
3.413856,175
3.414043,15
3.41423,173
3.414416,15
3.414603,173
3.41479,15
3.414977,173
3.415164,15
3.415351,173
3.415538,15
3.415725,175
3.415912,15
3.416099,173
3.416286,15
3.416473,172
3.41666,15
3.416847,178
3.417034,15
3.417221,177
3.417408,15
3.417595,173
3.417782,15
3.417969,180
3.418156,15
3.418343,172
3.41853,15
3.418717,172
3.418904,15
3.419091,174
3.419278,15
3.419465,177
3.419652,15
3.419839,172
3.420026,15
3.420213,173
3.4204,15
3.420587,175
3.420774,15
3.420961,177
3.421148,15
3.421335,176
3.421522,15
3.421709,171
3.421896,15
3.422083,177
3.42227,15
3.422457,172
3.422644,15
3.422831,172
3.423018,15
3.423204,177
3.423391,15
3.423578,175
3.423765,15
3.423952,178
3.424139,15
3.424326,173
3.424513,15
3.4247,176
3.424887,15
3.425074,172
3.425261,15
3.425448,172
3.425635,15
3.425822,177
3.426009,15
3.426196,170
3.426383,15
3.42657,175
3.426757,15
3.426944,175
3.427131,15
3.427318,176
3.427505,15
3.427692,174
3.427879,15
3.428066,172
3.428253,15
3.42844,178
3.428627,15
3.428814,172
3.429001,15
3.429188,175
3.429375,15
3.429562,175
3.429749,15
3.429936,173
3.430123,15
3.43031,174
3.430497,15
3.430684,174
3.430871,15
3.431058,175
3.431245,15
3.431432,172
3.431619,15
3.431806,177
3.431992,15
3.432179,172
3.432366,15
3.432553,172
3.43274,15
3.432927,172
3.433114,15
3.433301,173
3.433488,15
3.433675,174
3.433862,15
3.434049,170
3.434236,15
3.434423,174
3.43461,15
3.434797,172
3.434984,15
3.435171,171
3.435358,15
3.435545,172
3.435732,15
3.435919,170
3.436106,15
3.436293,178
3.43648,15
3.436667,173
3.436854,15
3.437041,178
3.437228,15
3.437415,175
3.437602,15
3.437789,175
3.437976,15
3.438163,173
3.43835,15
3.438537,172
3.438724,15
3.438911,176
3.439098,15
3.439285,172
3.439472,15
3.439659,173
3.439846,15
3.440033,174
3.44022,15
3.440407,173
3.440593,15
3.44078,172
3.440967,15
3.441154,174
3.441341,15
3.441528,174
3.441715,15
3.441902,176
3.442089,15
3.442276,173
3.442463,15
3.44265,174
3.442837,15
3.443024,175
3.443211,15
3.443398,175
3.443585,15
3.443772,172
3.443959,15
3.444146,176
3.444333,15
3.44452,173
3.444707,15
3.444894,173
3.445081,15
3.445268,173
3.445455,15
3.445642,174
3.445829,15
3.446016,178
3.446203,15
3.44639,175
3.446577,15
3.446764,174
3.446951,15
3.447138,176
3.447325,15
3.447512,174
3.447699,15
3.447886,175
3.448073,15
3.44826,173
3.448447,15
3.448634,173
3.448821,15
3.449008,175
3.449195,15
3.449381,180
3.449568,15
3.449755,179
3.449942,15
3.450129,177
3.450316,15
3.450503,177
3.45069,15
3.450877,176
3.451064,15
3.451251,172
3.451438,15
3.451625,173
3.451812,15
3.451999,173
3.452186,15
3.452373,172
3.45256,15
3.452747,171
3.452934,15
3.453121,173
3.453308,15
3.453495,174
3.453682,15
3.453869,178
3.454056,15
3.454243,174
3.45443,15
3.454617,174
3.454804,15
3.454991,172
3.455178,15
3.455365,175
3.455552,15
3.455739,172
3.455926,15
3.456113,175
3.4563,15
3.456487,175
3.456674,15
3.456861,170
3.457048,15
3.457235,172
3.457422,15
3.457609,174
3.457796,15
3.457983,174
3.458169,15
3.458356,175
3.458543,15
3.45873,175
3.458917,15
3.459104,176
3.459291,15
3.459478,175
3.459665,15
3.459852,171
3.460039,15
3.460226,174
3.460413,15
3.4606,172
3.460787,15
3.460974,177
3.461161,15
3.461348,172
3.461535,15
3.461722,175
3.461909,15
3.462096,178
3.462283,15
3.46247,173
3.462657,15
3.462844,175
3.463031,15
3.463218,176
3.463405,15
3.463592,174
3.463779,15
3.463966,173
3.464153,15
3.46434,175
3.464527,15
3.464714,174
3.464901,15
3.465088,177
3.465275,15
3.465462,175
3.465649,15
3.465836,178
3.466023,15
3.46621,174
3.466397,15
3.466584,175
3.466771,15
3.466957,173
3.467144,15
3.467331,178
3.467518,15
3.467705,178
3.467892,15
3.468079,178
3.468266,15
3.468453,176
3.46864,15
3.468827,175
3.469014,15
3.469201,174
3.469388,15
3.469575,175
3.469762,15
3.469949,175
3.470136,15
3.470323,175
3.47051,15
3.470697,174
3.470884,15
3.471071,175
3.471258,15
3.471445,177
3.471632,15
3.471819,177
3.472006,15
3.472193,174
3.47238,15
3.472567,175
3.472754,15
3.472941,174
3.473128,15
3.473315,175
3.473502,15
3.473689,172
3.473876,15
3.474063,172
3.47425,15
3.474437,175
3.474624,15
3.474811,173
3.474998,15
3.475185,172
3.475372,15
3.475558,174
3.475745,15
3.475932,175
3.476119,15
3.476306,176
3.476493,15
3.47668,173
3.476867,15
3.477054,173
3.477241,15
3.477428,174
3.477615,15
3.477802,172
3.477989,15
3.478176,172
3.478363,15
3.47855,172
3.478737,15
3.478924,171
3.479111,15
3.479298,172
3.479485,15
3.479672,174
3.479859,15
3.480046,175
3.480233,15
3.48042,176
3.480607,15
3.480794,175
3.480981,15
3.481168,175
3.481355,15
3.481542,176
3.481729,15
3.481916,171
3.482103,15
3.48229,173
3.482477,15
3.482664,175
3.482851,15
3.483038,178
3.483225,15
3.483412,175
3.483599,15
3.483786,179
3.483973,15
3.48416,174
3.484346,15
3.484533,177
3.48472,15
3.484907,173
3.485094,15
3.485281,175
3.485468,15
3.485655,174
3.485842,15
3.486029,174
3.486216,15
3.486403,174
3.48659,15
3.486777,175
3.486964,15
3.487151,177
3.487338,15
3.487525,174
3.487712,15
3.487899,171
3.488086,15
3.488273,171
3.48846,15
3.488647,172
3.488834,15
3.489021,177
3.489208,15
3.489395,174
3.489582,15
3.489769,176
3.489956,15
3.490143,173
3.49033,15
3.490517,175
3.490704,15
3.490891,172
3.491078,15
3.491265,170
3.491452,15
3.491639,175
3.491826,15
3.492013,173
3.4922,15
3.492387,173
3.492574,15
3.492761,170
3.492948,15
3.493134,173
3.493321,15
3.493508,172
3.493695,15
3.493882,172
3.494069,15
3.494256,175
3.494443,15
3.49463,175
3.494817,15
3.495004,175
3.495191,15
3.495378,171
3.495565,15
3.495752,173
3.495939,15
3.496126,173
3.496313,15
3.4965,176
3.496687,15
3.496874,178
3.497061,15
3.497248,175
3.497435,15
3.497622,173
3.497809,15
3.497996,172
3.498183,15
3.49837,174
3.498557,15
3.498744,172
3.498931,15
3.499118,173
3.499305,15
3.499492,176
3.499679,15
3.499866,172
3.500053,15
3.50024,177
3.500427,15
3.500614,173
3.500801,15
3.500988,173
3.501175,15
3.501362,174
3.501549,15
3.501736,172
3.501922,15
3.502109,171
3.502296,15
3.502483,173
3.50267,15
3.502857,174
3.503044,15
3.503231,174
3.503418,15
3.503605,174
3.503792,15
3.503979,173
3.504166,15
3.504353,174
3.50454,15
3.504727,170
3.504914,15
3.505101,174
3.505288,15
3.505475,172
3.505662,15
3.505849,173
3.506036,15
3.506223,175
3.50641,15
3.506597,174
3.506784,15
3.506971,173
3.507158,15
3.507345,175
3.507532,15
3.507719,172
3.507906,15
3.508093,172
3.50828,15
3.508467,177
3.508654,15
3.508841,175
3.509028,15
3.509215,174
3.509402,15
3.509589,174
3.509776,15
3.509963,174
3.51015,15
3.510337,175
3.510524,15
3.51071,175
3.510897,15
3.511084,175
3.511271,15
3.511458,173
3.511645,15
3.511832,173
3.512019,15
3.512206,175
3.512393,15
3.51258,175
3.512767,15
3.512954,174
3.513141,15
3.513328,177
3.513515,15
3.513702,172
3.513889,15
3.514076,175
3.514263,15
3.51445,171
3.514637,15
3.514824,172
3.515011,15
3.515198,176
3.515385,15
3.515572,174
3.515759,15
3.515946,174
3.516133,15
3.51632,174
3.516507,15
3.516694,174
3.516881,15
3.517068,174
3.517255,15
3.517442,172
3.517629,15
3.517816,173
3.518003,15
3.51819,170
3.518377,15
3.518564,179
3.518751,15
3.518938,172
3.519125,15
3.519311,174
3.519498,15
3.519685,174
3.519872,15
3.520059,171
3.520246,15
3.520433,174
3.52062,15
3.520807,175
3.520994,15
3.521181,174
3.521368,15
3.521555,173
3.521742,15
3.521929,175
3.522116,15
3.522303,172
3.52249,15
3.522677,175
3.522864,15
3.523051,175
3.523238,15
3.523425,173
3.523612,15
3.523799,174
3.523986,15
3.524173,173
3.52436,15
3.524547,174
3.524734,15
3.524921,172
3.525108,15
3.525295,174
3.525482,15
3.525669,179
3.525856,15
3.526043,174
3.52623,15
3.526417,175
3.526604,15
3.526791,173
3.526978,15
3.527165,171
3.527352,15
3.527539,177
3.527726,15
3.527913,172
3.528099,15
3.528286,176
3.528473,15
3.52866,173
3.528847,15
3.529034,175
3.529221,15
3.529408,174
3.529595,15
3.529782,175
3.529969,15
3.530156,175
3.530343,15
3.53053,174
3.530717,15
3.530904,176
3.531091,15
3.531278,174
3.531465,15
3.531652,179
3.531839,15
3.532026,172
3.532213,15
3.5324,175
3.532587,15
3.532774,175
3.532961,15
3.533148,174
3.533335,15
3.533522,174
3.533709,15
3.533896,173
3.534083,15
3.53427,174
3.534457,15
3.534644,174
3.534831,15
3.535018,174
3.535205,15
3.535392,176
3.535579,15
3.535766,176
3.535953,15
3.53614,174
3.536327,15
3.536514,173
3.536701,15
3.536887,174
3.537074,15
3.537261,175
3.537448,15
3.537635,174
3.537822,15
3.538009,172
3.538196,15
3.538383,175
3.53857,15
3.538757,175
3.538944,15
3.539131,176
3.539318,15
3.539505,177
3.539692,15
3.539879,173
3.540066,15
3.540253,175
3.54044,15
3.540627,174
3.540814,15
3.541001,172
3.541188,15
3.541375,175
3.541562,15
3.541749,171
3.541936,15
3.542123,172
3.54231,15
3.542497,179
3.542684,15
3.542871,178
3.543058,15
3.543245,173
3.543432,15
3.543619,175
3.543806,15
3.543993,172
3.54418,15
3.544367,175
3.544554,15
3.544741,171
3.544928,15
3.545115,173
3.545302,15
3.545489,175
3.545675,15
3.545862,174
3.546049,15
3.546236,174
3.546423,15
3.54661,175
3.546797,15
3.546984,175
3.547171,15
3.547358,175
3.547545,15
3.547732,178
3.547919,15
3.548106,172
3.548293,15
3.54848,175
3.548667,15
3.548854,176
3.549041,15
3.549228,179
3.549415,15
3.549602,176
3.549789,15
3.549976,173
3.550163,15
3.55035,174
3.550537,15
3.550724,172
3.550911,15
3.551098,174
3.551285,15
3.551472,174
3.551659,15
3.551846,175
3.552033,15
3.55222,173
3.552407,15
3.552594,176
3.552781,15
3.552968,175
3.553155,15
3.553342,175
3.553529,15
3.553716,172
3.553903,15
3.55409,175
3.554276,15
3.554463,172
3.55465,15
3.554837,175
3.555024,15
3.555211,179
3.555398,15
3.555585,178
3.555772,15
3.555959,174
3.556146,15
3.556333,172
3.55652,15
3.556707,174
3.556894,15
3.557081,175
3.557268,15
3.557455,171
3.557642,15
3.557829,172
3.558016,15
3.558203,171
3.55839,15
3.558577,172
3.558764,15
3.558951,175
3.559138,15
3.559325,174
3.559512,15
3.559699,171
3.559886,15
3.560073,176
3.56026,15
3.560447,174
3.560634,15
3.560821,172
3.561008,15
3.561195,175
3.561382,15
3.561569,175
3.561756,15
3.561943,178
3.56213,15
3.562317,174
3.562504,15
3.562691,178
3.562878,15
3.563064,175
3.563251,15
3.563438,174
3.563625,15
3.563812,172
3.563999,15
3.564186,179
3.564373,15
3.56456,174
3.564747,15
3.564934,175
3.565121,15
3.565308,174
3.565495,15
3.565682,172
3.565869,15
3.566056,177
3.566243,15
3.56643,174
3.566617,15
3.566804,176
3.566991,15
3.567178,175
3.567365,15
3.567552,175
3.567739,15
3.567926,177
3.568113,15
3.5683,173
3.568487,15
3.568674,172
3.568861,15
3.569048,172
3.569235,15
3.569422,176
3.569609,15
3.569796,178
3.569983,15
3.57017,177
3.570357,15
3.570544,173
3.570731,15
3.570918,174
3.571105,15
3.571292,177
3.571479,15
3.571666,172
3.571852,15
3.572039,173
3.572226,15
3.572413,175
3.5726,15
3.572787,176
3.572974,15
3.573161,175
3.573348,15
3.573535,173
3.573722,15
3.573909,172
3.574096,15
3.574283,175
3.57447,15
3.574657,174
3.574844,15
3.575031,174
3.575218,15
3.575405,175
3.575592,15
3.575779,174
3.575966,15
3.576153,174
3.57634,15
3.576527,173
3.576714,15
3.576901,179
3.577088,15
3.577275,173
3.577462,15
3.577649,174
3.577836,15
3.578023,173
3.57821,15
3.578397,174
3.578584,15
3.578771,174
3.578958,15
3.579145,175
3.579332,15
3.579519,172
3.579706,15
3.579893,175
3.58008,15
3.580267,177
3.580454,15
3.58064,179
3.580827,15
3.581014,175
3.581201,15
3.581388,175
3.581575,15
3.581762,174
3.581949,15
3.582136,173
3.582323,15
3.58251,174
3.582697,15
3.582884,178
3.583071,15
3.583258,174
3.583445,15
3.583632,174
3.583819,15
3.584006,178
3.584193,15
3.58438,173
3.584567,15
3.584754,176
3.584941,15
3.585128,175
3.585315,15
3.585502,173
3.585689,15
3.585876,171
3.586063,15
3.58625,172
3.586437,15
3.586624,176
3.586811,15
3.586998,178
3.587185,15
3.587372,174
3.587559,15
3.587746,176
3.587933,15
3.58812,177
3.588307,15
3.588494,174
3.588681,15
3.588868,176
3.589055,15
3.589241,172
3.589428,15
3.589615,177
3.589802,15
3.589989,173
3.590176,15
3.590363,174
3.59055,15
3.590737,171
3.590924,15
3.591111,175
3.591298,15
3.591485,175
3.591672,15
3.591859,176
3.592046,15
3.592233,176
3.59242,15
3.592607,175
3.592794,15
3.592981,174
3.593168,15
3.593355,172
3.593542,15
3.593729,177
3.593916,15
3.594103,175
3.59429,15
3.594477,176
3.594664,15
3.594851,175
3.595038,15
3.595225,171
3.595412,15
3.595599,177
3.595786,15
3.595973,171
3.59616,15
3.596347,174
3.596534,15
3.596721,174
3.596908,15
3.597095,174
3.597282,15
3.597469,178
3.597656,15
3.597843,175
3.598029,15
3.598216,173
3.598403,15
3.59859,173
3.598777,15
3.598964,178
3.599151,15
3.599338,173
3.599525,15
3.599712,175
3.599899,15
3.600086,173
3.600273,15
3.60046,174
3.600647,15
3.600834,174
3.601021,15
3.601208,173
3.601395,15
3.601582,172
3.601769,15
3.601956,172
3.602143,15
3.60233,173
3.602517,15
3.602704,175
3.602891,15
3.603078,174
3.603265,15
3.603452,172
3.603639,15
3.603826,177
3.604013,15
3.6042,173
3.604387,15
3.604574,174
3.604761,15
3.604948,176
3.605135,15
3.605322,170
3.605509,15
3.605696,174
3.605883,15
3.60607,172
3.606257,15
3.606444,174
3.606631,15
3.606817,175
3.607004,15
3.607191,174
3.607378,15
3.607565,169
3.607752,15
3.607939,173
3.608126,15
3.608313,173
3.6085,15
3.608687,175
3.608874,15
3.609061,178
3.609248,15
3.609435,173
3.609622,15
3.609809,176
3.609996,15
3.610183,178
3.61037,15
3.610557,181
3.610744,15
3.610931,175
3.611118,15
3.611305,172
3.611492,15
3.611679,176
3.611866,15
3.612053,174
3.61224,15
3.612427,173
3.612614,15
3.612801,172
3.612988,15
3.613175,178
3.613362,15
3.613549,175
3.613736,15
3.613923,172
3.61411,15
3.614297,175
3.614484,15
3.614671,175
3.614858,15
3.615045,175
3.615232,15
3.615419,175
3.615605,15
3.615792,174
3.615979,15
3.616166,176
3.616353,15
3.61654,175
3.616727,15
3.616914,175
3.617101,15
3.617288,175
3.617475,15
3.617662,175
3.617849,15
3.618036,173
3.618223,15
3.61841,175
3.618597,15
3.618784,173
3.618971,15
3.619158,173
3.619345,15
3.619532,176
3.619719,15
3.619906,175
3.620093,15
3.62028,175
3.620467,15
3.620654,172
3.620841,15
3.621028,171
3.621215,15
3.621402,176
3.621589,15
3.621776,176
3.621963,15
3.62215,177
3.622337,15
3.622524,174
3.622711,15
3.622898,173
3.623085,15
3.623272,170
3.623459,15
3.623646,175
3.623833,15
3.62402,172
3.624206,15
3.624393,175
3.62458,15
3.624767,176
3.624954,15
3.625141,175
3.625328,15
3.625515,174
3.625702,15
3.625889,173
3.626076,15
3.626263,176
3.62645,15
3.626637,175
3.626824,15
3.627011,177
3.627198,15
3.627385,175
3.627572,15
3.627759,176
3.627946,15
3.628133,178
3.62832,15
3.628507,175
3.628694,15
3.628881,174
3.629068,15
3.629255,176
3.629442,15
3.629629,176
3.629816,15
3.630003,176
3.63019,15
3.630377,174
3.630564,15
3.630751,178
3.630938,15
3.631125,172
3.631312,15
3.631499,173
3.631686,15
3.631873,175
3.63206,15
3.632247,174
3.632434,15
3.632621,176
3.632808,15
3.632994,174
3.633181,15
3.633368,174
3.633555,15
3.633742,174
3.633929,15
3.634116,175
3.634303,15
3.63449,175
3.634677,15
3.634864,178
3.635051,15
3.635238,173
3.635425,15
3.635612,174
3.635799,15
3.635986,175
3.636173,15
3.63636,178
3.636547,15
3.636734,174
3.636921,15
3.637108,175
3.637295,15
3.637482,172
3.637669,15
3.637856,172
3.638043,15
3.63823,176
3.638417,15
3.638604,173
3.638791,15
3.638978,175
3.639165,15
3.639352,173
3.639539,15
3.639726,176
3.639913,15
3.6401,174
3.640287,15
3.640474,178
3.640661,15
3.640848,172
3.641035,15
3.641222,174
3.641409,15
3.641596,174
3.641782,15
3.641969,173
3.642156,15
3.642343,173
3.64253,15
3.642717,174
3.642904,15
3.643091,174
3.643278,15
3.643465,171
3.643652,15
3.643839,175
3.644026,15
3.644213,172
3.6444,15
3.644587,172
3.644774,15
3.644961,173
3.645148,15
3.645335,173
3.645522,15
3.645709,171
3.645896,15
3.646083,174
3.64627,15
3.646457,173
3.646644,15
3.646831,176
3.647018,15
3.647205,171
3.647392,15
3.647579,173
3.647766,15
3.647953,174
3.64814,15
3.648327,174
3.648514,15
3.648701,172
3.648888,15
3.649075,175
3.649262,15
3.649449,173
3.649636,15
3.649823,173
3.65001,15
3.650197,175
3.650384,15
3.65057,176
3.650757,15
3.650944,173
3.651131,15
3.651318,176
3.651505,15
3.651692,172
3.651879,15
3.652066,174
3.652253,15
3.65244,178
3.652627,15
3.652814,175
3.653001,15
3.653188,178
3.653375,15
3.653562,173
3.653749,15
3.653936,175
3.654123,15
3.65431,175
3.654497,15
3.654684,171
3.654871,15
3.655058,175
3.655245,15
3.655432,176
3.655619,15
3.655806,178
3.655993,15
3.65618,175
3.656367,15
3.656554,175
3.656741,15
3.656928,174
3.657115,15
3.657302,176
3.657489,15
3.657676,175
3.657863,15
3.65805,173
3.658237,15
3.658424,173
3.658611,15
3.658798,173
3.658985,15
3.659171,175
3.659358,15
3.659545,177
3.659732,15
3.659919,175
3.660106,15
3.660293,174
3.66048,15
3.660667,178
3.660854,15
3.661041,174
3.661228,15
3.661415,173
3.661602,15
3.661789,173
3.661976,15
3.662163,173
3.66235,15
3.662537,175
3.662724,15
3.662911,175
3.663098,15
3.663285,172
3.663472,15
3.663659,175
3.663846,15
3.664033,175
3.66422,15
3.664407,175
3.664594,15
3.664781,173
3.664968,15
3.665155,176
3.665342,15
3.665529,172
3.665716,15
3.665903,173
3.66609,15
3.666277,175
3.666464,15
3.666651,172
3.666838,15
3.667025,173
3.667212,15
3.667399,174
3.667586,15
3.667773,173
3.667959,15
3.668146,172
3.668333,15
3.66852,177
3.668707,15
3.668894,173
3.669081,15
3.669268,177
3.669455,15
3.669642,173
3.669829,15
3.670016,179
3.670203,15
3.67039,169
3.670577,15
3.670764,173
3.670951,15
3.671138,176
3.671325,15
3.671512,175
3.671699,15
3.671886,175
3.672073,15
3.67226,174
3.672447,15
3.672634,175
3.672821,15
3.673008,176
3.673195,15
3.673382,178
3.673569,15
3.673756,173
3.673943,15
3.67413,174
3.674317,15
3.674504,176
3.674691,15
3.674878,173
3.675065,15
3.675252,174
3.675439,15
3.675626,173
3.675813,15
3.676,176
3.676187,15
3.676374,173
3.676561,15
3.676747,175
3.676934,15
3.677121,174
3.677308,15
3.677495,175
3.677682,15
3.677869,172
3.678056,15
3.678243,175
3.67843,15
3.678617,174
3.678804,15
3.678991,175
3.679178,15
3.679365,176
3.679552,15
3.679739,173
3.679926,15
3.680113,170
3.6803,15
3.680487,181
3.680674,15
3.680861,172
3.681048,15
3.681235,176
3.681422,15
3.681609,174
3.681796,15
3.681983,175
3.68217,15
3.682357,173
3.682544,15
3.682731,176
3.682918,15
3.683105,173
3.683292,15
3.683479,173
3.683666,15
3.683853,175
3.68404,15
3.684227,177
3.684414,15
3.684601,175
3.684788,15
3.684975,172
3.685162,15
3.685349,174
3.685535,15
3.685722,170
3.685909,15
3.686096,173
3.686283,15
3.68647,171
3.686657,15
3.686844,173
3.687031,15
3.687218,175
3.687405,15
3.687592,174
3.687779,15
3.687966,174
3.688153,15
3.68834,174
3.688527,15
3.688714,174
3.688901,15
3.689088,173
3.689275,15
3.689462,172
3.689649,15
3.689836,176
3.690023,15
3.69021,172
3.690397,15
3.690584,176
3.690771,15
3.690958,173
3.691145,15
3.691332,173
3.691519,15
3.691706,175
3.691893,15
3.69208,179
3.692267,15
3.692454,173
3.692641,15
3.692828,172
3.693015,15
3.693202,171
3.693389,15
3.693576,173
3.693763,15
3.69395,173
3.694137,15
3.694323,170
3.69451,15
3.694697,174
3.694884,15
3.695071,176
3.695258,15
3.695445,176
3.695632,15
3.695819,176
3.696006,15
3.696193,176
3.69638,15
3.696567,173
3.696754,15
3.696941,174
3.697128,15
3.697315,176
3.697502,15
3.697689,175
3.697876,15
3.698063,176
3.69825,15
3.698437,174
3.698624,15
3.698811,172
3.698998,15
3.699185,171
3.699372,15
3.699559,178
3.699746,15
3.699933,177
3.70012,15
3.700307,175
3.700494,15
3.700681,173
3.700868,15
3.701055,175
3.701242,15
3.701429,174
3.701616,15
3.701803,174
3.70199,15
3.702177,174
3.702364,15
3.702551,176
3.702738,15
3.702924,175
3.703111,15
3.703298,174
3.703485,15
3.703672,174
3.703859,15
3.704046,177
3.704233,15
3.70442,176
3.704607,15
3.704794,171
3.704981,15
3.705168,173
3.705355,15
3.705542,176
3.705729,15
3.705916,173
3.706103,15
3.70629,176
3.706477,15
3.706664,173
3.706851,15
3.707038,173
3.707225,15
3.707412,175
3.707599,15
3.707786,174
3.707973,15
3.70816,174
3.708347,15
3.708534,173
3.708721,15
3.708908,177
3.709095,15
3.709282,180
3.709469,15
3.709656,176
3.709843,15
3.71003,175
3.710217,15
3.710404,178
3.710591,15
3.710778,175
3.710965,15
3.711152,172
3.711339,15
3.711526,171
3.711712,15
3.711899,179
3.712086,15
3.712273,173
3.71246,15
3.712647,176
3.712834,15
3.713021,173
3.713208,15
3.713395,176
3.713582,15
3.713769,174
3.713956,15
3.714143,175
3.71433,15
3.714517,175
3.714704,15
3.714891,175
3.715078,15
3.715265,179
3.715452,15
3.715639,178
3.715826,15
3.716013,174
3.7162,15
3.716387,175
3.716574,15
3.716761,175
3.716948,15
3.717135,174
3.717322,15
3.717509,173
3.717696,15
3.717883,176
3.71807,15
3.718257,173
3.718444,15
3.718631,180
3.718818,15
3.719005,178
3.719192,15
3.719379,174
3.719566,15
3.719753,172
3.71994,15
3.720127,173
3.720314,15
3.7205,174
3.720687,15
3.720874,171
3.721061,15
3.721248,174
3.721435,15
3.721622,176
3.721809,15
3.721996,172
3.722183,15
3.72237,175
3.722557,15
3.722744,175
3.722931,15
3.723118,172
3.723305,15
3.723492,175
3.723679,15
3.723866,172
3.724053,15
3.72424,174
3.724427,15
3.724614,171
3.724801,15
3.724988,172
3.725175,15
3.725362,174
3.725549,15
3.725736,172
3.725923,15
3.72611,173
3.726297,15
3.726484,177
3.726671,15
3.726858,174
3.727045,15
3.727232,177
3.727419,15
3.727606,175
3.727793,15
3.72798,175
3.728167,15
3.728354,175
3.728541,15
3.728728,174
3.728915,15
3.729102,175
3.729288,15
3.729475,173
3.729662,15
3.729849,173
3.730036,15
3.730223,178
3.73041,15
3.730597,176
3.730784,15
3.730971,175
3.731158,15
3.731345,175
3.731532,15
3.731719,175
3.731906,15
3.732093,175
3.73228,15
3.732467,173
3.732654,15
3.732841,176
3.733028,15
3.733215,172
3.733402,15
3.733589,173
3.733776,15
3.733963,174
3.73415,15
3.734337,178
3.734524,15
3.734711,175
3.734898,15
3.735085,178
3.735272,15
3.735459,176
3.735646,15
3.735833,175
3.73602,15
3.736207,176
3.736394,15
3.736581,176
3.736768,15
3.736955,173
3.737142,15
3.737329,171
3.737516,15
3.737703,174
3.737889,15
3.738076,174
3.738263,15
3.73845,172
3.738637,15
3.738824,176
3.739011,15
3.739198,175
3.739385,15
3.739572,173
3.739759,15
3.739946,173
3.740133,15
3.74032,174
3.740507,15
3.740694,172
3.740881,15
3.741068,178
3.741255,15
3.741442,172
3.741629,15
3.741816,172
3.742003,15
3.74219,173
3.742377,15
3.742564,174
3.742751,15
3.742938,173
3.743125,15
3.743312,172
3.743499,15
3.743686,172
3.743873,15
3.74406,173
3.744247,15
3.744434,177
3.744621,15
3.744808,174
3.744995,15
3.745182,174
3.745369,15
3.745556,175
3.745743,15
3.74593,174
3.746117,15
3.746304,175
3.746491,15
3.746677,173
3.746864,15
3.747051,173
3.747238,15
3.747425,172
3.747612,15
3.747799,173
3.747986,15
3.748173,172
3.74836,15
3.748547,176
3.748734,15
3.748921,175
3.749108,15
3.749295,173
3.749482,15
3.749669,175
3.749856,15
3.750043,172
3.75023,15
3.750417,173
3.750604,15
3.750791,173
3.750978,15
3.751165,174
3.751352,15
3.751539,178
3.751726,15
3.751913,176
3.7521,15
3.752287,175
3.752474,15
3.752661,172
3.752848,15
3.753035,174
3.753222,15
3.753409,175
3.753596,15
3.753783,173
3.75397,15
3.754157,176
3.754344,15
3.754531,174
3.754718,15
3.754905,176
3.755092,15
3.755279,174
3.755465,15
3.755652,174
3.755839,15
3.756026,173
3.756213,15
3.7564,173
3.756587,15
3.756774,174
3.756961,15
3.757148,176
3.757335,15
3.757522,173
3.757709,15
3.757896,177
3.758083,15
3.75827,174
3.758457,15
3.758644,176
3.758831,15
3.759018,175
3.759205,15
3.759392,177
3.759579,15
3.759766,172
3.759953,15
3.76014,176
3.760327,15
3.760514,173
3.760701,15
3.760888,176
3.761075,15
3.761262,172
3.761449,15
3.761636,175
3.761823,15
3.76201,175
3.762197,15
3.762384,176
3.762571,15
3.762758,175
3.762945,15
3.763132,176
3.763319,15
3.763506,174
3.763693,15
3.76388,171
3.764067,15
3.764253,174
3.76444,15
3.764627,175
3.764814,15
3.765001,174
3.765188,15
3.765375,172
3.765562,15
3.765749,172
3.765936,15
3.766123,172
3.76631,15
3.766497,172
3.766684,15
3.766871,176
3.767058,15
3.767245,174
3.767432,15
3.767619,173
3.767806,15
3.767993,174
3.76818,15
3.768367,174
3.768554,15
3.768741,173
3.768928,15
3.769115,174
3.769302,15
3.769489,174
3.769676,15
3.769863,170
3.77005,15
3.770237,175
3.770424,15
3.770611,174
3.770798,15
3.770985,175
3.771172,15
3.771359,175
3.771546,15
3.771733,173
3.77192,15
3.772107,175
3.772294,15
3.772481,174
3.772668,15
3.772854,175
3.773041,15
3.773228,175
3.773415,15
3.773602,176
3.773789,15
3.773976,178
3.774163,15
3.77435,174
3.774537,15
3.774724,175
3.774911,15
3.775098,175
3.775285,15
3.775472,177
3.775659,15
3.775846,172
3.776033,15
3.77622,174
3.776407,15
3.776594,173
3.776781,15
3.776968,175
3.777155,15
3.777342,173
3.777529,15
3.777716,174
3.777903,15
3.77809,176
3.778277,15
3.778464,178
3.778651,15
3.778838,176
3.779025,15
3.779212,173
3.779399,15
3.779586,173
3.779773,15
3.77996,176
3.780147,15
3.780334,175
3.780521,15
3.780708,173
3.780895,15
3.781082,175
3.781269,15
3.781456,174
3.781642,15
3.781829,178
3.782016,15
3.782203,174
3.78239,15
3.782577,174
3.782764,15
3.782951,175
3.783138,15
3.783325,171
3.783512,15
3.783699,179
3.783886,15
3.784073,173
3.78426,15
3.784447,173
3.784634,15
3.784821,173
3.785008,15
3.785195,176
3.785382,15
3.785569,174
3.785756,15
3.785943,174
3.78613,15
3.786317,174
3.786504,15
3.786691,170
3.786878,15
3.787065,175
3.787252,15
3.787439,175
3.787626,15
3.787813,169
3.788,15
3.788187,174
3.788374,15
3.788561,177
3.788748,15
3.788935,173
3.789122,15
3.789309,176
3.789496,15
3.789683,174
3.78987,15
3.790057,172
3.790244,15
3.79043,171
3.790617,15
3.790804,173
3.790991,15
3.791178,174
3.791365,15
3.791552,174
3.791739,15
3.791926,178
3.792113,15
3.7923,173
3.792487,15
3.792674,177
3.792861,15
3.793048,175
3.793235,15
3.793422,178
3.793609,15
3.793796,176
3.793983,15
3.79417,175
3.794357,15
3.794544,173
3.794731,15
3.794918,175
3.795105,15
3.795292,175
3.795479,15
3.795666,173
3.795853,15
3.79604,171
3.796227,15
3.796414,173
3.796601,15
3.796788,172
3.796975,15
3.797162,173
3.797349,15
3.797536,175
3.797723,15
3.79791,175
3.798097,15
3.798284,174
3.798471,15
3.798658,177
3.798845,15
3.799032,173
3.799218,15
3.799405,175
3.799592,15
3.799779,174
3.799966,15
3.800153,173
3.80034,15
3.800527,176
3.800714,15
3.800901,174
3.801088,15
3.801275,172
3.801462,15
3.801649,172
3.801836,15
3.802023,172
3.80221,15
3.802397,175
3.802584,15
3.802771,175
3.802958,15
3.803145,171
3.803332,15
3.803519,173
3.803706,15
3.803893,174
3.80408,15
3.804267,175
3.804454,15
3.804641,175
3.804828,15
3.805015,172
3.805202,15
3.805389,175
3.805576,15
3.805763,172
3.80595,15
3.806137,172
3.806324,15
3.806511,171
3.806698,15
3.806885,171
3.807072,15
3.807259,171
3.807446,15
3.807633,174
3.807819,15
3.808006,175
3.808193,15
3.80838,173
3.808567,15
3.808754,173
3.808941,15
3.809128,176
3.809315,15
3.809502,172
3.809689,15
3.809876,175
3.810063,15
3.81025,174
3.810437,15
3.810624,178
3.810811,15
3.810998,178
3.811185,15
3.811372,174
3.811559,15
3.811746,177
3.811933,15
3.81212,175
3.812307,15
3.812494,175
3.812681,15
3.812868,173
3.813055,15
3.813242,175
3.813429,15
3.813616,172
3.813803,15
3.81399,181
3.814177,15
3.814364,174
3.814551,15
3.814738,176
3.814925,15
3.815112,175
3.815299,15
3.815486,172
3.815673,15
3.81586,178
3.816047,15
3.816234,173
3.816421,15
3.816607,174
3.816794,15
3.816981,175
3.817168,15
3.817355,174
3.817542,15
3.817729,174
3.817916,15
3.818103,178
3.81829,15
3.818477,173
3.818664,15
3.818851,173
3.819038,15
3.819225,175
3.819412,15
3.819599,174
3.819786,15
3.819973,178
3.82016,15
3.820347,175
3.820534,15
3.820721,173
3.820908,15
3.821095,175
3.821282,15
3.821469,173
3.821656,15
3.821843,174
3.82203,15
3.822217,172
3.822404,15
3.822591,175
3.822778,15
3.822965,174
3.823152,15
3.823339,174
3.823526,15
3.823713,177
3.8239,15
3.824087,175
3.824274,15
3.824461,172
3.824648,15
3.824835,174
3.825022,15
3.825209,173
3.825395,15
3.825582,174
3.825769,15
3.825956,176
3.826143,15
3.82633,174
3.826517,15
3.826704,174
3.826891,15
3.827078,173
3.827265,15
3.827452,174
3.827639,15
3.827826,173
3.828013,15
3.8282,173
3.828387,15
3.828574,172
3.828761,15
3.828948,174
3.829135,15
3.829322,173
3.829509,15
3.829696,172
3.829883,15
3.83007,173
3.830257,15
3.830444,176
3.830631,15
3.830818,172
3.831005,15
3.831192,174
3.831379,15
3.831566,173
3.831753,15
3.83194,172
3.832127,15
3.832314,175
3.832501,15
3.832688,172
3.832875,15
3.833062,174
3.833249,15
3.833436,173
3.833623,15
3.83381,176
3.833997,15
3.834183,173
3.83437,15
3.834557,175
3.834744,15
3.834931,177
3.835118,15
3.835305,172
3.835492,15
3.835679,175
3.835866,15
3.836053,174
3.83624,15
3.836427,174
3.836614,15
3.836801,178
3.836988,15
3.837175,175
3.837362,15
3.837549,172
3.837736,15
3.837923,173
3.83811,15
3.838297,172
3.838484,15
3.838671,177
3.838858,15
3.839045,173
3.839232,15
3.839419,174
3.839606,15
3.839793,174
3.83998,15
3.840167,175
3.840354,15
3.840541,174
3.840728,15
3.840915,175
3.841102,15
3.841289,175
3.841476,15
3.841663,173
3.84185,15
3.842037,176
3.842224,15
3.842411,173
3.842598,15
3.842784,177
3.842971,15
3.843158,173
3.843345,15
3.843532,177
3.843719,15
3.843906,174
3.844093,15
3.84428,176
3.844467,15
3.844654,175
3.844841,15
3.845028,173
3.845215,15
3.845402,172
3.845589,15
3.845776,172
3.845963,15
3.84615,177
3.846337,15
3.846524,173
3.846711,15
3.846898,171
3.847085,15
3.847272,176
3.847459,15
3.847646,176
3.847833,15
3.84802,174
3.848207,15
3.848394,173
3.848581,15
3.848768,176
3.848955,15
3.849142,175
3.849329,15
3.849516,175
3.849703,15
3.84989,175
3.850077,15
3.850264,175
3.850451,15
3.850638,171
3.850825,15
3.851012,175
3.851199,15
3.851386,169
3.851572,15
3.851759,173
3.851946,15
3.852133,171
3.85232,15
3.852507,176
3.852694,15
3.852881,178
3.853068,15
3.853255,175
3.853442,15
3.853629,175
3.853816,15
3.854003,175
3.85419,15
3.854377,171
3.854564,15
3.854751,174
3.854938,15
3.855125,180
3.855312,15
3.855499,171
3.855686,15
3.855873,176
3.85606,15
3.856247,175
3.856434,15
3.856621,176
3.856808,15
3.856995,175
3.857182,15
3.857369,175
3.857556,15
3.857743,175
3.85793,15
3.858117,174
3.858304,15
3.858491,175
3.858678,15
3.858865,174
3.859052,15
3.859239,174
3.859426,15
3.859613,171
3.8598,15
3.859987,175
3.860174,15
3.86036,177
3.860547,15
3.860734,173
3.860921,15
3.861108,177
3.861295,15
3.861482,171
3.861669,15
3.861856,174
3.862043,15
3.86223,175
3.862417,15
3.862604,175
3.862791,15
3.862978,173
3.863165,15
3.863352,175
3.863539,15
3.863726,176
3.863913,15
3.8641,175
3.864287,15
3.864474,174
3.864661,15
3.864848,174
3.865035,15
3.865222,172
3.865409,15
3.865596,174
3.865783,15
3.86597,172
3.866157,15
3.866344,172
3.866531,15
3.866718,173
3.866905,15
3.867092,170
3.867279,15
3.867466,173
3.867653,15
3.86784,175
3.868027,15
3.868214,174
3.868401,15
3.868588,172
3.868775,15
3.868962,174
3.869148,15
3.869335,180
3.869522,15
3.869709,173
3.869896,15
3.870083,172
3.87027,15
3.870457,173
3.870644,15
3.870831,174
3.871018,15
3.871205,175
3.871392,15
3.871579,175
3.871766,15
3.871953,178
3.87214,15
3.872327,171
3.872514,15
3.872701,173
3.872888,15
3.873075,174
3.873262,15
3.873449,175
3.873636,15
3.873823,174
3.87401,15
3.874197,178
3.874384,15
3.874571,173
3.874758,15
3.874945,177
3.875132,15
3.875319,175
3.875506,15
3.875693,174
3.87588,15
3.876067,172
3.876254,15
3.876441,178
3.876628,15
3.876815,172
3.877002,15
3.877189,172
3.877376,15
3.877563,173
3.87775,15
3.877936,171
3.878123,15
3.87831,174
3.878497,15
3.878684,172
3.878871,15
3.879058,174
3.879245,15
3.879432,177
3.879619,15
3.879806,173
3.879993,15
3.88018,172
3.880367,15
3.880554,173
3.880741,15
3.880928,175
3.881115,15
3.881302,174
3.881489,15
3.881676,172
3.881863,15
3.88205,176
3.882237,15
3.882424,176
3.882611,15
3.882798,174
3.882985,15
3.883172,172
3.883359,15
3.883546,175
3.883733,15
3.88392,175
3.884107,15
3.884294,177
3.884481,15
3.884668,175
3.884855,15
3.885042,174
3.885229,15
3.885416,173
3.885603,15
3.88579,174
3.885977,15
3.886164,176
3.886351,15
3.886537,175
3.886724,15
3.886911,175
3.887098,15
3.887285,174
3.887472,15
3.887659,174
3.887846,15
3.888033,173
3.88822,15
3.888407,173
3.888594,15
3.888781,172
3.888968,15
3.889155,175
3.889342,15
3.889529,172
3.889716,15
3.889903,175
3.89009,15
3.890277,173
3.890464,15
3.890651,177
3.890838,15
3.891025,174
3.891212,15
3.891399,175
3.891586,15
3.891773,174
3.89196,15
3.892147,173
3.892334,15
3.892521,172
3.892708,15
3.892895,173
3.893082,15
3.893269,173
3.893456,15
3.893643,177
3.89383,15
3.894017,173
3.894204,15
3.894391,177
3.894578,15
3.894765,176
3.894952,15
3.895139,176
3.895325,15
3.895512,174
3.895699,15
3.895886,176
3.896073,15
3.89626,174
3.896447,15
3.896634,175
3.896821,15
3.897008,176
3.897195,15
3.897382,175
3.897569,15
3.897756,172
3.897943,15
3.89813,172
3.898317,15
3.898504,177
3.898691,15
3.898878,174
3.899065,15
3.899252,172
3.899439,15
3.899626,172
3.899813,15
3.9,172
3.900187,15
3.900374,174
3.900561,15
3.900748,176
3.900935,15
3.901122,173
3.901309,15
3.901496,179
3.901683,15
3.90187,178
3.902057,15
3.902244,175
3.902431,15
3.902618,175
3.902805,15
3.902992,175
3.903179,15
3.903366,174
3.903553,15
3.90374,173
3.903927,15
3.904113,172
3.9043,15
3.904487,174
3.904674,15
3.904861,176
3.905048,15
3.905235,176
3.905422,15
3.905609,177
3.905796,15
3.905983,176
3.90617,15
3.906357,171
3.906544,15
3.906731,175
3.906918,15
3.907105,172
3.907292,15
3.907479,172
3.907666,15
3.907853,172
3.90804,15
3.908227,176
3.908414,15
3.908601,175
3.908788,15
3.908975,172
3.909162,15
3.909349,169
3.909536,15
3.909723,175
3.90991,15
3.910097,172
3.910284,15
3.910471,174
3.910658,15
3.910845,173
3.911032,15
3.911219,173
3.911406,15
3.911593,172
3.91178,15
3.911967,175
3.912154,15
3.912341,172
3.912528,15
3.912715,175
3.912901,15
3.913088,176
3.913275,15
3.913462,178
3.913649,15
3.913836,175
3.914023,15
3.91421,178
3.914397,15
3.914584,176
3.914771,15
3.914958,175
3.915145,15
3.915332,176
3.915519,15
3.915706,175
3.915893,15
3.91608,171
3.916267,15
3.916454,173
3.916641,15
3.916828,178
3.917015,15
3.917202,175
3.917389,15
3.917576,175
3.917763,15
3.91795,173
3.918137,15
3.918324,172
3.918511,15
3.918698,176
3.918885,15
3.919072,174
3.919259,15
3.919446,173
3.919633,15
3.91982,175
3.920007,15
3.920194,176
3.920381,15
3.920568,174
3.920755,15
3.920942,178
3.921129,15
3.921316,174
3.921502,15
3.921689,172
3.921876,15
3.922063,174
3.92225,15
3.922437,178
3.922624,15
3.922811,177
3.922998,15
3.923185,173
3.923372,15
3.923559,176
3.923746,15
3.923933,173
3.92412,15
3.924307,172
3.924494,15
3.924681,175
3.924868,15
3.925055,177
3.925242,15
3.925429,176
3.925616,15
3.925803,170
3.92599,15
3.926177,174
3.926364,15
3.926551,175
3.926738,15
3.926925,174
3.927112,15
3.927299,179
3.927486,15
3.927673,177
3.92786,15
3.928047,174
3.928234,15
3.928421,174
3.928608,15
3.928795,172
3.928982,15
3.929169,173
3.929356,15
3.929543,174
3.92973,15
3.929917,173
3.930104,15
3.93029,174
3.930477,15
3.930664,174
3.930851,15
3.931038,176
3.931225,15
3.931412,174
3.931599,15
3.931786,173
3.931973,15
3.93216,175
3.932347,15
3.932534,172
3.932721,15
3.932908,175
3.933095,15
3.933282,173
3.933469,15
3.933656,172
3.933843,15
3.93403,176
3.934217,15
3.934404,174
3.934591,15
3.934778,172
3.934965,15
3.935152,171
3.935339,15
3.935526,173
3.935713,15
3.9359,174
3.936087,15
3.936274,174
3.936461,15
3.936648,176
3.936835,15
3.937022,174
3.937209,15
3.937396,176
3.937583,15
3.93777,172
3.937957,15
3.938144,176
3.938331,15
3.938518,176
3.938705,15
3.938892,176
3.939078,15
3.939265,175
3.939452,15
3.939639,179
3.939826,15
3.940013,172
3.9402,15
3.940387,174
3.940574,15
3.940761,175
3.940948,15
3.941135,173
3.941322,15
3.941509,176
3.941696,15
3.941883,178
3.94207,15
3.942257,174
3.942444,15
3.942631,175
3.942818,15
3.943005,176
3.943192,15
3.943379,175
3.943566,15
3.943753,176
3.94394,15
3.944127,175
3.944314,15
3.944501,175
3.944688,15
3.944875,173
3.945062,15
3.945249,176
3.945436,15
3.945623,174
3.94581,15
3.945997,175
3.946184,15
3.946371,177
3.946558,15
3.946745,175
3.946932,15
3.947119,176
3.947306,15
3.947493,176
3.94768,15
3.947866,173
3.948053,15
3.94824,175
3.948427,15
3.948614,177
3.948801,15
3.948988,175
3.949175,15
3.949362,170
3.949549,15
3.949736,178
3.949923,15
3.95011,173
3.950297,15
3.950484,172
3.950671,15
3.950858,176
3.951045,15
3.951232,175
3.951419,15
3.951606,178
3.951793,15
3.95198,174
3.952167,15
3.952354,172
3.952541,15
3.952728,174
3.952915,15
3.953102,173
3.953289,15
3.953476,171
3.953663,15
3.95385,175
3.954037,15
3.954224,176
3.954411,15
3.954598,176
3.954785,15
3.954972,176
3.955159,15
3.955346,175
3.955533,15
3.95572,175
3.955907,15
3.956094,174
3.956281,15
3.956467,175
3.956654,15
3.956841,178
3.957028,15
3.957215,170
3.957402,15
3.957589,175
3.957776,15
3.957963,178
3.95815,15
3.958337,175
3.958524,15
3.958711,174
3.958898,15
3.959085,176
3.959272,15
3.959459,173
3.959646,15
3.959833,178
3.96002,15
3.960207,173
3.960394,15
3.960581,174
3.960768,15
3.960955,173
3.961142,15
3.961329,174
3.961516,15
3.961703,172
3.96189,15
3.962077,175
3.962264,15
3.962451,174
3.962638,15
3.962825,174
3.963012,15
3.963199,176
3.963386,15
3.963573,175
3.96376,15
3.963947,178
3.964134,15
3.964321,173
3.964508,15
3.964695,177
3.964882,15
3.965069,180
3.965255,15
3.965442,176
3.965629,15
3.965816,175
3.966003,15
3.96619,175
3.966377,15
3.966564,175
3.966751,15
3.966938,175
3.967125,15
3.967312,174
3.967499,15
3.967686,177
3.967873,15
3.96806,175
3.968247,15
3.968434,175
3.968621,15
3.968808,173
3.968995,15
3.969182,176
3.969369,15
3.969556,173
3.969743,15
3.96993,173
3.970117,15
3.970304,176
3.970491,15
3.970678,178
3.970865,15
3.971052,175
3.971239,15
3.971426,171
3.971613,15
3.9718,177
3.971987,15
3.972174,175
3.972361,15
3.972548,173
3.972735,15
3.972922,173
3.973109,15
3.973296,173
3.973483,15
3.97367,177
3.973857,15
3.974043,176
3.97423,15
3.974417,175
3.974604,15
3.974791,173
3.974978,15
3.975165,171
3.975352,15
3.975539,177
3.975726,15
3.975913,175
3.9761,15
3.976287,177
3.976474,15
3.976661,177
3.976848,15
3.977035,175
3.977222,15
3.977409,174
3.977596,15
3.977783,174
3.97797,15
3.978157,172
3.978344,15
3.978531,176
3.978718,15
3.978905,175
3.979092,15
3.979279,175
3.979466,15
3.979653,173
3.97984,15
3.980027,173
3.980214,15
3.980401,176
3.980588,15
3.980775,176
3.980962,15
3.981149,180
3.981336,15
3.981523,173
3.98171,15
3.981897,174
3.982084,15
3.982271,174
3.982458,15
3.982645,175
3.982831,15
3.983018,176
3.983205,15
3.983392,174
3.983579,15
3.983766,174
3.983953,15
3.98414,173
3.984327,15
3.984514,178
3.984701,15
3.984888,177
3.985075,15
3.985262,172
3.985449,15
3.985636,175
3.985823,15
3.98601,173
3.986197,15
3.986384,174
3.986571,15
3.986758,175
3.986945,15
3.987132,174
3.987319,15
3.987506,170
3.987693,15
3.98788,178
3.988067,15
3.988254,174
3.988441,15
3.988628,174
3.988815,15
3.989002,174
3.989189,15
3.989376,173
3.989563,15
3.98975,175
3.989937,15
3.990124,174
3.990311,15
3.990498,176
3.990685,15
3.990872,175
3.991059,15
3.991246,173
3.991432,15
3.991619,176
3.991806,15
3.991993,174
3.99218,15
3.992367,175
3.992554,15
3.992741,176
3.992928,15
3.993115,173
3.993302,15
3.993489,175
3.993676,15
3.993863,174
3.99405,15
3.994237,173
3.994424,15
3.994611,172
3.994798,15
3.994985,179
3.995172,15
3.995359,173
3.995546,15
3.995733,174
3.99592,15
3.996107,170
3.996294,15
3.996481,177
3.996668,15
3.996855,175
3.997042,15
3.997229,173
3.997416,15
3.997603,175
3.99779,15
3.997977,176
3.998164,15
3.998351,174
3.998538,15
3.998725,174
3.998912,15
3.999099,178
3.999286,15
3.999473,177
3.99966,15
3.999847,177
4.000034,15
4.00022,177
4.000407,15
4.000594,178
4.000781,15
4.000968,178
4.001155,15
4.001342,174
4.001529,15
4.001716,176
4.001903,15
4.00209,176
4.002277,15
4.002464,174
4.002651,15
4.002838,174
4.003025,15
4.003212,174
4.003399,15
4.003586,177
4.003773,15
4.00396,176
4.004147,15
4.004334,172
4.004521,15
4.004708,176
4.004895,15
4.005082,176
4.005269,15
4.005456,174
4.005643,15
4.00583,176
4.006017,15
4.006204,174
4.006391,15
4.006578,175
4.006765,15
4.006952,176
4.007139,15
4.007326,174
4.007513,15
4.0077,174
4.007887,15
4.008074,172
4.008261,15
4.008448,176
4.008635,15
4.008822,177
4.009008,15
4.009195,174
4.009382,15
4.009569,176
4.009756,15
4.009943,171
4.01013,15
4.010317,174
4.010504,15
4.010691,173
4.010878,15
4.011065,173
4.011252,15
4.011439,175
4.011626,15
4.011813,175
4.012,15
4.012187,173
4.012374,15
4.012561,175
4.012748,15
4.012935,172
4.013122,15
4.013309,172
4.013496,15
4.013683,175
4.01387,15
4.014057,176
4.014244,15
4.014431,175
4.014618,15
4.014805,175
4.014992,15
4.015179,175
4.015366,15
4.015553,172
4.01574,15
4.015927,175
4.016114,15
4.016301,174
4.016488,15
4.016675,173
4.016862,15
4.017049,173
4.017236,15
4.017423,172
4.01761,15
4.017796,174
4.017983,15
4.01817,178
4.018357,15
4.018544,172
4.018731,15
4.018918,173
4.019105,15
4.019292,173
4.019479,15
4.019666,175
4.019853,15
4.02004,175
4.020227,15
4.020414,178
4.020601,15
4.020788,176
4.020975,15
4.021162,176
4.021349,15
4.021536,174
4.021723,15
4.02191,178
4.022097,15
4.022284,170
4.022471,15
4.022658,178
4.022845,15
4.023032,174
4.023219,15
4.023406,178
4.023593,15
4.02378,174
4.023967,15
4.024154,175
4.024341,15
4.024528,177
4.024715,15
4.024902,177
4.025089,15
4.025276,175
4.025463,15
4.02565,175
4.025837,15
4.026024,173
4.026211,15
4.026397,174
4.026584,15
4.026771,172
4.026958,15
4.027145,173
4.027332,15
4.027519,176
4.027706,15
4.027893,173
4.02808,15
4.028267,176
4.028454,15
4.028641,175
4.028828,15
4.029015,174
4.029202,15
4.029389,175
4.029576,15
4.029763,175
4.02995,15
4.030137,173
4.030324,15
4.030511,173
4.030698,15
4.030885,178
4.031072,15
4.031259,176
4.031446,15
4.031633,175
4.03182,15
4.032007,173
4.032194,15
4.032381,176
4.032568,15
4.032755,177
4.032942,15
4.033129,174
4.033316,15
4.033503,173
4.03369,15
4.033877,174
4.034064,15
4.034251,176
4.034438,15
4.034625,176
4.034812,15
4.034999,176
4.035185,15
4.035372,173
4.035559,15
4.035746,176
4.035933,15
4.03612,177
4.036307,15
4.036494,172
4.036681,15
4.036868,173
4.037055,15
4.037242,173
4.037429,15
4.037616,173
4.037803,15
4.03799,176
4.038177,15
4.038364,173
4.038551,15
4.038738,174
4.038925,15
4.039112,176
4.039299,15
4.039486,174
4.039673,15
4.03986,173
4.040047,15
4.040234,173
4.040421,15
4.040608,177
4.040795,15
4.040982,175
4.041169,15
4.041356,176
4.041543,15
4.04173,174
4.041917,15
4.042104,175
4.042291,15
4.042478,174
4.042665,15
4.042852,177
4.043039,15
4.043226,173
4.043413,15
4.0436,171
4.043787,15
4.043973,172
4.04416,15
4.044347,176
4.044534,15
4.044721,175
4.044908,15
4.045095,173
4.045282,15
4.045469,175
4.045656,15
4.045843,174
4.04603,15
4.046217,178
4.046404,15
4.046591,178
4.046778,15
4.046965,176
4.047152,15
4.047339,176
4.047526,15
4.047713,176
4.0479,15
4.048087,173
4.048274,15
4.048461,176
4.048648,15
4.048835,172
4.049022,15
4.049209,173
4.049396,15
4.049583,171
4.04977,15
4.049957,175
4.050144,15
4.050331,176
4.050518,15
4.050705,176
4.050892,15
4.051079,176
4.051266,15
4.051453,170
4.05164,15
4.051827,175
4.052014,15
4.052201,177
4.052388,15
4.052575,174
4.052761,15
4.052948,174
4.053135,15
4.053322,172
4.053509,15
4.053696,174
4.053883,15
4.05407,171
4.054257,15
4.054444,173
4.054631,15
4.054818,175
4.055005,15
4.055192,176
4.055379,15
4.055566,174
4.055753,15
4.05594,174
4.056127,15
4.056314,173
4.056501,15
4.056688,174
4.056875,15
4.057062,178
4.057249,15
4.057436,172
4.057623,15
4.05781,174
4.057997,15
4.058184,173
4.058371,15
4.058558,176
4.058745,15
4.058932,178
4.059119,15
4.059306,177
4.059493,15
4.05968,176
4.059867,15
4.060054,172
4.060241,15
4.060428,175
4.060615,15
4.060802,176
4.060989,15
4.061176,172
4.061363,15
4.061549,174
4.061736,15
4.061923,177
4.06211,15
4.062297,172
4.062484,15
4.062671,173
4.062858,15
4.063045,172
4.063232,15
4.063419,175
4.063606,15
4.063793,177
4.06398,15
4.064167,175
4.064354,15
4.064541,170
4.064728,15
4.064915,173
4.065102,15
4.065289,174
4.065476,15
4.065663,174
4.06585,15
4.066037,172
4.066224,15
4.066411,174
4.066598,15
4.066785,175
4.066972,15
4.067159,178
4.067346,15
4.067533,175
4.06772,15
4.067907,173
4.068094,15
4.068281,174
4.068468,15
4.068655,173
4.068842,15
4.069029,173
4.069216,15
4.069403,173
4.06959,15
4.069777,172
4.069964,15
4.07015,172
4.070337,15
4.070524,176
4.070711,15
4.070898,173
4.071085,15
4.071272,175
4.071459,15
4.071646,175
4.071833,15
4.07202,173
4.072207,15
4.072394,172
4.072581,15
4.072768,172
4.072955,15
4.073142,169
4.073329,15
4.073516,175
4.073703,15
4.07389,172
4.074077,15
4.074264,174
4.074451,15
4.074638,175
4.074825,15
4.075012,174
4.075199,15
4.075386,175
4.075573,15
4.07576,177
4.075947,15
4.076134,173
4.076321,15
4.076508,174
4.076695,15
4.076882,175
4.077069,15
4.077256,175
4.077443,15
4.07763,174
4.077817,15
4.078004,177
4.078191,15
4.078378,179
4.078565,15
4.078752,176
4.078938,15
4.079125,173
4.079312,15
4.079499,171
4.079686,15
4.079873,176
4.08006,15
4.080247,172
4.080434,15
4.080621,175
4.080808,15
4.080995,174
4.081182,15
4.081369,175
4.081556,15
4.081743,177
4.08193,15
4.082117,175
4.082304,15
4.082491,171
4.082678,15
4.082865,178
4.083052,15
4.083239,173
4.083426,15
4.083613,176
4.0838,15
4.083987,173
4.084174,15
4.084361,173
4.084548,15
4.084735,174
4.084922,15
4.085109,175
4.085296,15
4.085483,175
4.08567,15
4.085857,172
4.086044,15
4.086231,173
4.086418,15
4.086605,173
4.086792,15
4.086979,175
4.087166,15
4.087353,176
4.08754,15
4.087726,172
4.087913,15
4.0881,178
4.088287,15
4.088474,175
4.088661,15
4.088848,172
4.089035,15
4.089222,174
4.089409,15
4.089596,172
4.089783,15
4.08997,172
4.090157,15
4.090344,174
4.090531,15
4.090718,172
4.090905,15
4.091092,173
4.091279,15
4.091466,170
4.091653,15
4.09184,171
4.092027,15
4.092214,174
4.092401,15
4.092588,176
4.092775,15
4.092962,174
4.093149,15
4.093336,173
4.093523,15
4.09371,173
4.093897,15
4.094084,174
4.094271,15
4.094458,173
4.094645,15
4.094832,175
4.095019,15
4.095206,172
4.095393,15
4.09558,175
4.095767,15
4.095954,174
4.096141,15
4.096328,173
4.096514,15
4.096701,173
4.096888,15
4.097075,175
4.097262,15
4.097449,174
4.097636,15
4.097823,171
4.09801,15
4.098197,177
4.098384,15
4.098571,175
4.098758,15
4.098945,176
4.099132,15
4.099319,176
4.099506,15
4.099693,175
4.09988,15
4.100067,175
4.100254,15
4.100441,175
4.100628,15
4.100815,172
4.101002,15
4.101189,175
4.101376,15
4.101563,175
4.10175,15
4.101937,174
4.102124,15
4.102311,174
4.102498,15
4.102685,175
4.102872,15
4.103059,174
4.103246,15
4.103433,180
4.10362,15
4.103807,175
4.103994,15
4.104181,176
4.104368,15
4.104555,172
4.104742,15
4.104929,174
4.105115,15
4.105302,175
4.105489,15
4.105676,172
4.105863,15
4.10605,175
4.106237,15
4.106424,179
4.106611,15
4.106798,176
4.106985,15
4.107172,175
4.107359,15
4.107546,176
4.107733,15
4.10792,174
4.108107,15
4.108294,174
4.108481,15
4.108668,175
4.108855,15
4.109042,181
4.109229,15
4.109416,172
4.109603,15
4.10979,172
4.109977,15
4.110164,179
4.110351,15
4.110538,175
4.110725,15
4.110912,174
4.111099,15
4.111286,174
4.111473,15
4.11166,173
4.111847,15
4.112034,175
4.112221,15
4.112408,175
4.112595,15
4.112782,172
4.112969,15
4.113156,171
4.113343,15
4.11353,173
4.113717,15
4.113903,170
4.11409,15
4.114277,175
4.114464,15
4.114651,175
4.114838,15
4.115025,171
4.115212,15
4.115399,178
4.115586,15
4.115773,174
4.11596,15
4.116147,172
4.116334,15
4.116521,174
4.116708,15
4.116895,175
4.117082,15
4.117269,175
4.117456,15
4.117643,174
4.11783,15
4.118017,175
4.118204,15
4.118391,175
4.118578,15
4.118765,178
4.118952,15
4.119139,173
4.119326,15
4.119513,169
4.1197,15
4.119887,176
4.120074,15
4.120261,172
4.120448,15
4.120635,175
4.120822,15
4.121009,172
4.121196,15
4.121383,176
4.12157,15
4.121757,178
4.121944,15
4.122131,173
4.122318,15
4.122505,174
4.122691,15
4.122878,172
4.123065,15
4.123252,175
4.123439,15
4.123626,179
4.123813,15
4.124,179
4.124187,15
4.124374,177
4.124561,15
4.124748,175
4.124935,15
4.125122,175
4.125309,15
4.125496,176
4.125683,15
4.12587,173
4.126057,15
4.126244,176
4.126431,15
4.126618,177
4.126805,15
4.126992,178
4.127179,15
4.127366,175
4.127553,15
4.12774,178
4.127927,15
4.128114,173
4.128301,15
4.128488,176
4.128675,15
4.128862,176
4.129049,15
4.129236,172
4.129423,15
4.12961,177
4.129797,15
4.129984,179
4.130171,15
4.130358,175
4.130545,15
4.130732,177
4.130919,15
4.131106,176
4.131293,15
4.131479,174
4.131666,15
4.131853,176
4.13204,15
4.132227,175
4.132414,15
4.132601,173
4.132788,15
4.132975,178
4.133162,15
4.133349,176
4.133536,15
4.133723,173
4.13391,15
4.134097,173
4.134284,15
4.134471,173
4.134658,15
4.134845,175
4.135032,15
4.135219,172
4.135406,15
4.135593,176
4.13578,15
4.135967,174
4.136154,15
4.136341,174
4.136528,15
4.136715,176
4.136902,15
4.137089,174
4.137276,15
4.137463,175
4.13765,15
4.137837,177
4.138024,15
4.138211,173
4.138398,15
4.138585,173
4.138772,15
4.138959,174
4.139146,15
4.139333,174
4.13952,15
4.139707,175
4.139894,15
4.14008,177
4.140267,15
4.140454,174
4.140641,15
4.140828,174
4.141015,15
4.141202,177
4.141389,15
4.141576,177
4.141763,15
4.14195,177
4.142137,15
4.142324,173
4.142511,15
4.142698,173
4.142885,15
4.143072,174
4.143259,15
4.143446,174
4.143633,15
4.14382,178
4.144007,15
4.144194,174
4.144381,15
4.144568,176
4.144755,15
4.144942,174
4.145129,15
4.145316,180
4.145503,15
4.14569,176
4.145877,15
4.146064,172
4.146251,15
4.146438,178
4.146625,15
4.146812,176
4.146999,15
4.147186,173
4.147373,15
4.14756,173
4.147747,15
4.147934,175
4.148121,15
4.148308,173
4.148495,15
4.148682,175
4.148868,15
4.149055,181
4.149242,15
4.149429,176
4.149616,15
4.149803,178
4.14999,15
4.150177,175
4.150364,15
4.150551,172
4.150738,15
4.150925,178
4.151112,15
4.151299,174
4.151486,15
4.151673,174
4.15186,15
4.152047,174
4.152234,15
4.152421,174
4.152608,15
4.152795,175
4.152982,15
4.153169,171
4.153356,15
4.153543,176
4.15373,15
4.153917,175
4.154104,15
4.154291,172
4.154478,15
4.154665,179
4.154852,15
4.155039,176
4.155226,15
4.155413,172
4.1556,15
4.155787,174
4.155974,15
4.156161,175
4.156348,15
4.156535,178
4.156722,15
4.156909,174
4.157096,15
4.157283,175
4.15747,15
4.157656,174
4.157843,15
4.15803,174
4.158217,15
4.158404,174
4.158591,15
4.158778,175
4.158965,15
4.159152,174
4.159339,15
4.159526,174
4.159713,15
4.1599,178
4.160087,15
4.160274,175
4.160461,15
4.160648,174
4.160835,15
4.161022,176
4.161209,15
4.161396,172
4.161583,15
4.16177,175
4.161957,15
4.162144,173
4.162331,15
4.162518,172
4.162705,15
4.162892,175
4.163079,15
4.163266,175
4.163453,15
4.16364,172
4.163827,15
4.164014,173
4.164201,15
4.164388,177
4.164575,15
4.164762,181
4.164949,15
4.165136,180
4.165323,15
4.16551,173
4.165697,15
4.165884,176
4.166071,15
4.166258,175
4.166444,15
4.166631,174
4.166818,15
4.167005,174
4.167192,15
4.167379,174
4.167566,15
4.167753,175
4.16794,15
4.168127,175
4.168314,15
4.168501,175
4.168688,15
4.168875,174
4.169062,15
4.169249,172
4.169436,15
4.169623,175
4.16981,15
4.169997,173
4.170184,15
4.170371,178
4.170558,15
4.170745,174
4.170932,15
4.171119,174
4.171306,15
4.171493,173
4.17168,15
4.171867,176
4.172054,15
4.172241,173
4.172428,15
4.172615,173
4.172802,15
4.172989,173
4.173176,15
4.173363,173
4.17355,15
4.173737,175
4.173924,15
4.174111,174
4.174298,15
4.174485,172
4.174672,15
4.174859,175
4.175045,15
4.175232,172
4.175419,15
4.175606,176
4.175793,15
4.17598,175
4.176167,15
4.176354,173
4.176541,15
4.176728,177
4.176915,15
4.177102,172
4.177289,15
4.177476,172
4.177663,15
4.17785,175
4.178037,15
4.178224,175
4.178411,15
4.178598,174
4.178785,15
4.178972,175
4.179159,15
4.179346,173
4.179533,15
4.17972,171
4.179907,15
4.180094,173
4.180281,15
4.180468,175
4.180655,15
4.180842,174
4.181029,15
4.181216,174
4.181403,15
4.18159,180
4.181777,15
4.181964,176
4.182151,15
4.182338,178
4.182525,15
4.182712,175
4.182899,15
4.183086,177
4.183273,15
4.18346,175
4.183647,15
4.183833,176
4.18402,15
4.184207,175
4.184394,15
4.184581,177
4.184768,15
4.184955,174
4.185142,15
4.185329,174
4.185516,15
4.185703,176
4.18589,15
4.186077,175
4.186264,15
4.186451,174
4.186638,15
4.186825,178
4.187012,15
4.187199,176
4.187386,15
4.187573,175
4.18776,15
4.187947,174
4.188134,15
4.188321,174
4.188508,15
4.188695,177
4.188882,15
4.189069,175
4.189256,15
4.189443,174
4.18963,15
4.189817,175
4.190004,15
4.190191,175
4.190378,15
4.190565,173
4.190752,15
4.190939,175
4.191126,15
4.191313,172
4.1915,15
4.191687,172
4.191874,15
4.192061,175
4.192248,15
4.192435,176
4.192621,15
4.192808,172
4.192995,15
4.193182,175
4.193369,15
4.193556,175
4.193743,15
4.19393,171
4.194117,15
4.194304,174
4.194491,15
4.194678,175
4.194865,15
4.195052,175
4.195239,15
4.195426,174
4.195613,15
4.1958,175
4.195987,15
4.196174,171
4.196361,15
4.196548,170
4.196735,15
4.196922,174
4.197109,15
4.197296,173
4.197483,15
4.19767,175
4.197857,15
4.198044,171
4.198231,15
4.198418,178
4.198605,15
4.198792,172
4.198979,15
4.199166,174
4.199353,15
4.19954,177
4.199727,15
4.199914,172
4.200101,15
4.200288,174
4.200475,15
4.200662,174
4.200849,15
4.201036,172
4.201223,15
4.201409,175
4.201596,15
4.201783,175
4.20197,15
4.202157,173
4.202344,15
4.202531,177
4.202718,15
4.202905,173
4.203092,15
4.203279,178
4.203466,15
4.203653,173
4.20384,15
4.204027,174
4.204214,15
4.204401,178
4.204588,15
4.204775,178
4.204962,15
4.205149,176
4.205336,15
4.205523,174
4.20571,15
4.205897,175
4.206084,15
4.206271,178
4.206458,15
4.206645,175
4.206832,15
4.207019,176
4.207206,15
4.207393,174
4.20758,15
4.207767,175
4.207954,15
4.208141,173
4.208328,15
4.208515,174
4.208702,15
4.208889,176
4.209076,15
4.209263,172
4.20945,15
4.209637,178
4.209824,15
4.21001,175
4.210197,15
4.210384,175
4.210571,15
4.210758,172
4.210945,15
4.211132,174
4.211319,15
4.211506,173
4.211693,15
4.21188,173
4.212067,15
4.212254,175
4.212441,15
4.212628,178
4.212815,15
4.213002,172
4.213189,15
4.213376,173
4.213563,15
4.21375,172
4.213937,15
4.214124,175
4.214311,15
4.214498,177
4.214685,15
4.214872,175
4.215059,15
4.215246,173
4.215433,15
4.21562,176
4.215807,15
4.215994,174
4.216181,15
4.216368,173
4.216555,15
4.216742,171
4.216929,15
4.217116,173
4.217303,15
4.21749,173
4.217677,15
4.217864,175
4.218051,15
4.218238,171
4.218425,15
4.218612,171
4.218798,15
4.218985,174
4.219172,15
4.219359,176
4.219546,15
4.219733,173
4.21992,15
4.220107,173
4.220294,15
4.220481,178
4.220668,15
4.220855,175
4.221042,15
4.221229,172
4.221416,15
4.221603,171
4.22179,15
4.221977,175
4.222164,15
4.222351,178
4.222538,15
4.222725,175
4.222912,15
4.223099,172
4.223286,15
4.223473,173
4.22366,15
4.223847,176
4.224034,15
4.224221,172
4.224408,15
4.224595,172
4.224782,15
4.224969,174
4.225156,15
4.225343,172
4.22553,15
4.225717,175
4.225904,15
4.226091,175
4.226278,15
4.226465,174
4.226652,15
4.226839,177
4.227026,15
4.227213,177
4.2274,15
4.227586,171
4.227773,15
4.22796,173
4.228147,15
4.228334,175
4.228521,15
4.228708,172
4.228895,15
4.229082,176
4.229269,15
4.229456,175
4.229643,15
4.22983,174
4.230017,15
4.230204,175
4.230391,15
4.230578,174
4.230765,15
4.230952,174
4.231139,15
4.231326,174
4.231513,15
4.2317,175
4.231887,15
4.232074,173
4.232261,15
4.232448,177
4.232635,15
4.232822,172
4.233009,15
4.233196,175
4.233383,15
4.23357,172
4.233757,15
4.233944,175
4.234131,15
4.234318,172
4.234505,15
4.234692,176
4.234879,15
4.235066,173
4.235253,15
4.23544,175
4.235627,15
4.235814,172
4.236001,15
4.236188,176
4.236374,15
4.236561,173
4.236748,15
4.236935,173
4.237122,15
4.237309,175
4.237496,15
4.237683,177
4.23787,15
4.238057,174
4.238244,15
4.238431,173
4.238618,15
4.238805,177
4.238992,15
4.239179,174
4.239366,15
4.239553,172
4.23974,15
4.239927,176
4.240114,15
4.240301,174
4.240488,15
4.240675,175
4.240862,15
4.241049,171
4.241236,15
4.241423,173
4.24161,15
4.241797,173
4.241984,15
4.242171,177
4.242358,15
4.242545,174
4.242732,15
4.242919,172
4.243106,15
4.243293,174
4.24348,15
4.243667,175
4.243854,15
4.244041,178
4.244228,15
4.244415,173
4.244602,15
4.244789,178
4.244976,15
4.245162,175
4.245349,15
4.245536,175
4.245723,15
4.24591,171
4.246097,15
4.246284,176
4.246471,15
4.246658,174
4.246845,15
4.247032,175
4.247219,15
4.247406,174
4.247593,15
4.24778,172
4.247967,15
4.248154,177
4.248341,15
4.248528,174
4.248715,15
4.248902,176
4.249089,15
4.249276,176
4.249463,15
4.24965,176
4.249837,15
4.250024,173
4.250211,15
4.250398,175
4.250585,15
4.250772,173
4.250959,15
4.251146,171
4.251333,15
4.25152,178
4.251707,15
4.251894,174
4.252081,15
4.252268,180
4.252455,15
4.252642,174
4.252829,15
4.253016,175
4.253203,15
4.25339,178
4.253577,15
4.253763,174
4.25395,15
4.254137,178
4.254324,15
4.254511,176
4.254698,15
4.254885,175
4.255072,15
4.255259,176
4.255446,15
4.255633,174
4.25582,15
4.256007,175
4.256194,15
4.256381,172
4.256568,15
4.256755,172
4.256942,15
4.257129,173
4.257316,15
4.257503,175
4.25769,15
4.257877,176
4.258064,15
4.258251,173
4.258438,15
4.258625,175
4.258812,15
4.258999,175
4.259186,15
4.259373,175
4.25956,15
4.259747,171
4.259934,15
4.260121,175
4.260308,15
4.260495,177
4.260682,15
4.260869,173
4.261056,15
4.261243,179
4.26143,15
4.261617,174
4.261804,15
4.261991,175
4.262178,15
4.262365,172
4.262551,15
4.262738,176
4.262925,15
4.263112,176
4.263299,15
4.263486,177
4.263673,15
4.26386,175
4.264047,15
4.264234,174
4.264421,15
4.264608,175
4.264795,15
4.264982,175
4.265169,15
4.265356,176
4.265543,15
4.26573,175
4.265917,15
4.266104,176
4.266291,15
4.266478,177
4.266665,15
4.266852,179
4.267039,15
4.267226,175
4.267413,15
4.2676,173
4.267787,15
4.267974,178
4.268161,15
4.268348,172
4.268535,15
4.268722,178
4.268909,15
4.269096,173
4.269283,15
4.26947,176
4.269657,15
4.269844,175
4.270031,15
4.270218,175
4.270405,15
4.270592,178
4.270779,15
4.270966,176
4.271153,15
4.271339,172
4.271526,15
4.271713,175
4.2719,15
4.272087,177
4.272274,15
4.272461,173
4.272648,15
4.272835,177
4.273022,15
4.273209,175
4.273396,15
4.273583,175
4.27377,15
4.273957,174
4.274144,15
4.274331,171
4.274518,15
4.274705,176
4.274892,15
4.275079,177
4.275266,15
4.275453,174
4.27564,15
4.275827,172
4.276014,15
4.276201,175
4.276388,15
4.276575,173
4.276762,15
4.276949,176
4.277136,15
4.277323,175
4.27751,15
4.277697,171
4.277884,15
4.278071,174
4.278258,15
4.278445,173
4.278632,15
4.278819,172
4.279006,15
4.279193,174
4.27938,15
4.279567,173
4.279754,15
4.279941,173
4.280127,15
4.280314,174
4.280501,15
4.280688,174
4.280875,15
4.281062,174
4.281249,15
4.281436,174
4.281623,15
4.28181,175
4.281997,15
4.282184,174
4.282371,15
4.282558,177
4.282745,15
4.282932,173
4.283119,15
4.283306,175
4.283493,15
4.28368,176
4.283867,15
4.284054,176
4.284241,15
4.284428,171
4.284615,15
4.284802,175
4.284989,15
4.285176,175
4.285363,15
4.28555,175
4.285737,15
4.285924,172
4.286111,15
4.286298,174
4.286485,15
4.286672,174
4.286859,15
4.287046,173
4.287233,15
4.28742,175
4.287607,15
4.287794,173
4.287981,15
4.288168,174
4.288355,15
4.288542,174
4.288728,15
4.288915,179
4.289102,15
4.289289,173
4.289476,15
4.289663,175
4.28985,15
4.290037,174
4.290224,15
4.290411,173
4.290598,15
4.290785,178
4.290972,15
4.291159,179
4.291346,15
4.291533,180
4.29172,15
4.291907,175
4.292094,15
4.292281,176
4.292468,15
4.292655,172
4.292842,15
4.293029,175
4.293216,15
4.293403,172
4.29359,15
4.293777,175
4.293964,15
4.294151,174
4.294338,15
4.294525,175
4.294712,15
4.294899,175
4.295086,15
4.295273,177
4.29546,15
4.295647,173
4.295834,15
4.296021,174
4.296208,15
4.296395,177
4.296582,15
4.296769,176
4.296956,15
4.297143,175
4.29733,15
4.297516,172
4.297703,15
4.29789,175
4.298077,15
4.298264,175
4.298451,15
4.298638,172
4.298825,15
4.299012,172
4.299199,15
4.299386,173
4.299573,15
4.29976,175
4.299947,15
4.300134,174
4.300321,15
4.300508,174
4.300695,15
4.300882,174
4.301069,15
4.301256,173
4.301443,15
4.30163,174
4.301817,15
4.302004,174
4.302191,15
4.302378,175
4.302565,15
4.302752,175
4.302939,15
4.303126,176
4.303313,15
4.3035,178
4.303687,15
4.303874,173
4.304061,15
4.304248,172
4.304435,15
4.304622,172
4.304809,15
4.304996,176
4.305183,15
4.30537,174
4.305557,15
4.305744,175
4.305931,15
4.306118,170
4.306304,15
4.306491,176
4.306678,15
4.306865,174
4.307052,15
4.307239,177
4.307426,15
4.307613,179
4.3078,15
4.307987,172
4.308174,15
4.308361,173
4.308548,15
4.308735,175
4.308922,15
4.309109,172
4.309296,15
4.309483,175
4.30967,15
4.309857,174
4.310044,15
4.310231,175
4.310418,15
4.310605,177
4.310792,15
4.310979,177
4.311166,15
4.311353,174
4.31154,15
4.311727,175
4.311914,15
4.312101,174
4.312288,15
4.312475,178
4.312662,15
4.312849,173
4.313036,15
4.313223,172
4.31341,15
4.313597,175
4.313784,15
4.313971,180
4.314158,15
4.314345,172
4.314532,15
4.314719,176
4.314906,15
4.315092,177
4.315279,15
4.315466,173
4.315653,15
4.31584,174
4.316027,15
4.316214,174
4.316401,15
4.316588,173
4.316775,15
4.316962,176
4.317149,15
4.317336,175
4.317523,15
4.31771,174
4.317897,15
4.318084,174
4.318271,15
4.318458,172
4.318645,15
4.318832,171
4.319019,15
4.319206,173
4.319393,15
4.31958,172
4.319767,15
4.319954,171
4.320141,15
4.320328,172
4.320515,15
4.320702,176
4.320889,15
4.321076,174
4.321263,15
4.32145,174
4.321637,15
4.321824,174
4.322011,15
4.322198,175
4.322385,15
4.322572,174
4.322759,15
4.322946,172
4.323133,15
4.32332,177
4.323507,15
4.323693,173
4.32388,15
4.324067,177
4.324254,15
4.324441,172
4.324628,15
4.324815,175
4.325002,15
4.325189,176
4.325376,15
4.325563,175
4.32575,15
4.325937,175
4.326124,15
4.326311,173
4.326498,15
4.326685,178
4.326872,15
4.327059,176
4.327246,15
4.327433,175
4.32762,15
4.327807,176
4.327994,15
4.328181,174
4.328368,15
4.328555,174
4.328742,15
4.328929,171
4.329116,15
4.329303,173
4.32949,15
4.329677,178
4.329864,15
4.330051,176
4.330238,15
4.330425,179
4.330612,15
4.330799,179
4.330986,15
4.331173,175
4.33136,15
4.331547,176
4.331734,15
4.331921,174
4.332108,15
4.332295,178
4.332481,15
4.332668,178
4.332855,15
4.333042,175
4.333229,15
4.333416,178
4.333603,15
4.33379,177
4.333977,15
4.334164,175
4.334351,15
4.334538,173
4.334725,15
4.334912,176
4.335099,15
4.335286,173
4.335473,15
4.33566,175
4.335847,15
4.336034,175
4.336221,15
4.336408,172
4.336595,15
4.336782,177
4.336969,15
4.337156,175
4.337343,15
4.33753,172
4.337717,15
4.337904,176
4.338091,15
4.338278,177
4.338465,15
4.338652,178
4.338839,15
4.339026,177
4.339213,15
4.3394,176
4.339587,15
4.339774,172
4.339961,15
4.340148,177
4.340335,15
4.340522,172
4.340709,15
4.340896,174
4.341083,15
4.341269,172
4.341456,15
4.341643,174
4.34183,15
4.342017,176
4.342204,15
4.342391,174
4.342578,15
4.342765,177
4.342952,15
4.343139,173
4.343326,15
4.343513,172
4.3437,15
4.343887,173
4.344074,15
4.344261,173
4.344448,15
4.344635,174
4.344822,15
4.345009,172
4.345196,15
4.345383,175
4.34557,15
4.345757,170
4.345944,15
4.346131,174
4.346318,15
4.346505,176
4.346692,15
4.346879,174
4.347066,15
4.347253,175
4.34744,15
4.347627,172
4.347814,15
4.348001,175
4.348188,15
4.348375,175
4.348562,15
4.348749,176
4.348936,15
4.349123,173
4.34931,15
4.349497,175
4.349684,15
4.349871,172
4.350057,15
4.350244,173
4.350431,15
4.350618,176
4.350805,15
4.350992,172
4.351179,15
4.351366,178
4.351553,15
4.35174,178
4.351927,15
4.352114,172
4.352301,15
4.352488,173
4.352675,15
4.352862,176
4.353049,15
4.353236,175
4.353423,15
4.35361,176
4.353797,15
4.353984,173
4.354171,15
4.354358,174
4.354545,15
4.354732,175
4.354919,15
4.355106,172
4.355293,15
4.35548,174
4.355667,15
4.355854,173
4.356041,15
4.356228,176
4.356415,15
4.356602,173
4.356789,15
4.356976,175
4.357163,15
4.35735,174
4.357537,15
4.357724,173
4.357911,15
4.358098,171
4.358285,15
4.358472,173
4.358658,15
4.358845,174
4.359032,15
4.359219,173
4.359406,15
4.359593,177
4.35978,15
4.359967,174
4.360154,15
4.360341,179
4.360528,15
4.360715,175
4.360902,15
4.361089,174
4.361276,15
4.361463,173
4.36165,15
4.361837,172
4.362024,15
4.362211,177
4.362398,15
4.362585,175
4.362772,15
4.362959,173
4.363146,15
4.363333,174
4.36352,15
4.363707,177
4.363894,15
4.364081,175
4.364268,15
4.364455,174
4.364642,15
4.364829,175
4.365016,15
4.365203,175
4.36539,15
4.365577,172
4.365764,15
4.365951,178
4.366138,15
4.366325,177
4.366512,15
4.366699,175
4.366886,15
4.367073,175
4.36726,15
4.367446,175
4.367633,15
4.36782,174
4.368007,15
4.368194,173
4.368381,15
4.368568,180
4.368755,15
4.368942,177
4.369129,15
4.369316,177
4.369503,15
4.36969,174
4.369877,15
4.370064,178
4.370251,15
4.370438,175
4.370625,15
4.370812,177
4.370999,15
4.371186,180
4.371373,15
4.37156,175
4.371747,15
4.371934,178
4.372121,15
4.372308,177
4.372495,15
4.372682,175
4.372869,15
4.373056,178
4.373243,15
4.37343,175
4.373617,15
4.373804,175
4.373991,15
4.374178,175
4.374365,15
4.374552,174
4.374739,15
4.374926,174
4.375113,15
4.3753,178
4.375487,15
4.375674,175
4.375861,15
4.376048,173
4.376234,15
4.376421,174
4.376608,15
4.376795,175
4.376982,15
4.377169,177
4.377356,15
4.377543,176
4.37773,15
4.377917,175
4.378104,15
4.378291,176
4.378478,15
4.378665,174
4.378852,15
4.379039,177
4.379226,15
4.379413,175
4.3796,15
4.379787,173
4.379974,15
4.380161,175
4.380348,15
4.380535,175
4.380722,15
4.380909,172
4.381096,15
4.381283,175
4.38147,15
4.381657,174
4.381844,15
4.382031,174
4.382218,15
4.382405,173
4.382592,15
4.382779,173
4.382966,15
4.383153,174
4.38334,15
4.383527,174
4.383714,15
4.383901,178
4.384088,15
4.384275,177
4.384462,15
4.384649,175
4.384836,15
4.385022,174
4.385209,15
4.385396,175
4.385583,15
4.38577,173
4.385957,15
4.386144,176
4.386331,15
4.386518,174
4.386705,15
4.386892,173
4.387079,15
4.387266,174
4.387453,15
4.38764,179
4.387827,15
4.388014,175
4.388201,15
4.388388,172
4.388575,15
4.388762,175
4.388949,15
4.389136,173
4.389323,15
4.38951,174
4.389697,15
4.389884,174
4.390071,15
4.390258,176
4.390445,15
4.390632,176
4.390819,15
4.391006,175
4.391193,15
4.39138,176
4.391567,15
4.391754,175
4.391941,15
4.392128,177
4.392315,15
4.392502,173
4.392689,15
4.392876,174
4.393063,15
4.39325,175
4.393437,15
4.393623,176
4.39381,15
4.393997,174
4.394184,15
4.394371,175
4.394558,15
4.394745,174
4.394932,15
4.395119,175
4.395306,15
4.395493,174
4.39568,15
4.395867,174
4.396054,15
4.396241,175
4.396428,15
4.396615,175
4.396802,15
4.396989,176
4.397176,15
4.397363,175
4.39755,15
4.397737,172
4.397924,15
4.398111,175
4.398298,15
4.398485,174
4.398672,15
4.398859,174
4.399046,15
4.399233,171
4.39942,15
4.399607,175
4.399794,15
4.399981,175
4.400168,15
4.400355,177
4.400542,15
4.400729,173
4.400916,15
4.401103,171
4.40129,15
4.401477,178
4.401664,15
4.401851,174
4.402038,15
4.402225,171
4.402411,15
4.402598,175
4.402785,15
4.402972,179
4.403159,15
4.403346,173
4.403533,15
4.40372,174
4.403907,15
4.404094,177
4.404281,15
4.404468,172
4.404655,15
4.404842,176
4.405029,15
4.405216,172
4.405403,15
4.40559,177
4.405777,15
4.405964,175
4.406151,15
4.406338,175
4.406525,15
4.406712,172
4.406899,15
4.407086,175
4.407273,15
4.40746,175
4.407647,15
4.407834,172
4.408021,15
4.408208,175
4.408395,15
4.408582,171
4.408769,15
4.408956,174
4.409143,15
4.40933,172
4.409517,15
4.409704,175
4.409891,15
4.410078,175
4.410265,15
4.410452,176
4.410639,15
4.410826,175
4.411013,15
4.411199,175
4.411386,15
4.411573,178
4.41176,15
4.411947,174
4.412134,15
4.412321,172
4.412508,15
4.412695,173
4.412882,15
4.413069,176
4.413256,15
4.413443,174
4.41363,15
4.413817,174
4.414004,15
4.414191,176
4.414378,15
4.414565,172
4.414752,15
4.414939,175
4.415126,15
4.415313,179
4.4155,15
4.415687,174
4.415874,15
4.416061,179
4.416248,15
4.416435,177
4.416622,15
4.416809,174
4.416996,15
4.417183,175
4.41737,15
4.417557,179
4.417744,15
4.417931,178
4.418118,15
4.418305,175
4.418492,15
4.418679,175
4.418866,15
4.419053,176
4.41924,15
4.419427,172
4.419614,15
4.419801,175
4.419987,15
4.420174,178
4.420361,15
4.420548,173
4.420735,15
4.420922,172
4.421109,15
4.421296,171
4.421483,15
4.42167,172
4.421857,15
4.422044,174
4.422231,15
4.422418,176
4.422605,15
4.422792,171
4.422979,15
4.423166,174
4.423353,15
4.42354,173
4.423727,15
4.423914,172
4.424101,15
4.424288,172
4.424475,15
4.424662,173
4.424849,15
4.425036,172
4.425223,15
4.42541,174
4.425597,15
4.425784,174
4.425971,15
4.426158,176
4.426345,15
4.426532,178
4.426719,15
4.426906,173
4.427093,15
4.42728,174
4.427467,15
4.427654,175
4.427841,15
4.428028,172
4.428215,15
4.428402,175
4.428589,15
4.428775,176
4.428962,15
4.429149,173
4.429336,15
4.429523,178
4.42971,15
4.429897,177
4.430084,15
4.430271,178
4.430458,15
4.430645,172
4.430832,15
4.431019,175
4.431206,15
4.431393,174
4.43158,15
4.431767,173
4.431954,15
4.432141,176
4.432328,15
4.432515,177
4.432702,15
4.432889,177
4.433076,15
4.433263,173
4.43345,15
4.433637,178
4.433824,15
4.434011,172
4.434198,15
4.434385,172
4.434572,15
4.434759,173
4.434946,15
4.435133,174
4.43532,15
4.435507,174
4.435694,15
4.435881,178
4.436068,15
4.436255,175
4.436442,15
4.436629,176
4.436816,15
4.437003,172
4.43719,15
4.437376,174
4.437563,15
4.43775,175
4.437937,15
4.438124,173
4.438311,15
4.438498,175
4.438685,15
4.438872,174
4.439059,15
4.439246,177
4.439433,15
4.43962,174
4.439807,15
4.439994,174
4.440181,15
4.440368,172
4.440555,15
4.440742,172
4.440929,15
4.441116,176
4.441303,15
4.44149,173
4.441677,15
4.441864,177
4.442051,15
4.442238,171
4.442425,15
4.442612,176
4.442799,15
4.442986,173
4.443173,15
4.44336,172
4.443547,15
4.443734,175
4.443921,15
4.444108,176
4.444295,15
4.444482,172
4.444669,15
4.444856,174
4.445043,15
4.44523,172
4.445417,15
4.445604,175
4.445791,15
4.445978,174
4.446164,15
4.446351,172
4.446538,15
4.446725,174
4.446912,15
4.447099,177
4.447286,15
4.447473,177
4.44766,15
4.447847,177
4.448034,15
4.448221,175
4.448408,15
4.448595,175
4.448782,15
4.448969,176
4.449156,15
4.449343,174
4.44953,15
4.449717,173
4.449904,15
4.450091,175
4.450278,15
4.450465,172
4.450652,15
4.450839,173
4.451026,15
4.451213,175
4.4514,15
4.451587,177
4.451774,15
4.451961,178
4.452148,15
4.452335,177
4.452522,15
4.452709,173
4.452896,15
4.453083,175
4.45327,15
4.453457,173
4.453644,15
4.453831,174
4.454018,15
4.454205,175
4.454392,15
4.454579,174
4.454766,15
4.454952,173
4.455139,15
4.455326,179
4.455513,15
4.4557,172
4.455887,15
4.456074,179
4.456261,15
4.456448,174
4.456635,15
4.456822,178
4.457009,15
4.457196,175
4.457383,15
4.45757,174
4.457757,15
4.457944,174
4.458131,15
4.458318,175
4.458505,15
4.458692,173
4.458879,15
4.459066,173
4.459253,15
4.45944,175
4.459627,15
4.459814,171
4.460001,15
4.460188,175
4.460375,15
4.460562,173
4.460749,15
4.460936,176
4.461123,15
4.46131,174
4.461497,15
4.461684,172
4.461871,15
4.462058,171
4.462245,15
4.462432,174
4.462619,15
4.462806,174
4.462993,15
4.46318,174
4.463367,15
4.463554,176
4.46374,15
4.463927,174
4.464114,15
4.464301,172
4.464488,15
4.464675,178
4.464862,15
4.465049,174
4.465236,15
4.465423,173
4.46561,15
4.465797,176
4.465984,15
4.466171,173
4.466358,15
4.466545,173
4.466732,15
4.466919,173
4.467106,15
4.467293,177
4.46748,15
4.467667,174
4.467854,15
4.468041,178
4.468228,15
4.468415,172
4.468602,15
4.468789,176
4.468976,15
4.469163,175
4.46935,15
4.469537,175
4.469724,15
4.469911,172
4.470098,15
4.470285,175
4.470472,15
4.470659,176
4.470846,15
4.471033,174
4.47122,15
4.471407,177
4.471594,15
4.471781,172
4.471968,15
4.472155,179
4.472341,15
4.472528,175
4.472715,15
4.472902,176
4.473089,15
4.473276,172
4.473463,15
4.47365,175
4.473837,15
4.474024,174
4.474211,15
4.474398,177
4.474585,15
4.474772,176
4.474959,15
4.475146,174
4.475333,15
4.47552,174
4.475707,15
4.475894,174
4.476081,15
4.476268,174
4.476455,15
4.476642,179
4.476829,15
4.477016,177
4.477203,15
4.47739,174
4.477577,15
4.477764,176
4.477951,15
4.478138,175
4.478325,15
4.478512,176
4.478699,15
4.478886,176
4.479073,15
4.47926,174
4.479447,15
4.479634,173
4.479821,15
4.480008,173
4.480195,15
4.480382,175
4.480569,15
4.480756,173
4.480943,15
4.481129,175
4.481316,15
4.481503,174
4.48169,15
4.481877,172
4.482064,15
4.482251,176
4.482438,15
4.482625,174
4.482812,15
4.482999,173
4.483186,15
4.483373,174
4.48356,15
4.483747,172
4.483934,15
4.484121,172
4.484308,15
4.484495,174
4.484682,15
4.484869,173
4.485056,15
4.485243,173
4.48543,15
4.485617,173
4.485804,15
4.485991,175
4.486178,15
4.486365,175
4.486552,15
4.486739,174
4.486926,15
4.487113,172
4.4873,15
4.487487,175
4.487674,15
4.487861,172
4.488048,15
4.488235,174
4.488422,15
4.488609,175
4.488796,15
4.488983,174
4.48917,15
4.489357,175
4.489544,15
4.489731,175
4.489917,15
4.490104,180
4.490291,15
4.490478,176
4.490665,15
4.490852,173
4.491039,15
4.491226,175
4.491413,15
4.4916,173
4.491787,15
4.491974,175
4.492161,15
4.492348,179
4.492535,15
4.492722,175
4.492909,15
4.493096,176
4.493283,15
4.49347,172
4.493657,15
4.493844,176
4.494031,15
4.494218,178
4.494405,15
4.494592,173
4.494779,15
4.494966,172
4.495153,15
4.49534,172
4.495527,15
4.495714,175
4.495901,15
4.496088,178
4.496275,15
4.496462,180
4.496649,15
4.496836,175
4.497023,15
4.49721,175
4.497397,15
4.497584,177
4.497771,15
4.497958,178
4.498145,15
4.498332,176
4.498519,15
4.498705,172
4.498892,15
4.499079,175
4.499266,15
4.499453,175
4.49964,15
4.499827,174
4.500014,15
4.500201,174
4.500388,15
4.500575,177
4.500762,15
4.500949,178
4.501136,15
4.501323,175
4.50151,15
4.501697,175
4.501884,15
4.502071,176
4.502258,15
4.502445,172
4.502632,15
4.502819,172
4.503006,15
4.503193,174
4.50338,15
4.503567,178
4.503754,15
4.503941,175
4.504128,15
4.504315,178
4.504502,15
4.504689,174
4.504876,15
4.505063,177
4.50525,15
4.505437,173
4.505624,15
4.505811,173
4.505998,15
4.506185,172
4.506372,15
4.506559,176
4.506746,15
4.506933,175
4.50712,15
4.507306,173
4.507493,15
4.50768,178
4.507867,15
4.508054,176
4.508241,15
4.508428,174
4.508615,15
4.508802,172
4.508989,15
4.509176,173
4.509363,15
4.50955,173
4.509737,15
4.509924,178
4.510111,15
4.510298,173
4.510485,15
4.510672,177
4.510859,15
4.511046,174
4.511233,15
4.51142,176
4.511607,15
4.511794,174
4.511981,15
4.512168,175
4.512355,15
4.512542,174
4.512729,15
4.512916,173
4.513103,15
4.51329,171
4.513477,15
4.513664,175
4.513851,15
4.514038,175
4.514225,15
4.514412,176
4.514599,15
4.514786,178
4.514973,15
4.51516,175
4.515347,15
4.515534,174
4.515721,15
4.515908,173
4.516094,15
4.516281,173
4.516468,15
4.516655,175
4.516842,15
4.517029,175
4.517216,15
4.517403,173
4.51759,15
4.517777,175
4.517964,15
4.518151,175
4.518338,15
4.518525,174
4.518712,15
4.518899,174
4.519086,15
4.519273,171
4.51946,15
4.519647,176
4.519834,15
4.520021,178
4.520208,15
4.520395,174
4.520582,15
4.520769,175
4.520956,15
4.521143,175
4.52133,15
4.521517,174
4.521704,15
4.521891,172
4.522078,15
4.522265,174
4.522452,15
4.522639,174
4.522826,15
4.523013,173
4.5232,15
4.523387,172
4.523574,15
4.523761,173
4.523948,15
4.524135,171
4.524322,15
4.524509,174
4.524696,15
4.524882,176
4.525069,15
4.525256,174
4.525443,15
4.52563,174
4.525817,15
4.526004,175
4.526191,15
4.526378,178
4.526565,15
4.526752,173
4.526939,15
4.527126,176
4.527313,15
4.5275,175
4.527687,15
4.527874,174
4.528061,15
4.528248,174
4.528435,15
4.528622,175
4.528809,15
4.528996,173
4.529183,15
4.52937,172
4.529557,15
4.529744,173
4.529931,15
4.530118,176
4.530305,15
4.530492,175
4.530679,15
4.530866,172
4.531053,15
4.53124,174
4.531427,15
4.531614,172
4.531801,15
4.531988,173
4.532175,15
4.532362,172
4.532549,15
4.532736,172
4.532923,15
4.53311,172
4.533297,15
4.533484,176
4.53367,15
4.533857,174
4.534044,15
4.534231,176
4.534418,15
4.534605,175
4.534792,15
4.534979,171
4.535166,15
4.535353,174
4.53554,15
4.535727,172
4.535914,15
4.536101,173
4.536288,15
4.536475,176
4.536662,15
4.536849,172
4.537036,15
4.537223,175
4.53741,15
4.537597,173
4.537784,15
4.537971,173
4.538158,15
4.538345,178
4.538532,15
4.538719,178
4.538906,15
4.539093,176
4.53928,15
4.539467,172
4.539654,15
4.539841,173
4.540028,15
4.540215,175
4.540402,15
4.540589,175
4.540776,15
4.540963,174
4.54115,15
4.541337,173
4.541524,15
4.541711,172
4.541898,15
4.542085,177
4.542271,15
4.542458,172
4.542645,15
4.542832,172
4.543019,15
4.543206,173
4.543393,15
4.54358,175
4.543767,15
4.543954,172
4.544141,15
4.544328,179
4.544515,15
4.544702,172
4.544889,15
4.545076,173
4.545263,15
4.54545,172
4.545637,15
4.545824,173
4.546011,15
4.546198,170
4.546385,15
4.546572,171
4.546759,15
4.546946,173
4.547133,15
4.54732,175
4.547507,15
4.547694,174
4.547881,15
4.548068,174
4.548255,15
4.548442,174
4.548629,15
4.548816,175
4.549003,15
4.54919,175
4.549377,15
4.549564,176
4.549751,15
4.549938,174
4.550125,15
4.550312,172
4.550499,15
4.550686,174
4.550873,15
4.551059,175
4.551246,15
4.551433,175
4.55162,15
4.551807,173
4.551994,15
4.552181,177
4.552368,15
4.552555,174
4.552742,15
4.552929,174
4.553116,15
4.553303,175
4.55349,15
4.553677,172
4.553864,15
4.554051,174
4.554238,15
4.554425,172
4.554612,15
4.554799,173
4.554986,15
4.555173,175
4.55536,15
4.555547,175
4.555734,15
4.555921,174
4.556108,15
4.556295,172
4.556482,15
4.556669,170
4.556856,15
4.557043,170
4.55723,15
4.557417,174
4.557604,15
4.557791,175
4.557978,15
4.558165,173
4.558352,15
4.558539,175
4.558726,15
4.558913,174
4.5591,15
4.559287,174
4.559474,15
4.559661,172
4.559847,15
4.560034,176
4.560221,15
4.560408,177
4.560595,15
4.560782,173
4.560969,15
4.561156,175
4.561343,15
4.56153,174
4.561717,15
4.561904,171
4.562091,15
4.562278,173
4.562465,15
4.562652,172
4.562839,15
4.563026,175
4.563213,15
4.5634,176
4.563587,15
4.563774,173
4.563961,15
4.564148,176
4.564335,15
4.564522,174
4.564709,15
4.564896,173
4.565083,15
4.56527,173
4.565457,15
4.565644,171
4.565831,15
4.566018,174
4.566205,15
4.566392,173
4.566579,15
4.566766,173
4.566953,15
4.56714,174
4.567327,15
4.567514,175
4.567701,15
4.567888,173
4.568075,15
4.568262,175
4.568449,15
4.568635,172
4.568822,15
4.569009,173
4.569196,15
4.569383,171
4.56957,15
4.569757,176
4.569944,15
4.570131,171
4.570318,15
4.570505,172
4.570692,15
4.570879,175
4.571066,15
4.571253,175
4.57144,15
4.571627,174
4.571814,15
4.572001,175
4.572188,15
4.572375,178
4.572562,15
4.572749,174
4.572936,15
4.573123,173
4.57331,15
4.573497,174
4.573684,15
4.573871,173
4.574058,15
4.574245,178
4.574432,15
4.574619,172
4.574806,15
4.574993,179
4.57518,15
4.575367,174
4.575554,15
4.575741,175
4.575928,15
4.576115,174
4.576302,15
4.576489,175
4.576676,15
4.576863,174
4.57705,15
4.577236,177
4.577423,15
4.57761,175
4.577797,15
4.577984,173
4.578171,15
4.578358,173
4.578545,15
4.578732,173
4.578919,15
4.579106,172
4.579293,15
4.57948,175
4.579667,15
4.579854,175
4.580041,15
4.580228,176
4.580415,15
4.580602,175
4.580789,15
4.580976,173
4.581163,15
4.58135,178
4.581537,15
4.581724,175
4.581911,15
4.582098,173
4.582285,15
4.582472,170
4.582659,15
4.582846,176
4.583033,15
4.58322,175
4.583407,15
4.583594,177
4.583781,15
4.583968,173
4.584155,15
4.584342,176
4.584529,15
4.584716,175
4.584903,15
4.58509,172
4.585277,15
4.585464,171
4.585651,15
4.585838,174
4.586024,15
4.586211,171
4.586398,15
4.586585,172
4.586772,15
4.586959,172
4.587146,15
4.587333,174
4.58752,15
4.587707,178
4.587894,15
4.588081,173
4.588268,15
4.588455,171
4.588642,15
4.588829,173
4.589016,15
4.589203,170
4.58939,15
4.589577,172
4.589764,15
4.589951,174
4.590138,15
4.590325,174
4.590512,15
4.590699,176
4.590886,15
4.591073,174
4.59126,15
4.591447,174
4.591634,15
4.591821,176
4.592008,15
4.592195,173
4.592382,15
4.592569,174
4.592756,15
4.592943,172
4.59313,15
4.593317,172
4.593504,15
4.593691,178
4.593878,15
4.594065,172
4.594252,15
4.594439,175
4.594626,15
4.594812,172
4.594999,15
4.595186,173
4.595373,15
4.59556,176
4.595747,15
4.595934,175
4.596121,15
4.596308,175
4.596495,15
4.596682,175
4.596869,15
4.597056,175
4.597243,15
4.59743,175
4.597617,15
4.597804,176
4.597991,15
4.598178,178
4.598365,15
4.598552,172
4.598739,15
4.598926,175
4.599113,15
4.5993,173
4.599487,15
4.599674,176
4.599861,15
4.600048,174
4.600235,15
4.600422,172
4.600609,15
4.600796,173
4.600983,15
4.60117,175
4.601357,15
4.601544,175
4.601731,15
4.601918,177
4.602105,15
4.602292,176
4.602479,15
4.602666,177
4.602853,15
4.60304,175
4.603227,15
4.603414,176
4.6036,15
4.603787,175
4.603974,15
4.604161,175
4.604348,15
4.604535,173
4.604722,15
4.604909,178
4.605096,15
4.605283,173
4.60547,15
4.605657,178
4.605844,15
4.606031,177
4.606218,15
4.606405,173
4.606592,15
4.606779,177
4.606966,15
4.607153,173
4.60734,15
4.607527,174
4.607714,15
4.607901,172
4.608088,15
4.608275,174
4.608462,15
4.608649,175
4.608836,15
4.609023,174
4.60921,15
4.609397,174
4.609584,15
4.609771,174
4.609958,15
4.610145,176
4.610332,15
4.610519,173
4.610706,15
4.610893,176
4.61108,15
4.611267,174
4.611454,15
4.611641,174
4.611828,15
4.612015,172
4.612202,15
4.612388,174
4.612575,15
4.612762,173
4.612949,15
4.613136,172
4.613323,15
4.61351,178
4.613697,15
4.613884,172
4.614071,15
4.614258,175
4.614445,15
4.614632,175
4.614819,15
4.615006,175
4.615193,15
4.61538,176
4.615567,15
4.615754,174
4.615941,15
4.616128,175
4.616315,15
4.616502,175
4.616689,15
4.616876,177
4.617063,15
4.61725,174
4.617437,15
4.617624,175
4.617811,15
4.617998,174
4.618185,15
4.618372,175
4.618559,15
4.618746,173
4.618933,15
4.61912,175
4.619307,15
4.619494,177
4.619681,15
4.619868,175
4.620055,15
4.620242,177
4.620429,15
4.620616,176
4.620803,15
4.620989,173
4.621176,15
4.621363,178
4.62155,15
4.621737,175
4.621924,15
4.622111,173
4.622298,15
4.622485,173
4.622672,15
4.622859,172
4.623046,15
4.623233,174
4.62342,15
4.623607,174
4.623794,15
4.623981,175
4.624168,15
4.624355,173
4.624542,15
4.624729,173
4.624916,15
4.625103,178
4.62529,15
4.625477,173
4.625664,15
4.625851,175
4.626038,15
4.626225,178
4.626412,15
4.626599,171
4.626786,15
4.626973,176
4.62716,15
4.627347,174
4.627534,15
4.627721,175
4.627908,15
4.628095,176
4.628282,15
4.628469,177
4.628656,15
4.628843,178
4.62903,15
4.629217,175
4.629404,15
4.629591,175
4.629777,15
4.629964,174
4.630151,15
4.630338,175
4.630525,15
4.630712,178
4.630899,15
4.631086,174
4.631273,15
4.63146,177
4.631647,15
4.631834,173
4.632021,15
4.632208,176
4.632395,15
4.632582,172
4.632769,15
4.632956,171
4.633143,15
4.63333,172
4.633517,15
4.633704,177
4.633891,15
4.634078,175
4.634265,15
4.634452,176
4.634639,15
4.634826,172
4.635013,15
4.6352,173
4.635387,15
4.635574,174
4.635761,15
4.635948,174
4.636135,15
4.636322,176
4.636509,15
4.636696,174
4.636883,15
4.63707,174
4.637257,15
4.637444,175
4.637631,15
4.637818,174
4.638005,15
4.638192,175
4.638379,15
4.638565,172
4.638752,15
4.638939,173
4.639126,15
4.639313,174
4.6395,15
4.639687,175
4.639874,15
4.640061,175
4.640248,15
4.640435,176
4.640622,15
4.640809,175
4.640996,15
4.641183,175
4.64137,15
4.641557,173
4.641744,15
4.641931,175
4.642118,15
4.642305,175
4.642492,15
4.642679,175
4.642866,15
4.643053,178
4.64324,15
4.643427,173
4.643614,15
4.643801,176
4.643988,15
4.644175,174
4.644362,15
4.644549,173
4.644736,15
4.644923,176
4.64511,15
4.645297,173
4.645484,15
4.645671,174
4.645858,15
4.646045,174
4.646232,15
4.646419,172
4.646606,15
4.646793,172
4.64698,15
4.647167,174
4.647353,15
4.64754,175
4.647727,15
4.647914,175
4.648101,15
4.648288,176
4.648475,15
4.648662,174
4.648849,15
4.649036,172
4.649223,15
4.64941,176
4.649597,15
4.649784,173
4.649971,15
4.650158,175
4.650345,15
4.650532,174
4.650719,15
4.650906,174
4.651093,15
4.65128,175
4.651467,15
4.651654,175
4.651841,15
4.652028,178
4.652215,15
4.652402,176
4.652589,15
4.652776,173
4.652963,15
4.65315,176
4.653337,15
4.653524,176
4.653711,15
4.653898,173
4.654085,15
4.654272,174
4.654459,15
4.654646,174
4.654833,15
4.65502,173
4.655207,15
4.655394,176
4.655581,15
4.655768,176
4.655954,15
4.656141,173
4.656328,15
4.656515,174
4.656702,15
4.656889,175
4.657076,15
4.657263,176
4.65745,15
4.657637,176
4.657824,15
4.658011,178
4.658198,15
4.658385,177
4.658572,15
4.658759,175
4.658946,15
4.659133,175
4.65932,15
4.659507,174
4.659694,15
4.659881,175
4.660068,15
4.660255,172
4.660442,15
4.660629,177
4.660816,15
4.661003,173
4.66119,15
4.661377,173
4.661564,15
4.661751,173
4.661938,15
4.662125,174
4.662312,15
4.662499,175
4.662686,15
4.662873,175
4.66306,15
4.663247,176
4.663434,15
4.663621,172
4.663808,15
4.663995,174
4.664182,15
4.664369,173
4.664556,15
4.664742,174
4.664929,15
4.665116,169
4.665303,15
4.66549,176
4.665677,15
4.665864,176
4.666051,15
4.666238,171
4.666425,15
4.666612,174
4.666799,15
4.666986,175
4.667173,15
4.66736,173
4.667547,15
4.667734,175
4.667921,15
4.668108,173
4.668295,15
4.668482,176
4.668669,15
4.668856,171
4.669043,15
4.66923,173
4.669417,15
4.669604,173
4.669791,15
4.669978,174
4.670165,15
4.670352,172
4.670539,15
4.670726,174
4.670913,15
4.6711,173
4.671287,15
4.671474,175
4.671661,15
4.671848,177
4.672035,15
4.672222,175
4.672409,15
4.672596,175
4.672783,15
4.67297,175
4.673157,15
4.673344,174
4.67353,15
4.673717,174
4.673904,15
4.674091,173
4.674278,15
4.674465,175
4.674652,15
4.674839,174
4.675026,15
4.675213,174
4.6754,15
4.675587,175
4.675774,15
4.675961,175
4.676148,15
4.676335,175
4.676522,15
4.676709,175
4.676896,15
4.677083,172
4.67727,15
4.677457,175
4.677644,15
4.677831,177
4.678018,15
4.678205,176
4.678392,15
4.678579,174
4.678766,15
4.678953,174
4.67914,15
4.679327,172
4.679514,15
4.679701,174
4.679888,15
4.680075,174
4.680262,15
4.680449,177
4.680636,15
4.680823,174
4.68101,15
4.681197,175
4.681384,15
4.681571,177
4.681758,15
4.681945,176
4.682132,15
4.682318,175
4.682505,15
4.682692,178
4.682879,15
4.683066,174
4.683253,15
4.68344,174
4.683627,15
4.683814,178
4.684001,15
4.684188,172
4.684375,15
4.684562,174
4.684749,15
4.684936,171
4.685123,15
4.68531,173
4.685497,15
4.685684,174
4.685871,15
4.686058,174
4.686245,15
4.686432,173
4.686619,15
4.686806,173
4.686993,15
4.68718,172
4.687367,15
4.687554,175
4.687741,15
4.687928,176
4.688115,15
4.688302,172
4.688489,15
4.688676,174
4.688863,15
4.68905,174
4.689237,15
4.689424,176
4.689611,15
4.689798,177
4.689985,15
4.690172,174
4.690359,15
4.690546,177
4.690733,15
4.690919,173
4.691106,15
4.691293,172
4.69148,15
4.691667,173
4.691854,15
4.692041,173
4.692228,15
4.692415,173
4.692602,15
4.692789,174
4.692976,15
4.693163,175
4.69335,15
4.693537,175
4.693724,15
4.693911,175
4.694098,15
4.694285,173
4.694472,15
4.694659,176
4.694846,15
4.695033,173
4.69522,15
4.695407,177
4.695594,15
4.695781,175
4.695968,15
4.696155,175
4.696342,15
4.696529,172
4.696716,15
4.696903,175
4.69709,15
4.697277,179
4.697464,15
4.697651,175
4.697838,15
4.698025,173
4.698212,15
4.698399,175
4.698586,15
4.698773,175
4.69896,15
4.699147,174
4.699334,15
4.699521,175
4.699707,15
4.699894,174
4.700081,15
4.700268,173
4.700455,15
4.700642,174
4.700829,15
4.701016,175
4.701203,15
4.70139,179
4.701577,15
4.701764,174
4.701951,15
4.702138,173
4.702325,15
4.702512,177
4.702699,15
4.702886,173
4.703073,15
4.70326,173
4.703447,15
4.703634,179
4.703821,15
4.704008,176
4.704195,15
4.704382,176
4.704569,15
4.704756,172
4.704943,15
4.70513,176
4.705317,15
4.705504,172
4.705691,15
4.705878,175
4.706065,15
4.706252,174
4.706439,15
4.706626,174
4.706813,15
4.707,173
4.707187,15
4.707374,174
4.707561,15
4.707748,173
4.707935,15
4.708122,172
4.708309,15
4.708495,172
4.708682,15
4.708869,174
4.709056,15
4.709243,176
4.70943,15
4.709617,175
4.709804,15
4.709991,174
4.710178,15
4.710365,174
4.710552,15
4.710739,175
4.710926,15
4.711113,173
4.7113,15
4.711487,174
4.711674,15
4.711861,177
4.712048,15
4.712235,177
4.712422,15
4.712609,173
4.712796,15
4.712983,174
4.71317,15
4.713357,177
4.713544,15
4.713731,175
4.713918,15
4.714105,175
4.714292,15
4.714479,175
4.714666,15
4.714853,174
4.71504,15
4.715227,175
4.715414,15
4.715601,175
4.715788,15
4.715975,174
4.716162,15
4.716349,173
4.716536,15
4.716723,175
4.71691,15
4.717097,175
4.717283,15
4.71747,178
4.717657,15
4.717844,174
4.718031,15
4.718218,174
4.718405,15
4.718592,175
4.718779,15
4.718966,176
4.719153,15
4.71934,176
4.719527,15
4.719714,175
4.719901,15
4.720088,175
4.720275,15
4.720462,172
4.720649,15
4.720836,178
4.721023,15
4.72121,176
4.721397,15
4.721584,174
4.721771,15
4.721958,175
4.722145,15
4.722332,172
4.722519,15
4.722706,175
4.722893,15
4.72308,174
4.723267,15
4.723454,173
4.723641,15
4.723828,174
4.724015,15
4.724202,177
4.724389,15
4.724576,173
4.724763,15
4.72495,176
4.725137,15
4.725324,178
4.725511,15
4.725698,175
4.725884,15
4.726071,172
4.726258,15
4.726445,175
4.726632,15
4.726819,175
4.727006,15
4.727193,175
4.72738,15
4.727567,172
4.727754,15
4.727941,173
4.728128,15
4.728315,173
4.728502,15
4.728689,176
4.728876,15
4.729063,172
4.72925,15
4.729437,176
4.729624,15
4.729811,173
4.729998,15
4.730185,172
4.730372,15
4.730559,171
4.730746,15
4.730933,174
4.73112,15
4.731307,174
4.731494,15
4.731681,175
4.731868,15
4.732055,172
4.732242,15
4.732429,177
4.732616,15
4.732803,175
4.73299,15
4.733177,171
4.733364,15
4.733551,178
4.733738,15
4.733925,175
4.734112,15
4.734299,175
4.734486,15
4.734672,178
4.734859,15
4.735046,173
4.735233,15
4.73542,172
4.735607,15
4.735794,174
4.735981,15
4.736168,174
4.736355,15
4.736542,173
4.736729,15
4.736916,172
4.737103,15
4.73729,180
4.737477,15
4.737664,174
4.737851,15
4.738038,174
4.738225,15
4.738412,173
4.738599,15
4.738786,176
4.738973,15
4.73916,174
4.739347,15
4.739534,178
4.739721,15
4.739908,174
4.740095,15
4.740282,176
4.740469,15
4.740656,174
4.740843,15
4.74103,174
4.741217,15
4.741404,173
4.741591,15
4.741778,176
4.741965,15
4.742152,174
4.742339,15
4.742526,175
4.742713,15
4.7429,177
4.743087,15
4.743274,175
4.74346,15
4.743647,175
4.743834,15
4.744021,173
4.744208,15
4.744395,174
4.744582,15
4.744769,175
4.744956,15
4.745143,172
4.74533,15
4.745517,172
4.745704,15
4.745891,178
4.746078,15
4.746265,174
4.746452,15
4.746639,178
4.746826,15
4.747013,174
4.7472,15
4.747387,173
4.747574,15
4.747761,175
4.747948,15
4.748135,171
4.748322,15
4.748509,175
4.748696,15
4.748883,173
4.74907,15
4.749257,172
4.749444,15
4.749631,174
4.749818,15
4.750005,172
4.750192,15
4.750379,173
4.750566,15
4.750753,175
4.75094,15
4.751127,178
4.751314,15
4.751501,173
4.751688,15
4.751875,175
4.752062,15
4.752248,175
4.752435,15
4.752622,174
4.752809,15
4.752996,174
4.753183,15
4.75337,175
4.753557,15
4.753744,177
4.753931,15
4.754118,175
4.754305,15
4.754492,174
4.754679,15
4.754866,175
4.755053,15
4.75524,173
4.755427,15
4.755614,173
4.755801,15
4.755988,179
4.756175,15
4.756362,173
4.756549,15
4.756736,174
4.756923,15
4.75711,176
4.757297,15
4.757484,173
4.757671,15
4.757858,175
4.758045,15
4.758232,176
4.758419,15
4.758606,176
4.758793,15
4.75898,178
4.759167,15
4.759354,172
4.759541,15
4.759728,175
4.759915,15
4.760102,178
4.760289,15
4.760476,175
4.760663,15
4.76085,173
4.761036,15
4.761223,173
4.76141,15
4.761597,174
4.761784,15
4.761971,175
4.762158,15
4.762345,180
4.762532,15
4.762719,178
4.762906,15
4.763093,175
4.76328,15
4.763467,170
4.763654,15
4.763841,172
4.764028,15
4.764215,175
4.764402,15
4.764589,176
4.764776,15
4.764963,176
4.76515,15
4.765337,174
4.765524,15
4.765711,174
4.765898,15
4.766085,177
4.766272,15
4.766459,177
4.766646,15
4.766833,175
4.76702,15
4.767207,174
4.767394,15
4.767581,176
4.767768,15
4.767955,173
4.768142,15
4.768329,176
4.768516,15
4.768703,178
4.76889,15
4.769077,173
4.769264,15
4.769451,173
4.769637,15
4.769824,173
4.770011,15
4.770198,174
4.770385,15
4.770572,173
4.770759,15
4.770946,173
4.771133,15
4.77132,178
4.771507,15
4.771694,175
4.771881,15
4.772068,174
4.772255,15
4.772442,174
4.772629,15
4.772816,175
4.773003,15
4.77319,175
4.773377,15
4.773564,175
4.773751,15
4.773938,174
4.774125,15
4.774312,171
4.774499,15
4.774686,176
4.774873,15
4.77506,172
4.775247,15
4.775434,178
4.775621,15
4.775808,175
4.775995,15
4.776182,174
4.776369,15
4.776556,174
4.776743,15
4.77693,174
4.777117,15
4.777304,174
4.777491,15
4.777678,174
4.777865,15
4.778052,176
4.778239,15
4.778425,172
4.778612,15
4.778799,173
4.778986,15
4.779173,172
4.77936,15
4.779547,178
4.779734,15
4.779921,172
4.780108,15
4.780295,175
4.780482,15
4.780669,175
4.780856,15
4.781043,174
4.78123,15
4.781417,171
4.781604,15
4.781791,174
4.781978,15
4.782165,176
4.782352,15
4.782539,174
4.782726,15
4.782913,179
4.7831,15
4.783287,177
4.783474,15
4.783661,174
4.783848,15
4.784035,173
4.784222,15
4.784409,174
4.784596,15
4.784783,172
4.78497,15
4.785157,175
4.785344,15
4.785531,174
4.785718,15
4.785905,173
4.786092,15
4.786279,172
4.786466,15
4.786653,175
4.78684,15
4.787027,172
4.787213,15
4.7874,175
4.787587,15
4.787774,175
4.787961,15
4.788148,174
4.788335,15
4.788522,176
4.788709,15
4.788896,175
4.789083,15
4.78927,174
4.789457,15
4.789644,172
4.789831,15
4.790018,176
4.790205,15
4.790392,173
4.790579,15
4.790766,170
4.790953,15
4.79114,173
4.791327,15
4.791514,176
4.791701,15
4.791888,171
4.792075,15
4.792262,174
4.792449,15
4.792636,175
4.792823,15
4.79301,174
4.793197,15
4.793384,174
4.793571,15
4.793758,178
4.793945,15
4.794132,173
4.794319,15
4.794506,173
4.794693,15
4.79488,172
4.795067,15
4.795254,177
4.795441,15
4.795628,175
4.795815,15
4.796001,172
4.796188,15
4.796375,175
4.796562,15
4.796749,176
4.796936,15
4.797123,176
4.79731,15
4.797497,176
4.797684,15
4.797871,177
4.798058,15
4.798245,175
4.798432,15
4.798619,177
4.798806,15
4.798993,175
4.79918,15
4.799367,173
4.799554,15
4.799741,173
4.799928,15
4.800115,178
4.800302,15
4.800489,177
4.800676,15
4.800863,175
4.80105,15
4.801237,176
4.801424,15
4.801611,171
4.801798,15
4.801985,178
4.802172,15
4.802359,177
4.802546,15
4.802733,175
4.80292,15
4.803107,172
4.803294,15
4.803481,176
4.803668,15
4.803855,178
4.804042,15
4.804229,175
4.804416,15
4.804602,178
4.804789,15
4.804976,175
4.805163,15
4.80535,175
4.805537,15
4.805724,173
4.805911,15
4.806098,179
4.806285,15
4.806472,174
4.806659,15
4.806846,177
4.807033,15
4.80722,174
4.807407,15
4.807594,177
4.807781,15
4.807968,174
4.808155,15
4.808342,178
4.808529,15
4.808716,172
4.808903,15
4.80909,174
4.809277,15
4.809464,175
4.809651,15
4.809838,172
4.810025,15
4.810212,175
4.810399,15
4.810586,171
4.810773,15
4.81096,175
4.811147,15
4.811334,174
4.811521,15
4.811708,172
4.811895,15
4.812082,173
4.812269,15
4.812456,172
4.812643,15
4.81283,179
4.813017,15
4.813204,173
4.81339,15
4.813577,176
4.813764,15
4.813951,178
4.814138,15
4.814325,174
4.814512,15
4.814699,174
4.814886,15
4.815073,173
4.81526,15
4.815447,176
4.815634,15
4.815821,172
4.816008,15
4.816195,176
4.816382,15
4.816569,175
4.816756,15
4.816943,172
4.81713,15
4.817317,176
4.817504,15
4.817691,173
4.817878,15
4.818065,176
4.818252,15
4.818439,173
4.818626,15
4.818813,178
4.819,15
4.819187,178
4.819374,15
4.819561,175
4.819748,15
4.819935,176
4.820122,15
4.820309,173
4.820496,15
4.820683,174
4.82087,15
4.821057,172
4.821244,15
4.821431,175
4.821618,15
4.821805,176
4.821992,15
4.822178,176
4.822365,15
4.822552,177
4.822739,15
4.822926,174
4.823113,15
4.8233,175
4.823487,15
4.823674,171
4.823861,15
4.824048,178
4.824235,15
4.824422,173
4.824609,15
4.824796,177
4.824983,15
4.82517,174
4.825357,15
4.825544,177
4.825731,15
4.825918,175
4.826105,15
4.826292,175
4.826479,15
4.826666,174
4.826853,15
4.82704,176
4.827227,15
4.827414,176
4.827601,15
4.827788,177
4.827975,15
4.828162,176
4.828349,15
4.828536,171
4.828723,15
4.82891,172
4.829097,15
4.829284,176
4.829471,15
4.829658,179
4.829845,15
4.830032,173
4.830219,15
4.830406,177
4.830593,15
4.83078,178
4.830966,15
4.831153,173
4.83134,15
4.831527,171
4.831714,15
4.831901,174
4.832088,15
4.832275,173
4.832462,15
4.832649,176
4.832836,15
4.833023,173
4.83321,15
4.833397,172
4.833584,15
4.833771,173
4.833958,15
4.834145,173
4.834332,15
4.834519,172
4.834706,15
4.834893,174
4.83508,15
4.835267,174
4.835454,15
4.835641,174
4.835828,15
4.836015,175
4.836202,15
4.836389,174
4.836576,15
4.836763,176
4.83695,15
4.837137,175
4.837324,15
4.837511,174
4.837698,15
4.837885,173
4.838072,15
4.838259,174
4.838446,15
4.838633,174
4.83882,15
4.839007,174
4.839194,15
4.839381,174
4.839567,15
4.839754,174
4.839941,15
4.840128,175
4.840315,15
4.840502,178
4.840689,15
4.840876,175
4.841063,15
4.84125,176
4.841437,15
4.841624,177
4.841811,15
4.841998,176
4.842185,15
4.842372,176
4.842559,15
4.842746,173
4.842933,15
4.84312,175
4.843307,15
4.843494,175
4.843681,15
4.843868,175
4.844055,15
4.844242,177
4.844429,15
4.844616,179
4.844803,15
4.84499,175
4.845177,15
4.845364,174
4.845551,15
4.845738,174
4.845925,15
4.846112,175
4.846299,15
4.846486,172
4.846673,15
4.84686,174
4.847047,15
4.847234,175
4.847421,15
4.847608,172
4.847795,15
4.847982,178
4.848169,15
4.848355,172
4.848542,15
4.848729,178
4.848916,15
4.849103,177
4.84929,15
4.849477,174
4.849664,15
4.849851,171
4.850038,15
4.850225,172
4.850412,15
4.850599,176
4.850786,15
4.850973,172
4.85116,15
4.851347,176
4.851534,15
4.851721,170
4.851908,15
4.852095,174
4.852282,15
4.852469,177
4.852656,15
4.852843,175
4.85303,15
4.853217,172
4.853404,15
4.853591,174
4.853778,15
4.853965,174
4.854152,15
4.854339,176
4.854526,15
4.854713,175
4.8549,15
4.855087,176
4.855274,15
4.855461,178
4.855648,15
4.855835,173
4.856022,15
4.856209,176
4.856396,15
4.856583,174
4.85677,15
4.856957,173
4.857143,15
4.85733,175
4.857517,15
4.857704,174
4.857891,15
4.858078,172
4.858265,15
4.858452,176
4.858639,15
4.858826,174
4.859013,15
4.8592,177
4.859387,15
4.859574,173
4.859761,15
4.859948,176
4.860135,15
4.860322,177
4.860509,15
4.860696,175
4.860883,15
4.86107,172
4.861257,15
4.861444,180
4.861631,15
4.861818,174
4.862005,15
4.862192,178
4.862379,15
4.862566,174
4.862753,15
4.86294,173
4.863127,15
4.863314,174
4.863501,15
4.863688,179
4.863875,15
4.864062,177
4.864249,15
4.864436,175
4.864623,15
4.86481,177
4.864997,15
4.865184,172
4.865371,15
4.865558,177
4.865745,15
4.865931,175
4.866118,15
4.866305,176
4.866492,15
4.866679,174
4.866866,15
4.867053,177
4.86724,15
4.867427,173
4.867614,15
4.867801,174
4.867988,15
4.868175,170
4.868362,15
4.868549,173
4.868736,15
4.868923,174
4.86911,15
4.869297,172
4.869484,15
4.869671,178
4.869858,15
4.870045,174
4.870232,15
4.870419,173
4.870606,15
4.870793,175
4.87098,15
4.871167,176
4.871354,15
4.871541,174
4.871728,15
4.871915,174
4.872102,15
4.872289,171
4.872476,15
4.872663,175
4.87285,15
4.873037,175
4.873224,15
4.873411,173
4.873598,15
4.873785,172
4.873972,15
4.874159,175
4.874346,15
4.874532,173
4.874719,15
4.874906,176
4.875093,15
4.87528,171
4.875467,15
4.875654,175
4.875841,15
4.876028,174
4.876215,15
4.876402,173
4.876589,15
4.876776,172
4.876963,15
4.87715,174
4.877337,15
4.877524,178
4.877711,15
4.877898,172
4.878085,15
4.878272,174
4.878459,15
4.878646,176
4.878833,15
4.87902,175
4.879207,15
4.879394,175
4.879581,15
4.879768,172
4.879955,15
4.880142,176
4.880329,15
4.880516,175
4.880703,15
4.88089,177
4.881077,15
4.881264,173
4.881451,15
4.881638,176
4.881825,15
4.882012,176
4.882199,15
4.882386,177
4.882573,15
4.88276,173
4.882947,15
4.883134,174
4.88332,15
4.883507,176
4.883694,15
4.883881,175
4.884068,15
4.884255,173
4.884442,15
4.884629,175
4.884816,15
4.885003,174
4.88519,15
4.885377,170
4.885564,15
4.885751,171
4.885938,15
4.886125,174
4.886312,15
4.886499,178
4.886686,15
4.886873,177
4.88706,15
4.887247,176
4.887434,15
4.887621,174
4.887808,15
4.887995,172
4.888182,15
4.888369,174
4.888556,15
4.888743,175
4.88893,15
4.889117,174
4.889304,15
4.889491,177
4.889678,15
4.889865,177
4.890052,15
4.890239,175
4.890426,15
4.890613,173
4.8908,15
4.890987,173
4.891174,15
4.891361,173
4.891548,15
4.891735,174
4.891922,15
4.892108,178
4.892295,15
4.892482,174
4.892669,15
4.892856,173
4.893043,15
4.89323,175
4.893417,15
4.893604,176
4.893791,15
4.893978,174
4.894165,15
4.894352,178
4.894539,15
4.894726,174
4.894913,15
4.8951,172
4.895287,15
4.895474,175
4.895661,15
4.895848,174
4.896035,15
4.896222,174
4.896409,15
4.896596,175
4.896783,15
4.89697,174
4.897157,15
4.897344,174
4.897531,15
4.897718,174
4.897905,15
4.898092,175
4.898279,15
4.898466,173
4.898653,15
4.89884,177
4.899027,15
4.899214,177
4.899401,15
4.899588,176
4.899775,15
4.899962,176
4.900149,15
4.900336,173
4.900523,15
4.90071,176
4.900896,15
4.901083,175
4.90127,15
4.901457,174
4.901644,15
4.901831,174
4.902018,15
4.902205,174
4.902392,15
4.902579,178
4.902766,15
4.902953,177
4.90314,15
4.903327,177
4.903514,15
4.903701,178
4.903888,15
4.904075,175
4.904262,15
4.904449,175
4.904636,15
4.904823,175
4.90501,15
4.905197,171
4.905384,15
4.905571,175
4.905758,15
4.905945,179
4.906132,15
4.906319,175
4.906506,15
4.906693,174
4.90688,15
4.907067,178
4.907254,15
4.907441,177
4.907628,15
4.907815,180
4.908002,15
4.908189,174
4.908376,15
4.908563,173
4.90875,15
4.908937,173
4.909124,15
4.909311,173
4.909497,15
4.909684,176
4.909871,15
4.910058,175
4.910245,15
4.910432,176
4.910619,15
4.910806,178
4.910993,15
4.91118,182
4.911367,15
4.911554,174
4.911741,15
4.911928,173
4.912115,15
4.912302,176
4.912489,15
4.912676,174
4.912863,15
4.91305,173
4.913237,15
4.913424,173
4.913611,15
4.913798,173
4.913985,15
4.914172,176
4.914359,15
4.914546,174
4.914733,15
4.91492,174
4.915107,15
4.915294,172
4.915481,15
4.915668,177
4.915855,15
4.916042,174
4.916229,15
4.916416,174
4.916603,15
4.91679,176
4.916977,15
4.917164,173
4.917351,15
4.917538,174
4.917725,15
4.917912,175
4.918099,15
4.918285,175
4.918472,15
4.918659,172
4.918846,15
4.919033,179
4.91922,15
4.919407,175
4.919594,15
4.919781,177
4.919968,15
4.920155,177
4.920342,15
4.920529,175
4.920716,15
4.920903,173
4.92109,15
4.921277,177
4.921464,15
4.921651,177
4.921838,15
4.922025,174
4.922212,15
4.922399,178
4.922586,15
4.922773,174
4.92296,15
4.923147,178
4.923334,15
4.923521,178
4.923708,15
4.923895,172
4.924082,15
4.924269,176
4.924456,15
4.924643,177
4.92483,15
4.925017,178
4.925204,15
4.925391,173
4.925578,15
4.925765,175
4.925952,15
4.926139,174
4.926326,15
4.926513,176
4.9267,15
4.926887,175
4.927073,15
4.92726,175
4.927447,15
4.927634,173
4.927821,15
4.928008,177
4.928195,15
4.928382,175
4.928569,15
4.928756,174
4.928943,15
4.92913,174
4.929317,15
4.929504,176
4.929691,15
4.929878,174
4.930065,15
4.930252,178
4.930439,15
4.930626,175
4.930813,15
4.931,175
4.931187,15
4.931374,172
4.931561,15
4.931748,176
4.931935,15
4.932122,173
4.932309,15
4.932496,174
4.932683,15
4.93287,173
4.933057,15
4.933244,178
4.933431,15
4.933618,177
4.933805,15
4.933992,172
4.934179,15
4.934366,176
4.934553,15
4.93474,175
4.934927,15
4.935114,177
4.935301,15
4.935488,172
4.935675,15
4.935861,173
4.936048,15
4.936235,175
4.936422,15
4.936609,172
4.936796,15
4.936983,175
4.93717,15
4.937357,173
4.937544,15
4.937731,173
4.937918,15
4.938105,175
4.938292,15
4.938479,175
4.938666,15
4.938853,175
4.93904,15
4.939227,175
4.939414,15
4.939601,175
4.939788,15
4.939975,173
4.940162,15
4.940349,177
4.940536,15
4.940723,180
4.94091,15
4.941097,174
4.941284,15
4.941471,176
4.941658,15
4.941845,176
4.942032,15
4.942219,177
4.942406,15
4.942593,178
4.94278,15
4.942967,177
4.943154,15
4.943341,175
4.943528,15
4.943715,180
4.943902,15
4.944089,173
4.944276,15
4.944463,175
4.944649,15
4.944836,175
4.945023,15
4.94521,178
4.945397,15
4.945584,177
4.945771,15
4.945958,172
4.946145,15
4.946332,173
4.946519,15
4.946706,175
4.946893,15
4.94708,174
4.947267,15
4.947454,174
4.947641,15
4.947828,172
4.948015,15
4.948202,180
4.948389,15
4.948576,174
4.948763,15
4.94895,178
4.949137,15
4.949324,177
4.949511,15
4.949698,175
4.949885,15
4.950072,176
4.950259,15
4.950446,175
4.950633,15
4.95082,175
4.951007,15
4.951194,177
4.951381,15
4.951568,174
4.951755,15
4.951942,178
4.952129,15
4.952316,174
4.952503,15
4.95269,177
4.952877,15
4.953064,176
4.95325,15
4.953437,171
4.953624,15
4.953811,175
4.953998,15
4.954185,172
4.954372,15
4.954559,173
4.954746,15
4.954933,174
4.95512,15
4.955307,173
4.955494,15
4.955681,173
4.955868,15
4.956055,173
4.956242,15
4.956429,175
4.956616,15
4.956803,174
4.95699,15
4.957177,175
4.957364,15
4.957551,176
4.957738,15
4.957925,173
4.958112,15
4.958299,178
4.958486,15
4.958673,172
4.95886,15
4.959047,174
4.959234,15
4.959421,175
4.959608,15
4.959795,174
4.959982,15
4.960169,174
4.960356,15
4.960543,172
4.96073,15
4.960917,172
4.961104,15
4.961291,176
4.961478,15
4.961665,179
4.961852,15
4.962038,181
4.962225,15
4.962412,177
4.962599,15
4.962786,174
4.962973,15
4.96316,175
4.963347,15
4.963534,173
4.963721,15
4.963908,173
4.964095,15
4.964282,176
4.964469,15
4.964656,174
4.964843,15
4.96503,175
4.965217,15
4.965404,177
4.965591,15
4.965778,172
4.965965,15
4.966152,173
4.966339,15
4.966526,175
4.966713,15
4.9669,175
4.967087,15
4.967274,178
4.967461,15
4.967648,174
4.967835,15
4.968022,176
4.968209,15
4.968396,174
4.968583,15
4.96877,175
4.968957,15
4.969144,174
4.969331,15
4.969518,177
4.969705,15
4.969892,177
4.970079,15
4.970266,178
4.970453,15
4.97064,173
4.970826,15
4.971013,174
4.9712,15
4.971387,171
4.971574,15
4.971761,176
4.971948,15
4.972135,176
4.972322,15
4.972509,174
4.972696,15
4.972883,173
4.97307,15
4.973257,172
4.973444,15
4.973631,173
4.973818,15
4.974005,174
4.974192,15
4.974379,174
4.974566,15
4.974753,175
4.97494,15
4.975127,176
4.975314,15
4.975501,177
4.975688,15
4.975875,173
4.976062,15
4.976249,174
4.976436,15
4.976623,173
4.97681,15
4.976997,176
4.977184,15
4.977371,176
4.977558,15
4.977745,175
4.977932,15
4.978119,172
4.978306,15
4.978493,176
4.97868,15
4.978867,175
4.979054,15
4.979241,174
4.979428,15
4.979614,174
4.979801,15
4.979988,172
4.980175,15
4.980362,173
4.980549,15
4.980736,174
4.980923,15
4.98111,178
4.981297,15
4.981484,174
4.981671,15
4.981858,172
4.982045,15
4.982232,178
4.982419,15
4.982606,172
4.982793,15
4.98298,175
4.983167,15
4.983354,172
4.983541,15
4.983728,177
4.983915,15
4.984102,176
4.984289,15
4.984476,172
4.984663,15
4.98485,176
4.985037,15
4.985224,176
4.985411,15
4.985598,174
4.985785,15
4.985972,179
4.986159,15
4.986346,176
4.986533,15
4.98672,175
4.986907,15
4.987094,175
4.987281,15
4.987468,176
4.987655,15
4.987842,174
4.988029,15
4.988215,172
4.988402,15
4.988589,178
4.988776,15
4.988963,174
4.98915,15
4.989337,174
4.989524,15
4.989711,176
4.989898,15
4.990085,174
4.990272,15
4.990459,175
4.990646,15
4.990833,178
4.99102,15
4.991207,175
4.991394,15
4.991581,172
4.991768,15
4.991955,172
4.992142,15
4.992329,176
4.992516,15
4.992703,178
4.99289,15
4.993077,175
4.993264,15
4.993451,174
4.993638,15
4.993825,177
4.994012,15
4.994199,173
4.994386,15
4.994573,177
4.99476,15
4.994947,172
4.995134,15
4.995321,176
4.995508,15
4.995695,174
4.995882,15
4.996069,171
4.996256,15
4.996443,173
4.99663,15
4.996817,172
4.997003,15
4.99719,172
4.997377,15
4.997564,172
4.997751,15
4.997938,178
4.998125,15
4.998312,172
4.998499,15
4.998686,177
4.998873,15
4.99906,173
4.999247,15
4.999434,175
4.999621,15
4.999808,175
4.999995,15
5.000182,174
5.000369,15
5.000556,176
5.000743,15
5.00093,173
5.001117,15
5.001304,174
5.001491,15
5.001678,175
5.001865,15
5.002052,172
5.002239,15
5.002426,172
5.002613,15
5.0028,175
5.002987,15
5.003174,174
5.003361,15
5.003548,173
5.003735,15
5.003922,181
5.004109,15
5.004296,174
5.004483,15
5.00467,176
5.004857,15
5.005044,173
5.005231,15
5.005418,176
5.005605,15
5.005791,178
5.005978,15
5.006165,175
5.006352,15
5.006539,178
5.006726,15
5.006913,174
5.0071,15
5.007287,174
5.007474,15
5.007661,175
5.007848,15
5.008035,174
5.008222,15
5.008409,175
5.008596,15
5.008783,174
5.00897,15
5.009157,172
5.009344,15
5.009531,174
5.009718,15
5.009905,172
5.010092,15
5.010279,178
5.010466,15
5.010653,176
5.01084,15
5.011027,175
5.011214,15
5.011401,175
5.011588,15
5.011775,178
5.011962,15
5.012149,173
5.012336,15
5.012523,172
5.01271,15
5.012897,174
5.013084,15
5.013271,176
5.013458,15
5.013645,176
5.013832,15
5.014019,177
5.014206,15
5.014393,172
5.014579,15
5.014766,175
5.014953,15
5.01514,173
5.015327,15
5.015514,175
5.015701,15
5.015888,172
5.016075,15
5.016262,178
5.016449,15
5.016636,176
5.016823,15
5.01701,171
5.017197,15
5.017384,172
5.017571,15
5.017758,174
5.017945,15
5.018132,174
5.018319,15
5.018506,175
5.018693,15
5.01888,172
5.019067,15
5.019254,173
5.019441,15
5.019628,175
5.019815,15
5.020002,176
5.020189,15
5.020376,175
5.020563,15
5.02075,171
5.020937,15
5.021124,176
5.021311,15
5.021498,176
5.021685,15
5.021872,173
5.022059,15
5.022246,173
5.022433,15
5.02262,171
5.022807,15
5.022994,175
5.02318,15
5.023367,175
5.023554,15
5.023741,177
5.023928,15
5.024115,175
5.024302,15
5.024489,179
5.024676,15
5.024863,172
5.02505,15
5.025237,176
5.025424,15
5.025611,173
5.025798,15
5.025985,172
5.026172,15
5.026359,174
5.026546,15
5.026733,177
5.02692,15
5.027107,174
5.027294,15
5.027481,173
5.027668,15
5.027855,179
5.028042,15
5.028229,175
5.028416,15
5.028603,174
5.02879,15
5.028977,173
5.029164,15
5.029351,174
5.029538,15
5.029725,175
5.029912,15
5.030099,172
5.030286,15
5.030473,178
5.03066,15
5.030847,173
5.031034,15
5.031221,175
5.031408,15
5.031595,175
5.031782,15
5.031968,178
5.032155,15
5.032342,175
5.032529,15
5.032716,176
5.032903,15
5.03309,177
5.033277,15
5.033464,175
5.033651,15
5.033838,175
5.034025,15
5.034212,173
5.034399,15
5.034586,174
5.034773,15
5.03496,176
5.035147,15
5.035334,174
5.035521,15
5.035708,181
5.035895,15
5.036082,175
5.036269,15
5.036456,173
5.036643,15
5.03683,176
5.037017,15
5.037204,174
5.037391,15
5.037578,176
5.037765,15
5.037952,174
5.038139,15
5.038326,172
5.038513,15
5.0387,176
5.038887,15
5.039074,175
5.039261,15
5.039448,173
5.039635,15
5.039822,177
5.040009,15
5.040196,175
5.040383,15
5.04057,177
5.040756,15
5.040943,172
5.04113,15
5.041317,175
5.041504,15
5.041691,174
5.041878,15
5.042065,174
5.042252,15
5.042439,175
5.042626,15
5.042813,173
5.043,15
5.043187,172
5.043374,15
5.043561,177
5.043748,15
5.043935,178
5.044122,15
5.044309,175
5.044496,15
5.044683,175
5.04487,15
5.045057,172
5.045244,15
5.045431,172
5.045618,15
5.045805,178
5.045992,15
5.046179,176
5.046366,15
5.046553,173
5.04674,15
5.046927,174
5.047114,15
5.047301,174
5.047488,15
5.047675,175
5.047862,15
5.048049,174
5.048236,15
5.048423,175
5.04861,15
5.048797,176
5.048984,15
5.049171,175
5.049358,15
5.049544,171
5.049731,15
5.049918,177
5.050105,15
5.050292,178
5.050479,15
5.050666,178
5.050853,15
5.05104,175
5.051227,15
5.051414,174
5.051601,15
5.051788,175
5.051975,15
5.052162,171
5.052349,15
5.052536,172
5.052723,15
5.05291,176
5.053097,15
5.053284,177
5.053471,15
5.053658,178
5.053845,15
5.054032,174
5.054219,15
5.054406,173
5.054593,15
5.05478,173
5.054967,15
5.055154,175
5.055341,15
5.055528,175
5.055715,15
5.055902,173
5.056089,15
5.056276,171
5.056463,15
5.05665,175
5.056837,15
5.057024,175
5.057211,15
5.057398,174
5.057585,15
5.057772,174
5.057959,15
5.058145,177
5.058332,15
5.058519,177
5.058706,15
5.058893,173
5.05908,15
5.059267,178
5.059454,15
5.059641,172
5.059828,15
5.060015,176
5.060202,15
5.060389,173
5.060576,15
5.060763,173
5.06095,15
5.061137,174
5.061324,15
5.061511,175
5.061698,15
5.061885,174
5.062072,15
5.062259,174
5.062446,15
5.062633,175
5.06282,15
5.063007,174
5.063194,15
5.063381,176
5.063568,15
5.063755,172
5.063942,15
5.064129,177
5.064316,15
5.064503,176
5.06469,15
5.064877,172
5.065064,15
5.065251,178
5.065438,15
5.065625,174
5.065812,15
5.065999,175
5.066186,15
5.066373,177
5.06656,15
5.066747,177
5.066933,15
5.06712,176
5.067307,15
5.067494,174
5.067681,15
5.067868,177
5.068055,15
5.068242,171
5.068429,15
5.068616,176
5.068803,15
5.06899,176
5.069177,15
5.069364,175
5.069551,15
5.069738,172
5.069925,15
5.070112,173
5.070299,15
5.070486,174
5.070673,15
5.07086,176
5.071047,15
5.071234,173
5.071421,15
5.071608,174
5.071795,15
5.071982,175
5.072169,15
5.072356,178
5.072543,15
5.07273,176
5.072917,15
5.073104,179
5.073291,15
5.073478,176
5.073665,15
5.073852,175
5.074039,15
5.074226,176
5.074413,15
5.0746,175
5.074787,15
5.074974,174
5.075161,15
5.075348,179
5.075535,15
5.075721,181
5.075908,15
5.076095,170
5.076282,15
5.076469,172
5.076656,15
5.076843,176
5.07703,15
5.077217,178
5.077404,15
5.077591,177
5.077778,15
5.077965,173
5.078152,15
5.078339,173
5.078526,15
5.078713,173
5.0789,15
5.079087,177
5.079274,15
5.079461,176
5.079648,15
5.079835,174
5.080022,15
5.080209,175
5.080396,15
5.080583,175
5.08077,15
5.080957,174
5.081144,15
5.081331,173
5.081518,15
5.081705,173
5.081892,15
5.082079,178
5.082266,15
5.082453,170
5.08264,15
5.082827,176
5.083014,15
5.083201,175
5.083388,15
5.083575,174
5.083762,15
5.083949,172
5.084136,15
5.084323,175
5.084509,15
5.084696,172
5.084883,15
5.08507,175
5.085257,15
5.085444,173
5.085631,15
5.085818,177
5.086005,15
5.086192,173
5.086379,15
5.086566,176
5.086753,15
5.08694,174
5.087127,15
5.087314,178
5.087501,15
5.087688,176
5.087875,15
5.088062,174
5.088249,15
5.088436,174
5.088623,15
5.08881,178
5.088997,15
5.089184,175
5.089371,15
5.089558,174
5.089745,15
5.089932,176
5.090119,15
5.090306,172
5.090493,15
5.09068,176
5.090867,15
5.091054,176
5.091241,15
5.091428,172
5.091615,15
5.091802,173
5.091989,15
5.092176,172
5.092363,15
5.09255,176
5.092737,15
5.092924,174
5.09311,15
5.093297,174
5.093484,15
5.093671,175
5.093858,15
5.094045,177
5.094232,15
5.094419,176
5.094606,15
5.094793,178
5.09498,15
5.095167,173
5.095354,15
5.095541,173
5.095728,15
5.095915,174
5.096102,15
5.096289,172
5.096476,15
5.096663,174
5.09685,15
5.097037,178
5.097224,15
5.097411,173
5.097598,15
5.097785,174
5.097972,15
5.098159,178
5.098346,15
5.098533,174
5.09872,15
5.098907,178
5.099094,15
5.099281,173
5.099468,15
5.099655,173
5.099842,15
5.100029,175
5.100216,15
5.100403,175
5.10059,15
5.100777,174
5.100964,15
5.101151,174
5.101338,15
5.101525,177
5.101712,15
5.101898,174
5.102085,15
5.102272,173
5.102459,15
5.102646,178
5.102833,15
5.10302,176
5.103207,15
5.103394,177
5.103581,15
5.103768,175
5.103955,15
5.104142,174
5.104329,15
5.104516,173
5.104703,15
5.10489,177
5.105077,15
5.105264,175
5.105451,15
5.105638,174
5.105825,15
5.106012,172
5.106199,15
5.106386,174
5.106573,15
5.10676,169
5.106947,15
5.107134,175
5.107321,15
5.107508,174
5.107695,15
5.107882,174
5.108069,15
5.108256,175
5.108443,15
5.10863,177
5.108817,15
5.109004,177
5.109191,15
5.109378,174
5.109565,15
5.109752,177
5.109939,15
5.110126,176
5.110313,15
5.1105,172
5.110686,15
5.110873,174
5.11106,15
5.111247,171
5.111434,15
5.111621,177
5.111808,15
5.111995,175
5.112182,15
5.112369,172
5.112556,15
5.112743,177
5.11293,15
5.113117,171
5.113304,15
5.113491,176
5.113678,15
5.113865,176
5.114052,15
5.114239,175
5.114426,15
5.114613,174
5.1148,15
5.114987,173
5.115174,15
5.115361,175
5.115548,15
5.115735,179
5.115922,15
5.116109,174
5.116296,15
5.116483,175
5.11667,15
5.116857,174
5.117044,15
5.117231,172
5.117418,15
5.117605,174
5.117792,15
5.117979,174
5.118166,15
5.118353,176
5.11854,15
5.118727,175
5.118914,15
5.119101,171
5.119288,15
5.119474,174
5.119661,15
5.119848,172
5.120035,15
5.120222,175
5.120409,15
5.120596,176
5.120783,15
5.12097,178
5.121157,15
5.121344,174
5.121531,15
5.121718,174
5.121905,15
5.122092,175
5.122279,15
5.122466,175
5.122653,15
5.12284,176
5.123027,15
5.123214,173
5.123401,15
5.123588,176
5.123775,15
5.123962,173
5.124149,15
5.124336,175
5.124523,15
5.12471,177
5.124897,15
5.125084,174
5.125271,15
5.125458,180
5.125645,15
5.125832,171
5.126019,15
5.126206,172
5.126393,15
5.12658,174
5.126767,15
5.126954,176
5.127141,15
5.127328,175
5.127515,15
5.127702,175
5.127889,15
5.128076,176
5.128262,15
5.128449,177
5.128636,15
5.128823,173
5.12901,15
5.129197,172
5.129384,15
5.129571,176
5.129758,15
5.129945,173
5.130132,15
5.130319,173
5.130506,15
5.130693,178
5.13088,15
5.131067,177
5.131254,15
5.131441,174
5.131628,15
5.131815,174
5.132002,15
5.132189,177
5.132376,15
5.132563,178
5.13275,15
5.132937,177
5.133124,15
5.133311,174
5.133498,15
5.133685,174
5.133872,15
5.134059,176
5.134246,15
5.134433,175
5.13462,15
5.134807,177
5.134994,15
5.135181,174
5.135368,15
5.135555,178
5.135742,15
5.135929,176
5.136116,15
5.136303,175
5.13649,15
5.136677,176
5.136863,15
5.13705,174
5.137237,15
5.137424,177
5.137611,15
5.137798,175
5.137985,15
5.138172,172
5.138359,15
5.138546,175
5.138733,15
5.13892,176
5.139107,15
5.139294,172
5.139481,15
5.139668,174
5.139855,15
5.140042,176
5.140229,15
5.140416,174
5.140603,15
5.14079,173
5.140977,15
5.141164,170
5.141351,15
5.141538,174
5.141725,15
5.141912,172
5.142099,15
5.142286,173
5.142473,15
5.14266,171
5.142847,15
5.143034,172
5.143221,15
5.143408,176
5.143595,15
5.143782,178
5.143969,15
5.144156,173
5.144343,15
5.14453,178
5.144717,15
5.144904,174
5.145091,15
5.145278,175
5.145465,15
5.145651,175
5.145838,15
5.146025,172
5.146212,15
5.146399,175
5.146586,15
5.146773,176
5.14696,15
5.147147,176
5.147334,15
5.147521,178
5.147708,15
5.147895,173
5.148082,15
5.148269,178
5.148456,15
5.148643,176
5.14883,15
5.149017,174
5.149204,15
5.149391,174
5.149578,15
5.149765,176
5.149952,15
5.150139,176
5.150326,15
5.150513,176
5.1507,15
5.150887,179
5.151074,15
5.151261,174
5.151448,15
5.151635,174
5.151822,15
5.152009,175
5.152196,15
5.152383,172
5.15257,15
5.152757,175
5.152944,15
5.153131,174
5.153318,15
5.153505,178
5.153692,15
5.153879,176
5.154066,15
5.154253,176
5.154439,15
5.154626,176
5.154813,15
5.155,174
5.155187,15
5.155374,173
5.155561,15
5.155748,173
5.155935,15
5.156122,175
5.156309,15
5.156496,173
5.156683,15
5.15687,172
5.157057,15
5.157244,172
5.157431,15
5.157618,172
5.157805,15
5.157992,172
5.158179,15
5.158366,175
5.158553,15
5.15874,176
5.158927,15
5.159114,172
5.159301,15
5.159488,176
5.159675,15
5.159862,174
5.160049,15
5.160236,176
5.160423,15
5.16061,175
5.160797,15
5.160984,174
5.161171,15
5.161358,174
5.161545,15
5.161732,175
5.161919,15
5.162106,175
5.162293,15
5.16248,174
5.162667,15
5.162854,171
5.163041,15
5.163227,175
5.163414,15
5.163601,176
5.163788,15
5.163975,175
5.164162,15
5.164349,172
5.164536,15
5.164723,175
5.16491,15
5.165097,173
5.165284,15
5.165471,172
5.165658,15
5.165845,175
5.166032,15
5.166219,175
5.166406,15
5.166593,179
5.16678,15
5.166967,175
5.167154,15
5.167341,178
5.167528,15
5.167715,175
5.167902,15
5.168089,175
5.168276,15
5.168463,172
5.16865,15
5.168837,176
5.169024,15
5.169211,175
5.169398,15
5.169585,174
5.169772,15
5.169959,175
5.170146,15
5.170333,174
5.17052,15
5.170707,178
5.170894,15
5.171081,176
5.171268,15
5.171455,173
5.171642,15
5.171828,177
5.172015,15
5.172202,175
5.172389,15
5.172576,174
5.172763,15
5.17295,174
5.173137,15
5.173324,174
5.173511,15
5.173698,175
5.173885,15
5.174072,172
5.174259,15
5.174446,177
5.174633,15
5.17482,177
5.175007,15
5.175194,173
5.175381,15
5.175568,177
5.175755,15
5.175942,175
5.176129,15
5.176316,174
5.176503,15
5.17669,175
5.176877,15
5.177064,176
5.177251,15
5.177438,172
5.177625,15
5.177812,178
5.177999,15
5.178186,173
5.178373,15
5.17856,172
5.178747,15
5.178934,174
5.179121,15
5.179308,175
5.179495,15
5.179682,176
5.179869,15
5.180056,173
5.180243,15
5.18043,173
5.180616,15
5.180803,174
5.18099,15
5.181177,176
5.181364,15
5.181551,172
5.181738,15
5.181925,174
5.182112,15
5.182299,173
5.182486,15
5.182673,171
5.18286,15
5.183047,176
5.183234,15
5.183421,174
5.183608,15
5.183795,181
5.183982,15
5.184169,173
5.184356,15
5.184543,176
5.18473,15
5.184917,173
5.185104,15
5.185291,173
5.185478,15
5.185665,175
5.185852,15
5.186039,175
5.186226,15
5.186413,174
5.1866,15
5.186787,175
5.186974,15
5.187161,175
5.187348,15
5.187535,174
5.187722,15
5.187909,176
5.188096,15
5.188283,173
5.18847,15
5.188657,176
5.188844,15
5.189031,178
5.189218,15
5.189404,174
5.189591,15
5.189778,174
5.189965,15
5.190152,175
5.190339,15
5.190526,178
5.190713,15
5.1909,171
5.191087,15
5.191274,172
5.191461,15
5.191648,173
5.191835,15
5.192022,172
5.192209,15
5.192396,177
5.192583,15
5.19277,174
5.192957,15
5.193144,175
5.193331,15
5.193518,175
5.193705,15
5.193892,175
5.194079,15
5.194266,175
5.194453,15
5.19464,176
5.194827,15
5.195014,174
5.195201,15
5.195388,174
5.195575,15
5.195762,176
5.195949,15
5.196136,175
5.196323,15
5.19651,174
5.196697,15
5.196884,175
5.197071,15
5.197258,169
5.197445,15
5.197632,174
5.197819,15
5.198006,174
5.198192,15
5.198379,174
5.198566,15
5.198753,171
5.19894,15
5.199127,178
5.199314,15
5.199501,175
5.199688,15
5.199875,176
5.200062,15
5.200249,173
5.200436,15
5.200623,173
5.20081,15
5.200997,175
5.201184,15
5.201371,178
5.201558,15
5.201745,178
5.201932,15
5.202119,175
5.202306,15
5.202493,174
5.20268,15
5.202867,173
5.203054,15
5.203241,171
5.203428,15
5.203615,179
5.203802,15
5.203989,175
5.204176,15
5.204363,177
5.20455,15
5.204737,175
5.204924,15
5.205111,175
5.205298,15
5.205485,173
5.205672,15
5.205859,175
5.206046,15
5.206233,174
5.20642,15
5.206607,172
5.206793,15
5.20698,174
5.207167,15
5.207354,175
5.207541,15
5.207728,174
5.207915,15
5.208102,174
5.208289,15
5.208476,174
5.208663,15
5.20885,175
5.209037,15
5.209224,173
5.209411,15
5.209598,172
5.209785,15
5.209972,174
5.210159,15
5.210346,173
5.210533,15
5.21072,175
5.210907,15
5.211094,177
5.211281,15
5.211468,179
5.211655,15
5.211842,174
5.212029,15
5.212216,173
5.212403,15
5.21259,176
5.212777,15
5.212964,173
5.213151,15
5.213338,174
5.213525,15
5.213712,177
5.213899,15
5.214086,175
5.214273,15
5.21446,175
5.214647,15
5.214834,175
5.215021,15
5.215208,172
5.215395,15
5.215581,172
5.215768,15
5.215955,176
5.216142,15
5.216329,175
5.216516,15
5.216703,177
5.21689,15
5.217077,177
5.217264,15
5.217451,175
5.217638,15
5.217825,173
5.218012,15
5.218199,174
5.218386,15
5.218573,174
5.21876,15
5.218947,173
5.219134,15
5.219321,174
5.219508,15
5.219695,172
5.219882,15
5.220069,175
5.220256,15
5.220443,174
5.22063,15
5.220817,172
5.221004,15
5.221191,172
5.221378,15
5.221565,173
5.221752,15
5.221939,176
5.222126,15
5.222313,178
5.2225,15
5.222687,174
5.222874,15
5.223061,176
5.223248,15
5.223435,174
5.223622,15
5.223809,173
5.223996,15
5.224183,172
5.224369,15
5.224556,175
5.224743,15
5.22493,171
5.225117,15
5.225304,175
5.225491,15
5.225678,172
5.225865,15
5.226052,174
5.226239,15
5.226426,178
5.226613,15
5.2268,174
5.226987,15
5.227174,173
5.227361,15
5.227548,175
5.227735,15
5.227922,174
5.228109,15
5.228296,175
5.228483,15
5.22867,180
5.228857,15
5.229044,178
5.229231,15
5.229418,175
5.229605,15
5.229792,175
5.229979,15
5.230166,177
5.230353,15
5.23054,178
5.230727,15
5.230914,177
5.231101,15
5.231288,177
5.231475,15
5.231662,174
5.231849,15
5.232036,174
5.232223,15
5.23241,175
5.232597,15
5.232784,175
5.232971,15
5.233157,173
5.233344,15
5.233531,176
5.233718,15
5.233905,174
5.234092,15
5.234279,178
5.234466,15
5.234653,173
5.23484,15
5.235027,173
5.235214,15
5.235401,176
5.235588,15
5.235775,178
5.235962,15
5.236149,174
5.236336,15
5.236523,173
5.23671,15
5.236897,175
5.237084,15
5.237271,179
5.237458,15
5.237645,175
5.237832,15
5.238019,174
5.238206,15
5.238393,171
5.23858,15
5.238767,172
5.238954,15
5.239141,178
5.239328,15
5.239515,176
5.239702,15
5.239889,178
5.240076,15
5.240263,176
5.24045,15
5.240637,172
5.240824,15
5.241011,175
5.241198,15
5.241385,171
5.241572,15
5.241758,174
5.241945,15
5.242132,174
5.242319,15
5.242506,173
5.242693,15
5.24288,173
5.243067,15
5.243254,172
5.243441,15
5.243628,174
5.243815,15
5.244002,178
5.244189,15
5.244376,172
5.244563,15
5.24475,176
5.244937,15
5.245124,173
5.245311,15
5.245498,175
5.245685,15
5.245872,172
5.246059,15
5.246246,172
5.246433,15
5.24662,174
5.246807,15
5.246994,178
5.247181,15
5.247368,173
5.247555,15
5.247742,174
5.247929,15
5.248116,173
5.248303,15
5.24849,174
5.248677,15
5.248864,176
5.249051,15
5.249238,177
5.249425,15
5.249612,174
5.249799,15
5.249986,178
5.250173,15
5.25036,174
5.250546,15
5.250733,175
5.25092,15
5.251107,175
5.251294,15
5.251481,176
5.251668,15
5.251855,172
5.252042,15
5.252229,175
5.252416,15
5.252603,175
5.25279,15
5.252977,174
5.253164,15
5.253351,175
5.253538,15
5.253725,174
5.253912,15
5.254099,175
5.254286,15
5.254473,171
5.25466,15
5.254847,172
5.255034,15
5.255221,176
5.255408,15
5.255595,172
5.255782,15
5.255969,174
5.256156,15
5.256343,175
5.25653,15
5.256717,174
5.256904,15
5.257091,172
5.257278,15
5.257465,178
5.257652,15
5.257839,174
5.258026,15
5.258213,175
5.2584,15
5.258587,172
5.258774,15
5.258961,173
5.259148,15
5.259334,173
5.259521,15
5.259708,175
5.259895,15
5.260082,177
5.260269,15
5.260456,171
5.260643,15
5.26083,174
5.261017,15
5.261204,172
5.261391,15
5.261578,173
5.261765,15
5.261952,176
5.262139,15
5.262326,173
5.262513,15
5.2627,172
5.262887,15
5.263074,174
5.263261,15
5.263448,173
5.263635,15
5.263822,174
5.264009,15
5.264196,176
5.264383,15
5.26457,173
5.264757,15
5.264944,172
5.265131,15
5.265318,173
5.265505,15
5.265692,175
5.265879,15
5.266066,178
5.266253,15
5.26644,172
5.266627,15
5.266814,174
5.267001,15
5.267188,178
5.267375,15
5.267562,172
5.267749,15
5.267936,175
5.268122,15
5.268309,178
5.268496,15
5.268683,173
5.26887,15
5.269057,179
5.269244,15
5.269431,174
5.269618,15
5.269805,174
5.269992,15
5.270179,173
5.270366,15
5.270553,171
5.27074,15
5.270927,178
5.271114,15
5.271301,173
5.271488,15
5.271675,178
5.271862,15
5.272049,175
5.272236,15
5.272423,173
5.27261,15
5.272797,180
5.272984,15
5.273171,176
5.273358,15
5.273545,176
5.273732,15
5.273919,176
5.274106,15
5.274293,178
5.27448,15
5.274667,173
5.274854,15
5.275041,173
5.275228,15
5.275415,175
5.275602,15
5.275789,177
5.275976,15
5.276163,175
5.27635,15
5.276537,175
5.276723,15
5.27691,173
5.277097,15
5.277284,172
5.277471,15
5.277658,175
5.277845,15
5.278032,172
5.278219,15
5.278406,175
5.278593,15
5.27878,174
5.278967,15
5.279154,173
5.279341,15
5.279528,174
5.279715,15
5.279902,176
5.280089,15
5.280276,176
5.280463,15
5.28065,174
5.280837,15
5.281024,176
5.281211,15
5.281398,175
5.281585,15
5.281772,174
5.281959,15
5.282146,174
5.282333,15
5.28252,174
5.282707,15
5.282894,173
5.283081,15
5.283268,172
5.283455,15
5.283642,175
5.283829,15
5.284016,175
5.284203,15
5.28439,174
5.284577,15
5.284764,175
5.284951,15
5.285138,174
5.285325,15
5.285511,174
5.285698,15
5.285885,176
5.286072,15
5.286259,172
5.286446,15
5.286633,176
5.28682,15
5.287007,173
5.287194,15
5.287381,175
5.287568,15
5.287755,173
5.287942,15
5.288129,173
5.288316,15
5.288503,173
5.28869,15
5.288877,173
5.289064,15
5.289251,176
5.289438,15
5.289625,174
5.289812,15
5.289999,175
5.290186,15
5.290373,172
5.29056,15
5.290747,174
5.290934,15
5.291121,174
5.291308,15
5.291495,178
5.291682,15
5.291869,176
5.292056,15
5.292243,176
5.29243,15
5.292617,175
5.292804,15
5.292991,173
5.293178,15
5.293365,178
5.293552,15
5.293739,176
5.293926,15
5.294113,174
5.294299,15
5.294486,174
5.294673,15
5.29486,173
5.295047,15
5.295234,178
5.295421,15
5.295608,171
5.295795,15
5.295982,176
5.296169,15
5.296356,174
5.296543,15
5.29673,173
5.296917,15
5.297104,176
5.297291,15
5.297478,178
5.297665,15
5.297852,174
5.298039,15
5.298226,179
5.298413,15
5.2986,175
5.298787,15
5.298974,176
5.299161,15
5.299348,181
5.299535,15
5.299722,170
5.299909,15
5.300096,172
5.300283,15
5.30047,178
5.300657,15
5.300844,174
5.301031,15
5.301218,177
5.301405,15
5.301592,176
5.301779,15
5.301966,177
5.302153,15
5.30234,174
5.302527,15
5.302714,174
5.302901,15
5.303087,172
5.303274,15
5.303461,172
5.303648,15
5.303835,178
5.304022,15
5.304209,177
5.304396,15
5.304583,176
5.30477,15
5.304957,173
5.305144,15
5.305331,176
5.305518,15
5.305705,176
5.305892,15
5.306079,175
5.306266,15
5.306453,176
5.30664,15
5.306827,175
5.307014,15
5.307201,172
5.307388,15
5.307575,172
5.307762,15
5.307949,175
5.308136,15
5.308323,175
5.30851,15
5.308697,176
5.308884,15
5.309071,175
5.309258,15
5.309445,174
5.309632,15
5.309819,179
5.310006,15
5.310193,173
5.31038,15
5.310567,173
5.310754,15
5.310941,177
5.311128,15
5.311315,178
5.311502,15
5.311689,178
5.311875,15
5.312062,179
5.312249,15
5.312436,174
5.312623,15
5.31281,176
5.312997,15
5.313184,175
5.313371,15
5.313558,177
5.313745,15
5.313932,173
5.314119,15
5.314306,177
5.314493,15
5.31468,178
5.314867,15
5.315054,174
5.315241,15
5.315428,174
5.315615,15
5.315802,174
5.315989,15
5.316176,174
5.316363,15
5.31655,174
5.316737,15
5.316924,178
5.317111,15
5.317298,177
5.317485,15
5.317672,177
5.317859,15
5.318046,173
5.318233,15
5.31842,177
5.318607,15
5.318794,175
5.318981,15
5.319168,175
5.319355,15
5.319542,178
5.319729,15
5.319916,174
5.320103,15
5.32029,177
5.320476,15
5.320663,174
5.32085,15
5.321037,175
5.321224,15
5.321411,174
5.321598,15
5.321785,173
5.321972,15
5.322159,174
5.322346,15
5.322533,174
5.32272,15
5.322907,174
5.323094,15
5.323281,176
5.323468,15
5.323655,172
5.323842,15
5.324029,174
5.324216,15
5.324403,173
5.32459,15
5.324777,174
5.324964,15
5.325151,174
5.325338,15
5.325525,174
5.325712,15
5.325899,179
5.326086,15
5.326273,179
5.32646,15
5.326647,176
5.326834,15
5.327021,176
5.327208,15
5.327395,173
5.327582,15
5.327769,177
5.327956,15
5.328143,174
5.32833,15
5.328517,175
5.328704,15
5.328891,173
5.329078,15
5.329264,175
5.329451,15
5.329638,172
5.329825,15
5.330012,176
5.330199,15
5.330386,174
5.330573,15
5.33076,175
5.330947,15
5.331134,175
5.331321,15
5.331508,174
5.331695,15
5.331882,173
5.332069,15
5.332256,176
5.332443,15
5.33263,176
5.332817,15
5.333004,179
5.333191,15
5.333378,175
5.333565,15
5.333752,175
5.333939,15
5.334126,176
5.334313,15
5.3345,176
5.334687,15
5.334874,175
5.335061,15
5.335248,179
5.335435,15
5.335622,174
5.335809,15
5.335996,178
5.336183,15
5.33637,176
5.336557,15
5.336744,175
5.336931,15
5.337118,178
5.337305,15
5.337492,175
5.337679,15
5.337866,176
5.338052,15
5.338239,176
5.338426,15
5.338613,175
5.3388,15
5.338987,179
5.339174,15
5.339361,172
5.339548,15
5.339735,177
5.339922,15
5.340109,172
5.340296,15
5.340483,179
5.34067,15
5.340857,174
5.341044,15
5.341231,174
5.341418,15
5.341605,172
5.341792,15
5.341979,175
5.342166,15
5.342353,175
5.34254,15
5.342727,176
5.342914,15
5.343101,172
5.343288,15
5.343475,178
5.343662,15
5.343849,174
5.344036,15
5.344223,174
5.34441,15
5.344597,173
5.344784,15
5.344971,175
5.345158,15
5.345345,174
5.345532,15
5.345719,174
5.345906,15
5.346093,174
5.34628,15
5.346467,171
5.346654,15
5.34684,175
5.347027,15
5.347214,177
5.347401,15
5.347588,173
5.347775,15
5.347962,175
5.348149,15
5.348336,175
5.348523,15
5.34871,173
5.348897,15
5.349084,176
5.349271,15
5.349458,174
5.349645,15
5.349832,172
5.350019,15
5.350206,172
5.350393,15
5.35058,175
5.350767,15
5.350954,172
5.351141,15
5.351328,174
5.351515,15
5.351702,172
5.351889,15
5.352076,177
5.352263,15
5.35245,175
5.352637,15
5.352824,177
5.353011,15
5.353198,180
5.353385,15
5.353572,171
5.353759,15
5.353946,178
5.354133,15
5.35432,175
5.354507,15
5.354694,177
5.354881,15
5.355068,176
5.355255,15
5.355441,173
5.355628,15
5.355815,174
5.356002,15
5.356189,177
5.356376,15
5.356563,175
5.35675,15
5.356937,175
5.357124,15
5.357311,173
5.357498,15
5.357685,173
5.357872,15
5.358059,172
5.358246,15
5.358433,174
5.35862,15
5.358807,175
5.358994,15
5.359181,177
5.359368,15
5.359555,176
5.359742,15
5.359929,178
5.360116,15
5.360303,176
5.36049,15
5.360677,173
5.360864,15
5.361051,175
5.361238,15
5.361425,175
5.361612,15
5.361799,176
5.361986,15
5.362173,174
5.36236,15
5.362547,174
5.362734,15
5.362921,181
5.363108,15
5.363295,173
5.363482,15
5.363669,177
5.363856,15
5.364043,174
5.364229,15
5.364416,176
5.364603,15
5.36479,174
5.364977,15
5.365164,176
5.365351,15
5.365538,173
5.365725,15
5.365912,173
5.366099,15
5.366286,175
5.366473,15
5.36666,172
5.366847,15
5.367034,178
5.367221,15
5.367408,176
5.367595,15
5.367782,174
5.367969,15
5.368156,170
5.368343,15
5.36853,171
5.368717,15
5.368904,173
5.369091,15
5.369278,174
5.369465,15
5.369652,174
5.369839,15
5.370026,174
5.370213,15
5.3704,174
5.370587,15
5.370774,175
5.370961,15
5.371148,173
5.371335,15
5.371522,172
5.371709,15
5.371896,175
5.372083,15
5.37227,172
5.372457,15
5.372644,174
5.372831,15
5.373017,175
5.373204,15
5.373391,178
5.373578,15
5.373765,172
5.373952,15
5.374139,177
5.374326,15
5.374513,175
5.3747,15
5.374887,178
5.375074,15
5.375261,174
5.375448,15
5.375635,176
5.375822,15
5.376009,174
5.376196,15
5.376383,173
5.37657,15
5.376757,173
5.376944,15
5.377131,176
5.377318,15
5.377505,176
5.377692,15
5.377879,177
5.378066,15
5.378253,174
5.37844,15
5.378627,174
5.378814,15
5.379001,177
5.379188,15
5.379375,176
5.379562,15
5.379749,173
5.379936,15
5.380123,176
5.38031,15
5.380497,174
5.380684,15
5.380871,174
5.381058,15
5.381245,175
5.381432,15
5.381619,176
5.381805,15
5.381992,175
5.382179,15
5.382366,173
5.382553,15
5.38274,174
5.382927,15
5.383114,174
5.383301,15
5.383488,174
5.383675,15
5.383862,174
5.384049,15
5.384236,177
5.384423,15
5.38461,173
5.384797,15
5.384984,176
5.385171,15
5.385358,176
5.385545,15
5.385732,176
5.385919,15
5.386106,180
5.386293,15
5.38648,173
5.386667,15
5.386854,174
5.387041,15
5.387228,173
5.387415,15
5.387602,175
5.387789,15
5.387976,176
5.388163,15
5.38835,174
5.388537,15
5.388724,175
5.388911,15
5.389098,172
5.389285,15
5.389472,174
5.389659,15
5.389846,175
5.390033,15
5.39022,173
5.390406,15
5.390593,171
5.39078,15
5.390967,171
5.391154,15
5.391341,179
5.391528,15
5.391715,172
5.391902,15
5.392089,171
5.392276,15
5.392463,176
5.39265,15
5.392837,174
5.393024,15
5.393211,176
5.393398,15
5.393585,177
5.393772,15
5.393959,175
5.394146,15
5.394333,175
5.39452,15
5.394707,172
5.394894,15
5.395081,178
5.395268,15
5.395455,178
5.395642,15
5.395829,175
5.396016,15
5.396203,173
5.39639,15
5.396577,177
5.396764,15
5.396951,174
5.397138,15
5.397325,174
5.397512,15
5.397699,175
5.397886,15
5.398073,175
5.39826,15
5.398447,174
5.398634,15
5.398821,178
5.399008,15
5.399194,172
5.399381,15
5.399568,175
5.399755,15
5.399942,175
5.400129,15
5.400316,175
5.400503,15
5.40069,175
5.400877,15
5.401064,176
5.401251,15
5.401438,174
5.401625,15
5.401812,174
5.401999,15
5.402186,173
5.402373,15
5.40256,172
5.402747,15
5.402934,172
5.403121,15
5.403308,174
5.403495,15
5.403682,175
5.403869,15
5.404056,174
5.404243,15
5.40443,175
5.404617,15
5.404804,175
5.404991,15
5.405178,172
5.405365,15
5.405552,175
5.405739,15
5.405926,176
5.406113,15
5.4063,172
5.406487,15
5.406674,177
5.406861,15
5.407048,176
5.407235,15
5.407422,175
5.407609,15
5.407796,175
5.407982,15
5.408169,178
5.408356,15
5.408543,174
5.40873,15
5.408917,175
5.409104,15
5.409291,177
5.409478,15
5.409665,175
5.409852,15
5.410039,175
5.410226,15
5.410413,175
5.4106,15
5.410787,172
5.410974,15
5.411161,178
5.411348,15
5.411535,173
5.411722,15
5.411909,178
5.412096,15
5.412283,173
5.41247,15
5.412657,172
5.412844,15
5.413031,180
5.413218,15
5.413405,172
5.413592,15
5.413779,178
5.413966,15
5.414153,176
5.41434,15
5.414527,173
5.414714,15
5.414901,175
5.415088,15
5.415275,175
5.415462,15
5.415649,175
5.415836,15
5.416023,179
5.41621,15
5.416397,172
5.416584,15
5.41677,174
5.416957,15
5.417144,174
5.417331,15
5.417518,175
5.417705,15
5.417892,175
5.418079,15
5.418266,174
5.418453,15
5.41864,173
5.418827,15
5.419014,174
5.419201,15
5.419388,176
5.419575,15
5.419762,174
5.419949,15
5.420136,176
5.420323,15
5.42051,177
5.420697,15
5.420884,175
5.421071,15
5.421258,172
5.421445,15
5.421632,175
5.421819,15
5.422006,175
5.422193,15
5.42238,173
5.422567,15
5.422754,175
5.422941,15
5.423128,177
5.423315,15
5.423502,172
5.423689,15
5.423876,174
5.424063,15
5.42425,174
5.424437,15
5.424624,175
5.424811,15
5.424998,174
5.425185,15
5.425371,173
5.425558,15
5.425745,174
5.425932,15
5.426119,170
5.426306,15
5.426493,173
5.42668,15
5.426867,172
5.427054,15
5.427241,171
5.427428,15
5.427615,175
5.427802,15
5.427989,178
5.428176,15
5.428363,171
5.42855,15
5.428737,178
5.428924,15
5.429111,176
5.429298,15
5.429485,175
5.429672,15
5.429859,174
5.430046,15
5.430233,177
5.43042,15
5.430607,172
5.430794,15
5.430981,173
5.431168,15
5.431355,175
5.431542,15
5.431729,173
5.431916,15
5.432103,172
5.43229,15
5.432477,173
5.432664,15
5.432851,173
5.433038,15
5.433225,172
5.433412,15
5.433599,175
5.433786,15
5.433973,175
5.434159,15
5.434346,176
5.434533,15
5.43472,176
5.434907,15
5.435094,173
5.435281,15
5.435468,177
5.435655,15
5.435842,179
5.436029,15
5.436216,176
5.436403,15
5.43659,172
5.436777,15
5.436964,173
5.437151,15
5.437338,174
5.437525,15
5.437712,176
5.437899,15
5.438086,172
5.438273,15
5.43846,176
5.438647,15
5.438834,175
5.439021,15
5.439208,173
5.439395,15
5.439582,175
5.439769,15
5.439956,172
5.440143,15
5.44033,177
5.440517,15
5.440704,177
5.440891,15
5.441078,177
5.441265,15
5.441452,173
5.441639,15
5.441826,173
5.442013,15
5.4422,174
5.442387,15
5.442574,173
5.442761,15
5.442947,174
5.443134,15
5.443321,177
5.443508,15
5.443695,173
5.443882,15
5.444069,172
5.444256,15
5.444443,174
5.44463,15
5.444817,177
5.445004,15
5.445191,177
5.445378,15
5.445565,173
5.445752,15
5.445939,175
5.446126,15
5.446313,172
5.4465,15
5.446687,173
5.446874,15
5.447061,173
5.447248,15
5.447435,174
5.447622,15
5.447809,174
5.447996,15
5.448183,174
5.44837,15
5.448557,175
5.448744,15
5.448931,172
5.449118,15
5.449305,175
5.449492,15
5.449679,172
5.449866,15
5.450053,175
5.45024,15
5.450427,171
5.450614,15
5.450801,174
5.450988,15
5.451175,173
5.451362,15
5.451549,173
5.451735,15
5.451922,175
5.452109,15
5.452296,173
5.452483,15
5.45267,173
5.452857,15
5.453044,177
5.453231,15
5.453418,177
5.453605,15
5.453792,174
5.453979,15
5.454166,175
5.454353,15
5.45454,177
5.454727,15
5.454914,177
5.455101,15
5.455288,172
5.455475,15
5.455662,176
5.455849,15
5.456036,176
5.456223,15
5.45641,176
5.456597,15
5.456784,176
5.456971,15
5.457158,175
5.457345,15
5.457532,177
5.457719,15
5.457906,174
5.458093,15
5.45828,175
5.458467,15
5.458654,178
5.458841,15
5.459028,178
5.459215,15
5.459402,179
5.459589,15
5.459776,176
5.459963,15
5.46015,174
5.460336,15
5.460523,175
5.46071,15
5.460897,174
5.461084,15
5.461271,177
5.461458,15
5.461645,175
5.461832,15
5.462019,175
5.462206,15
5.462393,173
5.46258,15
5.462767,178
5.462954,15
5.463141,174
5.463328,15
5.463515,176
5.463702,15
5.463889,174
5.464076,15
5.464263,174
5.46445,15
5.464637,174
5.464824,15
5.465011,175
5.465198,15
5.465385,180
5.465572,15
5.465759,173
5.465946,15
5.466133,174
5.46632,15
5.466507,177
5.466694,15
5.466881,174
5.467068,15
5.467255,173
5.467442,15
5.467629,176
5.467816,15
5.468003,175
5.46819,15
5.468377,174
5.468564,15
5.468751,176
5.468938,15
5.469124,173
5.469311,15
5.469498,171
5.469685,15
5.469872,174
5.470059,15
5.470246,175
5.470433,15
5.47062,173
5.470807,15
5.470994,175
5.471181,15
5.471368,178
5.471555,15
5.471742,174
5.471929,15
5.472116,176
5.472303,15
5.47249,174
5.472677,15
5.472864,175
5.473051,15
5.473238,175
5.473425,15
5.473612,172
5.473799,15
5.473986,174
5.474173,15
5.47436,172
5.474547,15
5.474734,176
5.474921,15
5.475108,174
5.475295,15
5.475482,173
5.475669,15
5.475856,173
5.476043,15
5.47623,177
5.476417,15
5.476604,173
5.476791,15
5.476978,175
5.477165,15
5.477352,175
5.477539,15
5.477726,178
5.477912,15
5.478099,178
5.478286,15
5.478473,172
5.47866,15
5.478847,175
5.479034,15
5.479221,175
5.479408,15
5.479595,175
5.479782,15
5.479969,175
5.480156,15
5.480343,175
5.48053,15
5.480717,176
5.480904,15
5.481091,176
5.481278,15
5.481465,176
5.481652,15
5.481839,174
5.482026,15
5.482213,175
5.4824,15
5.482587,178
5.482774,15
5.482961,173
5.483148,15
5.483335,172
5.483522,15
5.483709,171
5.483896,15
5.484083,174
5.48427,15
5.484457,175
5.484644,15
5.484831,176
5.485018,15
5.485205,175
5.485392,15
5.485579,177
5.485766,15
5.485953,176
5.48614,15
5.486327,177
5.486514,15
5.4867,174
5.486887,15
5.487074,174
5.487261,15
5.487448,175
5.487635,15
5.487822,175
5.488009,15
5.488196,173
5.488383,15
5.48857,175
5.488757,15
5.488944,174
5.489131,15
5.489318,172
5.489505,15
5.489692,173
5.489879,15
5.490066,173
5.490253,15
5.49044,176
5.490627,15
5.490814,171
5.491001,15
5.491188,173
5.491375,15
5.491562,174
5.491749,15
5.491936,174
5.492123,15
5.49231,174
5.492497,15
5.492684,176
5.492871,15
5.493058,174
5.493245,15
5.493432,179
5.493619,15
5.493806,175
5.493993,15
5.49418,171
5.494367,15
5.494554,175
5.494741,15
5.494928,173
5.495115,15
5.495302,173
5.495488,15
5.495675,172
5.495862,15
5.496049,175
5.496236,15
5.496423,174
5.49661,15
5.496797,177
5.496984,15
5.497171,172
5.497358,15
5.497545,175
5.497732,15
5.497919,175
5.498106,15
5.498293,172
5.49848,15
5.498667,176
5.498854,15
5.499041,172
5.499228,15
5.499415,178
5.499602,15
5.499789,174
5.499976,15
5.500163,177
5.50035,15
5.500537,175
5.500724,15
5.500911,179
5.501098,15
5.501285,176
5.501472,15
5.501659,172
5.501846,15
5.502033,175
5.50222,15
5.502407,176
5.502594,15
5.502781,181
5.502968,15
5.503155,173
5.503342,15
5.503529,176
5.503716,15
5.503903,174
5.504089,15
5.504276,174
5.504463,15
5.50465,175
5.504837,15
5.505024,175
5.505211,15
5.505398,174
5.505585,15
5.505772,178
5.505959,15
5.506146,174
5.506333,15
5.50652,172
5.506707,15
5.506894,175
5.507081,15
5.507268,174
5.507455,15
5.507642,173
5.507829,15
5.508016,171
5.508203,15
5.50839,173
5.508577,15
5.508764,178
5.508951,15
5.509138,175
5.509325,15
5.509512,172
5.509699,15
5.509886,176
5.510073,15
5.51026,174
5.510447,15
5.510634,176
5.510821,15
5.511008,175
5.511195,15
5.511382,173
5.511569,15
5.511756,173
5.511943,15
5.51213,174
5.512317,15
5.512504,173
5.512691,15
5.512877,174
5.513064,15
5.513251,174
5.513438,15
5.513625,172
5.513812,15
5.513999,175
5.514186,15
5.514373,173
5.51456,15
5.514747,173
5.514934,15
5.515121,178
5.515308,15
5.515495,175
5.515682,15
5.515869,174
5.516056,15
5.516243,175
5.51643,15
5.516617,174
5.516804,15
5.516991,178
5.517178,15
5.517365,172
5.517552,15
5.517739,176
5.517926,15
5.518113,173
5.5183,15
5.518487,173
5.518674,15
5.518861,172
5.519048,15
5.519235,175
5.519422,15
5.519609,176
5.519796,15
5.519983,172
5.52017,15
5.520357,180
5.520544,15
5.520731,175
5.520918,15
5.521105,179
5.521292,15
5.521479,180
5.521665,15
5.521852,179
5.522039,15
5.522226,177
5.522413,15
5.5226,176
5.522787,15
5.522974,174
5.523161,15
5.523348,174
5.523535,15
5.523722,172
5.523909,15
5.524096,175
5.524283,15
5.52447,176
5.524657,15
5.524844,175
5.525031,15
5.525218,173
5.525405,15
5.525592,174
5.525779,15
5.525966,175
5.526153,15
5.52634,175
5.526527,15
5.526714,175
5.526901,15
5.527088,174
5.527275,15
5.527462,174
5.527649,15
5.527836,172
5.528023,15
5.52821,174
5.528397,15
5.528584,175
5.528771,15
5.528958,175
5.529145,15
5.529332,172
5.529519,15
5.529706,174
5.529893,15
5.53008,175
5.530267,15
5.530453,173
5.53064,15
5.530827,173
5.531014,15
5.531201,171
5.531388,15
5.531575,174
5.531762,15
5.531949,175
5.532136,15
5.532323,178
5.53251,15
5.532697,173
5.532884,15
5.533071,174
5.533258,15
5.533445,173
5.533632,15
5.533819,174
5.534006,15
5.534193,177
5.53438,15
5.534567,176
5.534754,15
5.534941,172
5.535128,15
5.535315,172
5.535502,15
5.535689,175
5.535876,15
5.536063,173
5.53625,15
5.536437,176
5.536624,15
5.536811,175
5.536998,15
5.537185,175
5.537372,15
5.537559,175
5.537746,15
5.537933,176
5.53812,15
5.538307,177
5.538494,15
5.538681,174
5.538868,15
5.539054,174
5.539241,15
5.539428,175
5.539615,15
5.539802,173
5.539989,15
5.540176,175
5.540363,15
5.54055,176
5.540737,15
5.540924,171
5.541111,15
5.541298,175
5.541485,15
5.541672,177
5.541859,15
5.542046,177
5.542233,15
5.54242,174
5.542607,15
5.542794,175
5.542981,15
5.543168,173
5.543355,15
5.543542,178
5.543729,15
5.543916,172
5.544103,15
5.54429,178
5.544477,15
5.544664,174
5.544851,15
5.545038,174
5.545225,15
5.545412,180
5.545599,15
5.545786,175
5.545973,15
5.54616,172
5.546347,15
5.546534,173
5.546721,15
5.546908,173
5.547095,15
5.547282,173
5.547469,15
5.547656,177
5.547842,15
5.548029,174
5.548216,15
5.548403,178
5.54859,15
5.548777,173
5.548964,15
5.549151,176
5.549338,15
5.549525,172
5.549712,15
5.549899,177
5.550086,15
5.550273,176
5.55046,15
5.550647,178
5.550834,15
5.551021,181
5.551208,15
5.551395,175
5.551582,15
5.551769,175
5.551956,15
5.552143,174
5.55233,15
5.552517,173
5.552704,15
5.552891,174
5.553078,15
5.553265,173
5.553452,15
5.553639,174
5.553826,15
5.554013,176
5.5542,15
5.554387,173
5.554574,15
5.554761,175
5.554948,15
5.555135,177
5.555322,15
5.555509,172
5.555696,15
5.555883,173
5.55607,15
5.556257,173
5.556444,15
5.55663,175
5.556817,15
5.557004,173
5.557191,15
5.557378,174
5.557565,15
5.557752,172
5.557939,15
5.558126,174
5.558313,15
5.5585,173
5.558687,15
5.558874,177
5.559061,15
5.559248,175
5.559435,15
5.559622,175
5.559809,15
5.559996,174
5.560183,15
5.56037,174
5.560557,15
5.560744,175
5.560931,15
5.561118,178
5.561305,15
5.561492,173
5.561679,15
5.561866,175
5.562053,15
5.56224,174
5.562427,15
5.562614,175
5.562801,15
5.562988,173
5.563175,15
5.563362,175
5.563549,15
5.563736,176
5.563923,15
5.56411,176
5.564297,15
5.564484,174
5.564671,15
5.564858,175
5.565045,15
5.565232,180
5.565418,15
5.565605,174
5.565792,15
5.565979,175
5.566166,15
5.566353,176
5.56654,15
5.566727,174
5.566914,15
5.567101,174
5.567288,15
5.567475,173
5.567662,15
5.567849,172
5.568036,15
5.568223,179
5.56841,15
5.568597,172
5.568784,15
5.568971,175
5.569158,15
5.569345,176
5.569532,15
5.569719,173
5.569906,15
5.570093,175
5.57028,15
5.570467,172
5.570654,15
5.570841,176
5.571028,15
5.571215,176
5.571402,15
5.571589,175
5.571776,15
5.571963,175
5.57215,15
5.572337,171
5.572524,15
5.572711,175
5.572898,15
5.573085,175
5.573272,15
5.573459,173
5.573646,15
5.573833,175
5.574019,15
5.574206,176
5.574393,15
5.57458,176
5.574767,15
5.574954,176
5.575141,15
5.575328,175
5.575515,15
5.575702,178
5.575889,15
5.576076,179
5.576263,15
5.57645,174
5.576637,15
5.576824,171
5.577011,15
5.577198,178
5.577385,15
5.577572,173
5.577759,15
5.577946,175
5.578133,15
5.57832,175
5.578507,15
5.578694,175
5.578881,15
5.579068,174
5.579255,15
5.579442,177
5.579629,15
5.579816,174
5.580003,15
5.58019,179
5.580377,15
5.580564,171
5.580751,15
5.580938,175
5.581125,15
5.581312,173
5.581499,15
5.581686,174
5.581873,15
5.58206,179
5.582247,15
5.582434,176
5.582621,15
5.582807,178
5.582994,15
5.583181,175
5.583368,15
5.583555,178
5.583742,15
5.583929,179
5.584116,15
5.584303,172
5.58449,15
5.584677,172
5.584864,15
5.585051,174
5.585238,15
5.585425,172
5.585612,15
5.585799,174
5.585986,15
5.586173,175
5.58636,15
5.586547,176
5.586734,15
5.586921,174
5.587108,15
5.587295,180
5.587482,15
5.587669,177
5.587856,15
5.588043,175
5.58823,15
5.588417,177
5.588604,15
5.588791,174
5.588978,15
5.589165,172
5.589352,15
5.589539,174
5.589726,15
5.589913,175
5.5901,15
5.590287,176
5.590474,15
5.590661,176
5.590848,15
5.591035,173
5.591222,15
5.591409,174
5.591595,15
5.591782,174
5.591969,15
5.592156,170
5.592343,15
5.59253,171
5.592717,15
5.592904,173
5.593091,15
5.593278,176
5.593465,15
5.593652,171
5.593839,15
5.594026,177
5.594213,15
5.5944,173
5.594587,15
5.594774,175
5.594961,15
5.595148,172
5.595335,15
5.595522,171
5.595709,15
5.595896,170
5.596083,15
5.59627,174
5.596457,15
5.596644,173
5.596831,15
5.597018,176
5.597205,15
5.597392,174
5.597579,15
5.597766,178
5.597953,15
5.59814,175
5.598327,15
5.598514,176
5.598701,15
5.598888,177
5.599075,15
5.599262,175
5.599449,15
5.599636,175
5.599823,15
5.60001,178
5.600197,15
5.600383,174
5.60057,15
5.600757,174
5.600944,15
5.601131,173
5.601318,15
5.601505,175
5.601692,15
5.601879,175
5.602066,15
5.602253,174
5.60244,15
5.602627,179
5.602814,15
5.603001,175
5.603188,15
5.603375,173
5.603562,15
5.603749,178
5.603936,15
5.604123,172
5.60431,15
5.604497,175
5.604684,15
5.604871,172
5.605058,15
5.605245,174
5.605432,15
5.605619,175
5.605806,15
5.605993,176
5.60618,15
5.606367,178
5.606554,15
5.606741,176
5.606928,15
5.607115,172
5.607302,15
5.607489,175
5.607676,15
5.607863,175
5.60805,15
5.608237,175
5.608424,15
5.608611,175
5.608798,15
5.608984,173
5.609171,15
5.609358,172
5.609545,15
5.609732,174
5.609919,15
5.610106,174
5.610293,15
5.61048,175
5.610667,15
5.610854,174
5.611041,15
5.611228,176
5.611415,15
5.611602,175
5.611789,15
5.611976,171
5.612163,15
5.61235,173
5.612537,15
5.612724,172
5.612911,15
5.613098,171
5.613285,15
5.613472,175
5.613659,15
5.613846,173
5.614033,15
5.61422,174
5.614407,15
5.614594,172
5.614781,15
5.614968,179
5.615155,15
5.615342,172
5.615529,15
5.615716,174
5.615903,15
5.61609,175
5.616277,15
5.616464,178
5.616651,15
5.616838,177
5.617025,15
5.617212,176
5.617399,15
5.617586,175
5.617772,15
5.617959,176
5.618146,15
5.618333,172
5.61852,15
5.618707,177
5.618894,15
5.619081,175
5.619268,15
5.619455,178
5.619642,15
5.619829,172
5.620016,15
5.620203,173
5.62039,15
5.620577,175
5.620764,15
5.620951,180
5.621138,15
5.621325,175
5.621512,15
5.621699,175
5.621886,15
5.622073,173
5.62226,15
5.622447,171
5.622634,15
5.622821,175
5.623008,15
5.623195,176
5.623382,15
5.623569,177
5.623756,15
5.623943,173
5.62413,15
5.624317,178
5.624504,15
5.624691,177
5.624878,15
5.625065,171
5.625252,15
5.625439,172
5.625626,15
5.625813,175
5.626,15
5.626187,178
5.626374,15
5.62656,172
5.626747,15
5.626934,175
5.627121,15
5.627308,175
5.627495,15
5.627682,175
5.627869,15
5.628056,175
5.628243,15
5.62843,178
5.628617,15
5.628804,172
5.628991,15
5.629178,175
5.629365,15
5.629552,177
5.629739,15
5.629926,179
5.630113,15
5.6303,175
5.630487,15
5.630674,175
5.630861,15
5.631048,176
5.631235,15
5.631422,173
5.631609,15
5.631796,175
5.631983,15
5.63217,175
5.632357,15
5.632544,177
5.632731,15
5.632918,173
5.633105,15
5.633292,172
5.633479,15
5.633666,180
5.633853,15
5.63404,172
5.634227,15
5.634414,174
5.634601,15
5.634788,173
5.634975,15
5.635162,174
5.635348,15
5.635535,174
5.635722,15
5.635909,174
5.636096,15
5.636283,174
5.63647,15
5.636657,174
5.636844,15
5.637031,174
5.637218,15
5.637405,180
5.637592,15
5.637779,173
5.637966,15
5.638153,175
5.63834,15
5.638527,178
5.638714,15
5.638901,178
5.639088,15
5.639275,175
5.639462,15
5.639649,175
5.639836,15
5.640023,175
5.64021,15
5.640397,175
5.640584,15
5.640771,176
5.640958,15
5.641145,176
5.641332,15
5.641519,175
5.641706,15
5.641893,174
5.64208,15
5.642267,173
5.642454,15
5.642641,174
5.642828,15
5.643015,177
5.643202,15
5.643389,176
5.643576,15
5.643763,172
5.643949,15
5.644136,172
5.644323,15
5.64451,174
5.644697,15
5.644884,178
5.645071,15
5.645258,174
5.645445,15
5.645632,171
5.645819,15
5.646006,176
5.646193,15
5.64638,177
5.646567,15
5.646754,177
5.646941,15
5.647128,176
5.647315,15
5.647502,175
5.647689,15
5.647876,175
5.648063,15
5.64825,180
5.648437,15
5.648624,176
5.648811,15
5.648998,173
5.649185,15
5.649372,178
5.649559,15
5.649746,175
5.649933,15
5.65012,174
5.650307,15
5.650494,176
5.650681,15
5.650868,180
5.651055,15
5.651242,175
5.651429,15
5.651616,176
5.651803,15
5.65199,174
5.652177,15
5.652364,178
5.652551,15
5.652737,174
5.652924,15
5.653111,174
5.653298,15
5.653485,174
5.653672,15
5.653859,174
5.654046,15
5.654233,177
5.65442,15
5.654607,175
5.654794,15
5.654981,176
5.655168,15
5.655355,172
5.655542,15
5.655729,178
5.655916,15
5.656103,174
5.65629,15
5.656477,174
5.656664,15
5.656851,176
5.657038,15
5.657225,176
5.657412,15
5.657599,174
5.657786,15
5.657973,178
5.65816,15
5.658347,175
5.658534,15
5.658721,175
5.658908,15
5.659095,173
5.659282,15
5.659469,174
5.659656,15
5.659843,180
5.66003,15
5.660217,174
5.660404,15
5.660591,175
5.660778,15
5.660965,175
5.661152,15
5.661339,172
5.661525,15
5.661712,176
5.661899,15
5.662086,175
5.662273,15
5.66246,175
5.662647,15
5.662834,174
5.663021,15
5.663208,175
5.663395,15
5.663582,176
5.663769,15
5.663956,174
5.664143,15
5.66433,174
5.664517,15
5.664704,174
5.664891,15
5.665078,175
5.665265,15
5.665452,177
5.665639,15
5.665826,178
5.666013,15
5.6662,177
5.666387,15
5.666574,174
5.666761,15
5.666948,177
5.667135,15
5.667322,177
5.667509,15
5.667696,178
5.667883,15
5.66807,170
5.668257,15
5.668444,174
5.668631,15
5.668818,175
5.669005,15
5.669192,178
5.669379,15
5.669566,173
5.669753,15
5.66994,175
5.670127,15
5.670313,174
5.6705,15
5.670687,177
5.670874,15
5.671061,173
5.671248,15
5.671435,175
5.671622,15
5.671809,173
5.671996,15
5.672183,172
5.67237,15
5.672557,175
5.672744,15
5.672931,174
5.673118,15
5.673305,177
5.673492,15
5.673679,175
5.673866,15
5.674053,172
5.67424,15
5.674427,174
5.674614,15
5.674801,173
5.674988,15
5.675175,173
5.675362,15
5.675549,175
5.675736,15
5.675923,176
5.67611,15
5.676297,174
5.676484,15
5.676671,176
5.676858,15
5.677045,178
5.677232,15
5.677419,174
5.677606,15
5.677793,172
5.67798,15
5.678167,171
5.678354,15
5.678541,175
5.678728,15
5.678915,173
5.679101,15
5.679288,173
5.679475,15
5.679662,174
5.679849,15
5.680036,176
5.680223,15
5.68041,172
5.680597,15
5.680784,172
5.680971,15
5.681158,173
5.681345,15
5.681532,175
5.681719,15
5.681906,176
5.682093,15
5.68228,176
5.682467,15
5.682654,173
5.682841,15
5.683028,176
5.683215,15
5.683402,175
5.683589,15
5.683776,173
5.683963,15
5.68415,177
5.684337,15
5.684524,176
5.684711,15
5.684898,177
5.685085,15
5.685272,176
5.685459,15
5.685646,177
5.685833,15
5.68602,176
5.686207,15
5.686394,174
5.686581,15
5.686768,175
5.686955,15
5.687142,174
5.687329,15
5.687516,171
5.687702,15
5.687889,174
5.688076,15
5.688263,174
5.68845,15
5.688637,178
5.688824,15
5.689011,177
5.689198,15
5.689385,178
5.689572,15
5.689759,173
5.689946,15
5.690133,172
5.69032,15
5.690507,174
5.690694,15
5.690881,178
5.691068,15
5.691255,173
5.691442,15
5.691629,175
5.691816,15
5.692003,173
5.69219,15
5.692377,175
5.692564,15
5.692751,177
5.692938,15
5.693125,174
5.693312,15
5.693499,175
5.693686,15
5.693873,174
5.69406,15
5.694247,175
5.694434,15
5.694621,176
5.694808,15
5.694995,174
5.695182,15
5.695369,173
5.695556,15
5.695743,178
5.69593,15
5.696117,175
5.696304,15
5.69649,175
5.696677,15
5.696864,174
5.697051,15
5.697238,174
5.697425,15
5.697612,175
5.697799,15
5.697986,178
5.698173,15
5.69836,174
5.698547,15
5.698734,175
5.698921,15
5.699108,174
5.699295,15
5.699482,176
5.699669,15
5.699856,176
5.700043,15
5.70023,174
5.700417,15
5.700604,174
5.700791,15
5.700978,172
5.701165,15
5.701352,178
5.701539,15
5.701726,174
5.701913,15
5.7021,176
5.702287,15
5.702474,178
5.702661,15
5.702848,175
5.703035,15
5.703222,177
5.703409,15
5.703596,175
5.703783,15
5.70397,176
5.704157,15
5.704344,175
5.704531,15
5.704718,177
5.704905,15
5.705092,174
5.705278,15
5.705465,175
5.705652,15
5.705839,175
5.706026,15
5.706213,174
5.7064,15
5.706587,175
5.706774,15
5.706961,175
5.707148,15
5.707335,178
5.707522,15
5.707709,176
5.707896,15
5.708083,176
5.70827,15
5.708457,173
5.708644,15
5.708831,175
5.709018,15
5.709205,175
5.709392,15
5.709579,175
5.709766,15
5.709953,174
5.71014,15
5.710327,177
5.710514,15
5.710701,174
5.710888,15
5.711075,174
5.711262,15
5.711449,174
5.711636,15
5.711823,175
5.71201,15
5.712197,173
5.712384,15
5.712571,175
5.712758,15
5.712945,174
5.713132,15
5.713319,174
5.713506,15
5.713693,173
5.71388,15
5.714066,172
5.714253,15
5.71444,175
5.714627,15
5.714814,174
5.715001,15
5.715188,174
5.715375,15
5.715562,176
5.715749,15
5.715936,176
5.716123,15
5.71631,173
5.716497,15
5.716684,178
5.716871,15
5.717058,173
5.717245,15
5.717432,173
5.717619,15
5.717806,172
5.717993,15
5.71818,174
5.718367,15
5.718554,172
5.718741,15
5.718928,175
5.719115,15
5.719302,172
5.719489,15
5.719676,172
5.719863,15
5.72005,175
5.720237,15
5.720424,174
5.720611,15
5.720798,172
5.720985,15
5.721172,175
5.721359,15
5.721546,173
5.721733,15
5.72192,176
5.722107,15
5.722294,179
5.722481,15
5.722667,179
5.722854,15
5.723041,174
5.723228,15
5.723415,177
5.723602,15
5.723789,172
5.723976,15
5.724163,176
5.72435,15
5.724537,178
5.724724,15
5.724911,174
5.725098,15
5.725285,178
5.725472,15
5.725659,179
5.725846,15
5.726033,174
5.72622,15
5.726407,176
5.726594,15
5.726781,174
5.726968,15
5.727155,175
5.727342,15
5.727529,174
5.727716,15
5.727903,174
5.72809,15
5.728277,175
5.728464,15
5.728651,176
5.728838,15
5.729025,173
5.729212,15
5.729399,177
5.729586,15
5.729773,175
5.72996,15
5.730147,175
5.730334,15
5.730521,175
5.730708,15
5.730895,173
5.731082,15
5.731269,175
5.731455,15
5.731642,175
5.731829,15
5.732016,173
5.732203,15
5.73239,175
5.732577,15
5.732764,173
5.732951,15
5.733138,174
5.733325,15
5.733512,173
5.733699,15
5.733886,173
5.734073,15
5.73426,174
5.734447,15
5.734634,175
5.734821,15
5.735008,174
5.735195,15
5.735382,176
5.735569,15
5.735756,175
5.735943,15
5.73613,175
5.736317,15
5.736504,176
5.736691,15
5.736878,174
5.737065,15
5.737252,177
5.737439,15
5.737626,172
5.737813,15
5.738,173
5.738187,15
5.738374,176
5.738561,15
5.738748,172
5.738935,15
5.739122,172
5.739309,15
5.739496,176
5.739683,15
5.73987,174
5.740057,15
5.740243,175
5.74043,15
5.740617,174
5.740804,15
5.740991,176
5.741178,15
5.741365,170
5.741552,15
5.741739,174
5.741926,15
5.742113,177
5.7423,15
5.742487,174
5.742674,15
5.742861,175
5.743048,15
5.743235,172
5.743422,15
5.743609,175
5.743796,15
5.743983,174
5.74417,15
5.744357,181
5.744544,15
5.744731,174
5.744918,15
5.745105,174
5.745292,15
5.745479,174
5.745666,15
5.745853,175
5.74604,15
5.746227,175
5.746414,15
5.746601,176
5.746788,15
5.746975,174
5.747162,15
5.747349,174
5.747536,15
5.747723,176
5.74791,15
5.748097,176
5.748284,15
5.748471,175
5.748658,15
5.748845,178
5.749031,15
5.749218,181
5.749405,15
5.749592,174
5.749779,15
5.749966,177
5.750153,15
5.75034,174
5.750527,15
5.750714,176
5.750901,15
5.751088,175
5.751275,15
5.751462,174
5.751649,15
5.751836,176
5.752023,15
5.75221,173
5.752397,15
5.752584,173
5.752771,15
5.752958,178
5.753145,15
5.753332,172
5.753519,15
5.753706,178
5.753893,15
5.75408,175
5.754267,15
5.754454,170
5.754641,15
5.754828,174
5.755015,15
5.755202,176
5.755389,15
5.755576,177
5.755763,15
5.75595,172
5.756137,15
5.756324,173
5.756511,15
5.756698,177
5.756885,15
5.757072,175
5.757259,15
5.757446,172
5.757632,15
5.757819,174
5.758006,15
5.758193,175
5.75838,15
5.758567,174
5.758754,15
5.758941,175
5.759128,15
5.759315,174
5.759502,15
5.759689,175
5.759876,15
5.760063,174
5.76025,15
5.760437,173
5.760624,15
5.760811,174
5.760998,15
5.761185,175
5.761372,15
5.761559,171
5.761746,15
5.761933,176
5.76212,15
5.762307,174
5.762494,15
5.762681,177
5.762868,15
5.763055,175
5.763242,15
5.763429,175
5.763616,15
5.763803,174
5.76399,15
5.764177,175
5.764364,15
5.764551,174
5.764738,15
5.764925,177
5.765112,15
5.765299,175
5.765486,15
5.765673,176
5.76586,15
5.766047,174
5.766234,15
5.76642,175
5.766607,15
5.766794,175
5.766981,15
5.767168,175
5.767355,15
5.767542,173
5.767729,15
5.767916,176
5.768103,15
5.76829,179
5.768477,15
5.768664,175
5.768851,15
5.769038,178
5.769225,15
5.769412,176
5.769599,15
5.769786,176
5.769973,15
5.77016,174
5.770347,15
5.770534,175
5.770721,15
5.770908,173
5.771095,15
5.771282,178
5.771469,15
5.771656,177
5.771843,15
5.77203,172
5.772217,15
5.772404,175
5.772591,15
5.772778,174
5.772965,15
5.773152,175
5.773339,15
5.773526,174
5.773713,15
5.7739,173
5.774087,15
5.774274,172
5.774461,15
5.774648,174
5.774835,15
5.775022,175
5.775208,15
5.775395,176
5.775582,15
5.775769,174
5.775956,15
5.776143,172
5.77633,15
5.776517,176
5.776704,15
5.776891,172
5.777078,15
5.777265,172
5.777452,15
5.777639,175
5.777826,15
5.778013,173
5.7782,15
5.778387,175
5.778574,15
5.778761,173
5.778948,15
5.779135,175
5.779322,15
5.779509,173
5.779696,15
5.779883,175
5.78007,15
5.780257,178
5.780444,15
5.780631,172
5.780818,15
5.781005,173
5.781192,15
5.781379,176
5.781566,15
5.781753,174
5.78194,15
5.782127,176
5.782314,15
5.782501,171
5.782688,15
5.782875,176
5.783062,15
5.783249,171
5.783436,15
5.783623,172
5.78381,15
5.783996,176
5.784183,15
5.78437,173
5.784557,15
5.784744,173
5.784931,15
5.785118,175
5.785305,15
5.785492,174
5.785679,15
5.785866,175
5.786053,15
5.78624,175
5.786427,15
5.786614,174
5.786801,15
5.786988,173
5.787175,15
5.787362,175
5.787549,15
5.787736,175
5.787923,15
5.78811,178
5.788297,15
5.788484,175
5.788671,15
5.788858,175
5.789045,15
5.789232,182
5.789419,15
5.789606,176
5.789793,15
5.78998,177
5.790167,15
5.790354,179
5.790541,15
5.790728,174
5.790915,15
5.791102,173
5.791289,15
5.791476,175
5.791663,15
5.79185,174
5.792037,15
5.792224,170
5.792411,15
5.792597,175
5.792784,15
5.792971,180
5.793158,15
5.793345,174
5.793532,15
5.793719,175
5.793906,15
5.794093,181
5.79428,15
5.794467,177
5.794654,15
5.794841,173
5.795028,15
5.795215,173
5.795402,15
5.795589,175
5.795776,15
5.795963,175
5.79615,15
5.796337,173
5.796524,15
5.796711,173
5.796898,15
5.797085,174
5.797272,15
5.797459,176
5.797646,15
5.797833,177
5.79802,15
5.798207,172
5.798394,15
5.798581,174
5.798768,15
5.798955,176
5.799142,15
5.799329,177
5.799516,15
5.799703,171
5.79989,15
5.800077,172
5.800264,15
5.800451,178
5.800638,15
5.800825,176
5.801012,15
5.801199,174
5.801385,15
5.801572,180
5.801759,15
5.801946,176
5.802133,15
5.80232,175
5.802507,15
5.802694,174
5.802881,15
5.803068,178
5.803255,15
5.803442,174
5.803629,15
5.803816,175
5.804003,15
5.80419,171
5.804377,15
5.804564,175
5.804751,15
5.804938,178
5.805125,15
5.805312,180
5.805499,15
5.805686,176
5.805873,15
5.80606,173
5.806247,15
5.806434,178
5.806621,15
5.806808,175
5.806995,15
5.807182,177
5.807369,15
5.807556,173
5.807743,15
5.80793,173
5.808117,15
5.808304,174
5.808491,15
5.808678,175
5.808865,15
5.809052,177
5.809239,15
5.809426,172
5.809613,15
5.8098,177
5.809987,15
5.810173,178
5.81036,15
5.810547,179
5.810734,15
5.810921,174
5.811108,15
5.811295,177
5.811482,15
5.811669,175
5.811856,15
5.812043,178
5.81223,15
5.812417,172
5.812604,15
5.812791,178
5.812978,15
5.813165,178
5.813352,15
5.813539,175
5.813726,15
5.813913,176
5.8141,15
5.814287,175
5.814474,15
5.814661,171
5.814848,15
5.815035,174
5.815222,15
5.815409,173
5.815596,15
5.815783,174
5.81597,15
5.816157,175
5.816344,15
5.816531,177
5.816718,15
5.816905,177
5.817092,15
5.817279,175
5.817466,15
5.817653,175
5.81784,15
5.818027,174
5.818214,15
5.818401,175
5.818588,15
5.818775,177
5.818961,15
5.819148,176
5.819335,15
5.819522,175
5.819709,15
5.819896,174
5.820083,15
5.82027,175
5.820457,15
5.820644,175
5.820831,15
5.821018,177
5.821205,15
5.821392,174
5.821579,15
5.821766,175
5.821953,15
5.82214,176
5.822327,15
5.822514,178
5.822701,15
5.822888,173
5.823075,15
5.823262,179
5.823449,15
5.823636,176
5.823823,15
5.82401,178
5.824197,15
5.824384,178
5.824571,15
5.824758,175
5.824945,15
5.825132,178
5.825319,15
5.825506,176
5.825693,15
5.82588,178
5.826067,15
5.826254,177
5.826441,15
5.826628,178
5.826815,15
5.827002,179
5.827189,15
5.827376,180
5.827562,15
5.827749,175
5.827936,15
5.828123,177
5.82831,15
5.828497,174
5.828684,15
5.828871,176
5.829058,15
5.829245,172
5.829432,15
5.829619,177
5.829806,15
5.829993,175
5.83018,15
5.830367,175
5.830554,15
5.830741,176
5.830928,15
5.831115,177
5.831302,15
5.831489,176
5.831676,15
5.831863,178
5.83205,15
5.832237,176
5.832424,15
5.832611,174
5.832798,15
5.832985,178
5.833172,15
5.833359,174
5.833546,15
5.833733,172
5.83392,15
5.834107,175
5.834294,15
5.834481,175
5.834668,15
5.834855,176
5.835042,15
5.835229,178
5.835416,15
5.835603,175
5.83579,15
5.835977,176
5.836164,15
5.83635,174
5.836537,15
5.836724,175
5.836911,15
5.837098,174
5.837285,15
5.837472,174
5.837659,15
5.837846,177
5.838033,15
5.83822,174
5.838407,15
5.838594,175
5.838781,15
5.838968,172
5.839155,15
5.839342,176
5.839529,15
5.839716,178
5.839903,15
5.84009,175
5.840277,15
5.840464,176
5.840651,15
5.840838,174
5.841025,15
5.841212,173
5.841399,15
5.841586,176
5.841773,15
5.84196,174
5.842147,15
5.842334,174
5.842521,15
5.842708,172
5.842895,15
5.843082,175
5.843269,15
5.843456,174
5.843643,15
5.84383,176
5.844017,15
5.844204,174
5.844391,15
5.844578,175
5.844765,15
5.844952,175
5.845138,15
5.845325,178
5.845512,15
5.845699,177
5.845886,15
5.846073,175
5.84626,15
5.846447,172
5.846634,15
5.846821,175
5.847008,15
5.847195,173
5.847382,15
5.847569,176
5.847756,15
5.847943,174
5.84813,15
5.848317,178
5.848504,15
5.848691,175
5.848878,15
5.849065,175
5.849252,15
5.849439,175
5.849626,15
5.849813,174
5.85,15
5.850187,175
5.850374,15
5.850561,172
5.850748,15
5.850935,175
5.851122,15
5.851309,175
5.851496,15
5.851683,175
5.85187,15
5.852057,172
5.852244,15
5.852431,178
5.852618,15
5.852805,177
5.852992,15
5.853179,177
5.853366,15
5.853553,173
5.85374,15
5.853926,178
5.854113,15
5.8543,178
5.854487,15
5.854674,178
5.854861,15
5.855048,177
5.855235,15
5.855422,175
5.855609,15
5.855796,173
5.855983,15
5.85617,176
5.856357,15
5.856544,174
5.856731,15
5.856918,175
5.857105,15
5.857292,175
5.857479,15
5.857666,175
5.857853,15
5.85804,176
5.858227,15
5.858414,174
5.858601,15
5.858788,174
5.858975,15
5.859162,178
5.859349,15
5.859536,174
5.859723,15
5.85991,172
5.860097,15
5.860284,175
5.860471,15
5.860658,175
5.860845,15
5.861032,176
5.861219,15
5.861406,175
5.861593,15
5.86178,174
5.861967,15
5.862154,176
5.862341,15
5.862528,177
5.862714,15
5.862901,174
5.863088,15
5.863275,174
5.863462,15
5.863649,176
5.863836,15
5.864023,179
5.86421,15
5.864397,178
5.864584,15
5.864771,172
5.864958,15
5.865145,172
5.865332,15
5.865519,176
5.865706,15
5.865893,176
5.86608,15
5.866267,172
5.866454,15
5.866641,176
5.866828,15
5.867015,177
5.867202,15
5.867389,177
5.867576,15
5.867763,175
5.86795,15
5.868137,174
5.868324,15
5.868511,176
5.868698,15
5.868885,174
5.869072,15
5.869259,173
5.869446,15
5.869633,172
5.86982,15
5.870007,177
5.870194,15
5.870381,177
5.870568,15
5.870755,174
5.870942,15
5.871129,172
5.871315,15
5.871502,178
5.871689,15
5.871876,174
5.872063,15
5.87225,178
5.872437,15
5.872624,175
5.872811,15
5.872998,178
5.873185,15
5.873372,180
5.873559,15
5.873746,173
5.873933,15
5.87412,176
5.874307,15
5.874494,179
5.874681,15
5.874868,174
5.875055,15
5.875242,176
5.875429,15
5.875616,178
5.875803,15
5.87599,177
5.876177,15
5.876364,175
5.876551,15
5.876738,176
5.876925,15
5.877112,175
5.877299,15
5.877486,176
5.877673,15
5.87786,177
5.878047,15
5.878234,175
5.878421,15
5.878608,172
5.878795,15
5.878982,173
5.879169,15
5.879356,175
5.879543,15
5.87973,175
5.879917,15
5.880103,175
5.88029,15
5.880477,176
5.880664,15
5.880851,175
5.881038,15
5.881225,178
5.881412,15
5.881599,177
5.881786,15
5.881973,172
5.88216,15
5.882347,177
5.882534,15
5.882721,176
5.882908,15
5.883095,174
5.883282,15
5.883469,175
5.883656,15
5.883843,178
5.88403,15
5.884217,178
5.884404,15
5.884591,175
5.884778,15
5.884965,176
5.885152,15
5.885339,179
5.885526,15
5.885713,174
5.8859,15
5.886087,172
5.886274,15
5.886461,172
5.886648,15
5.886835,179
5.887022,15
5.887209,176
5.887396,15
5.887583,174
5.88777,15
5.887957,174
5.888144,15
5.888331,179
5.888518,15
5.888705,178
5.888891,15
5.889078,178
5.889265,15
5.889452,173
5.889639,15
5.889826,175
5.890013,15
5.8902,174
5.890387,15
5.890574,177
5.890761,15
5.890948,178
5.891135,15
5.891322,174
5.891509,15
5.891696,174
5.891883,15
5.89207,174
5.892257,15
5.892444,177
5.892631,15
5.892818,178
5.893005,15
5.893192,172
5.893379,15
5.893566,176
5.893753,15
5.89394,173
5.894127,15
5.894314,172
5.894501,15
5.894688,174
5.894875,15
5.895062,176
5.895249,15
5.895436,176
5.895623,15
5.89581,175
5.895997,15
5.896184,173
5.896371,15
5.896558,173
5.896745,15
5.896932,176
5.897119,15
5.897306,176
5.897493,15
5.897679,172
5.897866,15
5.898053,174
5.89824,15
5.898427,175
5.898614,15
5.898801,176
5.898988,15
5.899175,176
5.899362,15
5.899549,175
5.899736,15
5.899923,176
5.90011,15
5.900297,176
5.900484,15
5.900671,173
5.900858,15
5.901045,171
5.901232,15
5.901419,173
5.901606,15
5.901793,173
5.90198,15
5.902167,174
5.902354,15
5.902541,175
5.902728,15
5.902915,174
5.903102,15
5.903289,176
5.903476,15
5.903663,177
5.90385,15
5.904037,175
5.904224,15
5.904411,173
5.904598,15
5.904785,175
5.904972,15
5.905159,172
5.905346,15
5.905533,174
5.90572,15
5.905907,176
5.906094,15
5.90628,173
5.906467,15
5.906654,175
5.906841,15
5.907028,176
5.907215,15
5.907402,173
5.907589,15
5.907776,173
5.907963,15
5.90815,174
5.908337,15
5.908524,172
5.908711,15
5.908898,180
5.909085,15
5.909272,172
5.909459,15
5.909646,176
5.909833,15
5.91002,176
5.910207,15
5.910394,173
5.910581,15
5.910768,175
5.910955,15
5.911142,175
5.911329,15
5.911516,175
5.911703,15
5.91189,175
5.912077,15
5.912264,175
5.912451,15
5.912638,174
5.912825,15
5.913012,174
5.913199,15
5.913386,178
5.913573,15
5.91376,177
5.913947,15
5.914134,175
5.914321,15
5.914508,175
5.914695,15
5.914882,173
5.915068,15
5.915255,175
5.915442,15
5.915629,174
5.915816,15
5.916003,175
5.91619,15
5.916377,172
5.916564,15
5.916751,175
5.916938,15
5.917125,175
5.917312,15
5.917499,174
5.917686,15
5.917873,175
5.91806,15
5.918247,172
5.918434,15
5.918621,177
5.918808,15
5.918995,175
5.919182,15
5.919369,178
5.919556,15
5.919743,172
5.91993,15
5.920117,175
5.920304,15
5.920491,176
5.920678,15
5.920865,175
5.921052,15
5.921239,177
5.921426,15
5.921613,177
5.9218,15
5.921987,176
5.922174,15
5.922361,175
5.922548,15
5.922735,179
5.922922,15
5.923109,178
5.923296,15
5.923483,175
5.92367,15
5.923856,180
5.924043,15
5.92423,176
5.924417,15
5.924604,173
5.924791,15
5.924978,176
5.925165,15
5.925352,175
5.925539,15
5.925726,175
5.925913,15
5.9261,175
5.926287,15
5.926474,173
5.926661,15
5.926848,176
5.927035,15
5.927222,173
5.927409,15
5.927596,174
5.927783,15
5.92797,180
5.928157,15
5.928344,176
5.928531,15
5.928718,175
5.928905,15
5.929092,172
5.929279,15
5.929466,176
5.929653,15
5.92984,176
5.930027,15
5.930214,175
5.930401,15
5.930588,175
5.930775,15
5.930962,173
5.931149,15
5.931336,175
5.931523,15
5.93171,174
5.931897,15
5.932084,177
5.932271,15
5.932458,174
5.932644,15
5.932831,175
5.933018,15
5.933205,175
5.933392,15
5.933579,174
5.933766,15
5.933953,176
5.93414,15
5.934327,176
5.934514,15
5.934701,174
5.934888,15
5.935075,175
5.935262,15
5.935449,175
5.935636,15
5.935823,172
5.93601,15
5.936197,184
5.936384,15
5.936571,175
5.936758,15
5.936945,175
5.937132,15
5.937319,176
5.937506,15
5.937693,178
5.93788,15
5.938067,176
5.938254,15
5.938441,178
5.938628,15
5.938815,176
5.939002,15
5.939189,175
5.939376,15
5.939563,176
5.93975,15
5.939937,173
5.940124,15
5.940311,177
5.940498,15
5.940685,176
5.940872,15
5.941059,180
5.941245,15
5.941432,176
5.941619,15
5.941806,172
5.941993,15
5.94218,174
5.942367,15
5.942554,174
5.942741,15
5.942928,174
5.943115,15
5.943302,173
5.943489,15
5.943676,175
5.943863,15
5.94405,172
5.944237,15
5.944424,172
5.944611,15
5.944798,172
5.944985,15
5.945172,176
5.945359,15
5.945546,175
5.945733,15
5.94592,175
5.946107,15
5.946294,174
5.946481,15
5.946668,176
5.946855,15
5.947042,179
5.947229,15
5.947416,175
5.947603,15
5.94779,172
5.947977,15
5.948164,177
5.948351,15
5.948538,172
5.948725,15
5.948912,174
5.949099,15
5.949286,178
5.949473,15
5.94966,176
5.949847,15
5.950033,174
5.95022,15
5.950407,176
5.950594,15
5.950781,175
5.950968,15
5.951155,175
5.951342,15
5.951529,178
5.951716,15
5.951903,178
5.95209,15
5.952277,174
5.952464,15
5.952651,175
5.952838,15
5.953025,172
5.953212,15
5.953399,174
5.953586,15
5.953773,175
5.95396,15
5.954147,175
5.954334,15
5.954521,179
5.954708,15
5.954895,173
5.955082,15
5.955269,176
5.955456,15
5.955643,177
5.95583,15
5.956017,173
5.956204,15
5.956391,178
5.956578,15
5.956765,179
5.956952,15
5.957139,175
5.957326,15
5.957513,174
5.9577,15
5.957887,176
5.958074,15
5.958261,172
5.958448,15
5.958635,176
5.958821,15
5.959008,177
5.959195,15
5.959382,174
5.959569,15
5.959756,174
5.959943,15
5.96013,175
5.960317,15
5.960504,175
5.960691,15
5.960878,175
5.961065,15
5.961252,181
5.961439,15
5.961626,172
5.961813,15
5.962,175
5.962187,15
5.962374,169
5.962561,15
5.962748,176
5.962935,15
5.963122,177
5.963309,15
5.963496,174
5.963683,15
5.96387,173
5.964057,15
5.964244,174
5.964431,15
5.964618,172
5.964805,15
5.964992,174
5.965179,15
5.965366,179
5.965553,15
5.96574,175
5.965927,15
5.966114,178
5.966301,15
5.966488,174
5.966675,15
5.966862,176
5.967049,15
5.967236,176
5.967423,15
5.967609,174
5.967796,15
5.967983,176
5.96817,15
5.968357,177
5.968544,15
5.968731,175
5.968918,15
5.969105,177
5.969292,15
5.969479,179
5.969666,15
5.969853,175
5.97004,15
5.970227,176
5.970414,15
5.970601,175
5.970788,15
5.970975,175
5.971162,15
5.971349,172
5.971536,15
5.971723,175
5.97191,15
5.972097,174
5.972284,15
5.972471,176
5.972658,15
5.972845,175
5.973032,15
5.973219,180
5.973406,15
5.973593,176
5.97378,15
5.973967,176
5.974154,15
5.974341,178
5.974528,15
5.974715,176
5.974902,15
5.975089,178
5.975276,15
5.975463,177
5.97565,15
5.975837,174
5.976024,15
5.97621,176
5.976397,15
5.976584,178
5.976771,15
5.976958,177
5.977145,15
5.977332,171
5.977519,15
5.977706,177
5.977893,15
5.97808,173
5.978267,15
5.978454,172
5.978641,15
5.978828,177
5.979015,15
5.979202,173
5.979389,15
5.979576,175
5.979763,15
5.97995,176
5.980137,15
5.980324,173
5.980511,15
5.980698,171
5.980885,15
5.981072,173
5.981259,15
5.981446,175
5.981633,15
5.98182,174
5.982007,15
5.982194,178
5.982381,15
5.982568,177
5.982755,15
5.982942,175
5.983129,15
5.983316,175
5.983503,15
5.98369,175
5.983877,15
5.984064,172
5.984251,15
5.984438,178
5.984625,15
5.984812,175
5.984998,15
5.985185,172
5.985372,15
5.985559,177
5.985746,15
5.985933,176
5.98612,15
5.986307,175
5.986494,15
5.986681,173
5.986868,15
5.987055,175
5.987242,15
5.987429,170
5.987616,15
5.987803,178
5.98799,15
5.988177,174
5.988364,15
5.988551,178
5.988738,15
5.988925,176
5.989112,15
5.989299,172
5.989486,15
5.989673,176
5.98986,15
5.990047,175
5.990234,15
5.990421,176
5.990608,15
5.990795,177
5.990982,15
5.991169,175
5.991356,15
5.991543,175
5.99173,15
5.991917,172
5.992104,15
5.992291,176
5.992478,15
5.992665,174
5.992852,15
5.993039,174
5.993226,15
5.993413,176
5.9936,15
5.993786,177
5.993973,15
5.99416,176
5.994347,15
5.994534,174
5.994721,15
5.994908,177
5.995095,15
5.995282,176
5.995469,15
5.995656,176
5.995843,15
5.99603,179
5.996217,15
5.996404,177
5.996591,15
5.996778,178
5.996965,15
5.997152,172
5.997339,15
5.997526,173
5.997713,15
5.9979,178
5.998087,15
5.998274,176
5.998461,15
5.998648,175
5.998835,15
5.999022,172
5.999209,15
5.999396,174
5.999583,15
5.99977,177
5.999957,15
6.000144,173
6.000331,15
6.000518,171
6.000705,15
6.000892,174
6.001079,15
6.001266,179
6.001453,15
6.00164,174
6.001827,15
6.002014,173
6.002201,15
6.002388,173
6.002574,15
6.002761,176
6.002948,15
6.003135,174
6.003322,15
6.003509,177
6.003696,15
6.003883,176
6.00407,15
6.004257,174
6.004444,15
6.004631,177
6.004818,15
6.005005,175
6.005192,15
6.005379,175
6.005566,15
6.005753,174
6.00594,15
6.006127,174
6.006314,15
6.006501,177
6.006688,15
6.006875,175
6.007062,15
6.007249,175
6.007436,15
6.007623,176
6.00781,15
6.007997,175
6.008184,15
6.008371,175
6.008558,15
6.008745,175
6.008932,15
6.009119,174
6.009306,15
6.009493,171
6.00968,15
6.009867,177
6.010054,15
6.010241,174
6.010428,15
6.010615,178
6.010802,15
6.010989,176
6.011175,15
6.011362,179
6.011549,15
6.011736,174
6.011923,15
6.01211,175
6.012297,15
6.012484,179
6.012671,15
6.012858,174
6.013045,15
6.013232,174
6.013419,15
6.013606,176
6.013793,15
6.01398,177
6.014167,15
6.014354,175
6.014541,15
6.014728,178
6.014915,15
6.015102,176
6.015289,15
6.015476,178
6.015663,15
6.01585,178
6.016037,15
6.016224,175
6.016411,15
6.016598,175
6.016785,15
6.016972,173
6.017159,15
6.017346,177
6.017533,15
6.01772,174
6.017907,15
6.018094,175
6.018281,15
6.018468,176
6.018655,15
6.018842,171
6.019029,15
6.019216,174
6.019403,15
6.01959,175
6.019777,15
6.019963,176
6.02015,15
6.020337,180
6.020524,15
6.020711,173
6.020898,15
6.021085,172
6.021272,15
6.021459,175
6.021646,15
6.021833,174
6.02202,15
6.022207,174
6.022394,15
6.022581,174
6.022768,15
6.022955,174
6.023142,15
6.023329,173
6.023516,15
6.023703,174
6.02389,15
6.024077,178
6.024264,15
6.024451,175
6.024638,15
6.024825,174
6.025012,15
6.025199,175
6.025386,15
6.025573,175
6.02576,15
6.025947,174
6.026134,15
6.026321,174
6.026508,15
6.026695,174
6.026882,15
6.027069,175
6.027256,15
6.027443,170
6.02763,15
6.027817,176
6.028004,15
6.028191,176
6.028378,15
6.028565,175
6.028751,15
6.028938,172
6.029125,15
6.029312,175
6.029499,15
6.029686,177
6.029873,15
6.03006,175
6.030247,15
6.030434,178
6.030621,15
6.030808,173
6.030995,15
6.031182,174
6.031369,15
6.031556,173
6.031743,15
6.03193,175
6.032117,15
6.032304,174
6.032491,15
6.032678,181
6.032865,15
6.033052,173
6.033239,15
6.033426,175
6.033613,15
6.0338,176
6.033987,15
6.034174,176
6.034361,15
6.034548,174
6.034735,15
6.034922,176
6.035109,15
6.035296,177
6.035483,15
6.03567,178
6.035857,15
6.036044,178
6.036231,15
6.036418,175
6.036605,15
6.036792,175
6.036979,15
6.037166,175
6.037353,15
6.037539,174
6.037726,15
6.037913,177
6.0381,15
6.038287,173
6.038474,15
6.038661,176
6.038848,15
6.039035,173
6.039222,15
6.039409,176
6.039596,15
6.039783,175
6.03997,15
6.040157,171
6.040344,15
6.040531,174
6.040718,15
6.040905,177
6.041092,15
6.041279,177
6.041466,15
6.041653,174
6.04184,15
6.042027,173
6.042214,15
6.042401,174
6.042588,15
6.042775,177
6.042962,15
6.043149,178
6.043336,15
6.043523,176
6.04371,15
6.043897,174
6.044084,15
6.044271,176
6.044458,15
6.044645,175
6.044832,15
6.045019,174
6.045206,15
6.045393,174
6.04558,15
6.045767,177
6.045954,15
6.046141,172
6.046327,15
6.046514,174
6.046701,15
6.046888,173
6.047075,15
6.047262,174
6.047449,15
6.047636,172
6.047823,15
6.04801,175
6.048197,15
6.048384,174
6.048571,15
6.048758,178
6.048945,15
6.049132,174
6.049319,15
6.049506,176
6.049693,15
6.04988,173
6.050067,15
6.050254,178
6.050441,15
6.050628,172
6.050815,15
6.051002,172
6.051189,15
6.051376,179
6.051563,15
6.05175,176
6.051937,15
6.052124,175
6.052311,15
6.052498,170
6.052685,15
6.052872,176
6.053059,15
6.053246,178
6.053433,15
6.05362,175
6.053807,15
6.053994,176
6.054181,15
6.054368,175
6.054555,15
6.054742,174
6.054928,15
6.055115,176
6.055302,15
6.055489,178
6.055676,15
6.055863,175
6.05605,15
6.056237,174
6.056424,15
6.056611,175
6.056798,15
6.056985,173
6.057172,15
6.057359,177
6.057546,15
6.057733,172
6.05792,15
6.058107,175
6.058294,15
6.058481,175
6.058668,15
6.058855,177
6.059042,15
6.059229,175
6.059416,15
6.059603,171
6.05979,15
6.059977,174
6.060164,15
6.060351,176
6.060538,15
6.060725,176
6.060912,15
6.061099,178
6.061286,15
6.061473,175
6.06166,15
6.061847,174
6.062034,15
6.062221,173
6.062408,15
6.062595,176
6.062782,15
6.062969,174
6.063156,15
6.063343,175
6.06353,15
6.063716,174
6.063903,15
6.06409,174
6.064277,15
6.064464,174
6.064651,15
6.064838,179
6.065025,15
6.065212,180
6.065399,15
6.065586,176
6.065773,15
6.06596,174
6.066147,15
6.066334,172
6.066521,15
6.066708,172
6.066895,15
6.067082,173
6.067269,15
6.067456,175
6.067643,15
6.06783,178
6.068017,15
6.068204,173
6.068391,15
6.068578,174
6.068765,15
6.068952,174
6.069139,15
6.069326,177
6.069513,15
6.0697,174
6.069887,15
6.070074,176
6.070261,15
6.070448,177
6.070635,15
6.070822,173
6.071009,15
6.071196,172
6.071383,15
6.07157,176
6.071757,15
6.071944,178
6.072131,15
6.072318,174
6.072504,15
6.072691,174
6.072878,15
6.073065,176
6.073252,15
6.073439,178
6.073626,15
6.073813,176
6.074,15
6.074187,177
6.074374,15
6.074561,173
6.074748,15
6.074935,176
6.075122,15
6.075309,174
6.075496,15
6.075683,175
6.07587,15
6.076057,174
6.076244,15
6.076431,173
6.076618,15
6.076805,178
6.076992,15
6.077179,178
6.077366,15
6.077553,173
6.07774,15
6.077927,175
6.078114,15
6.078301,178
6.078488,15
6.078675,172
6.078862,15
6.079049,174
6.079236,15
6.079423,175
6.07961,15
6.079797,176
6.079984,15
6.080171,173
6.080358,15
6.080545,178
6.080732,15
6.080919,173
6.081106,15
6.081292,177
6.081479,15
6.081666,172
6.081853,15
6.08204,176
6.082227,15
6.082414,178
6.082601,15
6.082788,180
6.082975,15
6.083162,173
6.083349,15
6.083536,175
6.083723,15
6.08391,174
6.084097,15
6.084284,172
6.084471,15
6.084658,178
6.084845,15
6.085032,174
6.085219,15
6.085406,174
6.085593,15
6.08578,175
6.085967,15
6.086154,175
6.086341,15
6.086528,177
6.086715,15
6.086902,174
6.087089,15
6.087276,175
6.087463,15
6.08765,173
6.087837,15
6.088024,175
6.088211,15
6.088398,175
6.088585,15
6.088772,174
6.088959,15
6.089146,180
6.089333,15
6.08952,174
6.089707,15
6.089893,175
6.09008,15
6.090267,176
6.090454,15
6.090641,173
6.090828,15
6.091015,173
6.091202,15
6.091389,172
6.091576,15
6.091763,179
6.09195,15
6.092137,177
6.092324,15
6.092511,173
6.092698,15
6.092885,176
6.093072,15
6.093259,178
6.093446,15
6.093633,173
6.09382,15
6.094007,175
6.094194,15
6.094381,174
6.094568,15
6.094755,177
6.094942,15
6.095129,177
6.095316,15
6.095503,176
6.09569,15
6.095877,177
6.096064,15
6.096251,176
6.096438,15
6.096625,176
6.096812,15
6.096999,174
6.097186,15
6.097373,175
6.09756,15
6.097747,175
6.097934,15
6.098121,174
6.098308,15
6.098495,178
6.098681,15
6.098868,175
6.099055,15
6.099242,172
6.099429,15
6.099616,178
6.099803,15
6.09999,175
6.100177,15
6.100364,174
6.100551,15
6.100738,176
6.100925,15
6.101112,174
6.101299,15
6.101486,174
6.101673,15
6.10186,174
6.102047,15
6.102234,173
6.102421,15
6.102608,175
6.102795,15
6.102982,175
6.103169,15
6.103356,171
6.103543,15
6.10373,174
6.103917,15
6.104104,174
6.104291,15
6.104478,175
6.104665,15
6.104852,172
6.105039,15
6.105226,175
6.105413,15
6.1056,172
6.105787,15
6.105974,174
6.106161,15
6.106348,173
6.106535,15
6.106722,175
6.106909,15
6.107096,172
6.107283,15
6.107469,175
6.107656,15
6.107843,175
6.10803,15
6.108217,173
6.108404,15
6.108591,180
6.108778,15
6.108965,173
6.109152,15
6.109339,176
6.109526,15
6.109713,173
6.1099,15
6.110087,180
6.110274,15
6.110461,176
6.110648,15
6.110835,177
6.111022,15
6.111209,176
6.111396,15
6.111583,174
6.11177,15
6.111957,178
6.112144,15
6.112331,177
6.112518,15
6.112705,175
6.112892,15
6.113079,175
6.113266,15
6.113453,178
6.11364,15
6.113827,174
6.114014,15
6.114201,172
6.114388,15
6.114575,174
6.114762,15
6.114949,178
6.115136,15
6.115323,175
6.11551,15
6.115697,174
6.115884,15
6.116071,178
6.116257,15
6.116444,172
6.116631,15
6.116818,175
6.117005,15
6.117192,175
6.117379,15
6.117566,175
6.117753,15
6.11794,177
6.118127,15
6.118314,176
6.118501,15
6.118688,173
6.118875,15
6.119062,180
6.119249,15
6.119436,175
6.119623,15
6.11981,178
6.119997,15
6.120184,169
6.120371,15
6.120558,170
6.120745,15
6.120932,174
6.121119,15
6.121306,175
6.121493,15
6.12168,176
6.121867,15
6.122054,174
6.122241,15
6.122428,177
6.122615,15
6.122802,172
6.122989,15
6.123176,178
6.123363,15
6.12355,172
6.123737,15
6.123924,176
6.124111,15
6.124298,174
6.124485,15
6.124672,175
6.124858,15
6.125045,174
6.125232,15
6.125419,174
6.125606,15
6.125793,176
6.12598,15
6.126167,175
6.126354,15
6.126541,173
6.126728,15
