t,acc_X,acc_Y,acc_Z,gyr_X,gyr_Y,gyr_Z,mag_X,mag_Y,mag_Z,eul_heading,eul_roll,eul_pitch,quat_w,quat_x,quat_y,quat_z,lia_X,lia_Y,lia_Z,grv_X,grv_Y,grv_Z,temp
0.0,0.29,-0.65,9.33,-0.0625,-0.125,0.1875,5.5625,-4.5,-85.75,0.0,1.8125,3.875,0.999268,-0.034058,-0.016174,0.0,-0.02,0.01,-0.44,0.31,-0.66,9.77,25
0.010162,0.29,-0.65,9.35,-0.0625,-0.125,0.0625,5.5625,-4.5,-85.75,360.0,1.8125,3.875,0.999268,-0.034058,-0.016174,0.0,-0.02,0.01,-0.42,0.31,-0.66,9.77,25
0.020324,0.29,-0.61,9.31,-0.0625,-0.1875,0.0625,5.5625,-4.5,-85.75,360.0,1.8125,3.875,0.999268,-0.034058,-0.016174,0.0,-0.02,0.05,-0.46,0.31,-0.66,9.77,25
0.030487,0.31,-0.63,9.3,-0.0625,-0.125,0.0,5.5625,-4.5,-85.75,360.0,1.8125,3.875,0.999268,-0.034058,-0.016174,0.0,0.0,0.03,-0.47,0.31,-0.66,9.77,25
0.040649,0.29,-0.62,9.31,-0.0625,-0.125,0.0625,5.5625,-4.5,-85.75,360.0,1.8125,3.875,0.999268,-0.034058,-0.016174,0.0,-0.02,0.04,-0.46,0.31,-0.66,9.77,25
0.050811,0.29,-0.62,9.33,-0.0625,-0.25,0.0625,5.1875,-4.0625,-85.375,360.0,1.8125,3.875,0.999268,-0.034058,-0.016174,0.0,-0.02,0.04,-0.44,0.31,-0.66,9.77,25
0.060973,0.28,-0.63,9.35,-0.125,-0.125,0.0625,5.1875,-4.0625,-85.375,360.0,1.8125,3.875,0.999268,-0.034058,-0.016174,0.0,-0.03,0.03,-0.42,0.31,-0.66,9.77,25
0.071135,0.31,-0.62,9.3,0.0,-0.1875,0.0625,5.1875,-4.0625,-85.375,360.0,1.8125,3.875,0.999268,-0.034058,-0.016174,0.0,0.0,0.04,-0.47,0.31,-0.66,9.77,25
0.081298,0.31,-0.64,9.32,-0.125,0.0,0.0625,5.1875,-4.0625,-85.375,360.0,1.8125,3.875,0.999268,-0.034058,-0.016174,0.0,0.0,0.02,-0.45,0.31,-0.66,9.77,25
0.09146,0.29,-0.62,9.34,-0.0625,-0.125,0.0625,5.1875,-4.0625,-85.375,360.0,1.8125,3.875,0.999268,-0.034058,-0.016174,0.0,-0.02,0.04,-0.43,0.31,-0.66,9.77,25
0.101622,0.3,-0.63,9.3,0.0,-0.1875,0.125,5.1875,-3.75,-84.25,360.0,1.8125,3.875,0.999268,-0.034058,-0.016174,0.0,-0.01,0.03,-0.47,0.31,-0.66,9.77,25
0.111784,0.28,-0.63,9.31,-0.125,0.0,0.0,5.1875,-3.75,-84.25,360.0,1.8125,3.875,0.999268,-0.034058,-0.016174,0.0,-0.02,0.03,-0.46,0.31,-0.66,9.77,25
0.121946,0.31,-0.61,9.31,-0.125,-0.0625,0.125,5.1875,-3.75,-84.25,360.0,1.8125,3.875,0.999268,-0.034058,-0.016174,0.0,0.0,0.05,-0.46,0.31,-0.66,9.77,25
0.132109,0.28,-0.63,9.34,0.0,-0.25,0.0625,5.1875,-3.75,-84.25,360.0,1.8125,3.875,0.999268,-0.034058,-0.016174,0.0,-0.02,0.03,-0.43,0.31,-0.66,9.77,25
0.142271,0.28,-0.63,9.33,-0.0625,-0.125,0.0625,5.1875,-3.75,-84.25,360.0,1.8125,3.875,0.999268,-0.034058,-0.016174,0.0,-0.03,0.03,-0.44,0.31,-0.66,9.77,25
0.152433,0.29,-0.62,9.33,0.0,-0.125,0.0625,5.1875,-3.75,-85.375,360.0,1.8125,3.875,0.999268,-0.034058,-0.016174,0.0,-0.02,0.04,-0.44,0.31,-0.66,9.77,25
0.162595,0.3,-0.63,9.37,0.0,-0.125,0.0,5.1875,-3.75,-85.375,360.0,1.8125,3.875,0.999268,-0.034058,-0.016174,0.0,-0.01,0.03,-0.4,0.31,-0.66,9.77,25
0.172757,0.3,-0.64,9.33,-0.0625,-0.125,0.0,5.1875,-3.75,-85.375,360.0,1.8125,3.875,0.999268,-0.034058,-0.016174,0.0,-0.01,0.02,-0.44,0.31,-0.66,9.77,25
0.18292,0.31,-0.65,9.3,-0.0625,0.0,0.0625,5.1875,-3.75,-85.375,360.0,1.8125,3.875,0.999268,-0.034058,-0.016174,0.0,0.0,0.01,-0.47,0.31,-0.66,9.77,25
0.193082,0.29,-0.66,9.32,-0.25,0.0,0.125,5.1875,-3.75,-85.375,360.0,1.8125,3.875,0.999268,-0.034058,-0.016174,0.0,-0.02,0.0,-0.45,0.31,-0.66,9.77,25
0.203244,0.3,-0.63,9.32,-0.125,-0.25,0.125,4.875,-4.0625,-85.0625,360.0,1.8125,3.875,0.999268,-0.034058,-0.016174,0.0,-0.01,0.03,-0.45,0.31,-0.66,9.77,25
0.213406,0.29,-0.65,9.33,-0.25,-0.1875,0.0,4.875,-4.0625,-85.0625,360.0,1.8125,3.875,0.999268,-0.034058,-0.016174,0.0,-0.02,0.01,-0.44,0.31,-0.66,9.77,25
0.223568,0.31,-0.64,9.31,-0.125,0.0,0.0,4.875,-4.0625,-85.0625,360.0,1.8125,3.875,0.999268,-0.034058,-0.016174,0.0,0.0,0.02,-0.46,0.31,-0.66,9.77,25
0.233731,0.31,-0.63,9.33,-0.125,-0.0625,0.0625,4.875,-4.0625,-85.0625,360.0,1.8125,3.875,0.999268,-0.034058,-0.016174,0.0,0.0,0.03,-0.44,0.31,-0.66,9.77,25
0.243893,0.3,-0.63,9.32,-0.0625,-0.25,0.125,4.875,-4.0625,-85.0625,360.0,1.8125,3.875,0.999268,-0.034058,-0.016174,0.0,-0.01,0.03,-0.45,0.31,-0.66,9.77,25
0.254055,0.3,-0.62,9.33,-0.125,-0.0625,0.0,4.5,-4.5,-84.25,360.0,1.8125,3.875,0.999268,-0.034058,-0.016174,0.0,-0.01,0.04,-0.44,0.31,-0.66,9.77,25
0.264217,0.31,-0.64,9.33,-0.0625,-0.125,0.0,4.5,-4.5,-84.25,360.0,1.8125,3.875,0.999268,-0.034058,-0.016174,0.0,0.0,0.02,-0.44,0.31,-0.66,9.77,25
0.274379,0.3,-0.63,9.31,-0.125,-0.0625,0.0,4.5,-4.5,-84.25,360.0,1.8125,3.875,0.999268,-0.034058,-0.016174,0.0,-0.01,0.03,-0.46,0.31,-0.66,9.77,25
0.284541,0.32,-0.62,9.33,-0.0625,0.0,0.125,4.5,-4.5,-84.25,360.0,1.8125,3.875,0.999268,-0.034058,-0.016174,0.0,0.0,0.04,-0.44,0.31,-0.66,9.77,25
0.294704,0.3,-0.63,9.34,-0.0625,0.0,0.125,4.5,-4.5,-84.25,360.0,1.8125,3.875,0.999268,-0.034058,-0.016174,0.0,-0.01,0.03,-0.43,0.31,-0.66,9.77,25
0.304866,0.29,-0.63,9.3,-0.0625,-0.1875,0.125,3.75,-5.1875,-85.0625,360.0,1.8125,3.875,0.999268,-0.034058,-0.016174,0.0,-0.02,0.03,-0.47,0.31,-0.66,9.77,25
0.315028,0.3,-0.63,9.33,-0.0625,-0.0625,0.0,3.75,-5.1875,-85.0625,360.0,1.8125,3.875,0.999268,-0.034058,-0.016174,0.0,-0.01,0.03,-0.44,0.31,-0.66,9.77,25
0.32519,0.3,-0.63,9.33,-0.0625,-0.125,0.125,3.75,-5.1875,-85.0625,360.0,1.8125,3.875,0.999268,-0.034058,-0.016174,0.0,-0.02,0.04,-0.46,0.31,-0.66,9.77,25
0.335352,0.29,-0.62,9.31,-0.1875,-0.1875,0.0625,3.75,-5.1875,-85.0625,360.0,1.8125,3.875,0.999268,-0.034058,-0.016174,0.0,-0.02,0.03,-0.46,0.31,-0.66,9.77,25
0.345515,0.29,-0.63,9.31,-0.0625,-0.0625,0.0625,3.75,-5.1875,-85.0625,360.0,1.8125,3.875,0.999268,-0.034058,-0.016174,0.0,-0.02,0.03,-0.42,0.31,-0.66,9.77,25
0.355677,0.29,-0.63,9.35,-0.125,-0.0625,0.0625,5.5625,-4.5,-87.0625,360.0,1.8125,3.875,0.999268,-0.034058,-0.016174,0.0,0.0,0.02,-0.41,0.31,-0.66,9.77,25
0.365839,0.31,-0.64,9.36,-0.125,-0.0625,0.0625,5.5625,-4.5,-87.0625,360.0,1.8125,3.875,0.999268,-0.034058,-0.016174,0.0,-0.02,0.02,-0.42,0.31,-0.66,9.77,25
0.376001,0.28,-0.64,9.35,-0.125,0.0625,0.125,5.5625,-4.5,-87.0625,360.0,1.8125,3.875,0.999268,-0.034058,-0.016174,0.0,0.0,0.03,-0.46,0.31,-0.66,9.77,25
0.386163,0.31,-0.63,9.31,-0.1875,-0.0625,0.0625,5.5625,-4.5,-87.0625,360.0,1.8125,3.875,0.999268,-0.034058,-0.016174,0.0,0.0,0.01,-0.43,0.31,-0.66,9.77,25
0.396326,0.31,-0.65,9.34,-0.0625,-0.125,0.0,5.5625,-4.5,-87.0625,360.0,1.8125,3.875,0.999268,-0.034058,-0.016174,0.0,0.0,0.03,-0.45,0.31,-0.66,9.77,25
0.406488,0.31,-0.63,9.32,-0.125,-0.1875,0.125,5.875,-4.5,-85.0625,360.0,1.8125,3.875,0.999268,-0.034058,-0.016174,0.0,-0.02,0.03,-0.44,0.31,-0.66,9.77,25
0.41665,0.29,-0.63,9.33,-0.25,-0.125,0.0,5.875,-4.5,-85.0625,360.0,1.8125,3.875,0.999268,-0.034058,-0.016174,0.0,-0.01,0.04,-0.44,0.31,-0.66,9.77,25
0.426812,0.3,-0.62,9.33,-0.1875,-0.125,0.0625,5.875,-4.5,-85.0625,360.0,1.8125,3.875,0.999268,-0.034058,-0.016174,0.0,-0.02,0.04,-0.46,0.31,-0.66,9.77,25
0.436974,0.29,-0.62,9.31,-0.0625,-0.125,0.0625,5.875,-4.5,-85.0625,360.0,1.8125,3.875,0.999268,-0.034058,-0.016174,0.0,0.0,0.02,-0.44,0.31,-0.66,9.77,25
0.447137,0.31,-0.64,9.33,-0.125,-0.125,0.0625,5.875,-4.5,-85.0625,360.0,1.8125,3.875,0.999268,-0.034058,-0.016174,0.0,-0.02,0.04,-0.42,0.31,-0.66,9.77,25
0.457299,0.28,-0.62,9.35,0.0,-0.0625,0.0625,4.5,-4.5,-85.5,360.0,1.8125,3.875,0.999268,-0.034058,-0.016174,0.0,-0.01,0.03,-0.44,0.31,-0.66,9.77,25
0.467461,0.3,-0.63,9.33,-0.125,0.0,-0.0625,4.5,-4.5,-85.5,360.0,1.8125,3.875,0.999268,-0.034058,-0.016174,0.0,0.0,0.05,-0.43,0.31,-0.66,9.77,25
0.477623,0.31,-0.61,9.34,-0.125,-0.25,0.1875,4.5,-4.5,-85.5,360.0,1.8125,3.875,0.999268,-0.034058,-0.016174,0.0,-0.03,0.05,-0.45,0.31,-0.66,9.77,25
0.487785,0.28,-0.61,9.32,-0.125,-0.25,0.1875,4.5,-4.5,-85.5,360.0,1.8125,3.875,0.999268,-0.034058,-0.016174,0.0,-0.01,0.03,-0.47,0.31,-0.66,9.77,25
0.497948,0.3,-0.63,9.29,0.0,-0.125,0.125,4.5,-4.5,-85.5,0.0,1.8125,3.875,0.999268,-0.034058,-0.016174,0.0,-0.01,0.04,-0.45,0.31,-0.66,9.77,25
0.50811,0.3,-0.62,9.32,0.0,-0.3125,0.0,3.375,-3.375,-85.5,360.0,1.8125,3.875,0.999268,-0.034058,-0.016174,0.0,-0.03,0.03,-0.46,0.31,-0.66,9.77,25
0.518272,0.28,-0.63,9.31,-0.25,-0.125,-0.0625,3.375,-3.375,-85.5,0.0,1.8125,3.875,0.999268,-0.034058,-0.016174,0.0,0.0,0.04,-0.44,0.31,-0.66,9.77,25
0.528434,0.32,-0.62,9.33,-0.25,-0.125,-0.0625,3.375,-3.375,-85.5,0.0,1.8125,3.875,0.999268,-0.034058,-0.016174,0.0,-0.02,0.04,-0.45,0.31,-0.66,9.77,25
0.538596,0.29,-0.62,9.32,-0.25,-0.0625,0.1875,3.375,-3.375,-85.5,0.0,1.8125,3.875,0.999268,-0.034058,-0.016174,0.0,-0.01,0.03,-0.44,0.31,-0.66,9.77,25
0.548759,0.3,-0.63,9.33,-0.125,0.0625,0.0625,3.375,-3.375,-85.5,0.0,1.8125,3.875,0.999268,-0.034058,-0.016174,0.0,-0.01,0.0,-0.42,0.31,-0.66,9.77,25
0.558921,0.3,-0.66,9.35,0.0,0.0625,0.0,3.375,-3.375,-85.5,0.0,1.8125,3.875,0.999268,-0.034058,-0.016174,0.0,-0.01,0.02,-0.46,0.31,-0.66,9.77,25
0.569083,0.3,-0.64,9.31,-0.25,-0.125,0.0625,4.875,-3.75,-83.875,360.0,1.8125,3.875,0.999268,-0.034058,-0.016174,0.0,-0.01,0.02,-0.44,0.31,-0.66,9.77,25
0.579245,0.3,-0.64,9.33,0.125,0.0625,-0.125,4.875,-3.75,-83.875,360.0,1.8125,3.875,0.999268,-0.034058,-0.016174,0.0,0.0,0.02,-0.47,0.31,-0.66,9.77,25
0.589407,0.31,-0.64,9.3,-0.125,-0.0625,0.0625,4.875,-3.75,-83.875,360.0,1.8125,3.875,0.999268,-0.034058,-0.016174,0.0,0.0,0.04,-0.44,0.31,-0.66,9.77,25
0.59957,0.31,-0.62,9.33,0.0625,0.0,-0.0625,4.875,-3.75,-83.875,0.0,1.8125,3.875,0.999268,-0.034058,-0.016174,0.0,-0.02,0.05,-0.43,0.31,-0.66,9.77,25
0.609732,0.29,-0.61,9.34,-0.0625,-0.0625,0.0,4.875,-3.75,-83.875,0.0,1.8125,3.875,0.999268,-0.034058,-0.016174,0.0,-0.02,0.02,-0.44,0.31,-0.66,9.77,25
0.619894,0.29,-0.64,9.33,0.125,0.0625,0.0,4.5,-3.75,-84.6875,360.0,1.8125,3.875,0.999268,-0.034058,-0.016174,0.0,-0.02,0.02,-0.42,0.31,-0.66,9.77,25
0.630056,0.29,-0.64,9.35,0.0,0.0,-0.1875,4.5,-3.75,-84.6875,360.0,1.8125,3.875,0.999268,-0.034058,-0.016174,0.0,0.0,0.03,-0.46,0.31,-0.66,9.77,25
0.640218,0.31,-0.63,9.31,0.125,0.0,0.0,4.5,-3.75,-84.6875,0.0,1.8125,3.875,0.999268,-0.034058,-0.016174,0.0,0.0,0.03,-0.44,0.31,-0.66,9.77,25
0.650381,0.32,-0.63,9.33,-0.0625,0.0,0.0625,4.5,-3.75,-84.6875,0.0,1.8125,3.875,0.999268,-0.034058,-0.016174,0.0,-0.01,0.01,-0.42,0.31,-0.66,9.77,25
0.660543,0.3,-0.65,9.35,0.0,0.0625,0.0625,4.5,-3.75,-84.6875,0.0,1.8125,3.875,0.999268,-0.034058,-0.016174,0.0,-0.01,0.01,-0.42,0.31,-0.66,9.77,25
0.670705,0.32,-0.63,9.34,-0.0625,-0.0625,0.0625,4.0625,-4.0625,-83.875,0.0,1.8125,3.875,0.999268,-0.034058,-0.016174,0.0,-0.02,0.03,-0.45,0.31,-0.66,9.77,25
0.680867,0.29,-0.63,9.32,0.0625,0.125,-0.0625,4.0625,-4.0625,-83.875,0.0,1.8125,3.875,0.999268,-0.034058,-0.016174,0.0,-0.02,0.03,-0.47,0.31,-0.66,9.77,25
0.691029,0.29,-0.63,9.3,0.0,0.0,0.125,4.0625,-4.0625,-83.875,0.0,1.8125,3.875,0.999268,-0.034058,-0.016174,0.0,-0.01,0.03,-0.44,0.31,-0.66,9.77,25
0.701192,0.3,-0.63,9.33,0.0,-0.0625,-0.0625,4.0625,-4.0625,-83.875,0.0,1.8125,3.875,0.999268,-0.034058,-0.016174,0.0,0.0,0.02,-0.44,0.31,-0.66,9.77,25
0.711354,0.31,-0.64,9.33,0.0625,-0.25,-0.0625,4.0625,-4.0625,-83.875,0.0,1.8125,3.875,0.999268,-0.034058,-0.016174,0.0,0.0,0.02,-0.44,0.31,-0.66,9.77,25
0.721516,0.28,-0.63,9.35,0.125,0.1875,0.0,4.5,-4.0625,-85.5,0.0,1.8125,3.875,0.999268,-0.034058,-0.016174,0.0,0.0,0.02,-0.44,0.31,-0.66,9.77,25
0.731678,0.32,-0.64,9.33,0.0,-0.0625,0.0,4.5,-4.0625,-85.5,0.0,1.8125,3.875,0.999268,-0.034058,-0.016174,0.0,0.0,0.04,-0.47,0.31,-0.66,9.77,25
0.74184,0.31,-0.62,9.29,0.0,-0.0625,0.0625,4.5,-4.0625,-85.5,0.0,1.8125,3.875,0.999268,-0.034058,-0.016174,0.0,-0.02,0.02,-0.42,0.31,-0.66,9.77,25
0.752003,0.29,-0.64,9.35,0.0,0.0,0.0,4.5,-4.0625,-85.5,0.0,1.8125,3.875,0.999268,-0.034058,-0.016174,0.0,0.0,0.04,-0.45,0.31,-0.66,9.77,25
0.762165,0.31,-0.62,9.32,-0.0625,0.0625,-0.0625,4.5,-4.0625,-85.5,0.0,1.8125,3.875,0.999268,-0.034058,-0.016174,0.0,0.0,0.04,-0.45,0.31,-0.66,9.77,25
0.772327,0.3,-0.65,9.31,0.0,0.125,0.0625,4.5,-4.5,-83.5625,0.0,1.8125,3.875,0.999268,-0.034058,-0.016174,0.0,-0.03,0.02,-0.44,0.31,-0.66,9.77,25
0.782489,0.28,-0.64,9.33,0.0625,-0.0625,0.0625,4.5,-4.5,-83.5625,0.0,1.8125,3.875,0.999268,-0.034058,-0.016174,0.0,0.0,0.05,-0.48,0.31,-0.66,9.77,25
0.792651,0.31,-0.61,9.28,0.0,0.0,0.0625,4.5,-4.5,-83.5625,0.0,1.8125,3.875,0.999268,-0.034058,-0.016174,0.0,-0.02,0.02,-0.44,0.31,-0.66,9.77,25
0.802814,0.29,-0.64,9.33,0.125,0.0625,0.0,4.5,-4.5,-83.5625,0.0,1.8125,3.875,0.999268,-0.034058,-0.016174,0.0,-0.01,0.02,-0.45,0.31,-0.66,9.77,25
0.812976,0.3,-0.64,9.32,0.0625,-0.0625,0.0,4.5,-4.5,-83.5625,0.0,1.8125,3.875,0.999268,-0.034058,-0.016174,0.0,-0.01,0.02,-0.45,0.31,-0.66,9.77,25
0.823138,0.3,-0.65,9.34,0.0625,0.0,0.0,4.875,-3.375,-84.75,0.0,1.8125,3.875,0.999268,-0.034058,-0.016174,0.0,-0.02,0.05,-0.42,0.31,-0.66,9.77,25
0.8333,0.28,-0.6,9.35,0.0,0.0625,0.0625,4.875,-3.375,-84.75,0.0,1.8125,3.875,0.999268,-0.034058,-0.016174,0.0,-0.02,0.03,-0.46,0.31,-0.66,9.77,25
0.843462,0.29,-0.63,9.31,0.125,0.0,0.0625,4.875,-3.375,-84.75,0.0,1.8125,3.875,0.999268,-0.034058,-0.016174,0.0,-0.02,0.03,-0.46,0.31,-0.66,9.77,25
0.853624,0.29,-0.63,9.31,0.0,0.1875,0.0,4.875,-3.375,-84.75,0.0,1.8125,3.875,0.999268,-0.034058,-0.016174,0.0,-0.03,0.04,-0.43,0.31,-0.66,9.77,25
0.863787,0.28,-0.62,9.34,-0.0625,0.0625,0.0,4.875,-3.375,-84.75,360.0,1.8125,3.875,0.999268,-0.034058,-0.016174,0.0,-0.03,0.04,-0.43,0.31,-0.66,9.77,25
0.873949,0.3,-0.62,9.32,0.125,-0.0625,0.0625,5.875,-3.375,-84.375,360.0,1.8125,3.875,0.999268,-0.034058,-0.016174,0.0,0.0,0.0,-0.46,0.31,-0.66,9.77,25
0.884111,0.31,-0.66,9.31,0.0,0.125,0.0,5.875,-3.375,-84.375,360.0,1.8125,3.875,0.999268,-0.034058,-0.016174,0.0,-0.02,0.02,-0.46,0.31,-0.66,9.77,25
0.894273,0.29,-0.64,9.31,-0.125,0.125,-0.125,5.875,-3.375,-84.375,360.0,1.8125,3.875,0.999268,-0.034058,-0.016174,0.0,-0.01,0.03,-0.47,0.31,-0.66,9.77,25
0.904435,0.3,-0.63,9.3,-0.0625,0.0,0.125,5.875,-3.375,-84.375,360.0,1.8125,3.875,0.999268,-0.034058,-0.016174,0.0,-0.01,0.03,-0.47,0.31,-0.66,9.77,25
0.914598,0.3,-0.62,9.31,0.0625,-0.125,0.0625,5.875,-3.375,-84.375,360.0,1.8125,3.875,0.999268,-0.034058,-0.016174,0.0,-0.01,0.04,-0.46,0.31,-0.66,9.77,25
0.92476,0.29,-0.63,9.32,0.0625,-0.125,0.0,4.0625,-3.75,-83.5625,360.0,1.8125,3.875,0.999268,-0.034058,-0.016174,0.0,-0.02,0.03,-0.45,0.31,-0.66,9.77,25
0.934922,0.28,-0.63,9.35,0.0,-0.0625,-0.125,4.0625,-3.75,-83.5625,360.0,1.8125,3.875,0.999268,-0.034058,-0.016174,0.0,-0.03,0.03,-0.42,0.31,-0.66,9.77,25
0.945084,0.31,-0.61,9.31,-0.0625,-0.0625,0.0,4.0625,-3.75,-83.5625,360.0,1.8125,3.875,0.999268,-0.034058,-0.016174,0.0,0.0,0.05,-0.46,0.31,-0.66,9.77,25
0.955246,0.28,-0.62,9.36,-0.0625,0.125,-0.0625,4.0625,-3.75,-83.5625,360.0,1.8125,3.875,0.999268,-0.034058,-0.016174,0.0,-0.03,0.04,-0.41,0.31,-0.66,9.77,25
0.965409,0.29,-0.62,9.33,0.0625,0.125,0.0,4.0625,-3.75,-83.5625,360.0,1.8125,3.875,0.999268,-0.034058,-0.016174,0.0,-0.02,0.04,-0.44,0.31,-0.66,9.77,25
0.975571,0.29,-0.62,9.34,0.0,0.0625,0.0,4.0625,-3.75,-85.5625,360.0,1.8125,3.875,0.999268,-0.034058,-0.016174,0.0,-0.02,0.04,-0.43,0.31,-0.66,9.77,25
0.985733,0.31,-0.62,9.35,0.0625,0.0,0.0625,4.0625,-3.75,-85.5625,360.0,1.8125,3.875,0.999268,-0.034058,-0.016174,0.0,0.0,0.04,-0.42,0.31,-0.66,9.77,25
0.995895,0.31,-0.63,9.32,0.0,0.0625,0.0,4.0625,-3.75,-85.5625,360.0,1.8125,3.875,0.999268,-0.034058,-0.016174,0.0,0.0,0.03,-0.45,0.31,-0.66,9.77,25
1.006057,0.3,-0.63,9.33,-0.125,0.0625,0.0,4.0625,-3.75,-85.5625,360.0,1.8125,3.875,0.999268,-0.034058,-0.016174,0.0,-0.01,0.03,-0.44,0.31,-0.66,9.77,25
1.01622,0.28,-0.62,9.33,0.0,0.125,0.0,4.0625,-3.75,-85.5625,360.0,1.8125,3.875,0.999268,-0.034058,-0.016174,0.0,-0.02,0.04,-0.44,0.31,-0.66,9.77,25
1.026382,0.3,-0.63,9.36,-0.0625,-0.0625,0.0,4.875,-4.0625,-85.1875,360.0,1.8125,3.875,0.999268,-0.034058,-0.016174,0.0,-0.01,0.03,-0.41,0.31,-0.66,9.77,25
1.036544,0.3,-0.63,9.33,-0.0625,0.0,0.0,4.875,-4.0625,-85.1875,360.0,1.8125,3.875,0.999268,-0.034058,-0.016174,0.0,-0.01,0.03,-0.44,0.31,-0.66,9.77,25
1.046706,0.32,-0.63,9.33,0.0,0.0625,-0.0625,4.875,-4.0625,-85.1875,360.0,1.8125,3.875,0.999268,-0.034058,-0.016174,0.0,0.0,0.03,-0.44,0.31,-0.66,9.77,25
1.056868,0.28,-0.62,9.35,0.0,0.125,0.0,4.875,-4.0625,-85.1875,360.0,1.8125,3.875,0.999268,-0.034058,-0.016174,0.0,-0.02,0.04,-0.42,0.31,-0.66,9.77,25
1.067031,0.29,-0.63,9.33,0.0,0.125,0.0,4.875,-4.0625,-85.1875,360.0,1.8125,3.875,0.999268,-0.034058,-0.016174,0.0,-0.02,0.03,-0.44,0.31,-0.66,9.77,25
1.077193,0.3,-0.63,9.34,-0.0625,-0.0625,0.0,5.1875,-4.875,-85.5625,360.0,1.8125,3.875,0.999268,-0.034058,-0.016174,0.0,-0.01,0.03,-0.43,0.31,-0.66,9.77,25
1.087355,0.3,-0.62,9.36,0.0,0.0,0.125,5.1875,-4.875,-85.5625,360.0,1.8125,3.875,0.999268,-0.034058,-0.016174,0.0,-0.01,0.04,-0.41,0.31,-0.66,9.77,25
1.097517,0.29,-0.62,9.32,0.0625,-0.125,-0.0625,5.1875,-4.875,-85.5625,360.0,1.8125,3.875,0.999268,-0.034058,-0.016174,0.0,-0.02,0.04,-0.45,0.31,-0.66,9.77,25
1.107679,0.32,-0.63,9.3,0.125,-0.0625,0.0,5.1875,-4.875,-85.5625,360.0,1.8125,3.875,0.999268,-0.034058,-0.016174,0.0,0.0,0.03,-0.47,0.31,-0.66,9.77,25
1.117842,0.29,-0.61,9.34,0.125,0.0625,-0.0625,5.1875,-4.875,-85.5625,360.0,1.8125,3.875,0.999268,-0.034058,-0.016174,0.0,-0.02,0.05,-0.43,0.31,-0.66,9.77,25
1.128004,0.3,-0.64,9.34,0.0,-0.125,0.0,3.75,-2.5625,-85.1875,360.0,1.8125,3.875,0.999268,-0.034058,-0.016174,0.0,-0.01,0.02,-0.43,0.31,-0.66,9.77,25
1.138166,0.29,-0.62,9.36,0.0,-0.125,0.0,3.75,-2.5625,-85.1875,360.0,1.8125,3.875,0.999268,-0.034058,-0.016174,0.0,-0.02,0.04,-0.41,0.31,-0.66,9.77,25
1.148328,0.3,-0.63,9.35,0.125,-0.0625,0.0,3.75,-2.5625,-85.1875,360.0,1.8125,3.875,0.999268,-0.034058,-0.016174,0.0,-0.01,0.03,-0.42,0.31,-0.66,9.77,25
1.15849,0.29,-0.62,9.35,0.0625,0.0,0.0625,3.75,-2.5625,-85.1875,360.0,1.8125,3.875,0.999268,-0.034058,-0.016174,0.0,-0.02,0.04,-0.42,0.31,-0.66,9.77,25
1.168653,0.31,-0.63,9.35,0.0,-0.125,0.0,3.75,-2.5625,-85.1875,360.0,1.8125,3.875,0.999268,-0.034058,-0.016174,0.0,0.0,0.03,-0.42,0.31,-0.66,9.77,25
1.178815,0.31,-0.64,9.34,0.125,0.0625,-0.0625,6.6875,-4.5,-85.1875,360.0,1.8125,3.875,0.999268,-0.034058,-0.016174,0.0,0.0,0.02,-0.43,0.31,-0.66,9.77,25
1.188977,0.29,-0.63,9.35,0.125,-0.0625,0.0,6.6875,-4.5,-85.1875,360.0,1.8125,3.875,0.999268,-0.034058,-0.016174,0.0,-0.02,0.03,-0.42,0.31,-0.66,9.77,25
1.199139,0.3,-0.62,9.34,0.0625,0.125,-0.0625,6.6875,-4.5,-85.1875,360.0,1.8125,3.875,0.999268,-0.034058,-0.016174,0.0,-0.01,0.04,-0.43,0.31,-0.66,9.77,25
1.209301,0.29,-0.63,9.32,-0.0625,0.0625,0.0,6.6875,-4.5,-85.1875,360.0,1.8125,3.875,0.999268,-0.034058,-0.016174,0.0,-0.02,0.03,-0.45,0.31,-0.66,9.77,25
1.219464,0.3,-0.64,9.32,0.0625,0.0,-0.0625,6.6875,-4.5,-85.1875,360.0,1.8125,3.875,0.999268,-0.034058,-0.016174,0.0,-0.01,0.02,-0.45,0.31,-0.66,9.77,25
1.229626,0.3,-0.64,9.32,0.0,0.0,0.0,5.1875,-4.5,-85.5625,360.0,1.8125,3.875,0.999268,-0.034058,-0.016174,0.0,-0.02,0.02,-0.42,0.31,-0.66,9.77,25
1.239788,0.29,-0.64,9.35,0.0,0.0,-0.0625,5.1875,-4.5,-85.5625,360.0,1.8125,3.875,0.999268,-0.034058,-0.016174,0.0,-0.02,0.03,-0.45,0.31,-0.66,9.77,25
1.24995,0.29,-0.63,9.32,0.0,0.0,0.125,5.1875,-4.5,-85.5625,360.0,1.8125,3.875,0.999268,-0.034058,-0.016174,0.0,-0.02,0.04,-0.46,0.31,-0.66,9.77,25
1.260112,0.29,-0.62,9.31,0.0625,-0.1875,0.0,5.1875,-4.5,-85.5625,360.0,1.8125,3.875,0.999268,-0.034058,-0.016174,0.0,-0.01,0.04,-0.44,0.31,-0.66,9.77,25
1.270275,0.3,-0.62,9.33,0.0,0.0625,0.0,5.1875,-4.5,-85.5625,360.0,1.8125,3.875,0.999268,-0.034058,-0.016174,0.0,0.0,0.03,-0.44,0.31,-0.66,9.77,25
1.280437,0.31,-0.63,9.33,0.0625,-0.25,-0.125,4.875,-3.75,-85.25,360.0,1.8125,3.875,0.999268,-0.034058,-0.016174,0.0,-0.01,0.04,-0.43,0.31,-0.66,9.77,25
1.290599,0.3,-0.62,9.34,-0.0625,-0.0625,0.0625,4.875,-3.75,-85.25,360.0,1.8125,3.875,0.999268,-0.034058,-0.016174,0.0,-0.01,0.03,-0.41,0.31,-0.66,9.77,25
1.300761,0.3,-0.63,9.36,-0.0625,0.0625,-0.0625,4.875,-3.75,-85.25,360.0,1.8125,3.875,0.999268,-0.034058,-0.016174,0.0,0.0,0.03,-0.45,0.31,-0.66,9.77,25
1.310923,0.32,-0.63,9.32,-0.0625,0.1875,-0.0625,4.875,-3.75,-85.25,360.0,1.8125,3.875,0.999268,-0.034058,-0.016174,0.0,-0.02,0.02,-0.45,0.31,-0.66,9.77,25
1.321086,0.29,-0.64,9.32,0.125,-0.0625,-0.125,4.875,-3.75,-85.25,360.0,1.8125,3.875,0.999268,-0.034058,-0.016174,0.0,-0.02,0.02,-0.45,0.31,-0.66,9.77,25
1.331248,0.29,-0.64,9.32,0.125,-0.0625,0.1875,5.5625,-4.5,-85.1875,360.0,1.8125,3.875,0.999268,-0.034058,-0.016174,0.0,-0.02,0.02,-0.43,0.31,-0.66,9.77,25
1.34141,0.29,-0.64,9.34,-0.0625,-0.125,-0.0625,5.5625,-4.5,-85.1875,360.0,1.8125,3.875,0.999268,-0.034058,-0.016174,0.0,-0.01,0.02,-0.46,0.31,-0.66,9.77,25
1.351572,0.3,-0.64,9.31,0.1875,-0.0625,0.0625,5.5625,-4.5,-85.1875,360.0,1.8125,3.875,0.999268,-0.034058,-0.016174,0.0,-0.01,0.04,-0.44,0.31,-0.66,9.77,25
1.361734,0.3,-0.62,9.33,0.1875,-0.125,-0.0625,5.5625,-4.5,-85.1875,360.0,1.8125,3.875,0.999268,-0.034058,-0.016174,0.0,-0.01,0.03,-0.43,0.31,-0.66,9.77,25
1.371896,0.3,-0.63,9.34,0.125,0.0,0.0625,5.5625,-4.5,-85.1875,360.0,1.8125,3.875,0.999268,-0.034058,-0.016174,0.0,0.0,0.04,-0.44,0.31,-0.66,9.77,25
1.382059,0.31,-0.62,9.33,0.125,0.0,0.0625,4.5,-3.375,-86.0,360.0,1.8125,3.875,0.999268,-0.034058,-0.016174,0.0,-0.02,0.02,-0.43,0.31,-0.66,9.77,25
1.392221,0.29,-0.64,9.34,0.0625,-0.1875,0.0625,4.5,-3.375,-86.0,360.0,1.8125,3.875,0.999268,-0.034058,-0.016174,0.0,0.0,0.02,-0.42,0.31,-0.66,9.77,25
1.402383,0.32,-0.64,9.35,0.0,0.0625,0.0625,4.5,-3.375,-86.0,360.0,1.8125,3.875,0.999268,-0.034058,-0.016174,0.0,0.0,0.03,-0.47,0.31,-0.66,9.77,25
1.412545,0.31,-0.63,9.29,0.0,0.0,0.0,4.5,-3.375,-86.0,360.0,1.8125,3.875,0.999268,-0.034058,-0.016174,0.0,-0.01,0.03,-0.47,0.31,-0.66,9.77,25
1.422707,0.3,-0.63,9.3,0.0625,-0.125,0.0,4.5,-3.375,-86.0,360.0,1.8125,3.875,0.999268,-0.034058,-0.016174,0.0,0.0,0.04,-0.45,0.31,-0.66,9.77,25
1.43287,0.31,-0.62,9.32,-0.0625,0.1875,0.0,5.1875,-4.875,-84.375,360.0,1.8125,3.875,0.999268,-0.034058,-0.016174,0.0,-0.02,0.03,-0.43,0.31,-0.66,9.77,25
1.443032,0.29,-0.63,9.34,0.0625,0.0,0.0,5.1875,-4.875,-84.375,360.0,1.8125,3.875,0.999268,-0.034058,-0.016174,0.0,-0.01,0.02,-0.43,0.31,-0.66,9.77,25
1.453194,0.3,-0.64,9.34,0.125,0.0,0.0625,5.1875,-4.875,-84.375,360.0,1.8125,3.875,0.999268,-0.034058,-0.016174,0.0,-0.01,0.01,-0.47,0.31,-0.66,9.77,25
1.463356,0.3,-0.65,9.29,0.0,0.0,0.125,5.1875,-4.875,-84.375,360.0,1.8125,3.875,0.999268,-0.034058,-0.016174,0.0,-0.01,0.02,-0.43,0.31,-0.66,9.77,25
1.473518,0.3,-0.64,9.34,0.0,0.0,0.125,5.1875,-4.875,-84.375,360.0,1.8125,3.875,0.999268,-0.034058,-0.016174,0.0,-0.02,0.02,-0.43,0.31,-0.66,9.77,25
1.483681,0.28,-0.64,9.34,0.125,-0.125,0.0,5.1875,-4.875,-84.375,360.0,1.8125,3.875,0.999268,-0.034058,-0.016174,0.0,-0.02,0.02,-0.42,0.31,-0.66,9.77,25
1.493843,0.29,-0.64,9.35,-0.0625,0.0,-0.0625,6.6875,-4.5,-83.6875,360.0,1.8125,3.875,0.999268,-0.034058,-0.016174,0.0,0.0,0.03,-0.45,0.31,-0.66,9.77,25
1.504005,0.31,-0.63,9.32,0.125,-0.125,0.0,6.6875,-4.5,-83.6875,360.0,1.8125,3.875,0.999268,-0.034058,-0.016174,0.0,-0.01,0.01,-0.46,0.31,-0.66,9.77,25
1.514167,0.3,-0.65,9.31,0.0625,0.0625,-0.125,6.6875,-4.5,-83.6875,360.0,1.8125,3.875,0.999268,-0.034058,-0.016174,0.0,-0.01,0.04,-0.41,0.31,-0.66,9.77,25
1.524329,0.3,-0.62,9.36,-0.125,0.125,-0.0625,6.6875,-4.5,-83.6875,360.0,1.8125,3.875,0.999268,-0.034058,-0.016174,0.0,-0.02,0.02,-0.42,0.31,-0.66,9.77,25
1.534492,0.29,-0.64,9.35,-0.0625,-0.125,0.0625,6.6875,-4.5,-83.6875,360.0,1.8125,3.875,0.999268,-0.034058,-0.016174,0.0,-0.02,0.02,-0.42,0.31,-0.66,9.77,25
1.544654,0.29,-0.62,9.34,0.0625,-0.125,0.0,5.1875,-4.5,-84.375,360.0,1.8125,3.875,0.999268,-0.034058,-0.016174,0.0,-0.04,0.02,-0.44,0.31,-0.66,9.77,25
1.554816,0.27,-0.64,9.33,0.0,-0.0625,0.0625,5.1875,-4.5,-84.375,360.0,1.8125,3.875,0.999268,-0.034058,-0.016174,0.0,-0.03,0.03,-0.45,0.31,-0.66,9.77,25
1.564978,0.28,-0.63,9.32,0.0,0.0625,-0.125,5.1875,-4.5,-84.375,360.0,1.8125,3.875,0.999268,-0.034058,-0.016174,0.0,-0.01,0.03,-0.42,0.31,-0.66,9.77,25
1.57514,0.3,-0.63,9.35,0.0,-0.125,0.0,5.1875,-4.5,-84.375,360.0,1.8125,3.875,0.999268,-0.034058,-0.016174,0.0,0.0,0.02,-0.41,0.31,-0.66,9.77,25
1.585303,0.31,-0.64,9.36,0.125,-0.1875,0.125,5.1875,-4.5,-84.375,360.0,1.8125,3.875,0.999268,-0.034058,-0.016174,0.0,0.0,0.02,-0.41,0.31,-0.66,9.77,25
1.595465,0.32,-0.62,9.34,0.0,-0.125,-0.0625,4.875,-4.875,-84.875,360.0,1.8125,3.875,0.999268,-0.034058,-0.016174,0.0,-0.02,0.04,-0.44,0.31,-0.66,9.77,25
1.605627,0.29,-0.62,9.33,0.0625,0.0,0.0,4.875,-4.875,-84.875,360.0,1.8125,3.875,0.999268,-0.034058,-0.016174,0.0,-0.02,0.03,-0.47,0.31,-0.66,9.77,25
1.615789,0.29,-0.63,9.3,0.0,0.125,-0.0625,4.875,-4.875,-84.875,360.0,1.8125,3.875,0.999268,-0.034058,-0.016174,0.0,-0.01,0.02,-0.43,0.31,-0.66,9.77,25
1.625951,0.3,-0.64,9.34,0.0,-0.0625,0.0625,4.875,-4.875,-84.875,360.0,1.8125,3.875,0.999268,-0.034058,-0.016174,0.0,-0.01,0.05,-0.43,0.31,-0.66,9.77,25
1.636114,0.3,-0.61,9.34,0.0,0.1875,-0.0625,4.875,-4.875,-84.875,360.0,1.8125,3.875,0.999268,-0.034058,-0.016174,0.0,-0.01,0.05,-0.43,0.31,-0.66,9.77,25
1.646276,0.31,-0.62,9.34,-0.125,0.1875,-0.0625,4.5,-3.75,-84.875,360.0,1.8125,3.875,0.999268,-0.034058,-0.016174,0.0,-0.01,0.04,-0.43,0.31,-0.66,9.77,25
1.656438,0.3,-0.62,9.34,0.0,0.125,0.0,4.5,-3.75,-84.875,360.0,1.8125,3.875,0.999268,-0.034058,-0.016174,0.0,0.0,0.06,-0.47,0.31,-0.66,9.77,25
1.6666,0.31,-0.6,9.3,-0.125,0.125,0.0625,4.5,-3.75,-84.875,360.0,1.8125,3.875,0.999268,-0.034058,-0.016174,0.0,0.0,0.02,-0.42,0.31,-0.66,9.77,25
1.676762,0.31,-0.64,9.35,0.0,0.0625,0.0625,4.5,-3.75,-84.875,360.0,1.8125,3.875,0.999268,-0.034058,-0.016174,0.0,0.0,0.03,-0.44,0.31,-0.66,9.77,25
1.686925,0.31,-0.63,9.33,0.0,0.0,-0.0625,4.5,-3.75,-84.875,360.0,1.8125,3.875,0.999268,-0.034058,-0.016174,0.0,0.0,0.03,-0.44,0.31,-0.66,9.77,25
1.697087,0.29,-0.64,9.33,-0.125,0.0,0.0,5.5625,-4.5,-84.875,360.0,1.8125,3.875,0.999268,-0.034058,-0.016174,0.0,0.0,0.05,-0.43,0.31,-0.66,9.77,25
1.707249,0.32,-0.61,9.34,0.0625,-0.0625,0.0,5.5625,-4.5,-84.875,360.0,1.8125,3.875,0.999268,-0.034058,-0.016174,0.0,-0.02,0.03,-0.44,0.31,-0.66,9.77,25
1.717411,0.29,-0.63,9.33,-0.0625,-0.125,0.0,5.5625,-4.5,-84.875,360.0,1.8125,3.875,0.999268,-0.034058,-0.016174,0.0,-0.02,0.05,-0.44,0.31,-0.66,9.77,25
1.727573,0.28,-0.61,9.33,-0.125,0.0,-0.0625,5.5625,-4.5,-84.875,360.0,1.8125,3.875,0.999268,-0.034058,-0.016174,0.0,-0.02,0.04,-0.42,0.31,-0.66,9.77,25
1.737736,0.29,-0.62,9.35,-0.25,0.0625,-0.125,5.5625,-4.5,-84.875,360.0,1.8125,3.875,0.999268,-0.034058,-0.016174,0.0,-0.02,0.04,-0.42,0.31,-0.66,9.77,25
1.747898,0.3,-0.64,9.34,-0.125,0.0625,0.0625,5.5625,-3.375,-84.375,360.0,1.8125,3.875,0.999268,-0.034058,-0.016174,0.0,-0.01,0.05,-0.42,0.31,-0.66,9.77,25
1.75806,0.3,-0.61,9.35,-0.0625,-0.125,-0.0625,5.5625,-3.375,-84.375,360.0,1.8125,3.875,0.999268,-0.034058,-0.016174,0.0,-0.01,0.05,-0.42,0.31,-0.66,9.77,25
1.768222,0.31,-0.61,9.34,0.0,-0.0625,0.0,5.5625,-3.375,-84.375,360.0,1.8125,3.875,0.999268,-0.034058,-0.016174,0.0,0.0,0.05,-0.43,0.31,-0.66,9.77,25
1.778384,0.28,-0.65,9.32,-0.0625,0.125,0.0625,5.5625,-3.375,-84.375,360.0,1.8125,3.875,0.999268,-0.034058,-0.016174,0.0,-0.02,0.01,-0.45,0.31,-0.66,9.77,25
1.788547,0.29,-0.64,9.33,0.0,0.0625,0.0,5.5625,-3.375,-84.375,360.0,1.8125,3.875,0.999268,-0.034058,-0.016174,0.0,-0.02,0.02,-0.44,0.31,-0.66,9.77,25
1.798709,0.3,-0.63,9.35,-0.0625,0.1875,-0.0625,4.875,-3.75,-85.25,360.0,1.8125,3.875,0.999268,-0.034058,-0.016174,0.0,0.0,0.05,-0.43,0.31,-0.66,9.77,25
1.808871,0.31,-0.61,9.34,-0.1875,-0.125,-0.0625,4.875,-3.75,-85.25,360.0,1.8125,3.875,0.999268,-0.034058,-0.016174,0.0,0.0,0.05,-0.43,0.31,-0.66,9.77,25
1.819033,0.3,-0.62,9.32,-0.125,0.0625,0.0,4.875,-3.75,-85.25,360.0,1.8125,3.875,0.999268,-0.034058,-0.016174,0.0,-0.01,0.04,-0.45,0.31,-0.66,9.77,25
1.829195,0.31,-0.63,9.34,-0.0625,0.3125,-0.0625,4.875,-3.75,-85.25,360.0,1.8125,3.875,0.999268,-0.034058,-0.016174,0.0,0.0,0.03,-0.43,0.31,-0.66,9.77,25
1.839358,0.28,-0.63,9.34,0.125,-0.125,0.0625,4.875,-3.75,-85.25,360.0,1.8125,3.875,0.999268,-0.034058,-0.016174,0.0,-0.02,0.03,-0.43,0.31,-0.66,9.77,25
1.84952,0.31,-0.63,9.33,-0.0625,0.0625,0.0,5.875,-5.1875,-84.0625,360.0,1.8125,3.875,0.999268,-0.034058,-0.016174,0.0,0.0,0.03,-0.44,0.31,-0.66,9.77,25
1.859682,0.3,-0.63,9.32,-0.0625,-0.0625,0.0,5.875,-5.1875,-84.0625,360.0,1.8125,3.875,0.999268,-0.034058,-0.016174,0.0,-0.01,0.03,-0.45,0.31,-0.66,9.77,25
1.869844,0.29,-0.63,9.3,0.0,-0.0625,0.0625,5.875,-5.1875,-84.0625,360.0,1.8125,3.875,0.999268,-0.034058,-0.016174,0.0,-0.02,0.03,-0.47,0.31,-0.66,9.77,25
1.880006,0.29,-0.63,9.33,0.0,0.0625,-0.0625,5.875,-5.1875,-84.0625,360.0,1.8125,3.875,0.999268,-0.034058,-0.016174,0.0,-0.02,0.03,-0.44,0.31,-0.66,9.77,25
1.890169,0.29,-0.64,9.34,-0.0625,0.0625,-0.125,5.875,-5.1875,-84.0625,360.0,1.8125,3.875,0.999268,-0.034058,-0.016174,0.0,-0.02,0.02,-0.43,0.31,-0.66,9.77,25
1.900331,0.29,-0.64,9.34,-0.125,-0.0625,0.0625,4.875,-4.0625,-85.6875,360.0,1.8125,3.875,0.999268,-0.034058,-0.016174,0.0,-0.02,0.02,-0.43,0.31,-0.66,9.77,25
1.910493,0.29,-0.64,9.36,0.0,0.0,-0.0625,4.875,-4.0625,-85.6875,360.0,1.8125,3.875,0.999268,-0.034058,-0.016174,0.0,-0.02,0.02,-0.41,0.31,-0.66,9.77,26
1.920655,0.29,-0.63,9.33,0.0625,0.0,0.0,4.875,-4.0625,-85.6875,360.0,1.8125,3.875,0.999268,-0.034058,-0.016174,0.0,-0.02,0.03,-0.44,0.31,-0.66,9.77,26
1.930817,0.29,-0.64,9.33,0.0625,0.0625,-0.0625,4.875,-4.0625,-85.6875,360.0,1.8125,3.875,0.999268,-0.034058,-0.016174,0.0,-0.02,0.02,-0.44,0.31,-0.66,9.77,26
1.940979,0.3,-0.64,9.33,-0.0625,0.0,0.0,4.875,-4.0625,-85.6875,360.0,1.8125,3.875,0.999268,-0.034058,-0.016174,0.0,-0.01,0.02,-0.44,0.31,-0.66,9.77,26
1.951142,0.31,-0.65,9.33,0.0,0.0,0.0,7.0625,-4.5,-85.25,360.0,1.8125,3.875,0.999268,-0.034058,-0.016174,0.0,0.0,0.01,-0.44,0.31,-0.66,9.77,26
1.961304,0.3,-0.63,9.32,0.0,-0.1875,0.0,7.0625,-4.5,-85.25,360.0,1.8125,3.875,0.999268,-0.034058,-0.016174,0.0,-0.01,0.03,-0.45,0.31,-0.66,9.77,26
1.971466,0.3,-0.62,9.31,0.0625,-0.125,0.0,7.0625,-4.5,-85.25,360.0,1.8125,3.875,0.999268,-0.034058,-0.016174,0.0,-0.01,0.04,-0.46,0.31,-0.66,9.77,26
1.981628,0.3,-0.62,9.33,-0.1875,0.1875,0.0,7.0625,-4.5,-85.25,360.0,1.8125,3.875,0.999268,-0.034058,-0.016174,0.0,-0.01,0.04,-0.44,0.31,-0.66,9.77,26
1.99179,0.3,-0.63,9.33,-0.125,0.0625,0.0,7.0625,-4.5,-85.25,360.0,1.8125,3.875,0.999268,-0.034058,-0.016174,0.0,-0.01,0.03,-0.44,0.31,-0.66,9.77,26
2.001953,0.31,-0.64,9.36,0.0,0.0625,0.0,4.5,-4.875,-84.0625,360.0,1.8125,3.875,0.999268,-0.034058,-0.016174,0.0,0.0,0.02,-0.41,0.31,-0.66,9.77,26
2.012115,0.31,-0.66,9.32,-0.0625,0.0625,0.0,4.5,-4.875,-84.0625,360.0,1.8125,3.875,0.999268,-0.034058,-0.016174,0.0,0.0,0.0,-0.45,0.31,-0.66,9.77,26
2.022277,0.29,-0.63,9.31,0.0625,0.0,-0.0625,4.5,-4.875,-84.0625,360.0,1.8125,3.875,0.999268,-0.034058,-0.016174,0.0,-0.02,0.03,-0.46,0.31,-0.66,9.77,26
2.032439,0.3,-0.63,9.34,0.0625,0.0625,0.125,4.5,-4.875,-84.0625,360.0,1.8125,3.875,0.999268,-0.034058,-0.016174,0.0,-0.01,0.03,-0.43,0.31,-0.66,9.77,26
2.042601,0.3,-0.63,9.33,-0.125,0.0625,0.0,4.5,-4.875,-84.0625,360.0,1.8125,3.875,0.999268,-0.034058,-0.016174,0.0,-0.01,0.03,-0.44,0.31,-0.66,9.77,26
2.052764,0.3,-0.64,9.35,-0.0625,-0.125,0.0,5.875,-4.5,-84.875,360.0,1.8125,3.875,0.999268,-0.034058,-0.016174,0.0,-0.01,0.02,-0.42,0.31,-0.66,9.77,26
2.062926,0.31,-0.62,9.34,0.0,0.1875,0.0,5.875,-4.5,-84.875,360.0,1.8125,3.875,0.999268,-0.034058,-0.016174,0.0,0.0,0.04,-0.43,0.31,-0.66,9.77,26
2.073088,0.28,-0.61,9.3,-0.0625,0.125,0.0,5.875,-4.5,-84.875,360.0,1.8125,3.875,0.999268,-0.034058,-0.016174,0.0,-0.02,0.05,-0.47,0.31,-0.66,9.77,26
2.08325,0.3,-0.64,9.34,-0.125,0.0,0.0625,5.875,-4.5,-84.875,360.0,1.8125,3.875,0.999268,-0.034058,-0.016174,0.0,-0.01,0.02,-0.43,0.31,-0.66,9.77,26
2.093412,0.3,-0.63,9.34,0.0,0.125,-0.0625,5.875,-4.5,-84.875,360.0,1.8125,3.875,0.999268,-0.034058,-0.016174,0.0,-0.01,0.03,-0.43,0.31,-0.66,9.77,26
2.103575,0.3,-0.63,9.34,0.0625,0.0625,0.0,5.5625,-4.0625,-85.25,360.0,1.8125,3.875,0.999268,-0.034058,-0.016174,0.0,-0.01,0.03,-0.44,0.31,-0.66,9.77,26
2.113737,0.3,-0.63,9.33,-0.0625,0.1875,0.0,5.5625,-4.0625,-85.25,360.0,1.8125,3.875,0.999268,-0.034058,-0.016174,0.0,0.0,0.03,-0.42,0.31,-0.66,9.77,26
2.123899,0.31,-0.63,9.35,-0.0625,0.0,0.125,5.5625,-4.0625,-85.25,360.0,1.8125,3.875,0.999268,-0.034058,-0.016174,0.0,-0.01,0.03,-0.43,0.31,-0.66,9.77,26
2.134061,0.3,-0.63,9.34,0.0,0.0,0.0,5.5625,-4.0625,-85.25,360.0,1.8125,3.875,0.999268,-0.034058,-0.016174,0.0,-0.02,0.04,-0.45,0.31,-0.66,9.77,26
2.144223,0.29,-0.62,9.32,-0.0625,0.125,-0.0625,5.5625,-4.0625,-85.25,360.0,1.8125,3.875,0.999268,-0.034058,-0.016174,0.0,0.0,0.01,-0.43,0.31,-0.66,9.77,26
2.154386,0.31,-0.65,9.34,0.0,0.0,0.0,5.5625,-5.1875,-84.875,360.0,1.8125,3.875,0.999268,-0.034058,-0.016174,0.0,-0.02,0.0,-0.45,0.31,-0.66,9.77,26
2.164548,0.28,-0.66,9.32,0.0,0.0625,0.0625,5.5625,-5.1875,-84.875,360.0,1.8125,3.875,0.999268,-0.034058,-0.016174,0.0,-0.01,0.02,-0.42,0.31,-0.66,9.77,26
2.17471,0.3,-0.64,9.35,-0.125,0.0625,-0.125,5.5625,-5.1875,-84.875,360.0,1.8125,3.875,0.999268,-0.034058,-0.016174,0.0,-0.01,0.04,-0.45,0.31,-0.66,9.77,26
2.184872,0.3,-0.62,9.32,0.0,0.0,-0.125,5.5625,-5.1875,-84.875,360.0,1.8125,3.875,0.999268,-0.034058,-0.016174,0.0,-0.02,0.04,-0.45,0.31,-0.66,9.77,26
2.195034,0.29,-0.62,9.32,-0.0625,-0.0625,0.0,5.5625,-5.1875,-84.875,360.0,1.8125,3.875,0.999268,-0.034058,-0.016174,0.0,-0.02,0.03,-0.45,0.31,-0.66,9.77,26
2.205197,0.29,-0.63,9.32,0.0,0.125,0.0625,4.875,-4.0625,-84.5625,360.0,1.8125,3.875,0.999268,-0.034058,-0.016174,0.0,0.0,0.03,-0.42,0.31,-0.66,9.77,26
2.215359,0.32,-0.63,9.35,0.0,-0.125,0.0625,4.875,-4.0625,-84.5625,360.0,1.8125,3.875,0.999268,-0.034058,-0.016174,0.0,-0.01,0.02,-0.44,0.31,-0.66,9.77,26
2.225521,0.3,-0.64,9.33,-0.0625,0.0,-0.0625,4.875,-4.0625,-84.5625,360.0,1.8125,3.875,0.999268,-0.034058,-0.016174,0.0,-0.02,0.04,-0.42,0.31,-0.66,9.77,26
2.235683,0.29,-0.62,9.35,0.0,-0.0625,0.0625,4.875,-4.0625,-84.5625,360.0,1.8125,3.875,0.999268,-0.034058,-0.016174,0.0,-0.01,0.04,-0.43,0.31,-0.66,9.77,26
2.245845,0.3,-0.62,9.34,0.0,0.0,-0.0625,4.875,-4.0625,-84.5625,360.0,1.8125,3.875,0.999268,-0.034058,-0.016174,0.0,-0.02,0.04,-0.44,0.31,-0.66,9.77,26
2.256008,0.29,-0.62,9.33,-0.0625,0.125,0.0,5.1875,-4.0625,-84.5,360.0,1.8125,3.875,0.999268,-0.034058,-0.016174,0.0,-0.02,0.03,-0.41,0.31,-0.66,9.77,26
2.26617,0.29,-0.63,9.36,-0.0625,0.125,0.0,5.1875,-4.0625,-84.5,360.0,1.8125,3.875,0.999268,-0.034058,-0.016174,0.0,0.0,0.03,-0.39,0.31,-0.66,9.77,26
2.276332,0.31,-0.63,9.38,-0.1875,0.0,0.0,5.1875,-4.0625,-84.5,360.0,1.8125,3.875,0.999268,-0.034058,-0.016174,0.0,-0.02,0.03,-0.45,0.31,-0.66,9.77,26
2.286494,0.28,-0.63,9.32,-0.1875,0.0,0.0,5.1875,-4.0625,-84.5,360.0,1.8125,3.875,0.999268,-0.034058,-0.016174,0.0,-0.01,0.03,-0.44,0.31,-0.66,9.77,26
2.296656,0.3,-0.63,9.33,-0.0625,0.0625,0.0625,5.1875,-4.0625,-84.5,360.0,1.8125,3.875,0.999268,-0.034058,-0.016174,0.0,-0.02,0.03,-0.45,0.31,-0.66,9.77,26
2.306819,0.29,-0.63,9.32,-0.125,-0.0625,-0.0625,5.1875,-4.0625,-84.5,360.0,1.8125,3.875,0.999268,-0.034058,-0.016174,0.0,-0.01,0.03,-0.41,0.31,-0.66,9.77,26
2.316981,0.3,-0.63,9.36,-0.0625,0.125,0.0,5.1875,-4.0625,-85.75,360.0,1.8125,3.875,0.999268,-0.034058,-0.016174,0.0,-0.02,0.01,-0.45,0.31,-0.66,9.77,26
2.327143,0.29,-0.65,9.32,-0.125,-0.125,0.0625,5.1875,-4.0625,-85.75,360.0,1.8125,3.875,0.999268,-0.034058,-0.016174,0.0,-0.01,0.02,-0.44,0.31,-0.66,9.77,26
2.337305,0.3,-0.64,9.33,-0.125,-0.125,0.0,5.1875,-4.0625,-85.75,360.0,1.8125,3.875,0.999268,-0.034058,-0.016174,0.0,0.0,0.05,-0.46,0.31,-0.66,9.77,26
2.347467,0.31,-0.61,9.31,0.0,0.0,0.0625,5.1875,-4.0625,-85.75,360.0,1.8125,3.875,0.999268,-0.034058,-0.016174,0.0,-0.02,0.04,-0.43,0.31,-0.66,9.77,26
2.35763,0.29,-0.62,9.34,-0.25,0.125,0.0,5.1875,-4.0625,-85.75,360.0,1.8125,3.875,0.999268,-0.034058,-0.016174,0.0,0.0,0.01,-0.44,0.31,-0.66,9.77,26
2.367792,0.32,-0.65,9.33,0.0,0.0625,0.0625,6.6875,-4.5,-84.875,360.0,1.8125,3.875,0.999268,-0.034058,-0.016174,0.0,-0.01,0.04,-0.44,0.31,-0.66,9.77,26
2.377954,0.3,-0.62,9.33,-0.125,-0.125,-0.0625,6.6875,-4.5,-84.875,360.0,1.8125,3.875,0.999268,-0.034058,-0.016174,0.0,-0.02,0.03,-0.45,0.31,-0.66,9.77,26
2.388116,0.29,-0.63,9.32,0.0625,0.0,0.0,6.6875,-4.5,-84.875,360.0,1.8125,3.875,0.999268,-0.034058,-0.016174,0.0,-0.02,0.01,-0.4,0.31,-0.66,9.77,26
2.398278,0.28,-0.65,9.37,0.0,0.0625,0.0,6.6875,-4.5,-84.875,360.0,1.8125,3.875,0.999268,-0.034058,-0.016174,0.0,-0.01,0.01,-0.45,0.31,-0.66,9.77,26
2.408441,0.3,-0.65,9.32,0.0625,0.0,0.0,6.6875,-4.5,-84.875,360.0,1.8125,3.875,0.999268,-0.034058,-0.016174,0.0,-0.01,0.01,-0.45,0.31,-0.66,9.77,26
2.418603,0.3,-0.62,9.35,-0.0625,-0.0625,0.125,5.1875,-3.75,-85.25,360.0,1.8125,3.875,0.999268,-0.034058,-0.016174,0.0,-0.02,0.04,-0.45,0.31,-0.66,9.77,26
2.428765,0.28,-0.62,9.32,0.0,0.0,0.0,5.1875,-3.75,-85.25,360.0,1.8125,3.875,0.999268,-0.034058,-0.016174,0.0,0.0,0.03,-0.44,0.31,-0.66,9.77,26
2.438927,0.31,-0.63,9.33,-0.0625,0.0,0.0,5.1875,-3.75,-85.25,360.0,1.8125,3.875,0.999268,-0.034058,-0.016174,0.0,-0.01,0.03,-0.43,0.31,-0.66,9.77,26
2.449089,0.3,-0.63,9.34,-0.125,0.0,-0.0625,5.1875,-3.75,-85.25,360.0,1.8125,3.875,0.999268,-0.034058,-0.016174,0.0,-0.04,0.03,-0.43,0.31,-0.66,9.77,26
2.459251,0.27,-0.63,9.34,-0.125,0.0625,0.0,5.1875,-3.75,-85.25,360.0,1.8125,3.875,0.999268,-0.034058,-0.016174,0.0,-0.04,0.03,-0.43,0.31,-0.66,9.77,26
2.469414,0.3,-0.63,9.34,0.0,0.0625,0.0625,4.0625,-3.75,-84.5625,360.0,1.8125,3.875,0.999268,-0.034058,-0.016174,0.0,-0.01,0.05,-0.44,0.31,-0.66,9.77,26
2.479576,0.3,-0.61,9.33,0.0625,0.0625,0.0,4.0625,-3.75,-84.5625,360.0,1.8125,3.875,0.999268,-0.034058,-0.016174,0.0,0.0,0.02,-0.47,0.31,-0.66,9.77,26
2.489738,0.31,-0.64,9.3,-0.125,0.0625,-0.0625,4.0625,-3.75,-84.5625,360.0,1.8125,3.875,0.999268,-0.034058,-0.016174,0.0,-0.01,0.02,-0.44,0.31,-0.66,9.77,26
2.4999,0.3,-0.64,9.33,0.0,0.125,-0.0625,4.0625,-3.75,-84.5625,360.0,1.8125,3.875,0.999268,-0.034058,-0.016174,0.0,-0.01,0.02,-0.43,0.31,-0.66,9.77,26
2.510062,0.3,-0.64,9.34,-0.0625,0.125,0.0,4.0625,-3.75,-84.5625,360.0,1.8125,3.875,0.999268,-0.034058,-0.016174,0.0,-0.01,0.02,-0.43,0.31,-0.66,9.77,26
2.520225,0.31,-0.62,9.34,0.0,0.0,0.0625,4.875,-4.5,-84.875,360.0,1.8125,3.875,0.999268,-0.034058,-0.016174,0.0,0.0,0.05,-0.41,0.31,-0.66,9.77,26
2.530387,0.32,-0.61,9.36,0.0625,-0.0625,0.0,4.875,-4.5,-84.875,360.0,1.8125,3.875,0.999268,-0.034058,-0.016174,0.0,-0.02,0.04,-0.45,0.31,-0.66,9.77,26
2.540549,0.29,-0.62,9.32,-0.0625,0.0625,-0.0625,4.875,-4.5,-84.875,360.0,1.8125,3.875,0.999268,-0.034058,-0.016174,0.0,0.0,0.02,-0.43,0.31,-0.66,9.77,26
2.550711,0.31,-0.64,9.34,-0.1875,-0.0625,0.0,4.875,-4.5,-84.875,360.0,1.8125,3.875,0.999268,-0.034058,-0.016174,0.0,0.0,0.02,-0.44,0.31,-0.66,9.77,26
2.560873,0.31,-0.64,9.33,0.0,-0.125,0.125,4.875,-4.5,-84.875,360.0,1.8125,3.875,0.999268,-0.034058,-0.016174,0.0,0.0,0.02,-0.44,0.31,-0.66,9.77,26
2.571036,0.28,-0.62,9.35,-0.0625,-0.125,0.0,4.5,-3.375,-84.0625,360.0,1.8125,3.875,0.999268,-0.034058,-0.016174,0.0,-0.02,0.05,-0.43,0.31,-0.66,9.77,26
2.581198,0.29,-0.61,9.34,-0.125,0.0625,-0.0625,4.5,-3.375,-84.0625,360.0,1.8125,3.875,0.999268,-0.034058,-0.016174,0.0,-0.01,0.04,-0.43,0.31,-0.66,9.77,26
2.59136,0.3,-0.62,9.34,0.0625,0.0,0.0,4.5,-3.375,-84.0625,360.0,1.8125,3.875,0.999268,-0.034058,-0.016174,0.0,-0.02,0.02,-0.45,0.31,-0.66,9.77,26
2.601522,0.29,-0.64,9.32,0.0,-0.0625,0.0,4.5,-3.375,-84.0625,360.0,1.8125,3.875,0.999268,-0.034058,-0.016174,0.0,-0.01,0.04,-0.45,0.31,-0.66,9.77,26
2.611684,0.3,-0.62,9.32,-0.0625,-0.125,0.0,4.5,-3.375,-84.0625,360.0,1.8125,3.875,0.999268,-0.034058,-0.016174,0.0,-0.01,0.04,-0.45,0.31,-0.66,9.77,26
2.621847,0.3,-0.64,9.35,0.0,-0.0625,0.0,5.1875,-4.875,-84.875,360.0,1.8125,3.875,0.999268,-0.034058,-0.016174,0.0,0.0,0.03,-0.44,0.31,-0.66,9.77,26
2.632009,0.31,-0.63,9.33,0.1875,0.0625,-0.0625,5.1875,-4.875,-84.875,360.0,1.8125,3.875,0.999268,-0.034058,-0.016174,0.0,0.0,0.03,-0.44,0.31,-0.66,9.77,26
2.642171,0.31,-0.63,9.33,-0.0625,0.0625,0.0625,5.1875,-4.875,-84.875,360.0,1.8125,3.875,0.999268,-0.034058,-0.016174,0.0,-0.02,0.03,-0.47,0.31,-0.66,9.77,26
2.652333,0.29,-0.63,9.3,-0.0625,0.0,-0.125,5.1875,-4.875,-84.875,360.0,1.8125,3.875,0.999268,-0.034058,-0.016174,0.0,-0.02,0.03,-0.47,0.31,-0.66,9.77,26
2.662495,0.29,-0.63,9.32,0.0625,0.0625,0.0625,5.1875,-4.875,-84.875,360.0,1.8125,3.875,0.999268,-0.034058,-0.016174,0.0,-0.02,0.03,-0.45,0.31,-0.66,9.77,26
2.672658,0.29,-0.64,9.35,0.0,0.0625,0.0,5.1875,-4.875,-84.5625,360.0,1.8125,3.875,0.999268,-0.034058,-0.016174,0.0,-0.02,0.02,-0.42,0.31,-0.66,9.77,26
2.68282,0.29,-0.63,9.37,0.0,-0.125,0.0,5.1875,-4.875,-84.5625,360.0,1.8125,3.875,0.999268,-0.034058,-0.016174,0.0,-0.02,0.03,-0.4,0.31,-0.66,9.77,26
2.692982,0.29,-0.64,9.31,0.0625,0.0,0.0625,5.1875,-4.875,-84.5625,360.0,1.8125,3.875,0.999268,-0.034058,-0.016174,0.0,-0.02,0.02,-0.46,0.31,-0.66,9.77,26
2.703144,0.3,-0.63,9.32,0.0625,-0.0625,-0.0625,5.1875,-4.875,-84.5625,360.0,1.8125,3.875,0.999268,-0.034058,-0.016174,0.0,-0.01,0.03,-0.45,0.31,-0.66,9.77,26
2.713306,0.32,-0.64,9.36,-0.0625,0.0625,-0.0625,5.1875,-4.875,-84.5625,360.0,1.8125,3.875,0.999268,-0.034058,-0.016174,0.0,0.0,0.02,-0.41,0.31,-0.66,9.77,26
2.723469,0.29,-0.61,9.35,0.0,0.125,-0.1875,6.25,-3.75,-85.75,360.0,1.8125,3.875,0.999268,-0.034058,-0.016174,0.0,-0.02,0.05,-0.42,0.31,-0.66,9.77,26
2.733631,0.3,-0.62,9.33,-0.0625,0.0625,0.0,6.25,-3.75,-85.75,360.0,1.8125,3.875,0.999268,-0.034058,-0.016174,0.0,-0.01,0.04,-0.44,0.31,-0.66,9.77,26
2.743793,0.31,-0.62,9.32,0.0625,-0.0625,-0.0625,6.25,-3.75,-85.75,360.0,1.8125,3.875,0.999268,-0.034058,-0.016174,0.0,0.0,0.04,-0.45,0.31,-0.66,9.77,26
2.753955,0.28,-0.61,9.3,-0.0625,0.0,0.0,6.25,-3.75,-85.75,360.0,1.8125,3.875,0.999268,-0.034058,-0.016174,0.0,-0.02,0.05,-0.47,0.31,-0.66,9.77,26
2.764117,0.28,-0.64,9.34,0.125,-0.0625,0.0625,6.25,-3.75,-85.75,360.0,1.8125,3.875,0.999268,-0.034058,-0.016174,0.0,-0.02,0.02,-0.43,0.31,-0.66,9.77,26
2.77428,0.3,-0.64,9.34,0.0,0.0,-0.0625,5.5625,-3.75,-85.375,360.0,1.8125,3.875,0.999268,-0.034058,-0.016174,0.0,-0.01,0.02,-0.43,0.31,-0.66,9.77,26
2.784442,0.31,-0.64,9.34,-0.0625,0.125,0.0625,5.5625,-3.75,-85.375,360.0,1.8125,3.875,0.999268,-0.034058,-0.016174,0.0,0.0,0.02,-0.43,0.31,-0.66,9.77,26
2.794604,0.3,-0.63,9.3,0.0625,0.0,0.0,5.5625,-3.75,-85.375,360.0,1.8125,3.875,0.999268,-0.034058,-0.016174,0.0,-0.01,0.03,-0.47,0.31,-0.66,9.77,26
2.804766,0.3,-0.63,9.32,-0.0625,0.125,-0.125,5.5625,-3.75,-85.375,360.0,1.8125,3.875,0.999268,-0.034058,-0.016174,0.0,-0.01,0.03,-0.45,0.31,-0.66,9.77,26
2.814928,0.31,-0.63,9.34,0.0625,0.0625,0.0,5.5625,-3.75,-85.375,360.0,1.8125,3.875,0.999268,-0.034058,-0.016174,0.0,0.0,0.03,-0.43,0.31,-0.66,9.77,26
2.825091,0.28,-0.62,9.35,0.0,0.0,0.0,5.1875,-3.75,-84.1875,360.0,1.8125,3.875,0.999268,-0.034058,-0.016174,0.0,-0.02,0.04,-0.42,0.31,-0.66,9.77,26
2.835253,0.31,-0.65,9.32,-0.0625,0.0625,0.0625,5.1875,-3.75,-84.1875,360.0,1.8125,3.875,0.999268,-0.034058,-0.016174,0.0,0.0,0.01,-0.45,0.31,-0.66,9.77,26
2.845415,0.31,-0.62,9.34,0.0,0.0,0.0,5.1875,-3.75,-84.1875,360.0,1.8125,3.875,0.999268,-0.034058,-0.016174,0.0,0.0,0.04,-0.43,0.31,-0.66,9.77,26
2.855577,0.29,-0.63,9.33,-0.0625,0.0,-0.125,5.1875,-3.75,-84.1875,360.0,1.8125,3.875,0.999268,-0.034058,-0.016174,0.0,-0.02,0.03,-0.44,0.31,-0.66,9.77,26
2.865739,0.29,-0.64,9.34,-0.0625,-0.125,0.0,5.1875,-3.75,-84.1875,360.0,1.8125,3.875,0.999268,-0.034058,-0.016174,0.0,-0.02,0.02,-0.43,0.31,-0.66,9.77,26
2.875902,0.3,-0.63,9.33,0.125,0.0625,0.125,4.875,-5.5625,-85.75,360.0,1.8125,3.875,0.999268,-0.034058,-0.016174,0.0,-0.01,0.03,-0.44,0.31,-0.66,9.77,26
2.886064,0.31,-0.63,9.35,0.0625,0.1875,0.0,4.875,-5.5625,-85.75,360.0,1.8125,3.875,0.999268,-0.034058,-0.016174,0.0,0.0,0.03,-0.42,0.31,-0.66,9.77,26
2.896226,0.29,-0.64,9.33,0.0625,-0.1875,0.0,4.875,-5.5625,-85.75,360.0,1.8125,3.875,0.999268,-0.034058,-0.016174,0.0,-0.02,0.02,-0.44,0.31,-0.66,9.77,26
2.906388,0.32,-0.64,9.36,0.0625,-0.0625,-0.0625,4.875,-5.5625,-85.75,360.0,1.8125,3.875,0.999268,-0.034058,-0.016174,0.0,0.0,0.02,-0.41,0.31,-0.66,9.77,26
2.91655,0.32,-0.61,9.32,0.0,0.125,-0.1875,4.875,-5.5625,-85.75,360.0,1.8125,3.875,0.999268,-0.034058,-0.016174,0.0,0.0,0.05,-0.45,0.31,-0.66,9.77,26
2.926713,0.3,-0.63,9.33,0.0,0.0,0.0625,5.1875,-4.875,-84.875,360.0,1.8125,3.875,0.999268,-0.034058,-0.016174,0.0,-0.01,0.03,-0.44,0.31,-0.66,9.77,26
2.936875,0.29,-0.64,9.34,-0.125,0.1875,0.0,5.1875,-4.875,-84.875,360.0,1.8125,3.875,0.999268,-0.034058,-0.016174,0.0,-0.02,0.02,-0.43,0.31,-0.66,9.77,26
2.947037,0.31,-0.61,9.31,0.1875,-0.0625,0.0,5.1875,-4.875,-84.875,360.0,1.8125,3.875,0.999268,-0.034058,-0.016174,0.0,0.0,0.05,-0.46,0.31,-0.66,9.77,26
2.957199,0.31,-0.64,9.32,0.0,-0.1875,0.0625,5.1875,-4.875,-84.875,360.0,1.8125,3.875,0.999268,-0.034058,-0.016174,0.0,0.0,0.02,-0.45,0.31,-0.66,9.77,26
2.967361,0.31,-0.64,9.32,0.0625,0.0625,-0.0625,5.1875,-4.875,-84.875,360.0,1.8125,3.875,0.999268,-0.034058,-0.016174,0.0,-0.01,0.05,-0.43,0.31,-0.66,9.77,26
2.977524,0.3,-0.61,9.34,0.0625,0.0,0.0,5.875,-4.5,-85.0,360.0,1.8125,3.875,0.999268,-0.034058,-0.016174,0.0,0.0,0.05,-0.44,0.31,-0.66,9.77,26
2.987686,0.31,-0.6,9.33,-0.0625,0.0625,0.0,5.875,-4.5,-85.0,360.0,1.8125,3.875,0.999268,-0.034058,-0.016174,0.0,0.0,0.04,-0.43,0.31,-0.66,9.77,26
2.997848,0.31,-0.62,9.34,0.0625,0.0,0.0,5.875,-4.5,-85.0,360.0,1.8125,3.875,0.999268,-0.034058,-0.016174,0.0,-0.02,0.03,-0.45,0.31,-0.66,9.77,26
3.00801,0.29,-0.63,9.32,0.0625,0.0625,0.0,5.875,-4.5,-85.0,360.0,1.8125,3.875,0.999268,-0.034058,-0.016174,0.0,-0.01,0.05,-0.46,0.31,-0.66,9.77,26
3.018172,0.3,-0.61,9.31,0.0,-0.125,-0.0625,5.875,-4.5,-85.0,360.0,1.8125,3.875,0.999268,-0.034058,-0.016174,0.0,-0.02,0.05,-0.42,0.31,-0.66,9.77,26
3.028334,0.28,-0.61,9.35,-0.0625,-0.125,0.0625,5.1875,-4.0625,-85.375,360.0,1.8125,3.875,0.999268,-0.034058,-0.016174,0.0,-0.02,0.01,-0.43,0.31,-0.66,9.77,26
3.038497,0.28,-0.65,9.34,0.0625,0.0,-0.0625,5.1875,-4.0625,-85.375,360.0,1.8125,3.875,0.999268,-0.034058,-0.016174,0.0,0.0,0.05,-0.42,0.31,-0.66,9.77,26
3.048659,0.31,-0.6,9.35,0.0,0.0,0.125,5.1875,-4.0625,-85.375,360.0,1.8125,3.875,0.999268,-0.034058,-0.016174,0.0,0.0,0.02,-0.43,0.31,-0.66,9.77,26
3.058821,0.32,-0.64,9.34,0.125,-0.125,0.0625,5.1875,-4.0625,-85.375,360.0,1.8125,3.875,0.999268,-0.034058,-0.016174,0.0,-0.01,0.02,-0.43,0.31,-0.66,9.77,26
3.068983,0.3,-0.64,9.34,0.1875,-0.1875,-0.125,5.1875,-4.0625,-85.375,360.0,1.8125,3.875,0.999268,-0.034058,-0.016174,0.0,-0.02,0.05,-0.44,0.31,-0.66,9.77,26
3.079145,0.28,-0.61,9.33,0.0,0.0625,-0.0625,4.0625,-3.75,-85.75,360.0,1.8125,3.875,0.999268,-0.034058,-0.016174,0.0,-0.02,0.02,-0.46,0.31,-0.66,9.77,26
3.089308,0.29,-0.64,9.31,0.0625,0.0,0.0625,4.0625,-3.75,-85.75,360.0,1.8125,3.875,0.999268,-0.034058,-0.016174,0.0,-0.02,0.03,-0.45,0.31,-0.66,9.77,26
3.09947,0.29,-0.63,9.32,0.0625,-0.0625,0.0,4.0625,-3.75,-85.75,360.0,1.8125,3.875,0.999268,-0.034058,-0.016174,0.0,-0.01,0.04,-0.44,0.31,-0.66,9.77,26
3.109632,0.3,-0.62,9.33,0.0,0.125,0.0,4.0625,-3.75,-85.75,360.0,1.8125,3.875,0.999268,-0.034058,-0.016174,0.0,0.0,0.03,-0.42,0.31,-0.66,9.77,26
3.119794,0.31,-0.63,9.35,-0.0625,0.0,0.0625,4.0625,-3.75,-85.75,360.0,1.8125,3.875,0.999268,-0.034058,-0.016174,0.0,0.0,0.03,-0.42,0.31,-0.66,9.77,26
3.129956,0.31,-0.63,9.35,-0.0625,0.0,0.0625,4.0625,-3.75,-85.75,360.0,1.8125,3.875,0.999268,-0.034058,-0.016174,0.0,0.0,0.04,-0.42,0.31,-0.66,9.77,26
3.140119,0.32,-0.62,9.35,0.0,0.0625,0.0,4.875,-3.375,-84.5625,360.0,1.8125,3.875,0.999268,-0.034058,-0.016174,0.0,-0.02,0.05,-0.4,0.31,-0.66,9.77,26
3.150281,0.29,-0.61,9.37,-0.125,-0.0625,0.0,4.875,-3.375,-84.5625,360.0,1.8125,3.875,0.999268,-0.034058,-0.016174,0.0,-0.01,0.02,-0.44,0.31,-0.66,9.77,26
3.160443,0.3,-0.64,9.33,0.0,0.0625,0.0,4.875,-3.375,-84.5625,360.0,1.8125,3.875,0.999268,-0.034058,-0.016174,0.0,-0.02,0.03,-0.44,0.31,-0.66,9.77,26
3.170605,0.28,-0.63,9.33,0.0,0.0,-0.0625,4.875,-3.375,-84.5625,360.0,1.8125,3.875,0.999268,-0.034058,-0.016174,0.0,-0.01,0.03,-0.43,0.31,-0.66,9.77,26
3.180767,0.3,-0.63,9.34,0.0625,0.125,0.0,4.875,-3.375,-84.5625,360.0,1.8125,3.875,0.999268,-0.034058,-0.016174,0.0,0.0,0.04,-0.42,0.31,-0.66,9.77,26
3.19093,0.32,-0.62,9.35,-0.125,-0.1875,0.0625,5.5625,-4.5,-85.75,360.0,1.8125,3.875,0.999268,-0.034058,-0.016174,0.0,-0.02,0.04,-0.45,0.31,-0.66,9.77,26
3.201092,0.29,-0.62,9.32,-0.1875,0.0,0.0,5.5625,-4.5,-85.75,360.0,1.8125,3.875,0.999268,-0.034058,-0.016174,0.0,-0.01,0.04,-0.43,0.31,-0.66,9.77,26
3.211254,0.3,-0.62,9.34,0.0625,-0.0625,0.0625,5.5625,-4.5,-85.75,360.0,1.8125,3.875,0.999268,-0.034058,-0.016174,0.0,0.0,0.0,-0.45,0.31,-0.66,9.77,26
3.221416,0.31,-0.66,9.32,-0.0625,-0.125,0.0,5.5625,-4.5,-85.75,360.0,1.8125,3.875,0.999268,-0.034058,-0.016174,0.0,-0.01,0.04,-0.46,0.31,-0.66,9.77,26
3.231578,0.3,-0.62,9.31,-0.0625,0.125,-0.0625,5.5625,-4.5,-85.75,360.0,1.8125,3.875,0.999268,-0.034058,-0.016174,0.0,-0.01,0.03,-0.43,0.31,-0.66,9.77,26
3.241741,0.3,-0.63,9.34,0.0,-0.1875,0.125,6.25,-4.0625,-85.375,360.0,1.8125,3.875,0.999268,-0.034058,-0.016174,0.0,-0.02,0.04,-0.45,0.31,-0.66,9.77,26
3.251903,0.29,-0.62,9.32,0.0,0.0625,-0.0625,6.25,-4.0625,-85.375,360.0,1.8125,3.875,0.999268,-0.034058,-0.016174,0.0,-0.01,0.03,-0.45,0.31,-0.66,9.77,26
3.262065,0.3,-0.63,9.32,-0.125,0.0,0.0625,6.25,-4.0625,-85.375,360.0,1.8125,3.875,0.999268,-0.034058,-0.016174,0.0,-0.01,0.01,-0.43,0.31,-0.66,9.77,26
3.272227,0.3,-0.65,9.34,-0.0625,0.125,-0.0625,6.25,-4.0625,-85.375,360.0,1.8125,3.875,0.999268,-0.034058,-0.016174,0.0,-0.01,0.01,-0.45,0.31,-0.66,9.77,26
3.282389,0.3,-0.65,9.32,-0.0625,0.0625,0.0625,6.25,-4.0625,-85.375,360.0,1.8125,3.875,0.999268,-0.034058,-0.016174,0.0,-0.01,0.01,-0.45,0.31,-0.66,9.77,26
3.292552,0.3,-0.65,9.35,0.0,-0.1875,0.0,5.5625,-3.75,-84.5625,360.0,1.8125,3.875,0.999268,-0.034058,-0.016174,0.0,-0.04,0.01,-0.46,0.31,-0.66,9.77,26
3.302714,0.26,-0.65,9.31,0.0,-0.1875,0.0,5.5625,-3.75,-84.5625,360.0,1.8125,3.875,0.999268,-0.034058,-0.016174,0.0,-0.03,0.05,-0.45,0.31,-0.66,9.77,26
3.312876,0.28,-0.61,9.32,0.0,0.125,-0.125,5.5625,-3.75,-84.5625,360.0,1.8125,3.875,0.999268,-0.034058,-0.016174,0.0,0.0,0.03,-0.43,0.31,-0.66,9.77,26
3.323038,0.31,-0.63,9.34,-0.0625,-0.0625,0.0,5.5625,-3.75,-84.5625,360.0,1.8125,3.875,0.999268,-0.034058,-0.016174,0.0,-0.01,0.03,-0.46,0.31,-0.66,9.77,26
3.3332,0.3,-0.63,9.31,0.0,0.125,-0.0625,5.5625,-3.75,-84.5625,360.0,1.8125,3.875,0.999268,-0.034058,-0.016174,0.0,-0.01,0.03,-0.46,0.31,-0.66,9.77,26
3.343363,0.31,-0.63,9.36,-0.0625,0.0,0.0625,4.5,-4.0625,-84.1875,360.0,1.8125,3.875,0.999268,-0.034058,-0.016174,0.0,-0.02,0.04,-0.42,0.31,-0.66,9.77,26
3.353525,0.29,-0.62,9.35,0.0,0.125,0.0625,4.5,-4.0625,-84.1875,360.0,1.8125,3.875,0.999268,-0.034058,-0.016174,0.0,-0.02,0.03,-0.45,0.31,-0.66,9.77,26
3.363687,0.29,-0.63,9.32,0.0,-0.0625,-0.125,4.5,-4.0625,-84.1875,360.0,1.8125,3.875,0.999268,-0.034058,-0.016174,0.0,-0.01,0.03,-0.42,0.31,-0.66,9.77,26
3.373849,0.3,-0.63,9.35,-0.0625,0.0,-0.0625,4.5,-4.0625,-84.1875,360.0,1.8125,3.875,0.999268,-0.034058,-0.016174,0.0,-0.01,0.02,-0.43,0.31,-0.66,9.77,26
3.384011,0.3,-0.64,9.34,-0.125,0.0,0.0625,4.5,-4.0625,-84.1875,360.0,1.8125,3.875,0.999268,-0.034058,-0.016174,0.0,-0.01,0.02,-0.43,0.31,-0.66,9.77,26
3.394174,0.3,-0.62,9.33,0.0,-0.0625,-0.1875,5.1875,-3.75,-83.375,360.0,1.8125,3.875,0.999268,-0.034058,-0.016174,0.0,-0.02,0.0,-0.44,0.31,-0.66,9.77,26
3.404336,0.29,-0.66,9.33,-0.1875,-0.125,0.0625,5.1875,-3.75,-83.375,360.0,1.8125,3.875,0.999268,-0.034058,-0.016174,0.0,-0.01,0.03,-0.44,0.31,-0.66,9.77,26
3.414498,0.3,-0.63,9.33,-0.125,-0.0625,0.0,5.1875,-3.75,-83.375,360.0,1.8125,3.875,0.999268,-0.034058,-0.016174,0.0,-0.02,0.03,-0.44,0.31,-0.66,9.77,26
3.42466,0.29,-0.63,9.33,-0.0625,0.0625,0.0,5.1875,-3.75,-83.375,360.0,1.8125,3.875,0.999268,-0.034058,-0.016174,0.0,-0.02,0.03,-0.45,0.31,-0.66,9.77,26
3.434822,0.29,-0.63,9.32,-0.0625,-0.125,-0.125,5.1875,-3.75,-83.375,360.0,1.8125,3.875,0.999268,-0.034058,-0.016174,0.0,-0.02,0.03,-0.45,0.31,-0.66,9.77,26
3.444985,0.28,-0.63,9.33,-0.1875,0.0,-0.0625,5.1875,-3.75,-85.75,360.0,1.8125,3.875,0.999268,-0.034058,-0.016174,0.0,0.0,0.03,-0.42,0.31,-0.66,9.77,26
3.455147,0.32,-0.63,9.35,-0.125,-0.125,0.0,5.1875,-3.75,-85.75,360.0,1.8125,3.875,0.999268,-0.034058,-0.016174,0.0,-0.02,0.02,-0.45,0.31,-0.66,9.77,26
3.465309,0.29,-0.64,9.32,0.0625,-0.0625,0.0,5.1875,-3.75,-85.75,360.0,1.8125,3.875,0.999268,-0.034058,-0.016174,0.0,0.0,0.03,-0.44,0.31,-0.66,9.77,26
3.475471,0.32,-0.63,9.33,-0.125,0.0625,0.0625,5.1875,-3.75,-85.75,360.0,1.8125,3.875,0.999268,-0.034058,-0.016174,0.0,-0.01,0.04,-0.43,0.31,-0.66,9.77,26
3.485633,0.3,-0.62,9.34,-0.125,0.0625,-0.125,5.1875,-3.75,-85.75,360.0,1.8125,3.875,0.999268,-0.034058,-0.016174,0.0,-0.01,0.04,-0.43,0.31,-0.66,9.77,26
3.495796,0.29,-0.63,9.32,0.125,0.0,0.0,4.5,-4.875,-84.5625,360.0,1.8125,3.875,0.999268,-0.034058,-0.016174,0.0,-0.02,0.02,-0.42,0.31,-0.66,9.77,26
3.505958,0.29,-0.64,9.35,-0.0625,-0.125,0.0,4.5,-4.875,-84.5625,360.0,1.8125,3.875,0.999268,-0.034058,-0.016174,0.0,-0.02,0.02,-0.42,0.31,-0.66,9.77,26
3.51612,0.32,-0.62,9.32,0.0625,0.0,-0.0625,4.5,-4.875,-84.5625,360.0,1.8125,3.875,0.999268,-0.034058,-0.016174,0.0,0.0,0.04,-0.45,0.31,-0.66,9.77,26
3.526282,0.3,-0.62,9.33,0.0625,-0.0625,0.0625,4.5,-4.875,-84.5625,360.0,1.8125,3.875,0.999268,-0.034058,-0.016174,0.0,-0.01,0.04,-0.44,0.31,-0.66,9.77,26
3.536444,0.3,-0.64,9.34,-0.125,-0.0625,-0.0625,4.5,-4.875,-84.5625,360.0,1.8125,3.875,0.999268,-0.034058,-0.016174,0.0,-0.01,0.02,-0.43,0.31,-0.66,9.77,26
3.546606,0.3,-0.62,9.37,-0.0625,0.0625,-0.0625,5.5625,-4.5,-83.75,360.0,1.8125,3.875,0.999268,-0.034058,-0.016174,0.0,-0.01,0.04,-0.4,0.31,-0.66,9.77,26
3.556769,0.29,-0.62,9.33,0.0,0.0625,0.0625,5.5625,-4.5,-83.75,360.0,1.8125,3.875,0.999268,-0.034058,-0.016174,0.0,-0.02,0.04,-0.44,0.31,-0.66,9.77,26
3.566931,0.3,-0.63,9.33,0.125,-0.125,-0.0625,5.5625,-4.5,-83.75,360.0,1.8125,3.875,0.999268,-0.034058,-0.016174,0.0,-0.01,0.03,-0.44,0.31,-0.66,9.77,26
3.577093,0.31,-0.64,9.33,-0.0625,0.0625,0.125,5.5625,-4.5,-83.75,360.0,1.8125,3.875,0.999268,-0.034058,-0.016174,0.0,0.0,0.02,-0.44,0.31,-0.66,9.77,26
3.587255,0.31,-0.62,9.32,-0.0625,0.125,-0.0625,5.5625,-4.5,-83.75,360.0,1.8125,3.875,0.999268,-0.034058,-0.016174,0.0,0.0,0.04,-0.45,0.31,-0.66,9.77,26
3.597417,0.3,-0.67,9.33,-0.0625,0.0,0.0,3.375,-4.0625,-85.0,360.0,1.8125,3.875,0.999268,-0.034058,-0.016174,0.0,-0.01,0.0,-0.44,0.31,-0.66,9.77,26
3.60758,0.3,-0.66,9.35,0.0625,-0.0625,0.0,3.375,-4.0625,-85.0,360.0,1.8125,3.875,0.999268,-0.034058,-0.016174,0.0,-0.01,0.0,-0.42,0.31,-0.66,9.77,26
3.617742,0.3,-0.62,9.35,-0.25,-0.125,0.0625,3.375,-4.0625,-85.0,360.0,1.8125,3.875,0.999268,-0.034058,-0.016174,0.0,-0.01,0.04,-0.42,0.31,-0.66,9.77,26
3.627904,0.31,-0.65,9.35,-0.0625,0.0,-0.0625,3.375,-4.0625,-85.0,360.0,1.8125,3.875,0.999268,-0.034058,-0.016174,0.0,0.0,0.01,-0.42,0.31,-0.66,9.77,26
3.638066,0.3,-0.63,9.33,0.0625,-0.25,-0.0625,3.375,-4.0625,-85.0,360.0,1.8125,3.875,0.999268,-0.034058,-0.016174,0.0,-0.01,0.03,-0.44,0.31,-0.66,9.77,26
3.648228,0.29,-0.62,9.36,0.0,0.0,-0.0625,4.875,-4.875,-85.0,360.0,1.8125,3.875,0.999268,-0.034058,-0.016174,0.0,-0.02,0.04,-0.41,0.31,-0.66,9.77,26
3.658391,0.29,-0.63,9.3,0.0,0.25,0.0625,4.875,-4.875,-85.0,360.0,1.8125,3.875,0.999268,-0.034058,-0.016174,0.0,-0.02,0.03,-0.47,0.31,-0.66,9.77,26
3.668553,0.3,-0.63,9.31,0.0,0.0625,0.0,4.875,-4.875,-85.0,360.0,1.8125,3.875,0.999268,-0.034058,-0.016174,0.0,-0.01,0.03,-0.46,0.31,-0.66,9.77,26
3.678715,0.31,-0.61,9.31,0.0625,0.125,0.0,4.875,-4.875,-85.0,360.0,1.8125,3.875,0.999268,-0.034058,-0.016174,0.0,0.0,0.05,-0.46,0.31,-0.66,9.77,26
3.688877,0.3,-0.63,9.35,0.0,-0.1875,0.0,4.875,-4.875,-85.0,360.0,1.8125,3.875,0.999268,-0.034058,-0.016174,0.0,-0.01,0.03,-0.42,0.31,-0.66,9.77,26
3.699039,0.3,-0.62,9.33,0.0,0.125,0.0,4.875,-4.875,-84.1875,360.0,1.8125,3.875,0.999268,-0.034058,-0.016174,0.0,-0.01,0.04,-0.44,0.31,-0.66,9.77,26
3.709202,0.3,-0.65,9.33,0.1875,0.125,0.0625,4.875,-4.875,-84.1875,360.0,1.8125,3.875,0.999268,-0.034058,-0.016174,0.0,-0.01,0.01,-0.44,0.31,-0.66,9.77,26
3.719364,0.31,-0.63,9.33,0.0,-0.0625,0.0625,4.875,-4.875,-84.1875,360.0,1.8125,3.875,0.999268,-0.034058,-0.016174,0.0,0.0,0.03,-0.44,0.31,-0.66,9.77,26
3.729526,0.3,-0.63,9.33,0.0,0.0,0.0625,4.875,-4.875,-84.1875,360.0,1.8125,3.875,0.999268,-0.034058,-0.016174,0.0,-0.01,0.03,-0.44,0.31,-0.66,9.77,26
3.739688,0.3,-0.6,9.34,0.0625,0.0625,0.0,4.875,-4.875,-84.1875,360.0,1.8125,3.875,0.999268,-0.034058,-0.016174,0.0,-0.01,0.05,-0.43,0.31,-0.66,9.77,26
3.74985,0.3,-0.65,9.36,0.125,-0.0625,-0.0625,5.5625,-3.375,-85.0,360.0,1.8125,3.875,0.999268,-0.034058,-0.016174,0.0,-0.01,0.01,-0.41,0.31,-0.66,9.77,26
3.760013,0.29,-0.63,9.34,0.1875,0.125,0.0625,5.5625,-3.375,-85.0,360.0,1.8125,3.875,0.999268,-0.034058,-0.016174,0.0,-0.02,0.03,-0.43,0.31,-0.66,9.77,26
3.770175,0.3,-0.66,9.33,0.125,0.0,-0.0625,5.5625,-3.375,-85.0,360.0,1.8125,3.875,0.999268,-0.034058,-0.016174,0.0,-0.01,0.0,-0.44,0.31,-0.66,9.77,26
3.780337,0.29,-0.66,9.34,0.0,0.125,0.0,5.5625,-3.375,-85.0,360.0,1.8125,3.875,0.999268,-0.034058,-0.016174,0.0,-0.02,0.0,-0.43,0.31,-0.66,9.77,26
3.790499,0.3,-0.64,9.38,-0.0625,0.0625,0.125,5.5625,-3.375,-85.0,360.0,1.8125,3.875,0.999268,-0.034058,-0.016174,0.0,-0.01,0.02,-0.39,0.31,-0.66,9.77,26
3.800661,0.3,-0.65,9.36,0.0,0.0,0.0,5.5625,-5.1875,-85.375,360.0,1.8125,3.875,0.999268,-0.034058,-0.016174,0.0,-0.01,0.01,-0.41,0.31,-0.66,9.77,26
3.810824,0.3,-0.63,9.33,0.0,-0.0625,0.0,5.5625,-5.1875,-85.375,360.0,1.8125,3.875,0.999268,-0.034058,-0.016174,0.0,-0.01,0.03,-0.44,0.31,-0.66,9.77,26
3.820986,0.3,-0.63,9.33,0.125,0.1875,0.125,5.5625,-5.1875,-85.375,360.0,1.8125,3.875,0.999268,-0.034058,-0.016174,0.0,0.0,0.03,-0.43,0.31,-0.66,9.77,26
3.831148,0.31,-0.63,9.34,0.0,0.0,0.0,5.5625,-5.1875,-85.375,360.0,1.8125,3.875,0.999268,-0.034058,-0.016174,0.0,-0.02,0.02,-0.43,0.31,-0.66,9.77,26
3.84131,0.29,-0.64,9.34,0.0,0.3125,-0.0625,5.5625,-5.1875,-85.375,360.0,1.8125,3.875,0.999268,-0.034058,-0.016174,0.0,-0.02,0.04,-0.44,0.31,-0.66,9.77,26
3.851472,0.29,-0.62,9.33,0.0,0.125,-0.125,5.1875,-4.0625,-85.0,360.0,1.8125,3.875,0.999268,-0.034058,-0.016174,0.0,0.0,0.04,-0.46,0.31,-0.66,9.77,26
3.861635,0.32,-0.62,9.31,-0.0625,0.0625,0.125,5.1875,-4.0625,-85.0,360.0,1.8125,3.875,0.999268,-0.034058,-0.016174,0.0,0.0,0.03,-0.43,0.31,-0.66,9.77,26
3.871797,0.31,-0.63,9.34,0.0625,0.0,0.0,5.1875,-4.0625,-85.0,360.0,1.8125,3.875,0.999268,-0.034058,-0.016174,0.0,-0.02,0.04,-0.45,0.31,-0.66,9.77,26
3.881959,0.28,-0.62,9.32,0.0,-0.125,0.0,5.1875,-4.0625,-85.0,360.0,1.8125,3.875,0.999268,-0.034058,-0.016174,0.0,-0.01,0.02,-0.4,0.31,-0.66,9.77,26
3.892121,0.3,-0.64,9.37,0.1875,0.0625,0.0625,5.1875,-4.0625,-85.0,360.0,1.8125,3.875,0.999268,-0.034058,-0.016174,0.0,0.0,0.01,-0.45,0.31,-0.66,9.77,26
3.902283,0.32,-0.65,9.32,0.0625,0.0625,0.125,2.5625,-4.5,-84.5625,360.0,1.8125,3.875,0.999268,-0.034058,-0.016174,0.0,-0.02,0.05,-0.46,0.31,-0.66,9.77,26
3.912446,0.29,-0.61,9.31,0.125,-0.125,0.0625,2.5625,-4.5,-84.5625,360.0,1.8125,3.875,0.999268,-0.034058,-0.016174,0.0,-0.01,0.04,-0.43,0.31,-0.66,9.77,26
3.922608,0.3,-0.62,9.34,0.0625,-0.0625,0.0,2.5625,-4.5,-84.5625,360.0,1.8125,3.875,0.999268,-0.034058,-0.016174,0.0,-0.01,0.03,-0.46,0.31,-0.66,9.77,26
3.93277,0.3,-0.63,9.31,0.0,0.1875,0.0625,2.5625,-4.5,-84.5625,360.0,1.8125,3.875,0.999268,-0.034058,-0.016174,0.0,-0.01,0.03,-0.45,0.31,-0.66,9.77,26
3.942932,0.3,-0.63,9.32,0.0,0.0625,-0.0625,2.5625,-4.5,-84.5625,360.0,1.8125,3.875,0.999268,-0.034058,-0.016174,0.0,-0.02,0.01,-0.41,0.31,-0.66,9.77,26
3.953094,0.29,-0.65,9.36,0.0,0.0625,0.0,4.875,-4.5,-84.5625,360.0,1.8125,3.875,0.999268,-0.034058,-0.016174,0.0,-0.01,0.03,-0.44,0.31,-0.66,9.77,26
3.963257,0.3,-0.63,9.33,-0.0625,0.0625,0.0625,4.875,-4.5,-84.5625,360.0,1.8125,3.875,0.999268,-0.034058,-0.016174,0.0,-0.02,0.01,-0.4,0.31,-0.66,9.77,26
3.973419,0.29,-0.65,9.37,0.0,0.1875,-0.125,4.875,-4.5,-84.5625,360.0,1.8125,3.875,0.999268,-0.034058,-0.016174,0.0,-0.01,0.01,-0.46,0.31,-0.66,9.77,26
3.983581,0.3,-0.65,9.31,0.125,-0.125,0.0,4.875,-4.5,-84.5625,360.0,1.8125,3.875,0.999268,-0.034058,-0.016174,0.0,-0.01,0.04,-0.44,0.31,-0.66,9.77,26
3.993743,0.3,-0.62,9.33,0.125,-0.125,0.0,4.875,-4.5,-84.5625,360.0,1.8125,3.875,0.999268,-0.034058,-0.016174,0.0,-0.02,0.05,-0.44,0.31,-0.66,9.77,26
4.003905,0.29,-0.61,9.33,0.0625,0.125,-0.0625,4.0625,-3.75,-84.5625,360.0,1.8125,3.875,0.999268,-0.034058,-0.016174,0.0,0.0,0.01,-0.44,0.31,-0.66,9.77,26
4.014068,0.31,-0.65,9.33,0.0625,-0.125,0.0,4.0625,-3.75,-84.5625,360.0,1.8125,3.875,0.999268,-0.034058,-0.016174,0.0,-0.01,0.01,-0.43,0.31,-0.66,9.77,26
4.02423,0.3,-0.65,9.34,0.125,0.125,-0.0625,4.0625,-3.75,-84.5625,360.0,1.8125,3.875,0.999268,-0.034058,-0.016174,0.0,-0.03,0.04,-0.45,0.31,-0.66,9.77,26
4.034392,0.28,-0.62,9.32,0.0,0.1875,0.0625,4.0625,-3.75,-84.5625,360.0,1.8125,3.875,0.999268,-0.034058,-0.016174,0.0,-0.02,0.05,-0.45,0.31,-0.66,9.77,26
4.044554,0.29,-0.61,9.32,0.125,0.0625,0.0,4.0625,-3.75,-84.5625,360.0,1.8125,3.875,0.999268,-0.034058,-0.016174,0.0,-0.03,0.02,-0.41,0.31,-0.66,9.77,26
4.054716,0.28,-0.64,9.36,0.0625,0.1875,0.0,4.0625,-3.75,-84.5625,360.0,1.8125,3.875,0.999268,-0.034058,-0.016174,0.0,-0.01,0.03,-0.41,0.31,-0.66,9.77,26
4.064878,0.3,-0.63,9.36,0.0625,0.0625,-0.0625,4.0625,-3.75,-84.5625,360.0,1.8125,3.875,0.999268,-0.034058,-0.016174,0.0,0.0,0.02,-0.44,0.31,-0.66,9.77,26
4.075041,0.31,-0.64,9.33,0.0625,0.0,-0.0625,4.0625,-3.75,-84.5625,360.0,1.8125,3.875,0.999268,-0.034058,-0.016174,0.0,-0.02,0.02,-0.45,0.31,-0.66,9.77,26
4.085203,0.28,-0.64,9.32,0.0,0.0625,0.0,4.0625,-3.75,-84.5625,360.0,1.8125,3.875,0.999268,-0.034058,-0.016174,0.0,-0.01,0.04,-0.44,0.31,-0.66,9.77,26
4.095365,0.3,-0.62,9.33,0.0625,0.0,-0.0625,4.0625,-3.75,-84.5625,360.0,1.8125,3.875,0.999268,-0.034058,-0.016174,0.0,0.0,0.03,-0.43,0.31,-0.66,9.77,26
4.105527,0.32,-0.63,9.34,0.0,0.0,0.0625,4.0625,-3.75,-84.5625,360.0,1.8125,3.875,0.999268,-0.034058,-0.016174,0.0,-0.01,0.02,-0.43,0.31,-0.66,9.77,26
4.115689,0.3,-0.64,9.34,-0.125,0.0625,0.0,4.875,-4.5,-84.5625,360.0,1.8125,3.875,0.999268,-0.034058,-0.016174,0.0,0.0,0.02,-0.44,0.31,-0.66,9.77,26
4.125852,0.31,-0.64,9.33,-0.0625,0.125,0.0,4.875,-4.5,-84.5625,360.0,1.8125,3.875,0.999268,-0.034058,-0.016174,0.0,-0.02,0.03,-0.45,0.31,-0.66,9.77,26
4.136014,0.29,-0.63,9.32,0.0625,0.0,0.0,4.875,-4.5,-84.5625,360.0,1.8125,3.875,0.999268,-0.034058,-0.016174,0.0,-0.01,0.04,-0.43,0.31,-0.66,9.77,26
4.146176,0.3,-0.62,9.34,0.0625,0.0625,-0.0625,4.875,-4.5,-84.5625,360.0,1.8125,3.875,0.999268,-0.034058,-0.016174,0.0,0.0,0.03,-0.44,0.31,-0.66,9.77,26
4.156338,0.32,-0.63,9.33,0.0625,0.25,-0.125,4.875,-4.5,-84.5625,360.0,1.8125,3.875,0.999268,-0.034058,-0.016174,0.0,0.0,0.03,-0.44,0.31,-0.66,9.77,26
4.1665,0.3,-0.64,9.35,0.0625,0.125,0.125,5.1875,-4.0625,-85.0625,360.0,1.8125,3.875,0.999268,-0.034058,-0.016174,0.0,-0.01,0.03,-0.43,0.31,-0.66,9.77,26
4.176663,0.3,-0.63,9.34,0.0,0.125,-0.0625,5.1875,-4.0625,-85.0625,360.0,1.8125,3.875,0.999268,-0.034058,-0.016174,0.0,-0.01,0.02,-0.42,0.31,-0.66,9.77,26
4.186825,0.3,-0.64,9.35,0.0625,-0.0625,0.0,5.1875,-4.0625,-85.0625,360.0,1.8125,3.875,0.999268,-0.034058,-0.016174,0.0,-0.02,0.03,-0.45,0.31,-0.66,9.77,26
4.196987,0.29,-0.63,9.32,-0.0625,-0.0625,0.0,5.1875,-4.0625,-85.0625,360.0,1.8125,3.875,0.999268,-0.034058,-0.016174,0.0,-0.02,0.01,-0.44,0.31,-0.66,9.77,26
4.207149,0.29,-0.65,9.33,0.0625,-0.0625,0.0,5.1875,-4.0625,-85.0625,360.0,1.8125,3.875,0.999268,-0.034058,-0.016174,0.0,-0.02,0.01,-0.44,0.31,-0.66,9.77,26
4.217311,0.29,-0.61,9.35,-0.0625,0.0625,0.0,3.75,-4.5,-84.5625,360.0,1.8125,3.875,0.999268,-0.034058,-0.016174,0.0,-0.01,0.03,-0.44,0.31,-0.66,9.77,26
4.227474,0.3,-0.63,9.33,0.0,0.1875,-0.0625,3.75,-4.5,-84.5625,360.0,1.8125,3.875,0.999268,-0.034058,-0.016174,0.0,-0.01,0.02,-0.43,0.31,-0.66,9.77,26
4.237636,0.3,-0.64,9.34,0.0,0.0625,0.125,3.75,-4.5,-84.5625,360.0,1.8125,3.875,0.999268,-0.034058,-0.016174,0.0,-0.03,0.01,-0.45,0.31,-0.66,9.77,26
4.247798,0.28,-0.65,9.32,-0.0625,-0.125,0.0625,3.75,-4.5,-84.5625,360.0,1.8125,3.875,0.999268,-0.034058,-0.016174,0.0,-0.04,0.04,-0.43,0.31,-0.66,9.77,26
4.25796,0.27,-0.62,9.34,-0.125,0.0625,-0.0625,3.75,-4.5,-84.5625,360.0,1.8125,3.875,0.999268,-0.034058,-0.016174,0.0,-0.04,0.04,-0.43,0.31,-0.66,9.77,26
4.268122,0.28,-0.61,9.34,0.0,0.0625,-0.0625,5.5625,-4.5,-85.375,360.0,1.8125,3.875,0.999268,-0.034058,-0.016174,0.0,-0.02,0.05,-0.41,0.31,-0.66,9.77,26
4.278285,0.29,-0.61,9.36,-0.0625,0.125,0.0,5.5625,-4.5,-85.375,360.0,1.8125,3.875,0.999268,-0.034058,-0.016174,0.0,-0.01,0.03,-0.44,0.31,-0.66,9.77,26
4.288447,0.3,-0.63,9.33,0.125,0.0,0.0,5.5625,-4.5,-85.375,360.0,1.8125,3.875,0.999268,-0.034058,-0.016174,0.0,-0.02,0.03,-0.42,0.31,-0.66,9.77,26
4.298609,0.29,-0.63,9.35,-0.125,0.0625,0.125,5.5625,-4.5,-85.375,360.0,1.8125,3.875,0.999268,-0.034058,-0.016174,0.0,-0.02,0.04,-0.43,0.31,-0.66,9.77,26
4.308771,0.29,-0.62,9.34,0.0,0.0625,0.125,5.5625,-4.5,-85.375,360.0,1.8125,3.875,0.999268,-0.034058,-0.016174,0.0,-0.02,0.04,-0.43,0.31,-0.66,9.77,26
4.318933,0.29,-0.64,9.32,0.0,-0.125,0.0,5.5625,-4.5,-84.25,360.0,1.8125,3.875,0.999268,-0.034058,-0.016174,0.0,0.0,0.04,-0.45,0.31,-0.66,9.77,26
4.329096,0.31,-0.62,9.32,0.0,0.0,0.0,5.5625,-4.5,-84.25,360.0,1.8125,3.875,0.999268,-0.034058,-0.016174,0.0,-0.03,0.03,-0.44,0.31,-0.66,9.77,26
4.339258,0.28,-0.63,9.33,0.125,0.125,-0.1875,5.5625,-4.5,-84.25,360.0,1.8125,3.875,0.999268,-0.034058,-0.016174,0.0,0.0,0.04,-0.47,0.31,-0.66,9.77,26
4.34942,0.31,-0.62,9.3,-0.0625,-0.0625,0.0625,5.5625,-4.5,-84.25,360.0,1.8125,3.875,0.999268,-0.034058,-0.016174,0.0,-0.02,0.04,-0.44,0.31,-0.66,9.77,26
4.359582,0.29,-0.62,9.33,-0.0625,0.0,0.0,5.5625,-4.5,-84.25,360.0,1.8125,3.875,0.999268,-0.034058,-0.016174,0.0,-0.02,0.04,-0.44,0.31,-0.66,9.77,26
4.369744,0.3,-0.62,9.36,0.0,0.0625,0.0625,5.1875,-3.75,-84.25,360.0,1.8125,3.875,0.999268,-0.034058,-0.016174,0.0,-0.01,0.05,-0.43,0.31,-0.66,9.77,26
4.379907,0.3,-0.61,9.34,-0.125,0.25,-0.0625,5.1875,-3.75,-84.25,360.0,1.8125,3.875,0.999268,-0.034058,-0.016174,0.0,-0.01,0.05,-0.43,0.31,-0.66,9.77,26
4.390069,0.31,-0.62,9.3,0.0,0.0625,0.0,5.1875,-3.75,-84.25,360.0,1.8125,3.875,0.999268,-0.034058,-0.016174,0.0,0.0,0.04,-0.47,0.31,-0.66,9.77,26
4.400231,0.31,-0.64,9.33,0.0625,0.125,-0.0625,5.1875,-3.75,-84.25,360.0,1.8125,3.875,0.999268,-0.034058,-0.016174,0.0,0.0,0.02,-0.44,0.31,-0.66,9.77,26
4.410393,0.31,-0.65,9.36,-0.0625,0.0,0.125,5.1875,-3.75,-84.25,360.0,1.8125,3.875,0.999268,-0.034058,-0.016174,0.0,0.0,0.01,-0.41,0.31,-0.66,9.77,26
4.420555,0.31,-0.63,9.32,0.0,-0.0625,0.0,5.5625,-4.875,-84.5625,360.0,1.8125,3.875,0.999268,-0.034058,-0.016174,0.0,0.0,0.03,-0.45,0.31,-0.66,9.77,26
4.430718,0.3,-0.62,9.33,-0.0625,0.0,0.0,5.5625,-4.875,-84.5625,360.0,1.8125,3.875,0.999268,-0.034058,-0.016174,0.0,-0.01,0.04,-0.44,0.31,-0.66,9.77,26
4.44088,0.3,-0.61,9.32,-0.0625,-0.125,0.0,5.5625,-4.875,-84.5625,360.0,1.8125,3.875,0.999268,-0.034058,-0.016174,0.0,-0.01,0.05,-0.45,0.31,-0.66,9.77,26
4.451042,0.29,-0.62,9.32,0.0,0.0,-0.0625,5.5625,-4.875,-84.5625,360.0,1.8125,3.875,0.999268,-0.034058,-0.016174,0.0,-0.02,0.04,-0.45,0.31,-0.66,9.77,26
4.461204,0.31,-0.64,9.33,-0.125,0.0625,0.0,5.5625,-4.875,-84.5625,360.0,1.8125,3.875,0.999268,-0.034058,-0.016174,0.0,0.0,0.02,-0.44,0.31,-0.66,9.77,26
4.471366,0.3,-0.61,9.37,-0.0625,0.0625,0.0625,4.875,-3.0,-84.5625,360.0,1.8125,3.875,0.999268,-0.034058,-0.016174,0.0,-0.01,0.05,-0.4,0.31,-0.66,9.77,26
4.481529,0.31,-0.63,9.32,-0.125,0.0,0.125,4.875,-3.0,-84.5625,360.0,1.8125,3.875,0.999268,-0.034058,-0.016174,0.0,0.0,0.03,-0.45,0.31,-0.66,9.77,26
4.491691,0.3,-0.63,9.35,0.0,-0.1875,0.0,4.875,-3.0,-84.5625,360.0,1.8125,3.875,0.999268,-0.034058,-0.016174,0.0,-0.01,0.03,-0.42,0.31,-0.66,9.77,26
4.501853,0.29,-0.62,9.33,0.0625,0.0,0.0,4.875,-3.0,-84.5625,360.0,1.8125,3.875,0.999268,-0.034058,-0.016174,0.0,-0.02,0.04,-0.44,0.31,-0.66,9.77,26
4.512015,0.28,-0.63,9.35,-0.125,0.125,0.0,4.875,-3.0,-84.5625,360.0,1.8125,3.875,0.999268,-0.034058,-0.016174,0.0,-0.02,0.03,-0.42,0.31,-0.66,9.77,26
4.522177,0.29,-0.63,9.37,-0.0625,0.0625,-0.125,3.375,-4.5,-85.75,360.0,1.8125,3.875,0.999268,-0.034058,-0.016174,0.0,-0.02,0.03,-0.4,0.31,-0.66,9.77,26
4.53234,0.28,-0.62,9.32,0.0,0.125,0.0625,3.375,-4.5,-85.75,360.0,1.8125,3.875,0.999268,-0.034058,-0.016174,0.0,-0.02,0.04,-0.45,0.31,-0.66,9.77,26
4.542502,0.3,-0.64,9.32,0.0625,0.0625,-0.125,3.375,-4.5,-85.75,360.0,1.8125,3.875,0.999268,-0.034058,-0.016174,0.0,-0.01,0.02,-0.45,0.31,-0.66,9.77,26
4.552664,0.31,-0.63,9.32,-0.0625,-0.0625,-0.0625,3.375,-4.5,-85.75,360.0,1.8125,3.875,0.999268,-0.034058,-0.016174,0.0,0.0,0.03,-0.45,0.31,-0.66,9.77,26
4.562826,0.29,-0.63,9.36,0.0,0.0,0.0,3.375,-4.5,-85.75,360.0,1.8125,3.875,0.999268,-0.034058,-0.016174,0.0,-0.02,0.03,-0.41,0.31,-0.66,9.77,26
4.572988,0.28,-0.63,9.34,-0.125,0.0625,0.0625,5.5625,-4.0625,-84.5625,360.0,1.8125,3.875,0.999268,-0.034058,-0.016174,0.0,-0.02,0.03,-0.43,0.31,-0.66,9.77,26
4.583151,0.32,-0.62,9.35,0.0625,-0.1875,0.0,5.5625,-4.0625,-84.5625,360.0,1.8125,3.875,0.999268,-0.034058,-0.016174,0.0,0.0,0.04,-0.42,0.31,-0.66,9.77,26
4.593313,0.29,-0.63,9.35,-0.0625,0.0,-0.125,5.5625,-4.0625,-84.5625,360.0,1.8125,3.875,0.999268,-0.034058,-0.016174,0.0,-0.02,0.03,-0.42,0.31,-0.66,9.77,26
4.603475,0.29,-0.65,9.32,0.0,0.0,0.0,5.5625,-4.0625,-84.5625,360.0,1.8125,3.875,0.999268,-0.034058,-0.016174,0.0,-0.02,0.01,-0.45,0.31,-0.66,9.77,26
4.613637,0.31,-0.63,9.35,-0.125,-0.125,0.0625,5.5625,-4.0625,-84.5625,360.0,1.8125,3.875,0.999268,-0.034058,-0.016174,0.0,0.0,0.03,-0.42,0.31,-0.66,9.77,26
4.623799,0.29,-0.64,9.33,-0.125,0.0,0.0625,5.1875,-4.875,-84.25,360.0,1.8125,3.875,0.999268,-0.034058,-0.016174,0.0,-0.02,0.02,-0.44,0.31,-0.66,9.77,26
4.633961,0.29,-0.62,9.35,-0.125,0.0,-0.0625,5.1875,-4.875,-84.25,360.0,1.8125,3.875,0.999268,-0.034058,-0.016174,0.0,-0.02,0.04,-0.42,0.31,-0.66,9.77,26
4.644124,0.32,-0.63,9.35,-0.125,-0.0625,0.0625,5.1875,-4.875,-84.25,360.0,1.8125,3.875,0.999268,-0.034058,-0.016174,0.0,0.0,0.03,-0.42,0.31,-0.66,9.77,26
4.654286,0.31,-0.66,9.33,0.0625,0.0,0.0,5.1875,-4.875,-84.25,360.0,1.8125,3.875,0.999268,-0.034058,-0.016174,0.0,0.0,0.0,-0.44,0.31,-0.66,9.77,26
4.664448,0.31,-0.66,9.36,-0.125,0.0625,0.125,5.1875,-4.875,-84.25,360.0,1.8125,3.875,0.999268,-0.034058,-0.016174,0.0,0.0,0.0,-0.41,0.31,-0.66,9.77,26
4.67461,0.29,-0.64,9.37,0.0625,0.0,-0.125,5.875,-4.0625,-85.375,360.0,1.8125,3.875,0.999268,-0.034058,-0.016174,0.0,-0.02,0.02,-0.4,0.31,-0.66,9.77,26
4.684772,0.3,-0.63,9.35,0.0,0.0,0.0,5.875,-4.0625,-85.375,360.0,1.8125,3.875,0.999268,-0.034058,-0.016174,0.0,-0.01,0.03,-0.42,0.31,-0.66,9.77,26
4.694935,0.3,-0.63,9.35,-0.0625,0.0,-0.0625,5.875,-4.0625,-85.375,360.0,1.8125,3.875,0.999268,-0.034058,-0.016174,0.0,0.0,0.03,-0.45,0.31,-0.66,9.77,26
4.705097,0.31,-0.63,9.32,0.125,-0.125,0.0625,5.875,-4.0625,-85.375,360.0,1.8125,3.875,0.999268,-0.034058,-0.016174,0.0,-0.02,0.03,-0.45,0.31,-0.66,9.77,26
4.715259,0.29,-0.63,9.32,0.0625,-0.125,0.0625,5.875,-4.0625,-85.375,360.0,1.8125,3.875,0.999268,-0.034058,-0.016174,0.0,-0.03,0.03,-0.43,0.31,-0.66,9.77,26
4.725421,0.28,-0.63,9.34,0.0625,-0.0625,0.0625,4.5,-3.75,-85.0625,360.0,1.8125,3.875,0.999268,-0.034058,-0.016174,0.0,0.0,0.04,-0.43,0.31,-0.66,9.77,26
4.735583,0.31,-0.62,9.34,-0.0625,0.0,0.0625,4.5,-3.75,-85.0625,360.0,1.8125,3.875,0.999268,-0.034058,-0.016174,0.0,0.0,0.02,-0.42,0.31,-0.66,9.77,26
4.745746,0.31,-0.64,9.35,0.0,0.0,-0.125,4.5,-3.75,-85.0625,360.0,1.8125,3.875,0.999268,-0.034058,-0.016174,0.0,0.0,0.04,-0.47,0.31,-0.66,9.77,26
4.755908,0.31,-0.62,9.3,0.0,0.125,0.125,4.5,-3.75,-85.0625,360.0,1.8125,3.875,0.999268,-0.034058,-0.016174,0.0,-0.02,0.04,-0.46,0.31,-0.66,9.77,26
4.76607,0.29,-0.62,9.31,0.0,-0.0625,0.0625,4.5,-3.75,-85.0625,360.0,1.8125,3.875,0.999268,-0.034058,-0.016174,0.0,-0.01,0.02,-0.42,0.31,-0.66,9.77,26
4.776232,0.3,-0.64,9.35,0.0,-0.125,-0.125,5.5625,-3.0,-84.6875,360.0,1.8125,3.875,0.999268,-0.034058,-0.016174,0.0,-0.03,0.04,-0.43,0.31,-0.66,9.77,26
4.786394,0.27,-0.62,9.34,0.0,-0.125,0.0625,5.5625,-3.0,-84.6875,360.0,1.8125,3.875,0.999268,-0.034058,-0.016174,0.0,-0.02,0.03,-0.42,0.31,-0.66,9.77,26
4.796557,0.29,-0.63,9.35,0.0,0.125,-0.0625,5.5625,-3.0,-84.6875,360.0,1.8125,3.875,0.999268,-0.034058,-0.016174,0.0,-0.01,0.03,-0.44,0.31,-0.66,9.77,26
4.806719,0.3,-0.63,9.33,0.0,-0.125,-0.0625,5.5625,-3.0,-84.6875,360.0,1.8125,3.875,0.999268,-0.034058,-0.016174,0.0,-0.01,0.03,-0.41,0.31,-0.66,9.77,26
4.816881,0.3,-0.63,9.36,0.0,-0.1875,0.0625,5.5625,-3.0,-84.6875,360.0,1.8125,3.875,0.999268,-0.034058,-0.016174,0.0,-0.01,0.03,-0.44,0.31,-0.66,9.77,26
4.827043,0.3,-0.63,9.33,0.1875,0.0,0.0,5.1875,-4.5,-85.375,360.0,1.8125,3.875,0.999268,-0.034058,-0.016174,0.0,-0.01,0.02,-0.44,0.31,-0.66,9.77,26
4.837205,0.3,-0.64,9.33,0.0,-0.0625,0.0,5.1875,-4.5,-85.375,360.0,1.8125,3.875,0.999268,-0.034058,-0.016174,0.0,0.0,0.02,-0.44,0.31,-0.66,9.77,26
4.847368,0.32,-0.64,9.33,0.0,0.0,0.125,5.1875,-4.5,-85.375,360.0,1.8125,3.875,0.999268,-0.034058,-0.016174,0.0,-0.01,0.04,-0.46,0.31,-0.66,9.77,26
4.85753,0.3,-0.62,9.31,0.0,0.0625,0.0625,5.1875,-4.5,-85.375,360.0,1.8125,3.875,0.999268,-0.034058,-0.016174,0.0,-0.01,0.04,-0.42,0.31,-0.66,9.77,26
4.867692,0.3,-0.62,9.35,0.0,0.0625,0.0625,5.1875,-4.5,-85.375,360.0,1.8125,3.875,0.999268,-0.034058,-0.016174,0.0,0.0,0.03,-0.44,0.31,-0.66,9.77,26
4.877854,0.31,-0.63,9.33,-0.0625,0.1875,0.0,5.1875,-4.5,-85.375,360.0,1.8125,3.875,0.999268,-0.034058,-0.016174,0.0,0.0,0.03,-0.44,0.31,-0.66,9.77,26
4.888016,0.31,-0.63,9.33,0.0625,-0.0625,-0.0625,4.875,-4.0625,-85.0625,360.0,1.8125,3.875,0.999268,-0.034058,-0.016174,0.0,0.0,0.02,-0.43,0.31,-0.66,9.77,26
4.898179,0.31,-0.64,9.34,0.0,0.0625,-0.0625,4.875,-4.0625,-85.0625,360.0,1.8125,3.875,0.999268,-0.034058,-0.016174,0.0,-0.01,0.02,-0.46,0.31,-0.66,9.77,26
4.908341,0.3,-0.64,9.31,0.0625,-0.0625,0.125,4.875,-4.0625,-85.0625,360.0,1.8125,3.875,0.999268,-0.034058,-0.016174,0.0,-0.01,0.05,-0.44,0.31,-0.66,9.77,26
4.918503,0.3,-0.6,9.33,-0.0625,0.0,-0.0625,4.875,-4.0625,-85.0625,360.0,1.8125,3.875,0.999268,-0.034058,-0.016174,0.0,-0.01,0.01,-0.43,0.31,-0.66,9.77,26
4.928665,0.3,-0.65,9.34,0.0625,-0.0625,-0.0625,4.875,-4.0625,-85.0625,360.0,1.8125,3.875,0.999268,-0.034058,-0.016174,0.0,-0.02,0.04,-0.4,0.31,-0.66,9.77,26
4.938827,0.29,-0.62,9.37,0.0625,0.0,-0.0625,5.875,-4.875,-84.25,360.0,1.8125,3.875,0.999268,-0.034058,-0.016174,0.0,-0.02,0.03,-0.45,0.31,-0.66,9.77,26
4.94899,0.29,-0.63,9.32,0.0,-0.125,0.0,5.875,-4.875,-84.25,360.0,1.8125,3.875,0.999268,-0.034058,-0.016174,0.0,-0.03,0.02,-0.46,0.31,-0.66,9.77,26
4.959152,0.27,-0.64,9.31,-0.0625,-0.125,0.0625,5.875,-4.875,-84.25,360.0,1.8125,3.875,0.999268,-0.034058,-0.016174,0.0,-0.02,0.04,-0.39,0.31,-0.66,9.77,26
4.969314,0.28,-0.62,9.38,0.0,-0.0625,0.0,5.875,-4.875,-84.25,360.0,1.8125,3.875,0.999268,-0.034058,-0.016174,0.0,-0.02,0.02,-0.41,0.31,-0.66,9.77,26
4.979476,0.29,-0.64,9.36,0.0625,0.0625,0.125,5.875,-4.875,-84.25,360.0,1.8125,3.875,0.999268,-0.034058,-0.016174,0.0,-0.02,0.02,-0.41,0.31,-0.66,9.77,26
4.989638,0.3,-0.63,9.34,0.0625,0.0,0.0625,5.1875,-3.75,-84.25,360.0,1.8125,3.875,0.999268,-0.034058,-0.016174,0.0,-0.01,0.03,-0.41,0.31,-0.66,9.77,26
4.999801,0.3,-0.63,9.36,0.0,0.0,0.0625,5.1875,-3.75,-84.25,360.0,1.8125,3.875,0.999268,-0.034058,-0.016174,0.0,-0.02,0.03,-0.47,0.31,-0.66,9.77,26
5.009963,0.29,-0.63,9.29,0.0,0.125,0.0,5.1875,-3.75,-84.25,360.0,1.8125,3.875,0.999268,-0.034058,-0.016174,0.0,-0.02,0.02,-0.45,0.31,-0.66,9.77,26
5.020125,0.29,-0.64,9.32,-0.0625,0.0,0.0,5.1875,-3.75,-84.25,360.0,1.8125,3.875,0.999268,-0.034058,-0.016174,0.0,-0.01,0.04,-0.44,0.31,-0.66,9.77,26
5.030287,0.3,-0.62,9.33,-0.125,0.0,0.125,5.1875,-3.75,-84.25,360.0,1.8125,3.875,0.999268,-0.034058,-0.016174,0.0,-0.02,0.02,-0.42,0.31,-0.66,9.77,26
5.040449,0.29,-0.64,9.35,0.0,0.125,-0.0625,4.5,-4.0625,-85.0625,360.0,1.8125,3.875,0.999268,-0.034058,-0.016174,0.0,-0.01,0.01,-0.44,0.31,-0.66,9.77,26
5.050612,0.3,-0.65,9.33,0.0,0.1875,-0.0625,4.5,-4.0625,-85.0625,360.0,1.8125,3.875,0.999268,-0.034058,-0.016174,0.0,-0.02,0.04,-0.46,0.31,-0.66,9.77,26
5.060774,0.29,-0.62,9.31,0.0,0.1875,0.0625,4.5,-4.0625,-85.0625,360.0,1.8125,3.875,0.999268,-0.034058,-0.016174,0.0,0.0,0.03,-0.45,0.31,-0.66,9.77,26
5.070936,0.32,-0.63,9.32,0.0625,0.125,-0.0625,4.5,-4.0625,-85.0625,360.0,1.8125,3.875,0.999268,-0.034058,-0.016174,0.0,-0.01,0.02,-0.44,0.31,-0.66,9.77,26
5.081098,0.3,-0.64,9.33,0.0625,0.0,-0.0625,4.5,-4.0625,-85.0625,360.0,1.8125,3.875,0.999268,-0.034058,-0.016174,0.0,-0.01,0.02,-0.44,0.31,-0.66,9.77,26
5.09126,0.32,-0.65,9.38,0.125,0.0,0.0,2.5625,-3.75,-83.875,360.0,1.8125,3.875,0.999268,-0.034058,-0.016174,0.0,0.0,0.02,-0.41,0.31,-0.66,9.77,26
5.101423,0.31,-0.64,9.36,0.0,0.0,-0.0625,2.5625,-3.75,-83.875,360.0,1.8125,3.875,0.999268,-0.034058,-0.016174,0.0,-0.02,0.05,-0.46,0.31,-0.66,9.77,26
5.111585,0.29,-0.61,9.31,0.125,0.0,0.0,2.5625,-3.75,-83.875,360.0,1.8125,3.875,0.999268,-0.034058,-0.016174,0.0,-0.01,0.02,-0.44,0.31,-0.66,9.77,26
5.121747,0.3,-0.64,9.33,0.0625,0.0625,0.0,2.5625,-3.75,-83.875,360.0,1.8125,3.875,0.999268,-0.034058,-0.016174,0.0,-0.03,0.05,-0.43,0.31,-0.66,9.77,26
5.131909,0.28,-0.61,9.34,-0.0625,0.0,-0.0625,2.5625,-3.75,-83.875,360.0,1.8125,3.875,0.999268,-0.034058,-0.016174,0.0,-0.03,0.05,-0.43,0.31,-0.66,9.77,26
5.142071,0.28,-0.64,9.34,0.0,0.0625,0.0,6.25,-4.875,-84.25,360.0,1.8125,3.875,0.999268,-0.034058,-0.016174,0.0,-0.01,0.05,-0.41,0.31,-0.66,9.77,26
5.152233,0.3,-0.61,9.36,0.0,0.0625,0.0,6.25,-4.875,-84.25,360.0,1.8125,3.875,0.999268,-0.034058,-0.016174,0.0,-0.01,0.01,-0.44,0.31,-0.66,9.77,26
5.162396,0.3,-0.65,9.33,0.125,-0.25,0.0625,6.25,-4.875,-84.25,360.0,1.8125,3.875,0.999268,-0.034058,-0.016174,0.0,-0.01,0.02,-0.42,0.31,-0.66,9.77,26
5.172558,0.3,-0.64,9.35,0.0,0.0,0.0,6.25,-4.875,-84.25,360.0,1.8125,3.875,0.999268,-0.034058,-0.016174,0.0,-0.02,0.04,-0.44,0.31,-0.66,9.77,26
5.18272,0.29,-0.62,9.33,-0.125,0.0625,0.0,6.25,-4.875,-84.25,360.0,1.8125,3.875,0.999268,-0.034058,-0.016174,0.0,-0.02,0.04,-0.44,0.31,-0.66,9.77,26
5.192882,0.3,-0.64,9.34,0.0625,0.0,-0.0625,4.875,-4.0625,-84.25,360.0,1.8125,3.875,0.999268,-0.034058,-0.016174,0.0,0.0,0.03,-0.43,0.31,-0.66,9.77,26
5.203044,0.31,-0.63,9.34,0.0625,0.1875,-0.0625,4.875,-4.0625,-84.25,360.0,1.8125,3.875,0.999268,-0.034058,-0.016174,0.0,-0.01,0.03,-0.45,0.31,-0.66,9.77,26
5.213207,0.3,-0.63,9.32,0.0625,0.125,-0.0625,4.875,-4.0625,-84.25,360.0,1.8125,3.875,0.999268,-0.034058,-0.016174,0.0,-0.01,0.05,-0.44,0.31,-0.66,9.77,26
5.223369,0.3,-0.61,9.33,0.125,0.0,0.0,4.875,-4.0625,-84.25,360.0,1.8125,3.875,0.999268,-0.034058,-0.016174,0.0,-0.02,0.03,-0.42,0.31,-0.66,9.77,26
5.233531,0.29,-0.63,9.35,0.0,0.1875,0.0,4.875,-4.0625,-84.25,360.0,1.8125,3.875,0.999268,-0.034058,-0.016174,0.0,-0.02,0.03,-0.42,0.31,-0.66,9.77,26
5.243693,0.29,-0.66,9.35,-0.0625,0.0,0.0,4.5,-3.75,-85.375,360.0,1.8125,3.875,0.999268,-0.034058,-0.016174,0.0,-0.02,0.0,-0.44,0.31,-0.66,9.77,26
5.253855,0.29,-0.66,9.33,0.0625,-0.0625,-0.0625,4.5,-3.75,-85.375,360.0,1.8125,3.875,0.999268,-0.034058,-0.016174,0.0,0.0,0.06,-0.45,0.31,-0.66,9.77,26
5.264018,0.32,-0.6,9.32,0.0,-0.0625,0.0625,4.5,-3.75,-85.375,360.0,1.8125,3.875,0.999268,-0.034058,-0.016174,0.0,-0.01,0.04,-0.43,0.31,-0.66,9.77,26
5.27418,0.3,-0.62,9.34,-0.0625,0.0625,0.0,4.5,-3.75,-85.375,360.0,1.8125,3.875,0.999268,-0.034058,-0.016174,0.0,0.0,0.05,-0.42,0.31,-0.66,9.77,26
5.284342,0.31,-0.61,9.35,0.0625,0.0625,0.125,4.5,-3.75,-85.375,360.0,1.8125,3.875,0.999268,-0.034058,-0.016174,0.0,0.0,0.05,-0.42,0.31,-0.66,9.77,26
5.294504,0.31,-0.62,9.33,-0.125,0.0,0.0625,4.875,-3.75,-85.875,360.0,1.8125,3.875,0.999268,-0.034058,-0.016174,0.0,0.0,0.01,-0.39,0.31,-0.66,9.77,26
5.304666,0.31,-0.65,9.38,-0.125,0.0625,0.0625,4.875,-3.75,-85.875,360.0,1.8125,3.875,0.999268,-0.034058,-0.016174,0.0,0.0,0.01,-0.39,0.31,-0.66,9.77,26
5.314829,0.29,-0.66,9.35,0.0625,-0.0625,0.0,4.875,-3.75,-85.875,360.0,1.8125,3.875,0.999268,-0.034058,-0.016174,0.0,-0.02,0.0,-0.42,0.31,-0.66,9.77,26
5.324991,0.29,-0.63,9.36,0.1875,0.125,0.0,4.875,-3.75,-85.875,360.0,1.8125,3.875,0.999268,-0.034058,-0.016174,0.0,-0.02,0.03,-0.41,0.31,-0.66,9.77,26
5.335153,0.3,-0.63,9.34,0.0625,0.0625,0.0,4.875,-3.75,-85.875,360.0,1.8125,3.875,0.999268,-0.034058,-0.016174,0.0,-0.01,0.03,-0.43,0.31,-0.66,9.77,26
5.345315,0.31,-0.64,9.33,0.0,0.0,0.0625,5.5625,-4.0625,-84.6875,360.0,1.8125,3.875,0.999268,-0.034058,-0.016174,0.0,0.0,0.02,-0.44,0.31,-0.66,9.77,26
5.355477,0.31,-0.64,9.36,0.0,-0.1875,-0.0625,5.5625,-4.0625,-84.6875,360.0,1.8125,3.875,0.999268,-0.034058,-0.016174,0.0,0.0,0.02,-0.41,0.31,-0.66,9.77,26
5.36564,0.31,-0.63,9.33,0.125,0.0625,-0.0625,5.5625,-4.0625,-84.6875,360.0,1.8125,3.875,0.999268,-0.034058,-0.016174,0.0,0.0,0.03,-0.44,0.31,-0.66,9.77,26
5.375802,0.3,-0.65,9.35,0.0625,0.0625,0.0,5.5625,-4.0625,-84.6875,360.0,1.8125,3.875,0.999268,-0.034058,-0.016174,0.0,-0.01,0.01,-0.42,0.31,-0.66,9.77,26
5.385964,0.31,-0.63,9.35,0.125,-0.125,-0.0625,5.5625,-4.0625,-84.6875,360.0,1.8125,3.875,0.999268,-0.034058,-0.016174,0.0,0.0,0.03,-0.42,0.31,-0.66,9.77,26
5.396126,0.29,-0.64,9.31,0.0625,-0.1875,0.125,5.5625,-4.5,-85.0625,360.0,1.8125,3.875,0.999268,-0.034058,-0.016174,0.0,-0.02,0.02,-0.46,0.31,-0.66,9.77,26
5.406288,0.29,-0.64,9.34,0.125,0.0625,0.0625,5.5625,-4.5,-85.0625,360.0,1.8125,3.875,0.999268,-0.034058,-0.016174,0.0,-0.02,0.02,-0.43,0.31,-0.66,9.77,26
5.416451,0.3,-0.67,9.29,0.0625,-0.0625,0.0,5.5625,-4.5,-85.0625,360.0,1.8125,3.875,0.999268,-0.034058,-0.016174,0.0,-0.01,0.0,-0.47,0.31,-0.66,9.77,26
5.426613,0.29,-0.63,9.35,-0.0625,0.0625,0.0,5.5625,-4.5,-85.0625,360.0,1.8125,3.875,0.999268,-0.034058,-0.016174,0.0,-0.02,0.03,-0.42,0.31,-0.66,9.77,26
5.436775,0.3,-0.63,9.34,0.125,0.1875,0.0625,5.5625,-4.5,-85.0625,360.0,1.8125,3.875,0.999268,-0.034058,-0.016174,0.0,-0.01,0.03,-0.43,0.31,-0.66,9.77,26
5.446937,0.31,-0.61,9.34,0.125,0.0625,0.0,5.1875,-3.75,-84.6875,360.0,1.8125,3.875,0.999268,-0.034058,-0.016174,0.0,0.0,0.05,-0.43,0.31,-0.66,9.77,26
5.457099,0.3,-0.62,9.35,-0.0625,-0.1875,0.125,5.1875,-3.75,-84.6875,360.0,1.8125,3.875,0.999268,-0.034058,-0.016174,0.0,-0.01,0.04,-0.42,0.31,-0.66,9.77,26
5.467262,0.3,-0.65,9.34,0.125,-0.0625,-0.0625,5.1875,-3.75,-84.6875,360.0,1.8125,3.875,0.999268,-0.034058,-0.016174,0.0,-0.01,0.01,-0.43,0.31,-0.66,9.77,26
5.477424,0.3,-0.61,9.33,-0.0625,-0.125,0.0,5.1875,-3.75,-84.6875,360.0,1.8125,3.875,0.999268,-0.034058,-0.016174,0.0,-0.01,0.05,-0.44,0.31,-0.66,9.77,26
5.487586,0.28,-0.63,9.33,-0.0625,-0.1875,0.0,5.1875,-3.75,-84.6875,360.0,1.8125,3.875,0.999268,-0.034058,-0.016174,0.0,-0.02,0.03,-0.44,0.31,-0.66,9.77,26
5.497748,0.3,-0.63,9.36,0.0,-0.125,0.0,5.1875,-4.0625,-84.6875,360.0,1.8125,3.875,0.999268,-0.034058,-0.016174,0.0,-0.01,0.03,-0.41,0.31,-0.66,9.77,26
5.50791,0.28,-0.64,9.31,-0.0625,-0.125,0.0625,5.1875,-4.0625,-84.6875,360.0,1.8125,3.875,0.999268,-0.034058,-0.016174,0.0,-0.02,0.02,-0.46,0.31,-0.66,9.77,26
5.518073,0.3,-0.63,9.31,0.0625,0.0,-0.125,5.1875,-4.0625,-84.6875,360.0,1.8125,3.875,0.999268,-0.034058,-0.016174,0.0,-0.01,0.03,-0.46,0.31,-0.66,9.77,26
5.528235,0.3,-0.64,9.31,0.0,0.0625,0.0,5.1875,-4.0625,-84.6875,360.0,1.8125,3.875,0.999268,-0.034058,-0.016174,0.0,-0.01,0.02,-0.46,0.31,-0.66,9.77,26
5.538397,0.3,-0.62,9.36,-0.0625,0.125,0.0,5.1875,-4.0625,-84.6875,360.0,1.8125,3.875,0.999268,-0.034058,-0.016174,0.0,-0.01,0.04,-0.41,0.31,-0.66,9.77,26
5.548559,0.3,-0.61,9.35,0.1875,0.0625,0.0,4.0625,-4.5,-85.0625,360.0,1.8125,3.875,0.999268,-0.034058,-0.016174,0.0,-0.01,0.05,-0.42,0.31,-0.66,9.77,26
5.558721,0.28,-0.63,9.35,0.125,-0.125,-0.0625,4.0625,-4.5,-85.0625,360.0,1.8125,3.875,0.999268,-0.034058,-0.016174,0.0,-0.03,0.03,-0.42,0.31,-0.66,9.77,26
5.568884,0.31,-0.64,9.36,0.125,0.125,-0.0625,4.0625,-4.5,-85.0625,360.0,1.8125,3.875,0.999268,-0.034058,-0.016174,0.0,0.0,0.02,-0.41,0.31,-0.66,9.77,26
5.579046,0.3,-0.63,9.32,0.0,0.125,-0.1875,4.0625,-4.5,-85.0625,360.0,1.8125,3.875,0.999268,-0.034058,-0.016174,0.0,-0.01,0.03,-0.45,0.31,-0.66,9.77,26
5.589208,0.32,-0.64,9.35,0.1875,0.0,0.0,4.0625,-4.5,-85.0625,360.0,1.8125,3.875,0.999268,-0.034058,-0.016174,0.0,0.0,0.02,-0.42,0.31,-0.66,9.77,26
5.59937,0.28,-0.63,9.34,0.0,-0.125,-0.0625,4.875,-4.5,-84.6875,360.0,1.8125,3.875,0.999268,-0.034058,-0.016174,0.0,-0.02,0.03,-0.43,0.31,-0.66,9.77,26
5.609532,0.3,-0.64,9.31,0.0625,-0.0625,0.125,4.875,-4.5,-84.6875,360.0,1.8125,3.875,0.999268,-0.034058,-0.016174,0.0,-0.01,0.02,-0.46,0.31,-0.66,9.77,26
5.619695,0.29,-0.63,9.32,-0.0625,0.125,0.0,4.875,-4.5,-84.6875,360.0,1.8125,3.875,0.999268,-0.034058,-0.016174,0.0,-0.02,0.03,-0.45,0.31,-0.66,9.77,26
5.629857,0.29,-0.63,9.32,-0.0625,0.125,-0.0625,4.875,-4.5,-84.6875,360.0,1.8125,3.875,0.999268,-0.034058,-0.016174,0.0,-0.02,0.02,-0.43,0.31,-0.66,9.77,26
5.640019,0.29,-0.64,9.34,0.0625,0.0625,-0.0625,4.875,-4.5,-84.6875,360.0,1.8125,3.875,0.999268,-0.034058,-0.016174,0.0,0.01,0.04,-0.44,0.31,-0.66,9.77,26
5.650181,0.33,-0.62,9.33,0.0625,0.25,0.0625,5.5625,-3.375,-84.25,360.0,1.8125,3.875,0.999268,-0.034058,-0.016174,0.0,0.0,0.03,-0.41,0.31,-0.66,9.77,26
5.660343,0.31,-0.63,9.36,0.0625,0.0625,0.0625,5.5625,-3.375,-84.25,360.0,1.8125,3.875,0.999268,-0.034058,-0.016174,0.0,-0.01,0.01,-0.43,0.31,-0.66,9.77,26
5.670506,0.3,-0.65,9.34,-0.125,0.125,-0.0625,5.5625,-3.375,-84.25,360.0,1.8125,3.875,0.999268,-0.034058,-0.016174,0.0,0.0,0.06,-0.44,0.31,-0.66,9.77,26
5.680668,0.31,-0.59,9.33,0.0,0.1875,-0.0625,5.5625,-3.375,-84.25,360.0,1.8125,3.875,0.999268,-0.034058,-0.016174,0.0,-0.02,0.03,-0.43,0.31,-0.66,9.77,26
5.69083,0.29,-0.63,9.34,0.0,0.125,0.0,5.5625,-3.375,-84.25,360.0,1.8125,3.875,0.999268,-0.034058,-0.016174,0.0,0.0,0.0,-0.47,0.31,-0.66,9.77,26
5.700992,0.31,-0.66,9.29,-0.0625,0.125,0.0625,4.5,-4.0625,-83.875,360.0,1.8125,3.875,0.999268,-0.034058,-0.016174,0.0,-0.01,0.02,-0.36,0.31,-0.66,9.77,26
5.711154,0.3,-0.64,9.4,0.0625,-0.0625,-0.0625,4.5,-4.0625,-83.875,360.0,1.8125,3.875,0.999268,-0.034058,-0.016174,0.0,-0.01,0.01,-0.4,0.31,-0.66,9.77,26
5.721316,0.3,-0.65,9.37,0.0,0.1875,-0.0625,4.5,-4.0625,-83.875,360.0,1.8125,3.875,0.999268,-0.034058,-0.016174,0.0,-0.03,0.04,-0.54,0.31,-0.66,9.77,26
5.731479,0.28,-0.62,9.23,0.0,0.0,0.0,4.5,-4.0625,-83.875,360.0,1.8125,3.875,0.999268,-0.034058,-0.016174,0.0,-0.02,0.04,-0.45,0.31,-0.66,9.77,26
5.741641,0.29,-0.62,9.32,-0.0625,0.1875,0.0625,4.5,-4.0625,-83.875,360.0,1.8125,3.875,0.999268,-0.034058,-0.016174,0.0,-0.01,0.0,-0.48,0.31,-0.66,9.77,26
5.751803,0.3,-0.66,9.28,0.0625,0.0625,-0.0625,5.5625,-3.0,-84.25,360.0,1.8125,3.875,0.999268,-0.034058,-0.016174,0.0,0.0,0.03,-0.37,0.31,-0.66,9.77,26
5.761965,0.31,-0.63,9.4,0.0,0.125,-0.0625,5.5625,-3.0,-84.25,360.0,1.8125,3.875,0.999268,-0.034058,-0.016174,0.0,-0.02,0.04,-0.43,0.31,-0.66,9.77,26
5.772127,0.28,-0.62,9.34,0.0625,0.0,-0.0625,5.5625,-3.0,-84.25,360.0,1.8125,3.875,0.999268,-0.034058,-0.016174,0.0,-0.02,0.01,-0.46,0.31,-0.66,9.77,26
5.78229,0.29,-0.65,9.31,0.125,-0.125,0.0,5.5625,-3.0,-84.25,360.0,1.8125,3.875,0.999268,-0.034058,-0.016174,0.0,0.0,0.04,-0.42,0.31,-0.66,9.77,26
5.792452,0.31,-0.62,9.35,0.0,-0.0625,0.125,5.5625,-3.0,-84.25,360.0,1.8125,3.875,0.999268,-0.034058,-0.016174,0.0,-0.01,0.05,-0.45,0.31,-0.66,9.77,26
5.802614,0.3,-0.61,9.32,0.0,-0.0625,0.125,4.875,-4.875,-84.6875,360.0,1.8125,3.875,0.999268,-0.034058,-0.016174,0.0,-0.01,0.03,-0.44,0.31,-0.66,9.77,26
5.812776,0.3,-0.63,9.33,0.0625,0.0,0.0,4.875,-4.875,-84.6875,360.0,1.8125,3.875,0.999268,-0.034058,-0.016174,0.0,-0.01,0.03,-0.45,0.31,-0.66,9.77,26
5.822938,0.3,-0.63,9.32,0.1875,0.0625,0.0625,4.875,-4.875,-84.6875,360.0,1.8125,3.875,0.999268,-0.034058,-0.016174,0.0,0.0,0.03,-0.45,0.31,-0.66,9.77,26
5.833101,0.31,-0.63,9.32,0.125,0.0,0.0,4.875,-4.875,-84.6875,360.0,1.8125,3.875,0.999268,-0.034058,-0.016174,0.0,0.0,0.03,-0.4,0.31,-0.66,9.77,26
5.843263,0.31,-0.63,9.37,0.0,-0.0625,0.125,4.875,-4.875,-84.6875,360.0,1.8125,3.875,0.999268,-0.034058,-0.016174,0.0,0.0,0.03,-0.47,0.31,-0.66,9.77,26
5.853425,0.31,-0.63,9.29,0.0625,0.0625,-0.0625,3.75,-4.875,-83.875,360.0,1.8125,3.875,0.999268,-0.034058,-0.016174,0.0,-0.01,0.0,-0.42,0.31,-0.66,9.77,26
5.863587,0.3,-0.66,9.35,0.0,0.125,-0.0625,3.75,-4.875,-83.875,360.0,1.8125,3.875,0.999268,-0.034058,-0.016174,0.0,-0.02,0.01,-0.42,0.31,-0.66,9.77,26
5.873749,0.29,-0.65,9.35,-0.0625,-0.0625,-0.125,3.75,-4.875,-83.875,360.0,1.8125,3.875,0.999268,-0.034058,-0.016174,0.0,-0.02,0.03,-0.44,0.31,-0.66,9.77,26
5.883912,0.29,-0.63,9.33,-0.125,0.125,0.0,3.75,-4.875,-83.875,360.0,1.8125,3.875,0.999268,-0.034058,-0.016174,0.0,-0.02,0.02,-0.4,0.31,-0.66,9.77,26
5.894074,0.29,-0.64,9.37,-0.0625,0.0,0.0,3.75,-4.875,-83.875,360.0,1.8125,3.875,0.999268,-0.034058,-0.016174,0.0,-0.01,0.03,-0.44,0.31,-0.66,9.77,26
5.904236,0.3,-0.63,9.33,0.0,0.1875,-0.0625,3.75,-4.875,-83.875,360.0,1.8125,3.875,0.999268,-0.034058,-0.016174,0.0,-0.01,0.03,-0.44,0.31,-0.66,9.77,26
5.914398,0.32,-0.64,9.36,-0.0625,0.0625,0.0625,5.5625,-4.0625,-84.25,360.0,1.8125,3.875,0.999268,-0.034058,-0.016174,0.0,-0.02,0.03,-0.44,0.31,-0.66,9.77,26
5.92456,0.29,-0.63,9.33,0.0625,0.125,0.0625,5.5625,-4.0625,-84.25,360.0,1.8125,3.875,0.999268,-0.034058,-0.016174,0.0,0.02,0.0,-0.43,0.31,-0.66,9.77,26
5.934723,0.33,-0.66,9.34,0.0,0.0,0.0625,5.5625,-4.0625,-84.25,360.0,1.8125,3.875,0.999268,-0.034058,-0.016174,0.0,-0.01,0.03,-0.45,0.31,-0.66,9.77,26
5.944885,0.3,-0.63,9.32,0.0625,0.0,0.0,5.5625,-4.0625,-84.25,360.0,1.8125,3.875,0.999268,-0.034058,-0.016174,0.0,-0.01,0.02,-0.41,0.31,-0.66,9.77,26
5.955047,0.3,-0.64,9.36,-0.0625,0.125,-0.0625,5.5625,-4.0625,-84.25,360.0,1.8125,3.875,0.999268,-0.034058,-0.016174,0.0,0.0,0.03,-0.42,0.31,-0.66,9.77,26
5.965209,0.31,-0.63,9.35,0.0,0.125,-0.0625,6.25,-3.375,-84.75,360.0,1.8125,3.875,0.999268,-0.034058,-0.016174,0.0,-0.01,0.04,-0.42,0.31,-0.66,9.77,26
5.975371,0.3,-0.62,9.35,0.0,-0.1875,0.0625,6.25,-3.375,-84.75,360.0,1.8125,3.875,0.999268,-0.034058,-0.016174,0.0,-0.01,0.03,-0.43,0.31,-0.66,9.77,26
5.985534,0.3,-0.63,9.34,0.125,0.1875,0.0625,6.25,-3.375,-84.75,360.0,1.8125,3.875,0.999268,-0.034058,-0.016174,0.0,-0.02,0.03,-0.43,0.31,-0.66,9.77,26
5.995696,0.29,-0.63,9.34,-0.0625,0.0,-0.0625,6.25,-3.375,-84.75,360.0,1.8125,3.875,0.999268,-0.034058,-0.016174,0.0,-0.03,0.02,-0.41,0.31,-0.66,9.77,26
6.005858,0.28,-0.64,9.36,0.0625,-0.0625,0.0,6.25,-3.375,-84.75,360.0,1.8125,3.875,0.999268,-0.034058,-0.016174,0.0,-0.03,0.02,-0.41,0.31,-0.66,9.77,26
6.01602,0.3,-0.63,9.32,0.0625,-0.125,-0.0625,4.0625,-4.0625,-85.0625,360.0,1.8125,3.875,0.999268,-0.034058,-0.016174,0.0,-0.01,0.02,-0.42,0.31,-0.66,9.77,26
6.026182,0.3,-0.64,9.35,-0.125,0.0,-0.0625,4.0625,-4.0625,-85.0625,360.0,1.8125,3.875,0.999268,-0.034058,-0.016174,0.0,0.0,0.04,-0.46,0.31,-0.66,9.77,26
6.036345,0.31,-0.62,9.31,0.0,-0.0625,0.0625,4.0625,-4.0625,-85.0625,360.0,1.8125,3.875,0.999268,-0.034058,-0.016174,0.0,-0.01,0.03,-0.46,0.31,-0.66,9.77,26
6.046507,0.3,-0.63,9.31,-0.0625,-0.125,-0.0625,4.0625,-4.0625,-85.0625,360.0,1.8125,3.875,0.999268,-0.034058,-0.016174,0.0,-0.02,0.02,-0.41,0.31,-0.66,9.77,26
6.056669,0.29,-0.64,9.36,0.0,0.0,0.0625,4.0625,-4.0625,-85.0625,360.0,1.8125,3.875,0.999268,-0.034058,-0.016174,0.0,-0.02,0.02,-0.41,0.31,-0.66,9.77,26
6.066831,0.29,-0.63,9.35,0.0625,0.0625,0.0625,5.875,-3.375,-84.75,360.0,1.8125,3.875,0.999268,-0.034058,-0.016174,0.0,0.0,0.03,-0.41,0.31,-0.66,9.77,27
6.076993,0.31,-0.63,9.36,0.0,0.0625,-0.0625,5.875,-3.375,-84.75,360.0,1.8125,3.875,0.999268,-0.034058,-0.016174,0.0,-0.01,0.03,-0.48,0.31,-0.66,9.77,27
6.087156,0.3,-0.63,9.29,0.0625,0.0625,-0.0625,5.875,-3.375,-84.75,360.0,1.8125,3.875,0.999268,-0.034058,-0.016174,0.0,-0.01,0.03,-0.43,0.31,-0.66,9.77,27
6.097318,0.3,-0.63,9.34,0.0,0.0,0.0,5.875,-3.375,-84.75,360.0,1.8125,3.875,0.999268,-0.034058,-0.016174,0.0,0.0,0.03,-0.41,0.31,-0.66,9.77,27
6.10748,0.31,-0.63,9.36,0.0625,-0.0625,-0.0625,5.875,-3.375,-84.75,360.0,1.8125,3.875,0.999268,-0.034058,-0.016174,0.0,0.0,0.03,-0.41,0.31,-0.66,9.77,27
6.117642,0.3,-0.63,9.34,-0.0625,0.0,0.0625,2.25,-4.5,-84.25,360.0,1.8125,3.875,0.999268,-0.034058,-0.016174,0.0,0.0,0.05,-0.43,0.31,-0.66,9.77,27
6.127804,0.31,-0.61,9.34,0.125,-0.1875,0.0625,2.25,-4.5,-84.25,360.0,1.8125,3.875,0.999268,-0.034058,-0.016174,0.0,-0.01,0.01,-0.45,0.31,-0.66,9.77,27
6.137967,0.3,-0.65,9.32,0.0,0.0,0.0,2.25,-4.5,-84.25,360.0,1.8125,3.875,0.999268,-0.034058,-0.016174,0.0,-0.01,0.02,-0.44,0.31,-0.66,9.77,27
6.148129,0.3,-0.64,9.33,0.0625,-0.125,0.0,2.25,-4.5,-84.25,360.0,1.8125,3.875,0.999268,-0.034058,-0.016174,0.0,-0.02,0.03,-0.44,0.31,-0.66,9.77,27
6.158291,0.28,-0.63,9.33,0.0,-0.125,0.0625,2.25,-4.5,-84.25,360.0,1.8125,3.875,0.999268,-0.034058,-0.016174,0.0,-0.02,0.03,-0.44,0.31,-0.66,9.77,27
6.168453,0.3,-0.65,9.31,0.0,0.0625,0.0,2.5625,-3.375,-83.875,360.0,1.8125,3.875,0.999268,-0.034058,-0.016174,0.0,-0.01,0.04,-0.42,0.31,-0.66,9.77,27
6.178615,0.3,-0.62,9.35,0.125,0.125,0.0,2.5625,-3.375,-83.875,360.0,1.8125,3.875,0.999268,-0.034058,-0.016174,0.0,-0.01,0.01,-0.47,0.31,-0.66,9.77,27
6.188778,0.3,-0.65,9.3,0.0,0.0625,0.0,2.5625,-3.375,-83.875,360.0,1.8125,3.875,0.999268,-0.034058,-0.016174,0.0,-0.01,0.01,-0.47,0.31,-0.66,9.77,27
6.19894,0.29,-0.63,9.35,-0.125,0.125,0.1875,2.5625,-3.375,-83.875,360.0,1.8125,3.875,0.999268,-0.034058,-0.016174,0.0,-0.02,0.03,-0.42,0.31,-0.66,9.77,27
6.209102,0.29,-0.63,9.36,-0.0625,0.0625,-0.1875,2.5625,-3.375,-83.875,360.0,1.8125,3.875,0.999268,-0.034058,-0.016174,0.0,-0.02,0.03,-0.41,0.31,-0.66,9.77,27
6.219264,0.29,-0.64,9.38,-0.0625,-0.1875,0.0,5.1875,-4.5,-84.25,360.0,1.8125,3.875,0.999268,-0.034058,-0.016174,0.0,-0.02,0.02,-0.39,0.31,-0.66,9.77,27
6.229426,0.3,-0.62,9.33,0.125,0.0,-0.125,5.1875,-4.5,-84.25,360.0,1.8125,3.875,0.999268,-0.034058,-0.016174,0.0,-0.01,0.04,-0.44,0.31,-0.66,9.77,27
6.239588,0.3,-0.62,9.37,0.0625,0.1875,0.0,5.1875,-4.5,-84.25,360.0,1.8125,3.875,0.999268,-0.034058,-0.016174,0.0,-0.01,0.04,-0.4,0.31,-0.66,9.77,27
6.249751,0.28,-0.63,9.29,-0.0625,0.0625,0.0,5.1875,-4.5,-84.25,360.0,1.8125,3.875,0.999268,-0.034058,-0.016174,0.0,-0.03,0.03,-0.47,0.31,-0.66,9.77,27
6.259913,0.31,-0.65,9.35,0.125,0.0,-0.125,5.1875,-4.5,-84.25,360.0,1.8125,3.875,0.999268,-0.034058,-0.016174,0.0,0.0,0.01,-0.42,0.31,-0.66,9.77,27
6.270075,0.29,-0.63,9.37,0.0625,0.0625,0.0625,4.875,-3.75,-85.875,360.0,1.8125,3.875,0.999268,-0.034058,-0.016174,0.0,-0.02,0.03,-0.4,0.31,-0.66,9.77,27
6.280237,0.29,-0.64,9.34,0.0625,-0.0625,-0.125,4.875,-3.75,-85.875,360.0,1.8125,3.875,0.999268,-0.034058,-0.016174,0.0,-0.02,0.02,-0.43,0.31,-0.66,9.77,27
6.290399,0.31,-0.64,9.34,0.0625,0.0625,0.0,4.875,-3.75,-85.875,360.0,1.8125,3.875,0.999268,-0.034058,-0.016174,0.0,0.0,0.02,-0.43,0.31,-0.66,9.77,27
6.300562,0.3,-0.61,9.32,0.0625,-0.0625,0.0625,4.875,-3.75,-85.875,360.0,1.8125,3.875,0.999268,-0.034058,-0.016174,0.0,-0.01,0.05,-0.45,0.31,-0.66,9.77,27
6.310724,0.3,-0.62,9.34,0.0,0.0625,-0.0625,4.875,-3.75,-85.875,360.0,1.8125,3.875,0.999268,-0.034058,-0.016174,0.0,-0.01,0.04,-0.43,0.31,-0.66,9.77,27
6.320886,0.29,-0.63,9.31,0.0625,-0.125,0.0,5.1875,-4.5,-84.25,360.0,1.8125,3.875,0.999268,-0.034058,-0.016174,0.0,-0.02,0.03,-0.46,0.31,-0.66,9.77,27
6.331048,0.3,-0.63,9.35,0.0625,0.0,0.0625,5.1875,-4.5,-84.25,360.0,1.8125,3.875,0.999268,-0.034058,-0.016174,0.0,-0.01,0.03,-0.42,0.31,-0.66,9.77,27
6.34121,0.33,-0.65,9.36,0.0625,0.0625,-0.0625,5.1875,-4.5,-84.25,360.0,1.8125,3.875,0.999268,-0.034058,-0.016174,0.0,0.01,0.01,-0.41,0.31,-0.66,9.77,27
6.351373,0.33,-0.65,9.29,-0.0625,0.0625,0.0625,5.1875,-4.5,-84.25,360.0,1.8125,3.875,0.999268,-0.034058,-0.016174,0.0,0.01,0.01,-0.48,0.31,-0.66,9.77,27
6.361535,0.32,-0.61,9.36,0.0,0.0625,0.0,5.1875,-4.5,-84.25,360.0,1.8125,3.875,0.999268,-0.034058,-0.016174,0.0,0.0,0.05,-0.41,0.31,-0.66,9.77,27
6.371697,0.29,-0.59,9.31,-0.0625,0.0625,-0.0625,5.1875,-4.875,-84.75,360.0,1.8125,3.875,0.999268,-0.034058,-0.016174,0.0,-0.02,0.07,-0.46,0.31,-0.66,9.77,27
6.381859,0.28,-0.62,9.37,0.0,-0.0625,-0.0625,5.1875,-4.875,-84.75,360.0,1.8125,3.875,0.999268,-0.034058,-0.016174,0.0,-0.03,0.04,-0.4,0.31,-0.66,9.77,27
6.392021,0.27,-0.64,9.33,0.0625,0.0,0.0,5.1875,-4.875,-84.75,360.0,1.8125,3.875,0.999268,-0.034058,-0.016174,0.0,-0.04,0.02,-0.44,0.31,-0.66,9.77,27
6.402184,0.33,-0.65,9.33,0.0,0.1875,-0.125,5.1875,-4.875,-84.75,360.0,1.8125,3.875,0.999268,-0.034058,-0.016174,0.0,0.02,0.01,-0.44,0.31,-0.66,9.77,27
6.412346,0.32,-0.66,9.35,0.0,0.125,0.0625,5.1875,-4.875,-84.75,360.0,1.8125,3.875,0.999268,-0.034058,-0.016174,0.0,0.0,0.0,-0.42,0.31,-0.66,9.77,27
6.422508,0.3,-0.64,9.34,-0.0625,0.0,-0.0625,5.1875,-4.0625,-84.25,360.0,1.8125,3.875,0.999268,-0.034058,-0.016174,0.0,-0.01,0.02,-0.43,0.31,-0.66,9.77,27
6.43267,0.29,-0.62,9.37,0.0,-0.1875,0.0,5.1875,-4.0625,-84.25,360.0,1.8125,3.875,0.999268,-0.034058,-0.016174,0.0,-0.02,0.04,-0.4,0.31,-0.66,9.77,27
6.442832,0.25,-0.64,9.3,0.0,-0.0625,-0.0625,5.1875,-4.0625,-84.25,360.0,1.8125,3.875,0.999268,-0.034058,-0.016174,0.0,-0.05,0.02,-0.47,0.31,-0.66,9.77,27
6.452995,0.29,-0.65,9.34,-0.0625,0.125,0.0625,5.1875,-4.0625,-84.25,360.0,1.8125,3.875,0.999268,-0.034058,-0.016174,0.0,-0.02,0.01,-0.43,0.31,-0.66,9.77,27
6.463157,0.3,-0.65,9.33,0.0,0.0,0.0625,5.1875,-4.0625,-84.25,360.0,1.8125,3.875,0.999268,-0.034058,-0.016174,0.0,-0.01,0.01,-0.44,0.31,-0.66,9.77,27
6.473319,0.31,-0.6,9.36,0.0625,-0.1875,0.0,5.1875,-4.0625,-83.0625,360.0,1.8125,3.875,0.999268,-0.034058,-0.016174,0.0,0.0,0.05,-0.41,0.31,-0.66,9.77,27
6.483481,0.31,-0.64,9.35,0.0625,0.0625,-0.0625,5.1875,-4.0625,-83.0625,360.0,1.8125,3.875,0.999268,-0.034058,-0.016174,0.0,0.0,0.02,-0.42,0.31,-0.66,9.77,27
6.493643,0.3,-0.63,9.31,0.1875,0.0,0.0625,5.1875,-4.0625,-83.0625,360.0,1.8125,3.875,0.999268,-0.034058,-0.016174,0.0,-0.01,0.03,-0.46,0.31,-0.66,9.77,27
6.503806,0.3,-0.63,9.35,0.0625,0.0,0.0,5.1875,-4.0625,-83.0625,360.0,1.8125,3.875,0.999268,-0.034058,-0.016174,0.0,-0.01,0.03,-0.42,0.31,-0.66,9.77,27
6.513968,0.29,-0.61,9.35,0.0,-0.125,0.0,5.1875,-4.0625,-83.0625,360.0,1.8125,3.875,0.999268,-0.034058,-0.016174,0.0,-0.02,0.05,-0.42,0.31,-0.66,9.77,27
6.52413,0.29,-0.64,9.38,0.0625,-0.1875,0.0625,5.5625,-3.375,-85.5,360.0,1.8125,3.875,0.999268,-0.034058,-0.016174,0.0,-0.02,0.02,-0.39,0.31,-0.66,9.77,27
6.534292,0.29,-0.64,9.38,0.0625,-0.125,0.0625,5.5625,-3.375,-85.5,360.0,1.8125,3.875,0.999268,-0.034058,-0.016174,0.0,0.0,0.03,-0.41,0.31,-0.66,9.77,27
6.544454,0.31,-0.63,9.36,0.0625,0.0,-0.125,5.5625,-3.375,-85.5,360.0,1.8125,3.875,0.999268,-0.034058,-0.016174,0.0,0.0,0.02,-0.43,0.31,-0.66,9.77,27
6.554617,0.32,-0.64,9.34,0.0625,0.1875,-0.0625,5.5625,-3.375,-85.5,360.0,1.8125,3.875,0.999268,-0.034058,-0.016174,0.0,0.0,0.0,-0.42,0.31,-0.66,9.77,27
6.564779,0.32,-0.66,9.35,-0.125,0.0,0.0,5.5625,-3.375,-85.5,360.0,1.8125,3.875,0.999268,-0.034058,-0.016174,0.0,0.0,0.02,-0.41,0.31,-0.66,9.77,27
6.574941,0.32,-0.64,9.36,0.0625,0.0,-0.0625,5.1875,-4.0625,-84.25,360.0,1.8125,3.875,0.999268,-0.034058,-0.016174,0.0,-0.01,0.01,-0.39,0.31,-0.66,9.77,27
6.585103,0.3,-0.65,9.38,-0.125,0.0,0.0625,5.1875,-4.0625,-84.25,360.0,1.8125,3.875,0.999268,-0.034058,-0.016174,0.0,-0.02,0.04,-0.41,0.31,-0.66,9.77,27
6.595265,0.28,-0.62,9.36,-0.0625,0.1875,0.0625,5.1875,-4.0625,-84.25,360.0,1.8125,3.875,0.999268,-0.034058,-0.016174,0.0,-0.04,0.03,-0.43,0.31,-0.66,9.77,27
6.605428,0.27,-0.63,9.34,0.125,-0.0625,-0.0625,5.1875,-4.0625,-84.25,360.0,1.8125,3.875,0.999268,-0.034058,-0.016174,0.0,-0.01,0.03,-0.42,0.31,-0.66,9.77,27
6.61559,0.3,-0.63,9.35,0.0,0.1875,-0.125,5.1875,-4.0625,-84.25,360.0,1.8125,3.875,0.999268,-0.034058,-0.016174,0.0,0.0,0.01,-0.45,0.31,-0.66,9.77,27
6.625752,0.31,-0.65,9.32,0.0,0.0,0.125,5.875,-5.1875,-84.75,360.0,1.8125,3.875,0.999268,-0.034058,-0.016174,0.0,-0.02,0.03,-0.44,0.31,-0.66,9.77,27
6.635914,0.29,-0.63,9.33,0.0,-0.0625,-0.0625,5.875,-5.1875,-84.75,360.0,1.8125,3.875,0.999268,-0.034058,-0.016174,0.0,-0.01,0.02,-0.44,0.31,-0.66,9.77,27
6.646076,0.3,-0.64,9.33,0.0625,0.0,0.0625,5.875,-5.1875,-84.75,360.0,1.8125,3.875,0.999268,-0.034058,-0.016174,0.0,-0.01,0.04,-0.46,0.31,-0.66,9.77,27
6.656239,0.3,-0.62,9.31,-0.0625,0.1875,-0.125,5.875,-5.1875,-84.75,360.0,1.8125,3.875,0.999268,-0.034058,-0.016174,0.0,-0.02,0.02,-0.43,0.31,-0.66,9.77,27
6.666401,0.29,-0.64,9.34,0.0625,-0.0625,0.0,5.875,-5.1875,-84.75,360.0,1.8125,3.875,0.999268,-0.034058,-0.016174,0.0,-0.01,0.04,-0.43,0.31,-0.66,9.77,27
6.676563,0.3,-0.62,9.34,0.0625,0.0,-0.0625,3.75,-4.5,-83.5625,360.0,1.8125,3.875,0.999268,-0.034058,-0.016174,0.0,-0.01,0.02,-0.44,0.31,-0.66,9.77,27
6.686725,0.3,-0.64,9.33,0.0,0.0625,0.0,3.75,-4.5,-83.5625,360.0,1.8125,3.875,0.999268,-0.034058,-0.016174,0.0,-0.01,0.02,-0.41,0.31,-0.66,9.77,27
6.696887,0.3,-0.64,9.36,0.0,0.0625,0.0,3.75,-4.5,-83.5625,360.0,1.8125,3.875,0.999268,-0.034058,-0.016174,0.0,0.0,0.0,-0.46,0.31,-0.66,9.77,27
6.70705,0.31,-0.66,9.31,0.0625,0.0,0.0625,3.75,-4.5,-83.5625,360.0,1.8125,3.875,0.999268,-0.034058,-0.016174,0.0,0.0,0.03,-0.44,0.31,-0.66,9.77,27
6.717212,0.31,-0.63,9.33,-0.0625,-0.0625,0.0,3.75,-4.5,-83.5625,360.0,1.8125,3.875,0.999268,-0.034058,-0.016174,0.0,-0.01,0.03,-0.44,0.31,-0.66,9.77,27
6.727374,0.3,-0.63,9.33,-0.0625,-0.0625,0.1875,3.75,-4.5,-83.5625,360.0,1.8125,3.875,0.999268,-0.034058,-0.016174,0.0,-0.03,0.03,-0.42,0.31,-0.66,9.77,27
6.737536,0.28,-0.63,9.35,0.0625,0.0625,0.0625,4.5,-4.875,-84.25,360.0,1.8125,3.875,0.999268,-0.034058,-0.016174,0.0,-0.02,0.05,-0.44,0.31,-0.66,9.77,27
6.747698,0.28,-0.61,9.33,0.0,0.125,0.0625,4.5,-4.875,-84.25,360.0,1.8125,3.875,0.999268,-0.034058,-0.016174,0.0,-0.01,0.02,-0.45,0.31,-0.66,9.77,27
6.757861,0.3,-0.64,9.32,-0.0625,0.125,0.0,4.5,-4.875,-84.25,360.0,1.8125,3.875,0.999268,-0.034058,-0.016174,0.0,-0.02,0.03,-0.46,0.31,-0.66,9.77,27
6.768023,0.29,-0.63,9.31,0.0,0.125,0.0,4.5,-4.875,-84.25,360.0,1.8125,3.875,0.999268,-0.034058,-0.016174,0.0,-0.01,0.02,-0.45,0.31,-0.66,9.77,27
6.778185,0.3,-0.64,9.32,0.0625,-0.0625,0.0,4.5,-4.875,-84.25,360.0,1.8125,3.875,0.999268,-0.034058,-0.016174,0.0,-0.01,0.03,-0.44,0.31,-0.66,9.77,27
6.788347,0.3,-0.63,9.33,0.0,0.0625,-0.125,5.5625,-3.375,-84.25,360.0,1.8125,3.875,0.999268,-0.034058,-0.016174,0.0,-0.01,0.0,-0.44,0.31,-0.66,9.77,27
6.798509,0.3,-0.66,9.33,0.0625,-0.125,0.0,5.5625,-3.375,-84.25,360.0,1.8125,3.875,0.999268,-0.034058,-0.016174,0.0,-0.01,0.03,-0.45,0.31,-0.66,9.77,27
6.808671,0.3,-0.63,9.32,-0.0625,0.1875,0.0,5.5625,-3.375,-84.25,360.0,1.8125,3.875,0.999268,-0.034058,-0.016174,0.0,0.0,0.02,-0.41,0.31,-0.66,9.77,27
6.818834,0.31,-0.64,9.36,0.0625,-0.0625,-0.0625,5.5625,-3.375,-84.25,360.0,1.8125,3.875,0.999268,-0.034058,-0.016174,0.0,-0.02,0.02,-0.44,0.31,-0.66,9.77,27
6.828996,0.29,-0.64,9.33,0.0,-0.125,-0.0625,5.5625,-3.375,-84.25,360.0,1.8125,3.875,0.999268,-0.034058,-0.016174,0.0,-0.02,0.02,-0.44,0.31,-0.66,9.77,27
6.839158,0.29,-0.64,9.31,0.0625,0.0,0.125,4.875,-4.0625,-85.0625,360.0,1.8125,3.875,0.999268,-0.034058,-0.016174,0.0,-0.02,0.01,-0.42,0.31,-0.66,9.77,27
6.84932,0.28,-0.65,9.35,0.0625,-0.0625,0.0,4.875,-4.0625,-85.0625,360.0,1.8125,3.875,0.999268,-0.034058,-0.016174,0.0,0.01,0.03,-0.42,0.31,-0.66,9.77,27
6.859482,0.33,-0.63,9.35,0.0,0.0,-0.0625,4.875,-4.0625,-85.0625,360.0,1.8125,3.875,0.999268,-0.034058,-0.016174,0.0,0.0,0.03,-0.42,0.31,-0.66,9.77,27
6.869645,0.31,-0.63,9.35,-0.0625,0.0,0.0625,4.875,-4.0625,-85.0625,360.0,1.8125,3.875,0.999268,-0.034058,-0.016174,0.0,-0.02,0.04,-0.45,0.31,-0.66,9.77,27
6.879807,0.28,-0.62,9.32,0.0,0.0,0.0625,4.875,-4.0625,-85.0625,360.0,1.8125,3.875,0.999268,-0.034058,-0.016174,0.0,-0.02,0.04,-0.45,0.31,-0.66,9.77,27
6.889969,0.29,-0.63,9.34,-0.0625,-0.125,0.0625,5.1875,-3.375,-84.375,360.0,1.8125,3.875,0.999268,-0.034058,-0.016174,0.0,-0.02,0.02,-0.41,0.31,-0.66,9.77,27
6.900131,0.28,-0.64,9.36,0.0625,-0.1875,0.125,5.1875,-3.375,-84.375,360.0,1.8125,3.875,0.999268,-0.034058,-0.016174,0.0,-0.02,0.03,-0.45,0.31,-0.66,9.77,27
6.910293,0.29,-0.63,9.32,-0.0625,0.0625,-0.0625,5.1875,-3.375,-84.375,360.0,1.8125,3.875,0.999268,-0.034058,-0.016174,0.0,-0.01,0.03,-0.42,0.31,-0.66,9.77,27
6.920456,0.3,-0.63,9.35,0.0625,0.1875,-0.0625,5.1875,-3.375,-84.375,360.0,1.8125,3.875,0.999268,-0.034058,-0.016174,0.0,-0.01,0.03,-0.43,0.31,-0.66,9.77,27
6.930618,0.3,-0.63,9.34,0.0,-0.1875,0.0625,5.1875,-3.375,-84.375,360.0,1.8125,3.875,0.999268,-0.034058,-0.016174,0.0,-0.01,0.03,-0.43,0.31,-0.66,9.77,27
6.94078,0.3,-0.64,9.35,0.0625,0.0,0.125,4.875,-3.375,-85.5625,360.0,1.8125,3.875,0.999268,-0.034058,-0.016174,0.0,-0.01,0.05,-0.42,0.31,-0.66,9.77,27
6.950942,0.3,-0.61,9.35,0.0,-0.0625,0.0625,4.875,-3.375,-85.5625,360.0,1.8125,3.875,0.999268,-0.034058,-0.016174,0.0,-0.02,0.03,-0.41,0.31,-0.66,9.77,27
6.961104,0.29,-0.63,9.36,-0.125,0.0625,-0.1875,4.875,-3.375,-85.5625,360.0,1.8125,3.875,0.999268,-0.034058,-0.016174,0.0,0.0,0.03,-0.45,0.31,-0.66,9.77,27
6.971267,0.32,-0.63,9.32,-0.0625,0.0,0.0,4.875,-3.375,-85.5625,360.0,1.8125,3.875,0.999268,-0.034058,-0.016174,0.0,-0.01,0.03,-0.43,0.31,-0.66,9.77,27
6.981429,0.3,-0.63,9.34,-0.0625,-0.0625,-0.0625,4.875,-3.375,-85.5625,360.0,1.8125,3.875,0.999268,-0.034058,-0.016174,0.0,-0.01,0.03,-0.43,0.31,-0.66,9.77,27
6.991591,0.31,-0.64,9.3,0.0,0.125,-0.0625,5.5625,-4.875,-85.875,360.0,1.8125,3.875,0.999268,-0.034058,-0.016174,0.0,0.0,0.05,-0.42,0.31,-0.66,9.77,27
7.001753,0.31,-0.61,9.35,0.0625,-0.125,0.0,5.5625,-4.875,-85.875,360.0,1.8125,3.875,0.999268,-0.034058,-0.016174,0.0,-0.01,0.05,-0.48,0.31,-0.66,9.77,27
7.011915,0.3,-0.61,9.28,0.125,0.0,0.0,5.5625,-4.875,-85.875,360.0,1.8125,3.875,0.999268,-0.034058,-0.016174,0.0,0.0,0.03,-0.45,0.31,-0.66,9.77,27
7.022078,0.31,-0.63,9.32,0.0,0.125,0.0,5.5625,-4.875,-85.875,360.0,1.8125,3.875,0.999268,-0.034058,-0.016174,0.0,0.01,0.02,-0.45,0.31,-0.66,9.77,27
7.03224,0.33,-0.64,9.32,0.125,0.1875,0.0,5.5625,-4.875,-85.875,360.0,1.8125,3.875,0.999268,-0.034058,-0.016174,0.0,0.01,0.02,-0.45,0.31,-0.66,9.77,27
7.042402,0.32,-0.65,9.36,0.0625,-0.0625,0.0,5.1875,-3.75,-85.0625,360.0,1.8125,3.875,0.999268,-0.034058,-0.016174,0.0,0.0,0.02,-0.45,0.31,-0.66,9.77,27
7.052564,0.31,-0.64,9.32,0.0625,0.0625,0.0,5.1875,-3.75,-85.0625,360.0,1.8125,3.875,0.999268,-0.034058,-0.016174,0.0,-0.01,0.01,-0.41,0.31,-0.66,9.77,27
7.062726,0.3,-0.65,9.36,-0.0625,0.0,-0.0625,5.1875,-3.75,-85.0625,360.0,1.8125,3.875,0.999268,-0.034058,-0.016174,0.0,-0.02,0.03,-0.43,0.31,-0.66,9.77,27
7.072889,0.28,-0.63,9.34,-0.125,0.0,-0.0625,5.1875,-3.75,-85.0625,360.0,1.8125,3.875,0.999268,-0.034058,-0.016174,0.0,0.0,0.02,-0.45,0.31,-0.66,9.77,27
7.083051,0.32,-0.64,9.32,0.125,0.0,-0.125,5.1875,-3.75,-85.0625,360.0,1.8125,3.875,0.999268,-0.034058,-0.016174,0.0,0.0,0.02,-0.45,0.31,-0.66,9.77,27
7.093213,0.31,-0.63,9.37,0.0625,0.0,0.0,4.875,-3.75,-83.875,360.0,1.8125,3.875,0.999268,-0.034058,-0.016174,0.0,-0.02,0.03,-0.43,0.31,-0.66,9.77,27
7.103375,0.29,-0.63,9.34,0.0,0.0625,-0.125,4.875,-3.75,-83.875,360.0,1.8125,3.875,0.999268,-0.034058,-0.016174,0.0,-0.02,0.03,-0.43,0.31,-0.66,9.77,27
7.113537,0.29,-0.62,9.35,-0.0625,-0.0625,0.0625,4.875,-3.75,-83.875,360.0,1.8125,3.875,0.999268,-0.034058,-0.016174,0.0,-0.02,0.04,-0.42,0.31,-0.66,9.77,27
7.1237,0.29,-0.62,9.36,0.0,0.0625,0.0,4.875,-3.75,-83.875,360.0,1.8125,3.875,0.999268,-0.034058,-0.016174,0.0,-0.02,0.04,-0.41,0.31,-0.66,9.77,27
7.133862,0.3,-0.62,9.34,0.0625,0.0,0.0625,4.875,-3.75,-83.875,360.0,1.8125,3.875,0.999268,-0.034058,-0.016174,0.0,-0.01,0.04,-0.43,0.31,-0.66,9.77,27
7.144024,0.31,-0.63,9.34,-0.0625,-0.0625,0.0,4.875,-4.875,-84.75,360.0,1.8125,3.875,0.999268,-0.034058,-0.016174,0.0,0.0,0.03,-0.43,0.31,-0.66,9.77,27
7.154186,0.29,-0.66,9.31,0.125,0.0625,0.0625,4.875,-4.875,-84.75,360.0,1.8125,3.875,0.999268,-0.034058,-0.016174,0.0,-0.02,0.0,-0.46,0.31,-0.66,9.77,27
7.164348,0.29,-0.61,9.33,0.125,0.1875,-0.0625,4.875,-4.875,-84.75,360.0,1.8125,3.875,0.999268,-0.034058,-0.016174,0.0,-0.02,0.05,-0.44,0.31,-0.66,9.77,27
7.174511,0.3,-0.63,9.34,0.0625,0.1875,-0.0625,4.875,-4.875,-84.75,360.0,1.8125,3.875,0.999268,-0.034058,-0.016174,0.0,-0.01,0.03,-0.43,0.31,-0.66,9.77,27
7.184673,0.28,-0.63,9.33,0.125,-0.1875,0.0625,4.875,-4.875,-84.75,360.0,1.8125,3.875,0.999268,-0.034058,-0.016174,0.0,-0.03,0.03,-0.44,0.31,-0.66,9.77,27
7.194835,0.31,-0.65,9.37,0.0,-0.0625,-0.0625,3.75,-3.75,-84.375,360.0,1.8125,3.875,0.999268,-0.034058,-0.016174,0.0,0.0,0.01,-0.4,0.31,-0.66,9.77,27
7.204997,0.31,-0.66,9.36,0.0,-0.125,0.0625,3.75,-3.75,-84.375,360.0,1.8125,3.875,0.999268,-0.034058,-0.016174,0.0,0.0,0.0,-0.41,0.31,-0.66,9.77,27
7.215159,0.29,-0.64,9.32,-0.0625,0.125,-0.125,3.75,-3.75,-84.375,360.0,1.8125,3.875,0.999268,-0.034058,-0.016174,0.0,-0.02,0.02,-0.45,0.31,-0.66,9.77,27
7.225322,0.29,-0.63,9.33,-0.0625,0.1875,-0.0625,3.75,-3.75,-84.375,360.0,1.8125,3.875,0.999268,-0.034058,-0.016174,0.0,-0.02,0.03,-0.44,0.31,-0.66,9.77,27
7.235484,0.31,-0.62,9.35,0.1875,0.0625,0.0,3.75,-3.75,-84.375,360.0,1.8125,3.875,0.999268,-0.034058,-0.016174,0.0,0.0,0.04,-0.42,0.31,-0.66,9.77,27
7.245646,0.28,-0.63,9.34,0.0625,0.0625,-0.0625,4.875,-4.5,-84.75,360.0,1.8125,3.875,0.999268,-0.034058,-0.016174,0.0,-0.02,0.03,-0.43,0.31,-0.66,9.77,27
7.255808,0.29,-0.64,9.34,-0.125,0.0,-0.0625,4.875,-4.5,-84.75,360.0,1.8125,3.875,0.999268,-0.034058,-0.016174,0.0,-0.02,0.02,-0.43,0.31,-0.66,9.77,27
7.26597,0.28,-0.65,9.31,0.0,0.0625,0.0625,4.875,-4.5,-84.75,360.0,1.8125,3.875,0.999268,-0.034058,-0.016174,0.0,-0.03,0.01,-0.46,0.31,-0.66,9.77,27
7.276133,0.3,-0.64,9.33,0.125,-0.125,-0.125,4.875,-4.5,-84.75,360.0,1.8125,3.875,0.999268,-0.034058,-0.016174,0.0,-0.01,0.02,-0.44,0.31,-0.66,9.77,27
7.286295,0.3,-0.61,9.34,0.125,0.1875,0.0,4.875,-4.5,-84.75,360.0,1.8125,3.875,0.999268,-0.034058,-0.016174,0.0,-0.01,0.05,-0.43,0.31,-0.66,9.77,27
7.296457,0.31,-0.64,9.32,0.0625,-0.0625,0.0625,4.0625,-3.375,-85.0625,360.0,1.8125,3.875,0.999268,-0.034058,-0.016174,0.0,0.0,0.02,-0.45,0.31,-0.66,9.77,27
7.306619,0.31,-0.64,9.37,0.0,-0.0625,0.1875,4.0625,-3.375,-85.0625,360.0,1.8125,3.875,0.999268,-0.034058,-0.016174,0.0,0.0,0.02,-0.4,0.31,-0.66,9.77,27
7.316781,0.31,-0.62,9.29,0.0,0.125,0.0,4.0625,-3.375,-85.0625,360.0,1.8125,3.875,0.999268,-0.034058,-0.016174,0.0,0.0,0.04,-0.47,0.31,-0.66,9.77,27
7.326943,0.3,-0.66,9.33,-0.125,0.0625,0.0,4.0625,-3.375,-85.0625,360.0,1.8125,3.875,0.999268,-0.034058,-0.016174,0.0,-0.01,0.0,-0.44,0.31,-0.66,9.77,27
7.337106,0.29,-0.63,9.34,0.0,-0.1875,-0.0625,4.0625,-3.375,-85.0625,360.0,1.8125,3.875,0.999268,-0.034058,-0.016174,0.0,-0.02,0.03,-0.43,0.31,-0.66,9.77,27
7.347268,0.29,-0.63,9.35,0.0,0.0,0.0,5.875,-3.375,-85.0625,360.0,1.8125,3.875,0.999268,-0.034058,-0.016174,0.0,-0.02,0.03,-0.42,0.31,-0.66,9.77,27
7.35743,0.29,-0.63,9.34,0.125,0.0,0.0,5.875,-3.375,-85.0625,360.0,1.8125,3.875,0.999268,-0.034058,-0.016174,0.0,-0.02,0.03,-0.43,0.31,-0.66,9.77,27
7.367592,0.3,-0.64,9.34,0.125,0.0,0.0625,5.875,-3.375,-85.0625,360.0,1.8125,3.875,0.999268,-0.034058,-0.016174,0.0,-0.01,0.02,-0.43,0.31,-0.66,9.77,27
7.377754,0.31,-0.62,9.34,-0.125,0.0,-0.0625,5.875,-3.375,-85.0625,360.0,1.8125,3.875,0.999268,-0.034058,-0.016174,0.0,0.0,0.04,-0.43,0.31,-0.66,9.77,27
7.387917,0.29,-0.64,9.35,-0.125,0.3125,-0.0625,5.875,-3.375,-85.0625,360.0,1.8125,3.875,0.999268,-0.034058,-0.016174,0.0,-0.02,0.02,-0.42,0.31,-0.66,9.77,27
