Time [s],X [g],Y [g],Z [g]
0.0,-0.00390625,0.0,0.91796875
0.0024438775510204082,-0.0234375,0.0,0.9921875
0.0048877551020408165,-0.01953125,-0.00390625,0.9921875
0.007331632653061224,-0.01953125,-0.0078125,0.9921875
0.009775510204081633,-0.0078125,0.00390625,0.953125
0.012219387755102042,-0.01953125,-0.00390625,0.99609375
0.014663265306122449,-0.01171875,0.0,0.99609375
0.01710714285714286,-0.01953125,-0.0234375,0.98046875
0.019551020408163266,-0.0234375,-0.03125,0.984375
0.021994897959183673,-0.02734375,0.01171875,1.01953125
0.024438775510204083,0.0,-0.015625,1.01171875
0.02688265306122449,-0.00390625,-0.05078125,0.98046875
0.029326530612244897,-0.0390625,-0.0234375,1.00390625
0.031770408163265304,0.0,-0.0078125,1.01953125
0.03421428571428572,0.00390625,0.01171875,0.9921875
0.036658163265306125,0.0,-0.04296875,1.02734375
0.03910204081632653,-0.0078125,-0.01953125,1.01171875
0.04154591836734694,0.015625,-0.03125,0.98828125
0.043989795918367346,-0.03515625,-0.0078125,0.96875
0.04643367346938776,-0.0234375,-0.046875,0.99609375
0.048877551020408166,-0.0234375,-0.015625,1.05078125
0.05132142857142857,-0.0234375,-0.01171875,1.01171875
0.05376530612244898,-0.0078125,-0.02734375,1.0078125
0.05620918367346939,-0.015625,-0.01953125,0.9921875
0.058653061224489794,-0.0078125,-0.03125,0.98828125
0.06109693877551021,-0.01953125,0.0,0.9765625
0.06354081632653061,-0.01171875,-0.01171875,1.01171875
0.06598469387755103,0.0,0.00390625,0.97265625
0.06842857142857144,-0.015625,-0.01171875,1.0078125
0.07087244897959184,-0.01953125,-0.015625,1.015625
0.07331632653061225,-0.0234375,0.00390625,0.98046875
0.07576020408163266,-0.04296875,-0.01171875,0.99609375
0.07820408163265306,-0.01953125,-0.0234375,1.01171875
0.08064795918367347,-0.015625,-0.00390625,0.97265625
0.08309183673469388,-0.03125,-0.03125,0.9609375
0.08553571428571428,-0.00390625,-0.02734375,1.00390625
0.08797959183673469,-0.01953125,-0.03515625,0.99609375
0.0904234693877551,-0.015625,-0.03515625,0.97265625
0.09286734693877552,-0.01171875,-0.0234375,0.99609375
0.09531122448979593,-0.015625,-0.03125,1.00390625
0.09775510204081633,-0.0234375,-0.0078125,1.00390625
0.10019897959183674,-0.01171875,-0.03125,1.01171875
0.10264285714285715,-0.00390625,-0.0390625,0.984375
0.10508673469387755,-0.015625,-0.0234375,0.99609375
0.10753061224489796,-0.01171875,-0.02734375,0.984375
0.10997448979591837,-0.01953125,-0.02734375,1.00390625
0.11241836734693877,-0.0234375,-0.015625,1.0078125
0.11486224489795918,-0.015625,-0.02734375,0.99609375
0.11730612244897959,-0.00390625,-0.015625,0.97265625
0.11975000000000001,-0.01171875,-0.01953125,1.0078125
0.12219387755102042,-0.02734375,-0.03125,0.984375
0.12463775510204082,-0.0390625,-0.03515625,1.015625
0.12708163265306122,-0.01953125,-0.03515625,1.01171875
0.12952551020408162,-0.01171875,-0.015625,1.0078125
0.13196938775510206,-0.00390625,-0.02734375,0.984375
0.13441326530612246,-0.0234375,-0.02734375,1.0
0.13685714285714287,-0.0390625,-0.0234375,1.00390625
0.13930102040816328,-0.0234375,-0.04296875,0.97265625
0.14174489795918369,-0.01953125,-0.015625,1.00390625
0.1441887755102041,-0.01953125,-0.04296875,1.0
0.1466326530612245,-0.01953125,-0.03515625,0.9765625
0.1490765306122449,0.0,-0.03125,0.98828125
0.1515204081632653,-0.0078125,-0.015625,0.98046875
0.15396428571428572,-0.0078125,-0.015625,0.984375
0.15640816326530613,-0.01171875,-0.03125,0.9921875
0.15885204081632653,-0.03125,-0.015625,0.99609375
0.16129591836734694,-0.0078125,-0.0234375,0.99609375
0.16373979591836735,-0.0234375,-0.02734375,0.99609375
0.16618367346938775,-0.015625,-0.02734375,0.99609375
0.16862755102040816,-0.015625,-0.0390625,0.9921875
0.17107142857142857,-0.0078125,-0.015625,0.9765625
0.17351530612244898,-0.01953125,-0.0234375,0.9921875
0.17595918367346938,-0.0078125,-0.03515625,0.99609375
0.1784030612244898,-0.0234375,-0.01953125,0.98046875
0.1808469387755102,-0.01953125,-0.01953125,1.01171875
0.18329081632653063,-0.0234375,-0.02734375,1.01953125
0.18573469387755104,-0.01171875,-0.01953125,1.0078125
0.18817857142857145,-0.02734375,-0.03125,0.98828125
0.19062244897959185,0.0,-0.0234375,0.98046875
0.19306632653061226,-0.03125,-0.0390625,0.98046875
0.19551020408163267,-0.04296875,-0.01171875,0.9921875
0.19795408163265307,-0.01953125,-0.03125,0.99609375
0.20039795918367348,-0.03515625,-0.0078125,1.00390625
0.2028418367346939,-0.0234375,-0.02734375,0.984375
0.2052857142857143,-0.00390625,-0.02734375,0.9921875
0.2077295918367347,-0.01953125,-0.01953125,0.99609375
0.2101734693877551,-0.01171875,-0.015625,0.9921875
0.21261734693877551,-0.0078125,-0.01953125,0.99609375
0.21506122448979592,-0.015625,-0.01171875,0.984375
0.21750510204081633,-0.02734375,-0.015625,0.984375
0.21994897959183674,-0.015625,-0.01171875,0.9921875
0.22239285714285714,-0.015625,-0.01953125,0.9765625
0.22483673469387755,-0.00390625,-0.01953125,0.984375
0.22728061224489796,-0.00390625,-0.01953125,0.984375
0.22972448979591836,-0.01171875,-0.0078125,0.98046875
0.23216836734693877,-0.015625,-0.00390625,1.015625
0.23461224489795918,-0.01171875,-0.01953125,0.99609375
0.2370561224489796,-0.03515625,-0.0234375,0.9921875
0.23950000000000002,0.0,-0.0078125,1.01953125
0.24194387755102043,-0.02734375,-0.03125,0.984375
0.24438775510204083,-0.03125,-0.02734375,0.9921875
0.24683163265306124,-0.046875,-0.03125,0.984375
0.24927551020408165,-0.01953125,-0.03515625,0.984375
0.25171938775510205,-0.0078125,-0.01171875,1.0078125
0.25416326530612243,-0.0078125,-0.01171875,0.99609375
0.25660714285714287,-0.01171875,-0.046875,1.0
0.25905102040816325,-0.015625,-0.0234375,0.9921875
0.2614948979591837,0.0,-0.01953125,1.0
0.2639387755102041,-0.0234375,-0.01953125,0.98046875
0.2663826530612245,-0.0234375,-0.0234375,1.0
0.26882653061224493,-0.03125,-0.01953125,0.9765625
0.2712704081632653,-0.0078125,-0.01953125,0.9921875
0.27371428571428574,-0.03515625,-0.0234375,0.984375
0.2761581632653061,-0.01171875,-0.015625,0.9765625
0.27860204081632656,-0.01171875,-0.01171875,0.984375
0.28104591836734694,-0.01953125,-0.015625,1.0
0.28348979591836737,-0.01953125,-0.03125,0.96875
0.28593367346938775,-0.00390625,-0.03125,0.98828125
0.2883775510204082,-0.01953125,-0.03125,0.98828125
0.29082142857142856,-0.015625,-0.04296875,1.00390625
0.293265306122449,-0.03125,-0.03125,1.00390625
0.2957091836734694,-0.02734375,-0.03125,1.015625
0.2981530612244898,-0.01953125,-0.0078125,0.99609375
0.3005969387755102,-0.015625,-0.01171875,1.0
0.3030408163265306,-0.0234375,-0.02734375,1.00390625
0.305484693877551,-0.015625,-0.015625,0.98046875
0.30792857142857144,-0.015625,-0.03515625,0.99609375
0.3103724489795918,-0.0078125,-0.02734375,0.97265625
0.31281632653061225,-0.015625,-0.015625,0.98828125
0.3152602040816327,-0.015625,-0.02734375,0.9921875
0.31770408163265307,-0.0234375,-0.01171875,0.9921875
0.3201479591836735,-0.01953125,-0.01953125,1.0
0.3225918367346939,-0.0234375,-0.0234375,0.984375
0.3250357142857143,-0.01953125,-0.01953125,0.9921875
0.3274795918367347,-0.0078125,-0.015625,1.0
0.32992346938775513,-0.0234375,-0.01953125,1.0078125
0.3323673469387755,-0.015625,-0.0234375,0.99609375
0.33481122448979594,-0.01171875,-0.015625,0.99609375
0.3372551020408163,-0.05078125,-0.04296875,0.984375
0.33969897959183676,-0.0078125,-0.0234375,1.0
0.34214285714285714,-0.015625,-0.01953125,0.98828125
0.34458673469387757,-0.02734375,-0.01953125,0.984375
0.34703061224489795,-0.015625,-0.02734375,1.00390625
0.3494744897959184,-0.046875,-0.01171875,1.0
0.35191836734693877,-0.01953125,-0.046875,1.0078125
0.3543622448979592,-0.01953125,-0.03125,0.99609375
0.3568061224489796,-0.00390625,-0.0234375,1.0
0.35925,-0.0078125,-0.03515625,1.00390625
0.3616938775510204,-0.0390625,-0.046875,1.0078125
0.3641377551020408,-0.02734375,-0.0234375,0.9765625
0.36658163265306126,-0.02734375,-0.03515625,0.9765625
0.36902551020408164,-0.01171875,-0.015625,0.98828125
0.3714693877551021,0.0,-0.01953125,0.98828125
0.37391326530612246,-0.0078125,-0.015625,0.99609375
0.3763571428571429,-0.0234375,-0.015625,0.984375
0.37880102040816327,-0.015625,-0.02734375,1.0078125
0.3812448979591837,-0.0234375,-0.03515625,0.98828125
0.3836887755102041,-0.0390625,-0.0234375,0.98046875
0.3861326530612245,-0.03515625,-0.015625,0.9765625
0.3885765306122449,0.0,-0.0234375,0.97265625
0.39102040816326533,-0.02734375,-0.03125,1.0
0.3934642857142857,-0.0078125,-0.02734375,1.00390625
0.39590816326530615,-0.01953125,-0.0390625,0.984375
0.3983520408163265,-0.0078125,-0.04296875,0.98828125
0.40079591836734696,-0.01171875,-0.015625,0.98828125
0.40323979591836734,-0.015625,-0.01953125,0.98828125
0.4056836734693878,-0.01171875,-0.03125,0.99609375
0.40812755102040815,-0.01171875,-0.01953125,0.9921875
0.4105714285714286,-0.0078125,-0.0078125,0.9765625
0.41301530612244897,-0.03515625,-0.01171875,0.98046875
0.4154591836734694,-0.01953125,-0.0234375,0.99609375
0.41790306122448984,-0.0546875,-0.03125,0.984375
0.4203469387755102,-0.01953125,-0.02734375,0.9765625
0.42279081632653065,-0.0078125,-0.02734375,0.96875
0.42523469387755103,-0.0234375,-0.01953125,0.97265625
0.42767857142857146,-0.03125,-0.05078125,0.9765625
0.43012244897959184,-0.01171875,-0.03515625,0.98046875
0.4325663265306123,-0.0234375,-0.04296875,0.99609375
0.43501020408163266,-0.03515625,-0.0546875,1.0
0.4374540816326531,-0.0078125,-0.05078125,1.0078125
0.43989795918367347,-0.01171875,-0.04296875,0.98828125
0.4423418367346939,-0.03125,-0.0078125,0.984375
0.4447857142857143,-0.02734375,-0.01171875,0.99609375
0.4472295918367347,-0.01953125,-0.015625,0.97265625
0.4496734693877551,-0.03125,-0.03125,0.98828125
0.45211734693877553,-0.0234375,-0.0234375,0.984375
0.4545612244897959,-0.02734375,-0.01171875,0.984375
0.45700510204081635,-0.015625,-0.00390625,0.9921875
0.4594489795918367,-0.02734375,-0.03125,0.99609375
0.46189285714285716,-0.0234375,-0.03125,0.99609375
0.46433673469387754,-0.0078125,-0.015625,0.9921875
0.466780612244898,-0.03515625,-0.03125,0.984375
0.46922448979591835,-0.03515625,-0.01953125,0.9921875
0.4716683673469388,-0.0078125,-0.0234375,1.0078125
0.4741122448979592,-0.0234375,-0.0078125,1.0
0.4765561224489796,-0.01953125,-0.046875,1.00390625
0.47900000000000004,-0.01171875,-0.015625,0.96875
0.4814438775510204,-0.01953125,-0.0390625,0.9921875
0.48388775510204085,0.0,-0.0078125,0.97265625
0.48633163265306123,-0.015625,-0.015625,0.984375
0.48877551020408166,-0.03515625,-0.0234375,0.984375
0.49121938775510204,-0.0078125,-0.03125,1.0
0.4936632653061225,-0.015625,-0.00390625,0.99609375
0.49610714285714286,-0.0078125,-0.02734375,0.99609375
0.4985510204081633,-0.01171875,-0.015625,1.0
0.5009948979591837,0.0,-0.01953125,0.99609375
0.5034387755102041,-0.015625,-0.01171875,1.0078125
0.5058826530612245,-0.02734375,-0.03515625,1.0078125
0.5083265306122449,-0.03125,-0.02734375,0.96875
0.5107704081632654,-0.01953125,-0.04296875,0.9921875
0.5132142857142857,0.00390625,-0.0078125,0.9765625
0.5156581632653061,-0.0078125,-0.0390625,0.98828125
0.5181020408163265,-0.00390625,-0.02734375,0.9921875
0.520545918367347,-0.00390625,-0.01953125,1.0
0.5229897959183674,-0.01171875,-0.01171875,0.96484375
0.5254336734693877,-0.01171875,-0.02734375,1.0
0.5278775510204082,-0.03515625,-0.01171875,0.99609375
0.5303214285714286,-0.01171875,-0.03515625,0.99609375
0.532765306122449,-0.01171875,-0.04296875,0.9921875
0.5352091836734694,-0.00390625,-0.0234375,0.9765625
0.5376530612244899,-0.0078125,-0.01953125,0.99609375
0.5400969387755102,-0.01953125,-0.03125,1.00390625
0.5425408163265306,-0.0234375,-0.015625,0.98046875
0.544984693877551,-0.015625,-0.0078125,1.00390625
0.5474285714285715,-0.01171875,-0.03125,1.0
0.5498724489795919,-0.01171875,-0.01953125,0.98828125
0.5523163265306122,-0.01171875,-0.0390625,1.0
0.5547602040816326,-0.0078125,-0.0390625,1.00390625
0.5572040816326531,-0.015625,-0.0390625,0.9921875
0.5596479591836735,-0.0078125,-0.04296875,0.97265625
0.5620918367346939,-0.01953125,-0.015625,0.99609375
0.5645357142857143,-0.01953125,-0.015625,1.00390625
0.5669795918367347,-0.015625,-0.0234375,0.98046875
0.5694234693877551,-0.03515625,-0.03125,1.0
0.5718673469387755,-0.015625,-0.01953125,0.984375
0.574311224489796,0.0,-0.0234375,0.99609375
0.5767551020408164,-0.00390625,-0.04296875,0.99609375
0.5791989795918367,-0.0234375,-0.01953125,1.01171875
0.5816428571428571,-0.0234375,-0.03125,1.0
0.5840867346938776,-0.02734375,-0.02734375,0.96484375
0.586530612244898,-0.03125,-0.0234375,0.984375
0.5889744897959184,-0.015625,-0.03515625,0.96875
0.5914183673469388,-0.03125,-0.015625,0.98828125
0.5938622448979592,-0.02734375,-0.04296875,0.9921875
0.5963061224489796,0.0,-0.03125,0.98828125
0.59875,-0.0078125,-0.02734375,1.0
0.6011938775510204,-0.01953125,-0.015625,0.99609375
0.6036377551020409,-0.0234375,-0.0546875,1.00390625
0.6060816326530613,-0.0078125,-0.01171875,0.98828125
0.6085255102040816,-0.0078125,-0.015625,1.0078125
0.610969387755102,0.0,-0.0390625,0.984375
0.6134132653061225,-0.01171875,-0.03515625,0.984375
0.6158571428571429,0.0,-0.01953125,0.96875
0.6183010204081633,-0.0078125,-0.04296875,0.98046875
0.6207448979591836,-0.00390625,-0.0234375,0.9921875
0.6231887755102041,-0.03515625,-0.046875,0.9921875
0.6256326530612245,-0.0234375,-0.015625,1.00390625
0.6280765306122449,-0.01171875,-0.04296875,1.00390625
0.6305204081632654,-0.03125,-0.0234375,0.99609375
0.6329642857142858,-0.0078125,0.0,0.9921875
0.6354081632653061,-0.015625,-0.0234375,0.98828125
0.6378520408163265,0.00390625,-0.01171875,0.98046875
0.640295918367347,-0.01171875,-0.00390625,0.97265625
0.6427397959183674,-0.01171875,-0.02734375,0.95703125
0.6451836734693878,-0.03125,-0.015625,0.98046875
0.6476275510204081,-0.02734375,-0.04296875,0.9921875
0.6500714285714286,-0.01171875,-0.00390625,1.0078125
0.652515306122449,-0.015625,-0.02734375,0.99609375
0.6549591836734694,-0.01953125,-0.01953125,0.9921875
0.6574030612244898,-0.015625,-0.01953125,0.99609375
0.6598469387755103,-0.02734375,-0.02734375,0.984375
0.6622908163265306,-0.01953125,-0.03515625,1.015625
0.664734693877551,-0.01953125,-0.03125,0.97265625
0.6671785714285714,-0.03125,-0.0390625,0.9765625
0.6696224489795919,-0.01171875,-0.0234375,1.00390625
0.6720663265306123,-0.0078125,-0.0234375,0.98828125
0.6745102040816326,-0.03125,-0.04296875,0.98828125
0.676954081632653,-0.01171875,-0.0234375,0.9921875
0.6793979591836735,-0.0078125,-0.03515625,1.015625
0.6818418367346939,-0.03515625,-0.03125,0.9921875
0.6842857142857143,-0.01171875,-0.02734375,1.0
0.6867295918367348,-0.03125,-0.0390625,0.9921875
0.6891734693877551,-0.03515625,-0.015625,1.01171875
0.6916173469387755,-0.015625,-0.0234375,0.9921875
0.6940612244897959,-0.0078125,-0.0390625,1.01171875
0.6965051020408164,-0.02734375,-0.0234375,0.99609375
0.6989489795918368,-0.01171875,-0.0234375,0.97265625
0.7013928571428572,0.0,-0.0234375,0.99609375
0.7038367346938775,-0.01953125,-0.03515625,0.9921875
0.706280612244898,-0.03515625,-0.02734375,0.98046875
0.7087244897959184,-0.01171875,-0.01953125,0.96875
0.7111683673469388,-0.015625,-0.01171875,0.984375
0.7136122448979592,-0.015625,-0.01171875,0.99609375
0.7160561224489796,-0.01953125,-0.03515625,1.00390625
0.7185,-0.01171875,-0.04296875,0.9765625
0.7209438775510204,-0.0078125,-0.0234375,1.0078125
0.7233877551020408,-0.01171875,-0.0390625,0.984375
0.7258316326530613,-0.01953125,-0.01171875,0.99609375
0.7282755102040817,-0.0234375,-0.0390625,0.99609375
0.730719387755102,-0.00390625,-0.02734375,1.0078125
0.7331632653061225,-0.03125,-0.03515625,1.00390625
0.7356071428571429,-0.015625,-0.015625,1.00390625
0.7380510204081633,-0.0078125,-0.03125,1.00390625
0.7404948979591837,-0.015625,-0.00390625,0.9921875
0.7429387755102042,-0.0078125,-0.02734375,0.99609375
0.7453826530612245,-0.00390625,-0.04296875,0.9765625
0.7478265306122449,-0.02734375,-0.02734375,0.98828125
0.7502704081632653,-0.0078125,-0.0390625,0.9921875
0.7527142857142858,-0.015625,-0.0390625,0.96875
0.7551581632653062,-0.0390625,-0.0078125,1.0
0.7576020408163265,-0.03125,-0.015625,1.01171875
0.7600459183673469,-0.0078125,-0.03515625,0.9609375
0.7624897959183674,0.0,-0.0234375,1.0
0.7649336734693878,-0.01171875,-0.0078125,0.97265625
0.7673775510204082,-0.01171875,-0.03515625,0.99609375
0.7698214285714285,-0.0234375,-0.0390625,0.98828125
0.772265306122449,-0.00390625,-0.01171875,0.98046875
0.7747091836734694,-0.00390625,-0.01953125,1.0078125
0.7771530612244898,-0.0234375,-0.015625,1.0078125
0.7795969387755102,-0.0078125,-0.015625,0.9921875
0.7820408163265307,-0.01171875,-0.015625,0.96875
0.784484693877551,-0.0078125,-0.00390625,0.984375
0.7869285714285714,-0.03125,-0.0234375,1.0078125
0.7893724489795919,-0.00390625,-0.015625,1.0
0.7918163265306123,0.0,-0.015625,0.984375
0.7942602040816327,0.0,-0.015625,0.9765625
0.796704081632653,-0.015625,-0.046875,0.99609375
0.7991479591836735,-0.0078125,-0.0234375,0.984375
0.8015918367346939,-0.015625,-0.0390625,1.0
0.8040357142857143,-0.01171875,-0.03515625,0.98828125
0.8064795918367347,-0.00390625,-0.03515625,1.01171875
0.8089234693877552,-0.0234375,-0.046875,1.0
0.8113673469387755,-0.0078125,-0.03125,0.984375
0.8138112244897959,-0.015625,-0.0234375,1.0
0.8162551020408163,-0.01953125,-0.0390625,0.98828125
0.8186989795918368,-0.03125,-0.0390625,1.0078125
0.8211428571428572,-0.01953125,-0.03125,0.96875
0.8235867346938776,-0.00390625,-0.03515625,0.98046875
0.8260306122448979,0.00390625,-0.0078125,1.0
0.8284744897959184,-0.02734375,-0.02734375,0.9921875
0.8309183673469388,-0.015625,-0.015625,0.9921875
0.8333622448979592,-0.01953125,-0.0234375,1.0
0.8358061224489797,-0.01953125,-0.01953125,1.0
0.83825,-0.0078125,-0.01171875,0.99609375
0.8406938775510204,-0.01171875,-0.0390625,1.01171875
0.8431377551020408,-0.00390625,-0.015625,0.9921875
0.8455816326530613,-0.01953125,-0.03125,1.0
0.8480255102040817,-0.03515625,-0.02734375,1.0078125
0.8504693877551021,-0.015625,-0.01953125,0.98828125
0.8529132653061224,-0.02734375,-0.0234375,0.9765625
0.8553571428571429,-0.046875,-0.0234375,0.984375
0.8578010204081633,-0.015625,-0.015625,0.98828125
0.8602448979591837,-0.00390625,-0.015625,0.98828125
0.8626887755102041,-0.0078125,-0.015625,0.99609375
0.8651326530612246,-0.015625,-0.015625,0.9921875
0.8675765306122449,-0.03125,-0.01171875,0.98046875
0.8700204081632653,-0.0078125,-0.01953125,1.0078125
0.8724642857142857,-0.0234375,-0.03515625,0.9921875
0.8749081632653062,-0.0234375,-0.01953125,0.9765625
0.8773520408163266,-0.00390625,-0.01171875,0.99609375
0.8797959183673469,-0.0234375,-0.0234375,0.98828125
0.8822397959183673,-0.015625,-0.0234375,0.984375
0.8846836734693878,-0.0234375,-0.04296875,1.0078125
0.8871275510204082,-0.03515625,-0.0234375,0.984375
0.8895714285714286,-0.0390625,-0.015625,0.9921875
0.8920153061224491,-0.01171875,-0.0234375,1.01171875
0.8944591836734694,-0.0078125,-0.0078125,1.0
0.8969030612244898,-0.0234375,-0.01953125,0.98828125
0.8993469387755102,-0.015625,-0.015625,1.00390625
0.9017908163265307,-0.015625,-0.03125,1.01171875
0.9042346938775511,-0.0078125,-0.0234375,0.99609375
0.9066785714285714,-0.01171875,-0.0234375,0.98046875
0.9091224489795918,-0.015625,-0.01171875,0.99609375
0.9115663265306123,-0.01171875,-0.05078125,0.98828125
0.9140102040816327,-0.01171875,-0.02734375,0.96875
0.9164540816326531,-0.02734375,-0.0078125,0.98046875
0.9188979591836735,-0.01171875,-0.015625,1.015625
0.9213418367346939,-0.03125,-0.0234375,0.984375
0.9237857142857143,-0.00390625,-0.015625,0.98828125
0.9262295918367347,-0.00390625,-0.03515625,1.0078125
0.9286734693877551,-0.00390625,-0.04296875,0.98828125
0.9311173469387756,-0.01953125,-0.0234375,1.0
0.933561224489796,-0.03125,-0.015625,0.98046875
0.9360051020408163,-0.03515625,-0.04296875,0.99609375
0.9384489795918367,-0.0234375,-0.01953125,1.00390625
0.9408928571428572,-0.0078125,-0.02734375,0.9921875
0.9433367346938776,-0.015625,-0.0390625,0.9921875
0.945780612244898,-0.015625,-0.01171875,1.0
0.9482244897959184,-0.0078125,-0.01953125,0.99609375
0.9506683673469388,-0.015625,-0.03515625,0.99609375
0.9531122448979592,-0.015625,-0.01953125,0.984375
0.9555561224489796,-0.02734375,-0.04296875,0.95703125
0.9580000000000001,-0.0234375,-0.015625,0.98828125
0.9604438775510205,-0.0234375,-0.01171875,0.99609375
0.9628877551020408,-0.01171875,-0.01953125,1.0078125
0.9653316326530612,-0.01171875,-0.0078125,0.96875
0.9677755102040817,-0.01171875,-0.03125,1.0
0.9702193877551021,-0.0078125,-0.0234375,1.01171875
0.9726632653061225,-0.02734375,-0.0078125,1.0
0.9751071428571428,-0.015625,-0.03515625,1.00390625
0.9775510204081633,-0.01953125,-0.03125,1.01171875
0.9799948979591837,-0.015625,-0.01953125,1.0
0.9824387755102041,-0.0078125,-0.0078125,1.0
0.9848826530612245,-0.015625,-0.01953125,0.984375
0.987326530612245,-0.015625,-0.01953125,0.99609375
0.9897704081632653,-0.01171875,-0.01171875,0.98828125
0.9922142857142857,-0.01171875,-0.02734375,0.984375
0.9946581632653062,-0.00390625,-0.01953125,1.01171875
0.9971020408163266,-0.01171875,-0.02734375,1.0
0.999545918367347,-0.03515625,-0.015625,0.9609375
1.0019897959183675,0.0,-0.01953125,0.98828125
1.0044336734693877,-0.0078125,-0.04296875,1.0
1.0068775510204082,-0.03515625,-0.02734375,0.9609375
1.0093214285714287,-0.015625,-0.03125,0.9921875
1.011765306122449,-0.01953125,-0.03125,0.99609375
1.0142091836734695,-0.015625,-0.0234375,1.0078125
1.0166530612244897,0.0,-0.03125,0.9765625
1.0190969387755102,-0.0078125,-0.0078125,0.96484375
1.0215408163265307,-0.00390625,-0.04296875,0.97265625
1.023984693877551,-0.0234375,-0.0234375,1.01171875
1.0264285714285715,-0.015625,-0.0234375,0.9921875
1.028872448979592,-0.0078125,-0.03515625,1.015625
1.0313163265306122,-0.01171875,-0.015625,0.98046875
1.0337602040816327,-0.03515625,-0.03125,1.01171875
1.036204081632653,-0.01171875,-0.0234375,0.99609375
1.0386479591836735,-0.015625,-0.04296875,0.9921875
1.041091836734694,-0.06640625,-0.02734375,0.99609375
1.0435357142857142,-0.03515625,-0.03125,0.98828125
1.0459795918367347,-0.01953125,-0.015625,0.96875
1.0484234693877552,-0.00390625,-0.015625,0.984375
1.0508673469387755,-0.01171875,-0.0234375,0.9921875
1.053311224489796,-0.01953125,-0.0234375,0.99609375
1.0557551020408165,-0.01953125,-0.0234375,0.984375
1.0581989795918367,-0.015625,-0.0234375,0.99609375
1.0606428571428572,-0.0078125,-0.015625,0.96484375
1.0630867346938775,-0.0078125,-0.02734375,1.0
1.065530612244898,-0.0234375,-0.03515625,0.984375
1.0679744897959185,-0.01953125,-0.03125,1.00390625
1.0704183673469387,-0.0234375,-0.015625,0.984375
1.0728622448979592,-0.015625,-0.01953125,0.98828125
1.0753061224489797,-0.01953125,-0.02734375,1.00390625
1.07775,-0.00390625,-0.01953125,0.98828125
1.0801938775510205,-0.01171875,-0.02734375,0.99609375
1.0826377551020407,-0.015625,-0.01171875,1.0
1.0850816326530612,-0.03515625,-0.015625,1.0
1.0875255102040817,-0.03125,-0.02734375,0.98828125
1.089969387755102,-0.0234375,-0.02734375,0.98828125
1.0924132653061225,-0.0078125,-0.01953125,0.99609375
1.094857142857143,-0.0234375,-0.01171875,1.0078125
1.0973010204081632,-0.0078125,0.0,0.9765625
1.0997448979591837,-0.01953125,-0.01953125,0.99609375
1.1021887755102042,-0.0390625,-0.01953125,0.96875
1.1046326530612245,-0.0234375,-0.02734375,1.0
1.107076530612245,-0.01953125,-0.0234375,0.98046875
1.1095204081632652,-0.015625,-0.0234375,1.0
1.1119642857142857,-0.0078125,-0.015625,0.98046875
1.1144081632653062,-0.01171875,-0.015625,0.98828125
1.1168520408163265,-0.01171875,-0.0234375,1.01953125
1.119295918367347,-0.015625,-0.01953125,0.99609375
1.1217397959183675,0.0,-0.0078125,1.0
1.1241836734693877,-0.015625,-0.015625,0.99609375
1.1266275510204082,-0.015625,-0.0234375,0.984375
1.1290714285714285,-0.0078125,-0.015625,0.98828125
1.131515306122449,0.0,-0.0078125,0.9921875
1.1339591836734695,-0.01171875,-0.01171875,1.00390625
1.1364030612244898,-0.0078125,-0.0234375,1.0
1.1388469387755102,-0.01953125,-0.01171875,0.99609375
1.1412908163265307,-0.0234375,-0.0078125,0.98828125
1.143734693877551,-0.02734375,-0.0078125,1.0078125
1.1461785714285715,-0.00390625,-0.0078125,1.0
1.148622448979592,-0.015625,-0.01171875,0.99609375
1.1510663265306122,-0.015625,-0.03125,0.98828125
1.1535102040816327,-0.01953125,-0.02734375,1.0
1.155954081632653,0.0,-0.01171875,0.984375
1.1583979591836735,-0.0078125,-0.0390625,0.97265625
1.160841836734694,-0.03125,-0.0078125,0.984375
1.1632857142857143,-0.0078125,-0.00390625,0.98046875
1.1657295918367347,-0.02734375,-0.015625,0.99609375
1.1681734693877552,-0.015625,-0.01171875,0.9921875
1.1706173469387755,-0.0234375,-0.0078125,0.984375
1.173061224489796,-0.015625,-0.015625,1.01953125
1.1755051020408163,-0.03125,-0.015625,1.0078125
1.1779489795918368,-0.015625,-0.0390625,1.00390625
1.1803928571428572,-0.01953125,-0.0390625,0.98828125
1.1828367346938775,-0.015625,-0.03515625,0.97265625
1.185280612244898,-0.01171875,-0.03125,0.9921875
1.1877244897959185,-0.0234375,-0.0234375,1.01171875
1.1901683673469388,-0.01953125,-0.03515625,0.984375
1.1926122448979593,-0.02734375,-0.0078125,0.99609375
1.1950561224489795,-0.0234375,-0.0234375,1.0078125
1.1975,-0.01953125,-0.015625,0.99609375
1.1999438775510205,-0.03125,-0.01953125,1.01171875
1.2023877551020408,-0.03125,-0.01953125,1.01171875
1.2048316326530613,-0.01953125,-0.03515625,0.9765625
1.2072755102040817,-0.01171875,-0.01953125,0.99609375
1.209719387755102,-0.00390625,-0.015625,0.98046875
1.2121632653061225,-0.05078125,-0.0234375,0.99609375
1.214607142857143,-0.0078125,-0.05078125,0.9765625
1.2170510204081633,-0.02734375,-0.01171875,0.984375
1.2194948979591838,-0.01953125,-0.01953125,1.015625
1.221938775510204,-0.01171875,-0.03515625,1.0
1.2243826530612245,-0.02734375,-0.01171875,0.99609375
1.226826530612245,-0.015625,-0.01953125,0.99609375
1.2292704081632653,-0.015625,-0.02734375,1.0
1.2317142857142858,0.0,-0.0390625,1.00390625
1.2341581632653063,-0.04296875,-0.046875,1.00390625
1.2366020408163265,-0.00390625,-0.03125,0.98828125
1.239045918367347,-0.0078125,-0.03515625,0.99609375
1.2414897959183673,-0.00390625,-0.02734375,0.98828125
1.2439336734693878,0.0078125,-0.03125,0.98046875
1.2463775510204083,-0.02734375,-0.02734375,0.9765625
1.2488214285714285,-0.0078125,-0.02734375,0.9921875
1.251265306122449,-0.0234375,-0.0234375,1.0078125
1.2537091836734695,-0.03515625,-0.00390625,0.9921875
1.2561530612244898,-0.0234375,-0.01953125,0.984375
1.2585969387755103,-0.03515625,-0.05859375,1.00390625
1.2610408163265308,-0.0234375,-0.03515625,0.9921875
1.263484693877551,-0.0078125,-0.03515625,1.01171875
1.2659285714285715,-0.01953125,-0.02734375,0.96484375
1.2683724489795918,-0.02734375,-0.00390625,0.9921875
1.2708163265306123,-0.015625,-0.0234375,0.98046875
1.2732602040816328,-0.01953125,-0.0234375,1.0078125
1.275704081632653,-0.0234375,-0.0234375,0.984375
1.2781479591836735,-0.01171875,-0.015625,0.97265625
1.280591836734694,-0.01171875,-0.00390625,1.0
1.2830357142857143,-0.01953125,0.0,1.0
1.2854795918367348,-0.01171875,-0.01171875,0.984375
1.287923469387755,-0.015625,-0.03125,1.00390625
1.2903673469387755,-0.01171875,-0.05078125,1.015625
1.292811224489796,-0.00390625,-0.02734375,1.0
1.2952551020408163,-0.02734375,-0.046875,0.98828125
1.2976989795918368,-0.0078125,-0.01953125,0.98046875
1.3001428571428573,-0.02734375,-0.01953125,1.0
1.3025867346938775,-0.00390625,-0.0234375,0.9765625
1.305030612244898,-0.0078125,-0.0234375,0.9921875
1.3074744897959185,-0.0234375,-0.02734375,0.98828125
1.3099183673469388,-0.01171875,-0.015625,0.98828125
1.3123622448979593,0.0,-0.01171875,0.984375
1.3148061224489795,-0.0234375,-0.01171875,1.0078125
1.31725,-0.01171875,-0.02734375,1.0078125
1.3196938775510205,-0.015625,-0.01953125,0.9765625
1.3221377551020408,-0.02734375,-0.015625,0.98046875
1.3245816326530613,-0.015625,-0.0078125,0.95703125
1.3270255102040818,-0.01953125,-0.03125,0.984375
1.329469387755102,-0.01953125,-0.03515625,0.97265625
1.3319132653061225,-0.015625,-0.0078125,0.98828125
1.3343571428571428,-0.0234375,-0.03125,0.9921875
1.3368010204081633,-0.0234375,-0.03125,0.984375
1.3392448979591838,-0.03515625,-0.0234375,0.9921875
1.341688775510204,-0.0078125,-0.01953125,1.0
1.3441326530612245,0.0,-0.0078125,0.98828125
1.346576530612245,-0.01171875,-0.0234375,1.00390625
1.3490204081632653,-0.01953125,-0.0234375,0.96875
1.3514642857142858,-0.015625,-0.03125,1.0
1.353908163265306,-0.01171875,-0.0234375,0.98828125
1.3563520408163265,-0.015625,-0.01953125,0.9765625
1.358795918367347,-0.00390625,-0.02734375,0.9921875
1.3612397959183673,-0.015625,0.0,1.00390625
1.3636836734693878,-0.0234375,-0.04296875,1.00390625
1.3661275510204083,-0.01953125,-0.0078125,0.97265625
1.3685714285714285,-0.01953125,-0.03125,0.984375
1.371015306122449,-0.02734375,-0.0234375,1.0
1.3734591836734695,-0.01171875,-0.01171875,0.98828125
1.3759030612244898,-0.01953125,-0.0234375,0.99609375
1.3783469387755103,-0.02734375,-0.0234375,0.9921875
1.3807908163265306,-0.0234375,-0.0078125,0.984375
1.383234693877551,-0.02734375,-0.015625,0.99609375
1.3856785714285715,-0.015625,-0.0078125,0.99609375
1.3881224489795918,-0.0234375,-0.015625,0.99609375
1.3905663265306123,-0.00390625,-0.01171875,1.0
1.3930102040816328,-0.01953125,-0.01953125,1.01171875
1.395454081632653,-0.01171875,-0.01171875,0.98046875
1.3978979591836735,-0.00390625,-0.015625,0.9921875
1.4003418367346938,-0.0078125,-0.01953125,0.99609375
1.4027857142857143,-0.00390625,-0.0234375,0.9765625
1.4052295918367348,-0.01171875,-0.02734375,0.984375
1.407673469387755,-0.01171875,-0.01953125,0.99609375
1.4101173469387756,-0.01953125,-0.04296875,1.00390625
1.412561224489796,-0.015625,-0.0390625,1.0
1.4150051020408163,-0.015625,-0.01953125,1.0
1.4174489795918368,-0.03125,-0.01171875,0.98046875
1.4198928571428573,-0.015625,-0.015625,1.0078125
1.4223367346938776,-0.015625,-0.03125,0.98828125
1.424780612244898,-0.01171875,-0.015625,0.9921875
1.4272244897959183,-0.01171875,-0.05078125,1.0078125
1.4296683673469388,-0.0234375,-0.04296875,0.984375
1.4321122448979593,-0.02734375,-0.0234375,0.984375
1.4345561224489796,-0.02734375,-0.03125,1.0
1.437,-0.0078125,-0.03125,0.98828125
1.4394438775510205,-0.01953125,-0.02734375,0.9609375
1.4418877551020408,-0.03125,-0.03125,0.984375
1.4443316326530613,-0.02734375,-0.01953125,1.0078125
1.4467755102040816,-0.01171875,-0.00390625,1.0
1.449219387755102,-0.00390625,-0.02734375,0.9921875
1.4516632653061226,-0.02734375,-0.03125,0.99609375
1.4541071428571428,0.0,-0.03125,1.0
1.4565510204081633,-0.015625,-0.0390625,0.9921875
1.4589948979591838,-0.0078125,-0.02734375,1.0
1.461438775510204,-0.01953125,-0.0234375,1.0
1.4638826530612246,-0.02734375,-0.01953125,1.01171875
1.466326530612245,-0.01953125,-0.04296875,0.97265625
1.4687704081632653,-0.015625,-0.00390625,1.01171875
1.4712142857142858,-0.01953125,-0.01953125,0.9921875
1.473658163265306,-0.015625,-0.01953125,1.00390625
1.4761020408163266,0.0,-0.046875,1.0
1.478545918367347,-0.0234375,-0.01953125,0.9765625
1.4809897959183673,-0.0234375,-0.01953125,0.96875
1.4834336734693878,-0.015625,-0.015625,0.9765625
1.4858775510204083,-0.00390625,-0.0078125,0.99609375
1.4883214285714286,-0.03125,-0.01953125,1.00390625
1.490765306122449,-0.03125,-0.03515625,0.98046875
1.4932091836734693,-0.01171875,-0.015625,0.98828125
1.4956530612244898,-0.046875,-0.01171875,1.00390625
1.4980969387755103,-0.01953125,-0.0390625,0.98828125
1.5005408163265306,-0.0234375,-0.0234375,0.984375
1.502984693877551,-0.0234375,-0.01171875,0.984375
1.5054285714285716,-0.00390625,-0.01953125,1.0
1.5078724489795918,-0.0390625,-0.0234375,1.0
1.5103163265306123,-0.01171875,-0.01171875,0.98828125
1.5127602040816328,-0.0390625,-0.01953125,0.99609375
1.515204081632653,-0.0234375,-0.03515625,0.99609375
1.5176479591836736,-0.0078125,-0.015625,0.9921875
1.5200918367346938,-0.0078125,-0.03515625,0.99609375
1.5225357142857143,-0.02734375,-0.01171875,0.9921875
1.5249795918367348,-0.00390625,-0.0234375,0.9921875
1.527423469387755,-0.015625,-0.0078125,0.99609375
1.5298673469387756,-0.05859375,-0.02734375,1.00390625
1.532311224489796,-0.00390625,-0.01953125,0.99609375
1.5347551020408163,-0.01171875,-0.01953125,0.9921875
1.5371989795918368,-0.01953125,-0.03125,0.98046875
1.539642857142857,-0.01953125,-0.015625,0.9765625
1.5420867346938776,-0.01171875,-0.03125,0.98046875
1.544530612244898,-0.03515625,-0.01953125,0.99609375
1.5469744897959183,-0.00390625,-0.05859375,1.00390625
1.5494183673469388,0.00390625,-0.03125,0.96484375
1.5518622448979593,0.0,-0.0234375,0.97265625
1.5543061224489796,-0.0390625,-0.01171875,1.0078125
1.55675,-0.0234375,-0.0390625,0.984375
1.5591938775510203,-0.01953125,-0.01953125,0.99609375
1.5616377551020408,-0.00390625,-0.015625,0.984375
1.5640816326530613,-0.01953125,-0.01171875,0.99609375
1.5665255102040816,-0.01953125,-0.015625,0.9921875
1.568969387755102,-0.01953125,-0.02734375,1.0
1.5714132653061226,-0.0390625,-0.02734375,0.9921875
1.5738571428571428,-0.0078125,-0.0078125,1.00390625
1.5763010204081633,-0.00390625,-0.04296875,0.98828125
1.5787448979591838,-0.0078125,-0.01953125,1.0078125
1.581188775510204,-0.015625,-0.0078125,0.99609375
1.5836326530612246,-0.02734375,-0.02734375,1.01171875
1.5860765306122449,-0.0078125,-0.0078125,0.98828125
1.5885204081632653,-0.00390625,-0.04296875,1.00390625
1.5909642857142858,0.0,-0.0234375,0.98828125
1.593408163265306,-0.01171875,-0.015625,1.00390625
1.5958520408163266,-0.015625,-0.015625,0.9921875
1.598295918367347,-0.01953125,-0.0234375,1.0
1.6007397959183673,-0.0078125,-0.015625,0.98828125
1.6031836734693878,-0.0234375,-0.04296875,1.0
1.605627551020408,-0.015625,-0.03125,1.0078125
1.6080714285714286,-0.00390625,-0.04296875,0.98828125
1.610515306122449,-0.01953125,-0.015625,1.0
1.6129591836734694,0.0,-0.01171875,1.0
1.6154030612244898,-0.00390625,-0.03515625,1.0078125
1.6178469387755103,-0.01171875,-0.046875,0.99609375
1.6202908163265306,-0.01171875,-0.015625,0.99609375
1.622734693877551,-0.0234375,-0.01171875,1.00390625
1.6251785714285716,-0.02734375,-0.01171875,1.0
1.6276224489795919,-0.01953125,-0.0078125,0.98046875
1.6300663265306123,-0.03515625,-0.0078125,1.0
1.6325102040816326,-0.03125,-0.03125,0.97265625
1.634954081632653,-0.03515625,-0.015625,0.99609375
1.6373979591836736,-0.0234375,-0.0234375,1.0
1.6398418367346939,-0.01953125,-0.015625,0.99609375
1.6422857142857143,-0.0078125,-0.04296875,0.97265625
1.6447295918367348,-0.01171875,-0.02734375,0.984375
1.647173469387755,-0.01953125,-0.0390625,0.99609375
1.6496173469387756,-0.0078125,-0.04296875,1.0
1.6520612244897959,-0.0078125,-0.01953125,1.0078125
1.6545051020408164,-0.01953125,-0.01953125,0.98828125
1.6569489795918368,-0.0078125,-0.01953125,0.9921875
1.6593928571428571,-0.0078125,-0.015625,1.0
1.6618367346938776,-0.01953125,-0.0234375,1.00390625
1.664280612244898,-0.02734375,-0.01953125,0.984375
1.6667244897959184,-0.0234375,-0.0390625,1.01171875
1.6691683673469389,-0.00390625,-0.0078125,0.97265625
1.6716122448979593,-0.01171875,-0.0234375,1.0
1.6740561224489796,-0.0078125,-0.01171875,1.0
1.6765,-0.0234375,-0.015625,0.99609375
1.6789438775510204,-0.0078125,-0.02734375,0.99609375
1.6813877551020409,-0.015625,-0.02734375,0.9921875
1.6838316326530613,-0.02734375,-0.015625,0.984375
1.6862755102040816,-0.015625,-0.02734375,0.9921875
1.688719387755102,-0.02734375,-0.015625,0.984375
1.6911632653061226,-0.03515625,-0.03515625,0.99609375
1.6936071428571429,-0.01171875,-0.015625,0.99609375
1.6960510204081634,-0.0078125,-0.015625,0.9921875
1.6984948979591836,-0.0078125,-0.015625,0.9921875
1.7009387755102041,-0.03125,-0.0234375,0.984375
1.7033826530612246,-0.0078125,-0.01953125,0.98046875
1.7058265306122449,-0.0078125,-0.02734375,0.98046875
1.7082704081632654,-0.0234375,-0.0234375,1.00390625
1.7107142857142859,-0.01953125,-0.0234375,0.97265625
1.7131581632653061,-0.015625,-0.01953125,0.9765625
1.7156020408163266,-0.0234375,-0.015625,1.0
1.7180459183673469,-0.01953125,-0.00390625,1.0
1.7204897959183674,-0.015625,-0.0078125,0.9921875
1.7229336734693879,-0.02734375,-0.03125,0.98828125
1.7253775510204081,-0.03125,-0.046875,1.00390625
1.7278214285714286,-0.01953125,-0.046875,0.99609375
1.730265306122449,-0.01171875,-0.03125,1.0
1.7327091836734694,-0.0078125,-0.02734375,1.01171875
1.7351530612244899,-0.0234375,-0.015625,0.99609375
1.7375969387755104,-0.04296875,-0.04296875,0.9765625
1.7400408163265306,0.00390625,-0.01171875,0.984375
1.7424846938775511,-0.04296875,-0.01953125,0.984375
1.7449285714285714,-0.01953125,-0.00390625,0.98046875
1.7473724489795919,-0.00390625,-0.01171875,0.9921875
1.7498163265306124,-0.0078125,-0.02734375,0.98828125
1.7522602040816326,0.0078125,0.0,0.98046875
1.7547040816326531,-0.02734375,-0.02734375,0.984375
1.7571479591836736,-0.01953125,-0.03125,1.0234375
1.7595918367346939,-0.046875,-0.0390625,0.9921875
1.7620357142857144,-0.01953125,-0.01171875,1.0
1.7644795918367346,-0.03125,-0.01953125,0.984375
1.7669234693877551,-0.01171875,-0.0234375,0.98828125
1.7693673469387756,-0.0078125,-0.0078125,1.0
1.7718112244897959,-0.02734375,-0.02734375,1.0
1.7742551020408164,-0.03125,-0.046875,1.0078125
1.7766989795918369,-0.0078125,-0.03125,0.97265625
1.7791428571428571,-0.01171875,-0.03125,1.0
1.7815867346938776,-0.0234375,-0.0078125,1.0
1.7840306122448981,-0.02734375,-0.015625,0.984375
1.7864744897959184,-0.01953125,-0.03125,0.984375
1.7889183673469389,-0.015625,-0.03125,0.9765625
1.7913622448979591,-0.00390625,-0.00390625,0.97265625
1.7938061224489796,-0.015625,-0.03125,0.9921875
1.7962500000000001,-0.03125,-0.03515625,0.98828125
1.7986938775510204,-0.03125,-0.015625,1.0078125
1.8011377551020409,-0.01953125,-0.01953125,0.9921875
1.8035816326530614,-0.01953125,-0.0234375,1.00390625
1.8060255102040816,-0.02734375,-0.01953125,0.9921875
1.8084693877551021,-0.01171875,-0.02734375,0.984375
1.8109132653061224,-0.015625,-0.0234375,1.00390625
1.813357142857143,-0.0234375,-0.01953125,0.99609375
1.8158010204081634,-0.02734375,-0.01171875,0.99609375
1.8182448979591836,-0.01171875,-0.02734375,0.98046875
1.8206887755102041,-0.0390625,-0.01171875,1.00390625
1.8231326530612246,-0.00390625,-0.0234375,0.99609375
1.825576530612245,-0.0234375,-0.015625,0.99609375
1.8280204081632654,-0.015625,-0.01953125,1.0
1.8304642857142859,-0.03125,-0.0078125,0.98046875
1.8329081632653061,-0.01953125,-0.04296875,1.00390625
1.8353520408163266,-0.0234375,-0.0390625,0.984375
1.837795918367347,-0.03125,-0.015625,0.9765625
1.8402397959183674,-0.02734375,-0.0234375,0.98046875
1.8426836734693879,-0.01171875,-0.015625,0.99609375
1.8451275510204082,-0.015625,-0.0078125,0.99609375
1.8475714285714286,-0.015625,-0.01171875,0.9921875
1.8500153061224491,-0.0234375,-0.03125,0.98828125
1.8524591836734694,-0.01953125,-0.0234375,1.0078125
1.85490306122449,-0.0234375,-0.03515625,0.98828125
1.8573469387755102,-0.01953125,-0.0390625,1.0078125
1.8597908163265306,-0.01171875,-0.015625,0.96484375
1.8622346938775511,-0.01953125,-0.02734375,0.99609375
1.8646785714285714,-0.015625,-0.03515625,0.98828125
1.867122448979592,-0.01953125,-0.01953125,0.96875
1.8695663265306124,-0.015625,-0.00390625,1.01171875
1.8720102040816327,-0.01171875,-0.01171875,0.9921875
1.8744540816326531,-0.03515625,-0.015625,0.9765625
1.8768979591836734,-0.0078125,-0.015625,0.9921875
1.879341836734694,-0.04296875,-0.04296875,1.0
1.8817857142857144,-0.01953125,-0.03125,0.99609375
1.8842295918367347,-0.01953125,-0.015625,1.0
1.8866734693877552,-0.015625,-0.046875,0.99609375
1.8891173469387756,-0.01171875,-0.02734375,0.98828125
1.891561224489796,-0.01171875,-0.02734375,0.96875
1.8940051020408164,-0.00390625,-0.0078125,0.984375
1.896448979591837,-0.01953125,-0.01171875,0.99609375
1.8988928571428572,-0.015625,-0.01953125,1.00390625
1.9013367346938777,-0.01171875,-0.01953125,1.0
1.903780612244898,-0.0078125,-0.0546875,1.00390625
1.9062244897959184,-0.02734375,-0.01171875,0.9921875
1.908668367346939,-0.01171875,0.00390625,0.98828125
1.9111122448979592,-0.03125,-0.02734375,1.0
1.9135561224489797,-0.03125,-0.02734375,0.9765625
1.9160000000000001,-0.01953125,-0.02734375,0.9921875
1.9184438775510204,-0.015625,-0.01953125,1.0
1.920887755102041,-0.01953125,-0.01953125,0.9921875
1.9233316326530612,-0.03125,-0.00390625,0.9921875
1.9257755102040817,-0.015625,-0.04296875,1.0078125
1.9282193877551022,-0.015625,-0.015625,1.00390625
1.9306632653061224,-0.0078125,-0.015625,0.98828125
1.933107142857143,-0.01953125,-0.03515625,1.0078125
1.9355510204081634,-0.02734375,-0.0234375,0.99609375
1.9379948979591837,-0.01953125,-0.0234375,1.0
1.9404387755102042,-0.03125,-0.00390625,1.00390625
1.9428826530612247,-0.015625,-0.0390625,0.9921875
1.945326530612245,0.0,-0.02734375,0.9765625
1.9477704081632654,-0.015625,-0.0078125,0.9921875
1.9502142857142857,-0.01953125,-0.015625,0.9921875
1.9526581632653062,-0.01953125,-0.0078125,0.99609375
1.9551020408163267,-0.015625,-0.02734375,1.0078125
1.957545918367347,-0.01171875,-0.0390625,1.0
1.9599897959183674,-0.015625,-0.0234375,1.0
1.962433673469388,-0.015625,-0.0234375,0.98828125
1.9648775510204082,-0.03515625,-0.015625,0.99609375
1.9673214285714287,-0.0234375,-0.0390625,0.9921875
1.969765306122449,-0.00390625,-0.01171875,0.984375
1.9722091836734694,-0.0234375,-0.0234375,1.00390625
1.97465306122449,-0.03125,-0.03515625,0.98828125
1.9770969387755102,-0.01171875,-0.01953125,0.96875
1.9795408163265307,0.00390625,-0.0078125,0.984375
1.9819846938775512,-0.03125,-0.0234375,0.96484375
1.9844285714285714,-0.015625,-0.03125,0.984375
1.986872448979592,-0.01953125,-0.04296875,1.0
1.9893163265306124,-0.015625,-0.0234375,1.015625
1.9917602040816327,-0.01953125,-0.0234375,1.0078125
1.9942040816326532,-0.02734375,-0.0078125,0.99609375
1.9966479591836734,-0.0234375,-0.03125,0.99609375
1.999091836734694,-0.01171875,0.0,0.9921875
2.001535714285714,-0.00390625,-0.0234375,0.984375
2.003979591836735,-0.01953125,-0.05078125,0.99609375
2.006423469387755,-0.0234375,-0.02734375,0.984375
2.0088673469387754,-0.02734375,-0.0234375,0.99609375
2.011311224489796,-0.01953125,-0.03125,1.0
2.0137551020408164,-0.01953125,-0.01953125,0.99609375
2.0161989795918367,0.0,-0.03515625,0.99609375
2.0186428571428574,-0.0078125,-0.0078125,0.96875
2.0210867346938777,-0.01953125,-0.01171875,0.99609375
2.023530612244898,-0.0234375,-0.03515625,1.0
2.025974489795918,-0.01171875,-0.0234375,0.99609375
2.028418367346939,-0.0234375,-0.0078125,0.9921875
2.030862244897959,-0.03515625,-0.015625,1.00390625
2.0333061224489795,-0.01171875,-0.04296875,0.98046875
2.03575,-0.02734375,-0.02734375,0.98828125
2.0381938775510204,-0.0078125,-0.03125,0.99609375
2.0406377551020407,-0.01171875,-0.01171875,1.00390625
2.0430816326530614,-0.046875,-0.03125,1.00390625
2.0455255102040817,-0.0234375,-0.02734375,0.9921875
2.047969387755102,-0.0234375,-0.01171875,1.0
2.0504132653061227,-0.03125,-0.0234375,1.0
2.052857142857143,-0.01171875,-0.0390625,1.00390625
2.055301020408163,-0.03515625,-0.0390625,0.99609375
2.057744897959184,-0.03515625,-0.01171875,1.0
2.060188775510204,-0.02734375,-0.03125,0.96875
2.0626326530612245,-0.01953125,-0.01953125,0.9921875
2.065076530612245,-0.015625,-0.02734375,0.99609375
2.0675204081632654,-0.02734375,-0.03125,1.0
2.0699642857142857,-0.0234375,-0.01953125,1.0078125
2.072408163265306,-0.03125,-0.0546875,0.99609375
2.0748520408163267,-0.01953125,-0.03125,0.98828125
2.077295918367347,-0.01953125,-0.01171875,0.9765625
2.079739795918367,-0.0078125,-0.03125,0.9765625
2.082183673469388,-0.01953125,-0.0234375,1.00390625
2.084627551020408,-0.0078125,-0.015625,0.98828125
2.0870714285714285,0.0,-0.0078125,0.98828125
2.089515306122449,-0.01953125,-0.05859375,1.00390625
2.0919591836734694,-0.015625,-0.03515625,0.9765625
2.0944030612244897,-0.01171875,-0.015625,0.984375
2.0968469387755104,-0.03125,-0.03125,0.984375
2.0992908163265307,-0.01953125,-0.046875,1.0078125
2.101734693877551,-0.01171875,-0.0234375,0.9921875
2.1041785714285717,-0.01171875,-0.03125,1.0078125
2.106622448979592,-0.0234375,-0.02734375,0.984375
2.109066326530612,-0.015625,-0.03125,0.9921875
2.111510204081633,-0.00390625,-0.03125,1.0078125
2.113954081632653,-0.0078125,-0.0546875,0.9921875
2.1163979591836735,-0.04296875,-0.01171875,0.984375
2.1188418367346937,-0.02734375,-0.015625,0.98046875
2.1212857142857144,-0.015625,-0.03125,0.9921875
2.1237295918367347,0.0,-0.04296875,1.0
2.126173469387755,-0.015625,-0.04296875,0.9765625
2.1286173469387757,-0.0234375,-0.03515625,1.0
2.131061224489796,-0.015625,-0.03515625,1.00390625
2.1335051020408162,-0.015625,-0.0234375,0.99609375
2.135948979591837,-0.00390625,-0.0234375,1.00390625
2.138392857142857,0.0,-0.03125,1.0078125
2.1408367346938775,-0.0234375,-0.03125,1.00390625
2.143280612244898,-0.0234375,-0.0234375,1.00390625
2.1457244897959185,-0.01171875,-0.03125,1.0
2.1481683673469387,-0.0078125,-0.0234375,0.9921875
2.1506122448979594,-0.0078125,-0.015625,1.00390625
2.1530561224489797,-0.03125,-0.015625,0.98828125
2.1555,-0.02734375,-0.03125,0.9765625
2.1579438775510207,-0.0078125,-0.04296875,0.9765625
2.160387755102041,-0.01953125,-0.00390625,0.96875
2.162831632653061,-0.01171875,-0.00390625,1.0
2.1652755102040815,-0.00390625,-0.01953125,1.01953125
2.167719387755102,-0.015625,-0.04296875,1.00390625
2.1701632653061225,-0.01953125,-0.03125,0.984375
2.1726071428571427,-0.02734375,-0.03515625,1.0
2.1750510204081634,-0.01171875,-0.03125,0.98046875
2.1774948979591837,-0.03125,-0.01953125,1.015625
2.179938775510204,-0.0078125,-0.03515625,0.98828125
2.1823826530612247,-0.01953125,-0.0234375,1.0
2.184826530612245,-0.02734375,-0.0390625,0.984375
2.1872704081632652,-0.0234375,-0.01953125,0.99609375
2.189714285714286,-0.0234375,-0.03515625,0.99609375
2.192158163265306,-0.0078125,-0.02734375,0.9765625
2.1946020408163265,-0.00390625,-0.046875,1.015625
2.197045918367347,-0.015625,-0.02734375,0.98828125
2.1994897959183675,-0.01171875,-0.015625,1.0
2.2019336734693877,-0.01953125,-0.01171875,1.01953125
2.2043775510204084,-0.01171875,-0.03515625,0.9921875
2.2068214285714287,-0.0078125,-0.0390625,1.00390625
2.209265306122449,-0.01953125,-0.02734375,1.00390625
2.2117091836734692,-0.0234375,-0.01953125,0.9921875
2.21415306122449,-0.03125,-0.01953125,0.96875
2.2165969387755102,-0.03125,-0.0078125,1.0
2.2190408163265305,-0.03125,-0.0234375,0.9921875
2.221484693877551,-0.015625,-0.015625,1.0
2.2239285714285715,-0.00390625,-0.04296875,1.00390625
2.2263724489795917,-0.02734375,-0.01171875,0.98046875
2.2288163265306125,-0.03125,-0.0234375,0.98046875
2.2312602040816327,-0.015625,-0.015625,0.98828125
2.233704081632653,-0.01953125,-0.0078125,0.9765625
2.2361479591836737,-0.03125,-0.015625,0.97265625
2.238591836734694,-0.03515625,-0.0234375,0.9765625
2.2410357142857142,-0.01171875,-0.0234375,0.9765625
2.243479591836735,0.00390625,-0.02734375,1.0078125
2.2459234693877552,-0.0078125,-0.01171875,0.984375
2.2483673469387755,-0.0078125,-0.0234375,1.00390625
2.250811224489796,-0.0078125,-0.03125,1.0078125
2.2532551020408165,0.0,-0.02734375,0.98828125
2.2556989795918367,-0.0078125,-0.0078125,0.984375
2.258142857142857,-0.01171875,-0.03125,1.0
2.2605867346938777,-0.03125,-0.03515625,0.99609375
2.263030612244898,-0.0078125,-0.015625,0.9921875
2.2654744897959183,-0.0078125,-0.01171875,0.9765625
2.267918367346939,-0.015625,-0.02734375,1.00390625
2.2703622448979592,-0.0078125,-0.0390625,1.0
2.2728061224489795,-0.0390625,-0.0390625,0.99609375
2.27525,-0.01953125,-0.02734375,0.984375
2.2776938775510205,-0.0078125,-0.0390625,1.0
2.2801377551020408,-0.015625,-0.015625,0.9921875
2.2825816326530615,-0.0234375,-0.01953125,0.98828125
2.2850255102040817,-0.00390625,-0.01171875,1.00390625
2.287469387755102,-0.00390625,-0.03515625,0.984375
2.2899132653061227,-0.01953125,-0.0390625,0.99609375
2.292357142857143,-0.01953125,-0.015625,0.98828125
2.2948010204081633,-0.01171875,-0.02734375,0.984375
2.297244897959184,-0.01953125,-0.03515625,0.97265625
2.2996887755102042,-0.02734375,-0.01953125,1.00390625
2.3021326530612245,-0.0234375,-0.02734375,0.9921875
2.3045765306122448,-0.00390625,-0.015625,1.0
2.3070204081632655,-0.01953125,-0.01953125,1.0078125
2.3094642857142857,-0.0078125,-0.01953125,0.984375
2.311908163265306,-0.0078125,-0.01953125,0.98828125
2.3143520408163267,-0.00390625,-0.015625,0.99609375
2.316795918367347,-0.01953125,-0.01953125,1.00390625
2.3192397959183673,-0.03125,-0.0390625,1.00390625
2.321683673469388,-0.01171875,-0.02734375,0.99609375
2.3241275510204082,-0.0234375,-0.04296875,1.0078125
2.3265714285714285,-0.0078125,-0.01953125,0.99609375
2.3290153061224492,-0.03125,-0.02734375,0.97265625
2.3314591836734695,-0.015625,-0.02734375,0.99609375
2.3339030612244898,-0.0234375,-0.0078125,1.00390625
2.3363469387755105,-0.03125,-0.03125,0.9921875
2.3387908163265307,-0.02734375,-0.02734375,0.984375
2.341234693877551,-0.01171875,-0.015625,0.9921875
2.3436785714285713,-0.01171875,-0.0234375,0.9921875
2.346122448979592,-0.03125,-0.01953125,1.0
2.3485663265306123,-0.01953125,-0.04296875,0.9921875
2.3510102040816325,0.0,-0.0234375,0.99609375
2.3534540816326532,-0.0078125,-0.015625,1.0078125
2.3558979591836735,-0.0390625,-0.03125,0.9765625
2.3583418367346938,0.00390625,-0.01953125,0.984375
2.3607857142857145,-0.0234375,-0.046875,0.9921875
2.3632295918367348,0.0,-0.01953125,1.0
2.365673469387755,-0.015625,-0.0234375,1.00390625
2.3681173469387757,-0.03515625,-0.015625,0.98828125
2.370561224489796,-0.01171875,-0.03125,1.0
2.3730051020408163,-0.0078125,-0.0078125,0.984375
2.375448979591837,-0.0390625,-0.01953125,0.99609375
2.3778928571428573,-0.02734375,-0.05078125,0.9921875
2.3803367346938775,-0.01171875,-0.01953125,1.00390625
2.3827806122448982,-0.02734375,-0.03515625,1.01953125
2.3852244897959185,-0.015625,-0.02734375,1.00390625
2.3876683673469388,-0.01953125,-0.03125,0.98046875
2.390112244897959,-0.015625,-0.03125,0.9921875
2.3925561224489797,-0.0078125,-0.0234375,0.96484375
2.395,0.0,-0.0234375,0.984375
2.3974438775510203,-0.0078125,-0.015625,0.99609375
2.399887755102041,-0.01171875,-0.0078125,0.99609375
2.4023316326530613,-0.01171875,-0.015625,0.9921875
2.4047755102040815,-0.01953125,-0.0234375,0.98828125
2.4072193877551022,-0.01953125,-0.01953125,0.9765625
2.4096632653061225,-0.02734375,-0.03515625,1.00390625
2.412107142857143,0.00390625,-0.02734375,0.99609375
2.4145510204081635,-0.01953125,-0.03125,0.98046875
2.4169948979591838,-0.01953125,-0.015625,0.9765625
2.419438775510204,-0.00390625,-0.0078125,0.99609375
2.4218826530612247,-0.02734375,-0.01171875,1.0
2.424326530612245,-0.00390625,-0.01171875,0.98828125
2.4267704081632653,-0.01171875,-0.03125,0.99609375
2.429214285714286,-0.0078125,-0.0234375,1.0078125
2.4316581632653063,-0.0078125,-0.03125,0.9921875
2.4341020408163265,-0.00390625,-0.0234375,0.9765625
2.436545918367347,-0.02734375,-0.0234375,0.9921875
2.4389897959183675,-0.0078125,-0.03125,0.98828125
2.4414336734693878,-0.0078125,-0.0078125,0.98828125
2.443877551020408,-0.0078125,-0.015625,1.0078125
2.4463214285714288,-0.015625,-0.01171875,1.0
2.448765306122449,-0.015625,-0.03125,1.0
2.4512091836734693,-0.02734375,-0.01171875,0.98828125
2.45365306122449,-0.015625,-0.01953125,0.98046875
2.4560969387755103,-0.015625,-0.00390625,0.98046875
2.4585408163265305,-0.03125,-0.0078125,0.9921875
2.4609846938775513,-0.015625,-0.03515625,0.9921875
2.4634285714285715,-0.0078125,-0.01953125,0.95703125
2.465872448979592,-0.01171875,-0.0078125,0.9921875
2.4683163265306125,-0.0234375,-0.015625,0.9921875
2.4707602040816328,-0.01171875,-0.04296875,1.0
2.473204081632653,-0.00390625,-0.015625,0.9921875
2.4756479591836738,-0.03125,-0.015625,0.9921875
2.478091836734694,-0.0234375,-0.01171875,0.9765625
2.4805357142857143,-0.0234375,-0.0078125,1.0078125
2.4829795918367346,-0.0234375,-0.0234375,1.0078125
2.4854234693877553,-0.02734375,-0.0234375,1.0
2.4878673469387755,0.0,-0.0078125,0.9921875
2.490311224489796,-0.01171875,-0.03125,0.984375
2.4927551020408165,-0.01171875,-0.04296875,0.953125
2.495198979591837,-0.015625,-0.01953125,1.015625
2.497642857142857,-0.02734375,-0.02734375,1.01171875
2.5000867346938778,-0.015625,-0.04296875,0.9921875
2.502530612244898,-0.0234375,-0.0234375,1.0234375
2.5049744897959183,-0.0078125,-0.03515625,0.953125
2.507418367346939,-0.0078125,-0.01953125,0.984375
2.5098622448979593,-0.0234375,-0.015625,1.0078125
2.5123061224489796,-0.0234375,-0.0234375,0.9921875
2.5147500000000003,-0.0078125,-0.0234375,1.0
2.5171938775510205,-0.01171875,-0.015625,1.00390625
2.519637755102041,-0.03515625,-0.015625,0.98046875
2.5220816326530615,-0.0390625,-0.03515625,1.0
2.524525510204082,-0.03515625,-0.015625,1.00390625
2.526969387755102,-0.02734375,-0.01171875,0.99609375
2.5294132653061223,-0.015625,-0.01171875,1.00390625
2.531857142857143,-0.0234375,-0.0234375,1.00390625
2.5343010204081633,-0.03125,-0.015625,0.98828125
2.5367448979591836,-0.0078125,-0.02734375,0.98828125
2.5391887755102043,-0.0078125,-0.03125,1.01953125
2.5416326530612245,-0.01171875,-0.01171875,1.015625
2.544076530612245,-0.01171875,-0.04296875,0.984375
2.5465204081632655,-0.01171875,-0.046875,1.0078125
2.548964285714286,-0.0078125,-0.02734375,1.00390625
2.551408163265306,-0.00390625,-0.02734375,0.9921875
2.5538520408163268,-0.0234375,-0.01953125,1.0
2.556295918367347,-0.015625,-0.015625,1.0078125
2.5587397959183673,-0.01953125,-0.01953125,0.98828125
2.561183673469388,-0.015625,-0.015625,0.9921875
2.5636275510204083,-0.0234375,-0.01953125,0.9921875
2.5660714285714286,-0.0078125,-0.01953125,0.98828125
2.5685153061224493,-0.015625,-0.015625,0.97265625
2.5709591836734695,-0.03125,-0.0234375,0.9765625
2.57340306122449,-0.0234375,-0.0390625,1.01171875
2.57584693877551,-0.01171875,-0.0078125,0.984375
2.578290816326531,-0.01171875,-0.02734375,1.00390625
2.580734693877551,-0.01953125,-0.01953125,1.00390625
2.5831785714285713,-0.00390625,-0.03515625,0.9765625
2.585622448979592,-0.02734375,-0.02734375,0.98828125
2.5880663265306123,-0.01953125,-0.01953125,1.0
2.5905102040816326,-0.01171875,-0.03125,0.9921875
2.5929540816326533,-0.03515625,-0.02734375,0.97265625
2.5953979591836736,-0.015625,-0.01171875,0.99609375
2.597841836734694,-0.01171875,-0.0078125,0.984375
2.6002857142857145,-0.01953125,-0.01953125,0.984375
2.602729591836735,0.0,-0.0078125,1.00390625
2.605173469387755,-0.04296875,-0.0390625,0.99609375
2.607617346938776,-0.01171875,-0.0390625,1.0
2.610061224489796,-0.015625,-0.02734375,1.0
2.6125051020408163,-0.02734375,-0.01953125,0.98828125
2.614948979591837,-0.01171875,-0.015625,1.0
2.6173928571428573,-0.01171875,-0.01171875,0.984375
2.6198367346938776,-0.0078125,-0.03125,1.00390625
2.622280612244898,-0.0078125,-0.0234375,0.9921875
2.6247244897959185,-0.03515625,-0.02734375,0.984375
2.627168367346939,-0.015625,-0.00390625,0.99609375
2.629612244897959,-0.01953125,-0.0234375,0.984375
2.63205612244898,-0.015625,-0.0390625,1.00390625
2.6345,-0.01171875,-0.03125,1.0
2.6369438775510203,-0.03515625,-0.03515625,1.00390625
2.639387755102041,-0.01171875,-0.0546875,1.00390625
2.6418316326530613,-0.01953125,-0.03515625,0.99609375
2.6442755102040816,-0.015625,-0.0234375,1.0078125
2.6467193877551023,-0.0234375,-0.015625,0.98828125
2.6491632653061226,-0.01953125,-0.0390625,1.01171875
2.651607142857143,-0.01953125,-0.05078125,0.99609375
2.6540510204081635,-0.0078125,-0.0234375,1.0
2.656494897959184,-0.015625,-0.046875,0.99609375
2.658938775510204,-0.0078125,-0.015625,0.9765625
2.661382653061225,-0.01171875,-0.046875,1.0
2.663826530612245,-0.03125,-0.02734375,0.98828125
2.6662704081632653,-0.0234375,-0.0234375,0.9765625
2.6687142857142856,-0.01953125,-0.03515625,1.0
2.6711581632653063,-0.01171875,-0.0234375,1.015625
2.6736020408163266,-0.015625,-0.03125,0.98828125
2.676045918367347,-0.0234375,-0.02734375,1.00390625
2.6784897959183676,-0.02734375,-0.01953125,0.9921875
2.680933673469388,-0.01953125,-0.015625,0.98828125
2.683377551020408,-0.015625,-0.03515625,0.98828125
2.685821428571429,-0.01171875,-0.00390625,0.9921875
2.688265306122449,-0.015625,-0.01171875,1.0078125
2.6907091836734693,-0.01171875,-0.03125,1.0
2.69315306122449,-0.01953125,-0.02734375,0.99609375
2.6955969387755103,0.0,-0.01953125,0.984375
2.6980408163265306,-0.01953125,-0.05078125,1.0234375
2.7004846938775513,-0.00390625,-0.0234375,0.99609375
2.7029285714285716,-0.00390625,-0.0234375,0.98828125
2.705372448979592,-0.02734375,-0.01171875,0.9765625
2.707816326530612,-0.03125,-0.01953125,1.0
2.710260204081633,-0.01171875,-0.01953125,0.98828125
2.712704081632653,-0.00390625,-0.04296875,0.97265625
2.7151479591836734,-0.01171875,-0.0234375,0.984375
2.717591836734694,-0.01171875,-0.03515625,0.99609375
2.7200357142857143,-0.03125,-0.0234375,0.99609375
2.7224795918367346,-0.01171875,-0.03515625,0.9765625
2.7249234693877553,-0.02734375,-0.02734375,0.96875
2.7273673469387756,-0.01953125,-0.03125,0.9765625
2.729811224489796,-0.03125,-0.02734375,0.98828125
2.7322551020408166,-0.01171875,-0.03515625,1.0
2.734698979591837,-0.01171875,-0.0078125,1.0
2.737142857142857,-0.01953125,-0.01953125,0.98828125
2.739586734693878,-0.015625,-0.0234375,0.98828125
2.742030612244898,-0.0078125,-0.0234375,1.0078125
2.7444744897959183,-0.02734375,-0.01171875,0.9921875
2.746918367346939,-0.01953125,-0.02734375,0.984375
2.7493622448979593,-0.01171875,-0.0234375,0.98828125
2.7518061224489796,-0.05078125,-0.0390625,1.00390625
2.75425,-0.01171875,-0.03515625,1.015625
2.7566938775510206,-0.0078125,-0.01953125,0.98828125
2.759137755102041,-0.0078125,-0.015625,1.01171875
2.761581632653061,-0.0390625,-0.05078125,0.984375
2.764025510204082,-0.02734375,-0.0078125,1.0078125
2.766469387755102,-0.0234375,-0.05859375,1.01171875
2.7689132653061224,-0.01953125,-0.01953125,0.98828125
2.771357142857143,-0.01171875,-0.01953125,0.984375
2.7738010204081633,-0.015625,-0.0078125,0.99609375
2.7762448979591836,-0.01171875,-0.03515625,1.0078125
2.7786887755102043,-0.01953125,-0.01953125,1.015625
2.7811326530612246,-0.0078125,-0.01171875,0.97265625
2.783576530612245,-0.015625,-0.02734375,0.9765625
2.7860204081632656,-0.015625,-0.015625,0.98046875
2.788464285714286,-0.0234375,-0.03515625,0.99609375
2.790908163265306,-0.01171875,-0.01171875,1.0
2.793352040816327,-0.03125,-0.01171875,0.9921875
2.795795918367347,-0.00390625,-0.03125,0.97265625
2.7982397959183674,-0.01171875,-0.03125,0.98046875
2.8006836734693876,-0.02734375,-0.01171875,0.98828125
2.8031275510204083,-0.01171875,-0.01171875,0.97265625
2.8055714285714286,-0.015625,-0.03125,0.99609375
2.808015306122449,-0.01953125,-0.01171875,0.9609375
2.8104591836734696,-0.01171875,-0.01171875,1.0078125
2.81290306122449,-0.0234375,-0.02734375,0.98828125
2.81534693877551,-0.015625,-0.02734375,0.984375
2.817790816326531,-0.0078125,-0.02734375,1.01171875
2.820234693877551,-0.0078125,-0.015625,0.98828125
2.8226785714285714,-0.02734375,-0.015625,0.9921875
2.825122448979592,-0.02734375,-0.03125,1.0078125
2.8275663265306124,0.0,-0.015625,0.97265625
2.8300102040816326,-0.0390625,-0.015625,1.0
2.8324540816326533,-0.00390625,-0.00390625,1.0078125
2.8348979591836736,-0.015625,-0.01953125,0.99609375
2.837341836734694,-0.03515625,-0.015625,1.00390625
2.8397857142857146,-0.01171875,-0.01171875,0.97265625
2.842229591836735,-0.03125,-0.01953125,1.00390625
2.844673469387755,-0.01171875,-0.015625,1.00390625
2.8471173469387754,-0.01953125,-0.0234375,0.9765625
2.849561224489796,-0.00390625,-0.02734375,1.00390625
2.8520051020408164,-0.01171875,-0.01953125,1.00390625
2.8544489795918366,-0.0078125,-0.015625,0.99609375
2.8568928571428573,-0.00390625,-0.04296875,1.0
2.8593367346938776,-0.03125,-0.01953125,1.01953125
2.861780612244898,-0.0078125,-0.0078125,1.0
2.8642244897959186,-0.0078125,-0.0078125,1.00390625
2.866668367346939,-0.01953125,-0.00390625,0.984375
2.869112244897959,-0.0234375,-0.02734375,1.00390625
2.87155612244898,-0.02734375,-0.01171875,0.9609375
2.874,-0.0390625,-0.01953125,1.0078125
2.8764438775510204,-0.03125,-0.03125,0.98046875
2.878887755102041,-0.0078125,-0.0078125,1.0
2.8813316326530614,-0.0078125,-0.03125,0.99609375
2.8837755102040816,-0.0234375,-0.01953125,1.00390625
2.8862193877551023,-0.01953125,-0.02734375,0.9921875
2.8886632653061226,-0.015625,-0.04296875,1.0078125
2.891107142857143,-0.04296875,-0.0390625,0.98828125
2.893551020408163,-0.04296875,-0.01953125,1.0078125
2.895994897959184,-0.01171875,-0.02734375,0.984375
2.898438775510204,-0.02734375,-0.03125,0.99609375
2.9008826530612244,-0.03125,-0.0390625,0.9765625
2.903326530612245,-0.02734375,-0.01953125,1.00390625
2.9057704081632654,-0.015625,-0.0078125,0.9765625
2.9082142857142856,-0.0234375,-0.015625,1.0
2.9106581632653064,-0.01953125,-0.015625,0.99609375
2.9131020408163266,-0.015625,-0.015625,1.0078125
2.915545918367347,0.0,-0.03125,0.98828125
2.9179897959183676,-0.0078125,-0.0234375,0.99609375
2.920433673469388,-0.015625,-0.01171875,0.98046875
2.922877551020408,-0.0078125,-0.03515625,0.9921875
2.925321428571429,-0.01953125,-0.01953125,0.98046875
2.927765306122449,-0.01953125,-0.03125,0.98046875
2.9302091836734694,-0.02734375,-0.03515625,0.98828125
2.93265306122449,-0.01953125,-0.0234375,1.00390625
2.9350969387755104,-0.01953125,-0.05078125,0.99609375
2.9375408163265306,-0.01953125,-0.0390625,0.9921875
2.939984693877551,-0.0078125,-0.04296875,0.984375
2.9424285714285716,-0.0078125,-0.0234375,0.97265625
2.944872448979592,-0.00390625,-0.03515625,0.9921875
2.947316326530612,-0.0390625,-0.02734375,1.015625
2.949760204081633,-0.0390625,-0.05078125,1.0078125
2.952204081632653,-0.015625,-0.01171875,0.984375
2.9546479591836734,-0.0078125,-0.02734375,1.0
2.957091836734694,-0.0390625,-0.02734375,0.98046875
2.9595357142857144,-0.0078125,-0.0234375,1.0078125
2.9619795918367346,-0.01953125,-0.015625,0.984375
2.9644234693877554,-0.01171875,-0.0390625,0.99609375
2.9668673469387756,-0.0078125,-0.03515625,0.984375
2.969311224489796,-0.0234375,-0.03125,1.0078125
2.9717551020408166,-0.04296875,-0.0234375,1.0
2.974198979591837,-0.0390625,-0.0234375,0.9921875
2.976642857142857,-0.0234375,-0.01953125,0.984375
2.979086734693878,-0.0234375,-0.03125,1.0078125
2.981530612244898,-0.0390625,-0.03125,0.98828125
2.9839744897959184,-0.01171875,-0.03515625,0.99609375
2.9864183673469387,-0.01171875,-0.01953125,0.9921875
2.9888622448979594,-0.015625,-0.0078125,1.01171875
2.9913061224489796,-0.02734375,-0.05078125,0.98828125
2.99375,-0.00390625,-0.03125,0.98046875
2.9961938775510206,-0.015625,-0.01171875,1.0
2.998637755102041,-0.015625,-0.0234375,1.01953125
3.001081632653061,-0.015625,-0.02734375,1.0078125
3.003525510204082,-0.03515625,-0.0078125,0.99609375
3.005969387755102,-0.01171875,-0.02734375,0.98046875
3.0084132653061224,-0.02734375,-0.01953125,0.9921875
3.010857142857143,-0.01953125,-0.01171875,1.00390625
3.0133010204081634,-0.04296875,-0.0234375,1.0
3.0157448979591837,-0.01953125,-0.0234375,1.015625
3.0181887755102044,-0.01171875,-0.046875,1.0078125
3.0206326530612246,-0.01953125,-0.03515625,0.98046875
3.023076530612245,0.0,-0.04296875,0.98828125
3.0255204081632656,-0.01953125,-0.01953125,0.98828125
3.027964285714286,-0.0234375,-0.0546875,1.0078125
3.030408163265306,0.0,-0.015625,0.98046875
3.0328520408163264,-0.04296875,-0.0546875,0.99609375
3.035295918367347,-0.015625,-0.02734375,0.99609375
3.0377397959183674,-0.01953125,-0.01953125,0.98828125
3.0401836734693877,-0.01171875,-0.01171875,1.00390625
3.0426275510204084,-0.01171875,-0.04296875,1.0
3.0450714285714287,-0.03125,-0.015625,0.9921875
3.047515306122449,-0.01171875,-0.03515625,0.9921875
3.0499591836734696,-0.03515625,-0.015625,0.9765625
3.05240306122449,-0.0078125,-0.03515625,1.00390625
3.05484693877551,-0.00390625,-0.02734375,0.99609375
3.057290816326531,-0.01171875,-0.0234375,0.97265625
3.059734693877551,-0.0078125,-0.0234375,0.98046875
3.0621785714285714,-0.015625,-0.03515625,1.0078125
3.064622448979592,-0.0234375,-0.015625,0.9765625
3.0670663265306124,-0.01171875,-0.02734375,0.9765625
3.0695102040816327,-0.0234375,-0.0234375,0.9921875
3.071954081632653,-0.01171875,-0.0078125,1.0078125
3.0743979591836736,0.0,-0.03515625,0.984375
3.076841836734694,-0.01953125,-0.01953125,0.98046875
3.079285714285714,-0.01953125,-0.01953125,1.0
3.081729591836735,-0.02734375,-0.0234375,0.984375
3.084173469387755,-0.00390625,-0.02734375,1.0078125
3.0866173469387754,-0.03125,-0.015625,1.0
3.089061224489796,-0.02734375,-0.015625,0.99609375
3.0915051020408164,-0.015625,-0.015625,1.0078125
3.0939489795918367,-0.015625,-0.015625,0.99609375
3.0963928571428574,-0.015625,-0.0234375,0.98828125
3.0988367346938777,-0.0234375,-0.04296875,1.0078125
3.101280612244898,-0.01171875,-0.03125,0.97265625
3.1037244897959186,-0.015625,-0.01953125,0.9765625
3.106168367346939,-0.01171875,-0.0546875,0.98046875
3.108612244897959,-0.01953125,-0.01171875,0.98828125
3.11105612244898,-0.03515625,-0.0390625,0.98828125
3.1135,-0.01171875,-0.01953125,0.98046875
3.1159438775510204,-0.00390625,-0.01171875,0.984375
3.1183877551020407,0.0,-0.0390625,1.0
3.1208316326530614,-0.0390625,-0.03125,1.00390625
3.1232755102040817,-0.01953125,-0.03125,0.98828125
3.125719387755102,-0.01953125,-0.03515625,0.984375
3.1281632653061227,-0.03515625,-0.05859375,0.98828125
3.130607142857143,-0.0390625,-0.015625,0.98828125
3.133051020408163,-0.02734375,-0.02734375,0.98046875
3.135494897959184,-0.00390625,-0.01953125,0.96484375
3.137938775510204,-0.015625,-0.0390625,0.9921875
3.1403826530612244,-0.0078125,-0.03515625,1.00390625
3.142826530612245,-0.0234375,-0.01953125,0.9921875
3.1452704081632654,-0.015625,-0.0234375,1.01171875
3.1477142857142857,-0.01171875,-0.04296875,0.9921875
3.1501581632653064,-0.01953125,-0.01171875,1.0078125
3.1526020408163267,0.00390625,-0.015625,0.98828125
3.155045918367347,-0.0234375,-0.03515625,1.0
3.1574897959183676,-0.03515625,-0.03125,1.00390625
3.159933673469388,-0.015625,-0.04296875,0.98828125
3.162377551020408,-0.02734375,-0.01171875,0.98046875
3.1648214285714285,-0.015625,-0.00390625,0.98828125
3.167265306122449,-0.015625,-0.0234375,0.99609375
3.1697091836734694,-0.01953125,-0.03515625,1.00390625
3.1721530612244897,-0.0078125,-0.0234375,0.99609375
3.1745969387755104,-0.01953125,-0.01953125,0.984375
3.1770408163265307,-0.0234375,-0.02734375,0.953125
3.179484693877551,-0.01953125,-0.0078125,0.99609375
3.1819285714285717,-0.03515625,-0.00390625,0.9921875
3.184372448979592,-0.046875,-0.01953125,1.015625
3.186816326530612,-0.0234375,-0.02734375,1.00390625
3.189260204081633,-0.0234375,-0.015625,1.0
3.191704081632653,-0.03515625,-0.03515625,1.01953125
3.1941479591836734,-0.00390625,-0.0390625,0.99609375
3.196591836734694,-0.00390625,-0.02734375,0.9921875
3.1990357142857144,-0.01171875,-0.03125,0.984375
3.2014795918367347,-0.01953125,-0.0234375,0.98046875
3.2039234693877554,-0.0234375,-0.0234375,0.984375
3.2063673469387757,-0.015625,-0.0234375,1.00390625
3.208811224489796,-0.0234375,-0.0390625,1.00390625
3.211255102040816,-0.02734375,-0.0234375,1.00390625
3.213698979591837,-0.02734375,-0.04296875,0.98828125
3.216142857142857,-0.00390625,-0.015625,1.0
3.2185867346938775,-0.01953125,-0.0078125,1.0390625
3.221030612244898,0.0078125,-0.02734375,0.9453125
3.2234744897959184,-0.015625,-0.01171875,0.93359375
3.2259183673469387,0.0,-0.01171875,0.9609375
3.2283622448979594,-0.0078125,-0.015625,1.03125
3.2308061224489797,-0.0078125,-0.0078125,1.0234375
3.23325,-0.03125,-0.015625,1.00390625
3.2356938775510207,-0.02734375,-0.0234375,0.96484375
3.238137755102041,-0.01171875,-0.04296875,0.96875
3.240581632653061,-0.03515625,-0.0234375,0.98828125
3.243025510204082,-0.03515625,-0.03515625,1.0078125
3.245469387755102,-0.05859375,-0.0546875,0.99609375
3.2479132653061225,-0.0546875,-0.04296875,0.96484375
3.250357142857143,-0.0234375,-0.05859375,0.9453125
3.2528010204081634,-0.0703125,-0.046875,0.9921875
3.2552448979591837,-0.015625,-0.05859375,1.0234375
3.257688775510204,-0.015625,-0.01953125,1.0
3.2601326530612247,-0.01171875,-0.0390625,0.9765625
3.262576530612245,-0.02734375,-0.02734375,0.96875
3.265020408163265,-0.0078125,-0.03125,1.00390625
3.267464285714286,-0.0078125,-0.02734375,1.01171875
3.269908163265306,-0.02734375,-0.02734375,0.98046875
3.2723520408163265,0.0,-0.01171875,0.96875
3.274795918367347,-0.01171875,-0.03125,0.98828125
3.2772397959183674,-0.02734375,-0.0078125,0.98828125
3.2796836734693877,-0.00390625,-0.03515625,1.0
3.2821275510204084,0.0078125,-0.0078125,0.99609375
3.2845714285714287,-0.01171875,0.0,1.0
3.287015306122449,-0.03515625,-0.01171875,0.98046875
3.2894591836734697,-0.01953125,-0.0234375,0.98046875
3.29190306122449,-0.00390625,-0.01953125,1.00390625
3.29434693877551,-0.03515625,-0.01953125,1.01171875
3.296790816326531,-0.01953125,-0.015625,1.0
3.299234693877551,-0.00390625,-0.0078125,0.99609375
3.3016785714285715,-0.015625,-0.0234375,0.984375
3.3041224489795917,-0.02734375,-0.03515625,0.984375
3.3065663265306124,-0.02734375,-0.0390625,0.98828125
3.3090102040816327,-0.0078125,-0.01953125,1.015625
3.311454081632653,-0.0078125,-0.05078125,1.0
3.3138979591836737,-0.0078125,-0.02734375,0.99609375
3.316341836734694,-0.00390625,-0.03125,1.0078125
3.3187857142857142,-0.01171875,-0.05859375,0.99609375
3.321229591836735,-0.03125,-0.0390625,0.97265625
3.323673469387755,-0.01953125,-0.0546875,0.98046875
3.3261173469387755,-0.0078125,-0.03125,0.98828125
3.328561224489796,-0.00390625,-0.03515625,1.0078125
3.3310051020408165,-0.03125,-0.0234375,0.99609375
3.3334489795918367,-0.03515625,-0.02734375,0.984375
3.3358928571428574,-0.02734375,-0.046875,0.9765625
3.3383367346938777,-0.03515625,-0.03125,0.984375
3.340780612244898,-0.015625,-0.0234375,0.9921875
3.3432244897959187,-0.015625,-0.01171875,0.9765625
3.345668367346939,-0.015625,-0.0078125,0.99609375
3.3481122448979592,0.0,-0.01953125,0.98046875
3.3505561224489795,-0.0078125,-0.01953125,0.984375
3.353,-0.01953125,-0.01953125,1.01171875
3.353,-0.0234375,-0.04296875,0.9921875
3.3554989027066573,-0.046875,-0.00390625,1.00390625
3.357997805413314,-0.01953125,-0.02734375,1.0078125
3.360496708119971,-0.01171875,-0.0390625,1.01171875
3.3629956108266277,0.0,-0.06640625,0.97265625
3.3654945135332848,-0.03125,-0.0390625,0.984375
3.367993416239942,-0.02734375,-0.03515625,0.984375
3.3704923189465985,-0.02734375,-0.03125,0.9921875
3.3729912216532556,-0.01171875,-0.0625,0.99609375
3.3754901243599122,-0.0234375,-0.03515625,1.00390625
3.3779890270665693,-0.03515625,-0.03515625,1.00390625
3.3804879297732264,-0.03125,-0.06640625,1.01171875
3.382986832479883,-0.04296875,-0.01953125,1.01171875
3.38548573518654,-0.01171875,-0.01953125,0.98828125
3.387984637893197,-0.01171875,-0.0390625,0.96484375
3.390483540599854,-0.01953125,-0.03515625,0.984375
3.392982443306511,-0.015625,-0.03515625,1.0078125
3.3954813460131676,-0.015625,-0.0234375,1.00390625
3.3979802487198247,-0.02734375,-0.01171875,0.984375
3.4004791514264814,-0.0078125,-0.01953125,0.98828125
3.4029780541331385,-0.0078125,-0.00390625,1.00390625
3.4054769568397956,-0.01171875,-0.01171875,0.94921875
3.407975859546452,-0.015625,0.00390625,0.984375
3.4104747622531093,-0.015625,-0.01171875,0.97265625
3.412973664959766,-0.03515625,-0.0078125,1.03515625
3.415472567666423,-0.015625,-0.02734375,1.0078125
3.41797147037308,-0.03125,-0.02734375,0.98046875
3.420470373079737,-0.01171875,-0.03515625,0.9921875
3.422969275786394,-0.01953125,-0.04296875,0.99609375
3.4254681784930505,-0.01953125,-0.03515625,0.97265625
3.4279670811997076,-0.01953125,0.00390625,0.98828125
3.4304659839063647,-0.03125,-0.03125,0.9765625
3.4329648866130213,-0.00390625,-0.0390625,0.98828125
3.4354637893196784,-0.00390625,-0.05078125,0.984375
3.437962692026335,-0.03125,-0.02734375,0.96484375
3.440461594732992,-0.01171875,-0.0234375,1.00390625
3.4429604974396493,0.0,-0.0390625,0.9921875
3.445459400146306,-0.0078125,-0.01953125,0.9765625
3.447958302852963,0.0,0.0,1.0
3.4504572055596197,-0.015625,-0.01171875,0.99609375
3.4529561082662767,-0.01171875,-0.046875,0.9921875
3.455455010972934,-0.02734375,-0.0234375,1.00390625
3.4579539136795905,-0.01171875,-0.0078125,1.00390625
3.4604528163862476,-0.01171875,-0.01171875,0.9765625
3.4629517190929042,-0.0234375,-0.0234375,1.0078125
3.4654506217995613,-0.01171875,-0.03125,0.9921875
3.4679495245062184,-0.02734375,-0.01953125,0.98828125
3.470448427212875,-0.0234375,-0.01953125,1.0
3.472947329919532,-0.00390625,-0.01171875,0.984375
3.475446232626189,-0.01953125,-0.015625,0.99609375
3.477945135332846,-0.0234375,-0.01953125,1.0
3.4804440380395025,-0.03125,-0.0078125,0.984375
3.4829429407461596,-0.01171875,-0.03515625,0.99609375
3.4854418434528167,-0.015625,-0.02734375,1.00390625
3.4879407461594734,-0.01171875,-0.04296875,1.00390625
3.4904396488661305,-0.0234375,-0.03515625,1.01171875
3.492938551572787,-0.015625,-0.02734375,1.0078125
3.495437454279444,-0.02734375,-0.0234375,1.00390625
3.4979363569861013,0.00390625,-0.03125,1.0078125
3.500435259692758,-0.0234375,-0.04296875,0.9765625
3.502934162399415,-0.01953125,-0.0234375,1.0
3.5054330651060717,-0.0078125,-0.0390625,0.99609375
3.5079319678127288,-0.03125,-0.03125,1.0
3.510430870519386,-0.01953125,-0.01171875,0.98046875
3.5129297732260425,-0.015625,-0.03125,0.96875
3.5154286759326996,-0.015625,-0.03515625,0.99609375
3.5179275786393562,-0.01171875,-0.02734375,1.00390625
3.5204264813460133,-0.00390625,-0.02734375,0.9921875
3.5229253840526704,-0.00390625,-0.02734375,0.98828125
3.525424286759327,-0.0078125,-0.0078125,1.0
3.527923189465984,-0.00390625,-0.015625,0.984375
3.530422092172641,-0.015625,-0.01953125,0.9921875
3.532920994879298,-0.02734375,-0.015625,0.98828125
3.535419897585955,-0.02734375,-0.03515625,1.01171875
3.5379188002926116,-0.015625,-0.0234375,1.0
3.5404177029992687,-0.01171875,-0.0078125,0.98828125
3.5429166057059254,-0.0390625,-0.01171875,0.97265625
3.5454155084125825,-0.01953125,-0.03515625,1.00390625
3.5479144111192396,-0.01171875,-0.0234375,1.01171875
3.550413313825896,-0.015625,-0.03515625,0.99609375
3.5529122165325533,-0.00390625,-0.04296875,1.0078125
3.55541111923921,-0.01953125,-0.0546875,1.015625
3.557910021945867,-0.0078125,-0.04296875,1.0
3.560408924652524,-0.01953125,-0.0078125,1.0078125
3.5629078273591808,-0.01953125,-0.0234375,0.99609375
3.565406730065838,-0.01953125,-0.04296875,0.9765625
3.5679056327724945,-0.0234375,-0.0234375,0.9765625
3.5704045354791516,-0.00390625,-0.04296875,0.99609375
3.5729034381858087,-0.02734375,-0.046875,0.99609375
3.5754023408924653,-0.01953125,-0.01953125,0.97265625
3.5779012435991224,-0.00390625,-0.0390625,0.99609375
3.580400146305779,-0.01171875,-0.01171875,1.0078125
3.582899049012436,-0.02734375,-0.01953125,1.00390625
3.5853979517190933,-0.01953125,-0.00390625,0.98046875
3.58789685442575,-0.0234375,-0.0078125,0.9921875
3.590395757132407,-0.015625,-0.0078125,0.99609375
3.5928946598390636,-0.015625,-0.0078125,1.01171875
3.5953935625457207,-0.03125,-0.015625,0.98828125
3.597892465252378,-0.015625,-0.046875,0.98828125
3.6003913679590345,-0.02734375,-0.02734375,0.9921875
3.6028902706656916,-0.0234375,-0.015625,0.98828125
3.605389173372348,-0.0234375,-0.01953125,1.0
3.6078880760790053,-0.03515625,-0.0078125,0.9921875
3.6103869787856624,-0.03515625,-0.0078125,1.00390625
3.612885881492319,-0.00390625,-0.0390625,0.9921875
3.615384784198976,-0.015625,-0.02734375,0.98828125
3.617883686905633,0.0,-0.01171875,0.98828125
3.62038258961229,-0.01953125,-0.0390625,1.0
3.622881492318947,-0.015625,-0.04296875,0.9921875
3.6253803950256036,-0.0234375,-0.02734375,0.984375
3.6278792977322607,-0.00390625,-0.02734375,0.98046875
3.6303782004389173,-0.01171875,-0.0234375,0.984375
3.6328771031455744,-0.02734375,-0.0390625,0.984375
3.6353760058522315,-0.01171875,-0.03515625,0.984375
3.637874908558888,-0.0078125,-0.015625,1.0
3.6403738112655453,-0.01953125,-0.03125,0.9921875
3.642872713972202,-0.01171875,-0.015625,0.97265625
3.645371616678859,-0.0234375,-0.015625,0.98046875
3.647870519385516,-0.01171875,-0.0078125,0.96875
3.6503694220921727,-0.01953125,-0.02734375,0.96875
3.65286832479883,-0.01171875,-0.015625,0.99609375
3.6553672275054865,-0.01171875,-0.03125,1.00390625
3.6578661302121436,-0.03515625,-0.078125,0.671875
3.6603650329188007,0.01171875,-0.0078125,0.37109375
3.6628639356254573,-0.0234375,-0.06640625,1.890625
3.6653628383321144,0.03515625,0.0625,1.2421875
3.667861741038771,0.03125,-0.1484375,0.48828125
3.670360643745428,-0.1015625,-0.01953125,0.5390625
3.6728595464520852,-0.03125,-0.03125,0.890625
3.675358449158742,-0.04296875,-0.05078125,1.1484375
3.677857351865399,-0.015625,0.03125,1.23828125
3.6803562545720556,-0.046875,-0.046875,1.01953125
3.6828551572787127,-0.00390625,-0.078125,0.54296875
3.68535405998537,-0.046875,-0.05859375,0.96484375
3.6878529626920264,0.0234375,0.0,1.38671875
3.6903518653986835,-0.02734375,-0.05859375,1.18359375
3.69285076810534,-0.0078125,-0.0234375,0.96484375
3.6953496708119973,-0.015625,-0.04296875,0.75
3.6978485735186544,-0.0234375,-0.01171875,0.8203125
3.700347476225311,-0.01953125,-0.05078125,1.04296875
3.702846378931968,0.00390625,0.015625,1.2421875
3.7053452816386248,-0.01171875,-0.015625,1.0546875
3.707844184345282,-0.0390625,-0.046875,0.7734375
3.710343087051939,-0.02734375,-0.0078125,0.96484375
3.7128419897585956,-0.01171875,0.0,1.08203125
3.7153408924652527,-0.0234375,0.0,1.1796875
3.7178397951719093,-0.0078125,-0.01953125,0.96484375
3.7203386978785664,-0.01171875,-0.01953125,0.88671875
3.7228376005852235,-0.0234375,-0.00390625,0.83984375
3.72533650329188,-0.0234375,-0.015625,1.04296875
3.7278354059985372,-0.00390625,-0.03515625,1.12109375
3.730334308705194,-0.015625,-0.015625,1.0625
3.732833211411851,-0.03125,-0.03125,0.890625
3.735332114118508,-0.02734375,-0.05078125,0.921875
3.7378310168251647,0.0,-0.01953125,1.046875
3.740329919531822,-0.01953125,-0.0390625,1.046875
3.7428288222384785,-0.01171875,-0.04296875,1.01171875
3.7453277249451356,-0.01171875,-0.046875,0.91796875
3.7478266276517926,-0.00390625,-0.04296875,0.94921875
3.7503255303584493,-0.00390625,-0.02734375,0.95703125
3.7528244330651064,-0.02734375,-0.015625,1.078125
3.755323335771763,-0.0234375,-0.03515625,1.05859375
3.75782223847842,-0.015625,-0.05859375,0.96875
3.760321141185077,0.0,-0.02734375,0.92578125
3.762820043891734,-0.01953125,-0.01171875,0.96875
3.765318946598391,-0.05078125,-0.01171875,1.0078125
3.7678178493050476,-0.01953125,-0.0234375,1.01953125
3.7703167520117047,-0.015625,-0.015625,0.9765625
3.7728156547183618,-0.02734375,-0.015625,0.97265625
3.7753145574250184,-0.02734375,-0.03125,0.98046875
3.7778134601316755,-0.01953125,-0.015625,0.99609375
3.780312362838332,-0.015625,-0.015625,1.0390625
3.7828112655449893,-0.00390625,-0.01171875,0.98046875
3.7853101682516463,-0.02734375,-0.0234375,0.9609375
3.787809070958303,-0.03125,-0.0234375,0.96875
3.79030797366496,-0.03125,-0.01953125,1.03515625
3.7928068763716167,-0.00390625,-0.02734375,1.015625
3.795305779078274,-0.01171875,-0.03125,1.0
3.797804681784931,-0.03125,-0.0390625,0.95703125
3.8003035844915876,-0.015625,-0.01171875,0.96875
3.8028024871982447,-0.0078125,-0.03125,0.9921875
3.8053013899049013,-0.0078125,-0.0234375,1.0078125
3.8078002926115584,-0.01953125,-0.04296875,0.96875
3.8102991953182155,-0.03125,-0.03125,0.95703125
3.812798098024872,-0.015625,-0.046875,0.984375
3.815297000731529,-0.015625,-0.02734375,0.98828125
3.817795903438186,-0.0234375,-0.03125,1.03125
3.820294806144843,-0.015625,-0.01953125,0.98046875
3.8227937088515,-0.01953125,-0.02734375,1.01171875
3.8252926115581567,-0.046875,-0.02734375,0.99609375
3.827791514264814,-0.01953125,-0.0234375,0.9921875
3.8302904169714704,-0.01171875,-0.0234375,0.9765625
3.8327893196781275,-0.01953125,-0.015625,0.98828125
3.8352882223847846,-0.03125,-0.04296875,1.0
3.8377871250914413,-0.01953125,-0.01953125,0.96875
3.8402860277980984,-0.0078125,-0.0078125,1.0
3.842784930504755,-0.03515625,-0.02734375,1.0078125
3.845283833211412,-0.03125,-0.01171875,0.98828125
3.847782735918069,-0.00390625,-0.02734375,1.0078125
3.850281638624726,-0.02734375,-0.0234375,0.9921875
3.852780541331383,-0.015625,-0.01953125,0.97265625
3.8552794440380396,-0.01171875,-0.046875,0.99609375
3.8577783467446967,-0.015625,-0.015625,0.9921875
3.8602772494513538,-0.01171875,-0.03515625,0.99609375
3.8627761521580104,-0.015625,-0.03515625,0.96484375
3.8652750548646675,-0.00390625,-0.03515625,0.96875
3.867773957571324,-0.0078125,-0.02734375,0.9921875
3.8702728602779812,-0.03515625,-0.03125,1.0
3.8727717629846383,0.0,-0.02734375,1.0078125
3.875270665691295,-0.015625,-0.01953125,1.0078125
3.877769568397952,-0.01953125,-0.01953125,1.01171875
3.8802684711046087,-0.0078125,-0.0234375,0.98046875
3.882767373811266,-0.015625,-0.01171875,0.97265625
3.885266276517923,-0.01953125,-0.02734375,1.0
3.8877651792245795,-0.0078125,-0.0234375,1.00390625
3.8902640819312366,-0.0234375,-0.01953125,0.98828125
3.8927629846378933,-0.01171875,-0.046875,1.01171875
3.8952618873445504,-0.01171875,-0.015625,1.00390625
3.8977607900512075,-0.04296875,-0.1328125,0.21484375
3.900259692757864,-0.05859375,0.171875,2.0546875
3.902758595464521,-0.0625,-0.05078125,1.671875
3.905257498171178,-0.05078125,0.02734375,1.140625
3.907756400877835,-0.046875,-0.1328125,0.71875
3.910255303584492,-0.03515625,-0.04296875,0.54296875
3.9127542062911487,0.00390625,-0.03125,1.01953125
3.9152531089978058,0.00390625,-0.05078125,1.234375
3.9177520117044624,-0.03515625,-0.015625,1.27734375
3.9202509144111195,-0.0234375,-0.06640625,0.796875
3.9227498171177766,0.015625,-0.0546875,0.6171875
3.9252487198244332,-0.015625,-0.0703125,1.0234375
3.9277476225310903,0.01953125,0.00390625,1.39453125
3.930246525237747,-0.0078125,-0.06640625,1.14453125
3.932745427944404,0.0,-0.03515625,0.90234375
3.935244330651061,-0.03515625,-0.0703125,0.68359375
3.937743233357718,-0.01171875,-0.0234375,0.875
3.940242136064375,-0.046875,-0.0390625,1.1015625
3.9427410387710315,0.00390625,-0.015625,1.2578125
3.9452399414776886,0.0,-0.03125,0.95703125
3.9477388441843457,-0.02734375,-0.046875,0.76171875
3.9502377468910024,-0.03515625,-0.01171875,0.9609375
3.9527366495976595,-0.00390625,-0.0078125,1.1484375
3.955235552304316,-0.0078125,-0.01171875,1.13671875
3.957734455010973,-0.015625,-0.01953125,0.94140625
3.9602333577176303,-0.01171875,-0.02734375,0.8046875
3.962732260424287,-0.01953125,-0.015625,0.87109375
3.965231163130944,-0.00390625,0.00390625,1.07421875
3.9677300658376007,0.0,0.0,1.1015625
3.9702289685442578,-0.01171875,-0.00390625,1.0390625
3.972727871250915,-0.03125,-0.0546875,0.85546875
3.9752267739575715,-0.00390625,-0.02734375,0.94921875
3.9777256766642286,-0.01953125,-0.00390625,1.046875
3.9802245793708853,-0.02734375,-0.015625,1.0703125
3.9827234820775423,-0.0390625,-0.03515625,0.98046875
3.9852223847841994,-0.01171875,-0.01171875,0.9296875
3.987721287490856,-0.01171875,-0.05078125,0.953125
3.990220190197513,-0.0078125,-0.046875,1.0078125
3.99271909290417,-0.0078125,-0.015625,1.1015625
3.995217995610827,-0.01953125,-0.0390625,1.03125
3.997716898317484,-0.0234375,-0.02734375,0.9375
4.00021580102414,-0.0078125,-0.03125,0.921875
4.002714703730797,-0.01953125,-0.0234375,0.98828125
4.005213606437454,-0.03515625,-0.015625,0.984375
4.0077125091441115,-0.01171875,-0.02734375,1.03515625
4.010211411850769,-0.02734375,-0.01953125,0.98046875
4.012710314557426,-0.0234375,-0.01953125,0.94921875
4.015209217264082,-0.03125,-0.01953125,0.99609375
4.017708119970739,-0.03515625,-0.0078125,1.02734375
4.020207022677396,-0.03125,-0.03125,1.015625
4.022705925384053,-0.01953125,-0.01171875,0.9765625
4.025204828090709,-0.02734375,-0.015625,0.98828125
4.027703730797366,-0.01171875,0.0,1.00390625
4.0302026335040235,-0.0234375,-0.015625,1.02734375
4.032701536210681,-0.01171875,-0.0078125,1.01171875
4.035200438917338,-0.01171875,-0.0234375,0.98828125
4.037699341623995,-0.01953125,-0.01171875,0.98046875
4.040198244330651,-0.00390625,-0.0234375,0.99609375
4.042697147037308,-0.015625,-0.01171875,1.00390625
4.045196049743965,0.0,-0.0234375,1.00390625
4.047694952450622,-0.00390625,-0.01171875,0.9921875
4.0501938551572785,-0.03125,-0.04296875,0.98828125
4.052692757863936,-0.0234375,-0.05078125,0.98828125
4.055191660570593,-0.01171875,-0.0234375,0.9921875
4.05769056327725,0.01171875,-0.03125,0.99609375
4.060189465983907,-0.02734375,-0.03515625,0.96875
4.062688368690564,-0.03125,-0.046875,0.98046875
4.06518727139722,-0.015625,-0.0390625,0.98046875
4.067686174103877,-0.02734375,-0.03125,1.0078125
4.070185076810534,-0.02734375,-0.01953125,0.9765625
4.072683979517191,-0.02734375,-0.02734375,1.0
4.075182882223848,-0.0234375,-0.015625,0.98046875
4.077681784930505,-0.0234375,-0.01953125,1.0
4.080180687637162,-0.01171875,-0.01953125,0.98828125
4.082679590343819,-0.01953125,-0.015625,1.015625
4.085178493050476,-0.01953125,0.00390625,0.9921875
4.087677395757133,-0.015625,-0.03125,1.0
4.090176298463789,-0.0234375,-0.0078125,0.99609375
4.092675201170446,-0.00390625,0.00390625,1.0
4.0951741038771035,-0.0078125,-0.0078125,0.9921875
4.0976730065837605,-0.01171875,-0.0078125,0.984375
4.100171909290417,0.0,-0.02734375,0.99609375
4.102670811997074,-0.01953125,-0.01953125,0.96875
4.105169714703731,-0.01171875,-0.01171875,1.0
4.107668617410388,-0.00390625,-0.0390625,0.9921875
4.110167520117045,-0.015625,-0.03125,0.99609375
4.112666422823702,-0.0078125,-0.0390625,1.0
4.115165325530358,-0.00390625,-0.04296875,0.99609375
4.1176642282370155,-0.01953125,-0.0625,1.0
4.120163130943673,-0.0234375,-0.04296875,0.9765625
4.12266203365033,-0.015625,-0.01953125,0.9921875
4.125160936356986,-0.00390625,-0.03515625,1.01171875
4.127659839063643,-0.015625,-0.03125,0.99609375
4.1301587417703,-0.0234375,-0.03125,1.00390625
4.132657644476957,-0.03125,-0.01171875,1.0078125
4.135156547183614,-0.01171875,-0.02734375,0.98828125
4.137655449890271,-0.01953125,-0.01171875,1.0
4.1401543525969275,-0.03125,-0.01171875,0.98828125
4.142653255303585,-0.03515625,-0.0234375,0.99609375
4.145152158010242,-0.015625,-0.01171875,0.99609375
4.147651060716899,-0.015625,-0.015625,1.0078125
4.150149963423555,-0.03515625,-0.0078125,0.99609375
4.152648866130212,-0.01171875,-0.03515625,0.9921875
4.155147768836869,-0.046875,-0.03515625,0.9921875
4.157646671543526,-0.01171875,-0.05078125,1.01171875
4.160145574250183,-0.00390625,-0.01171875,0.9921875
4.1626444769568405,-0.01953125,-0.0234375,0.98046875
4.165143379663497,0.01171875,-0.09375,-0.5625
4.167642282370154,0.13671875,0.14453125,2.66015625
4.170141185076811,-0.04296875,-0.1171875,1.4453125
4.172640087783468,0.0703125,-0.05078125,0.12109375
4.175138990490124,-0.06640625,-0.05078125,0.375
4.177637893196781,-0.08203125,0.0,0.91796875
4.180136795903438,-0.0234375,-0.0546875,1.45703125
4.182635698610095,-0.01171875,0.05859375,1.43359375
4.1851346013167525,-0.0625,-0.015625,1.078125
4.18763350402341,-0.0234375,-0.1015625,0.3359375
4.190132406730066,-0.04296875,-0.02734375,0.84765625
4.192631309436723,0.01171875,-0.015625,1.60546875
4.19513021214338,-0.0078125,-0.0078125,1.390625
4.197629114850037,-0.0625,-0.0703125,0.76953125
4.200128017556693,-0.01953125,-0.0078125,0.60546875
4.20262692026335,-0.05078125,-0.0234375,0.8125
4.2051258229700075,-0.0078125,-0.015625,1.08203125
4.207624725676665,-0.0234375,0.0078125,1.2890625
4.210123628383322,-0.01953125,-0.01171875,1.12890625
4.212622531089979,-0.0234375,-0.03125,0.703125
4.215121433796635,-0.015625,-0.01953125,0.84765625
4.217620336503292,-0.01953125,-0.01953125,1.15625
4.220119239209949,-0.00390625,0.00390625,1.23828125
4.222618141916606,-0.01171875,-0.0078125,0.9296875
4.225117044623262,-0.03125,-0.02734375,0.83203125
4.2276159473299195,-0.02734375,-0.0078125,0.83984375
4.230114850036577,-0.015625,-0.0078125,0.98828125
4.232613752743234,-0.0078125,0.0,1.19921875
4.235112655449891,-0.02734375,-0.04296875,1.06640625
4.237611558156548,-0.0078125,-0.03125,0.8828125
4.240110460863204,-0.015625,-0.02734375,0.8359375
4.242609363569861,-0.00390625,-0.00390625,1.046875
4.245108266276518,-0.01171875,-0.03125,1.1171875
4.247607168983175,-0.04296875,-0.02734375,1.015625
4.250106071689832,-0.01953125,-0.0625,0.88671875
4.252604974396489,-0.015625,-0.0390625,0.91796875
4.255103877103146,0.0,-0.03515625,0.9453125
4.257602779809803,0.00390625,-0.0234375,1.0859375
4.26010168251646,-0.03515625,-0.015625,1.08203125
4.262600585223117,-0.0390625,-0.0234375,0.9453125
4.265099487929773,-0.02734375,-0.04296875,0.90625
4.26759839063643,-0.01171875,-0.02734375,0.9921875
4.270097293343087,-0.01953125,-0.01953125,1.0390625
4.2725961960497445,-0.015625,-0.0234375,1.0078125
4.275095098756401,-0.0390625,-0.0078125,0.984375
4.277594001463058,-0.02734375,-0.04296875,0.94140625
4.280092904169715,-0.0234375,-0.0078125,0.99609375
4.282591806876372,-0.03125,-0.01171875,0.984375
4.285090709583029,-0.02734375,-0.00390625,1.04296875
4.287589612289686,-0.01953125,-0.0234375,0.98046875
4.290088514996342,-0.015625,-0.0078125,0.9296875
4.2925874177029995,-0.015625,-0.01953125,0.98828125
4.2950863204096565,-0.02734375,-0.046875,1.0234375
4.297585223116314,-0.01171875,-0.015625,1.05078125
4.30008412582297,-0.0078125,-0.0078125,0.99609375
4.302583028529627,-0.01171875,-0.03125,0.96875
4.305081931236284,-0.015625,-0.03515625,0.97265625
4.307580833942941,-0.0234375,-0.0390625,1.01953125
4.310079736649598,-0.0078125,-0.02734375,1.03515625
4.312578639356255,-0.00390625,-0.05078125,1.00390625
4.3150775420629115,-0.03125,-0.0234375,0.953125
4.317576444769569,-0.00390625,-0.05078125,0.98828125
4.320075347476226,-0.015625,-0.0390625,1.0078125
4.322574250182883,-0.0234375,-0.01953125,1.01953125
4.325073152889539,-0.02734375,-0.03125,1.0078125
4.327572055596196,-0.0078125,-0.046875,0.9921875
4.330070958302853,-0.02734375,-0.02734375,0.99609375
4.33256986100951,-0.03515625,-0.03125,0.99609375
4.335068763716167,-0.00390625,-0.01953125,1.015625
4.3375676664228235,-0.03515625,-0.01171875,1.00390625
4.340066569129481,-0.01953125,-0.015625,0.97265625
4.342565471836138,-0.0078125,-0.02734375,0.99609375
4.345064374542795,-0.02734375,-0.015625,0.99609375
4.347563277249452,-0.02734375,-0.0234375,1.0078125
4.350062179956108,-0.015625,-0.015625,1.0078125
4.352561082662765,-0.01953125,-0.01171875,0.98046875
4.355059985369422,-0.01953125,-0.01953125,1.015625
4.357558888076079,-0.03125,-0.02734375,1.0
4.3600577907827365,-0.015625,-0.02734375,1.0078125
4.362556693489394,-0.01171875,-0.02734375,1.01171875
4.36505559619605,-0.0078125,-0.03515625,0.98828125
4.367554498902707,-0.01953125,-0.0234375,0.984375
4.370053401609364,-0.0078125,-0.03125,0.96484375
4.37255230431602,-0.0078125,-0.03125,0.984375
4.375051207022677,-0.015625,-0.03515625,1.0
4.377550109729334,0.0,-0.03125,0.984375
4.380049012435991,0.0,-0.04296875,0.9921875
4.3825479151426485,-0.0078125,-0.0234375,0.9921875
4.385046817849306,-0.00390625,-0.02734375,1.0
4.387545720555963,-0.01953125,-0.01953125,1.0078125
4.390044623262619,-0.01953125,-0.03125,1.01171875
4.392543525969276,-0.0234375,-0.0234375,0.98828125
4.395042428675933,-0.015625,-0.0234375,0.99609375
4.397541331382589,-0.01171875,-0.0234375,1.0
4.400040234089246,-0.01171875,-0.01953125,0.9921875
4.4025391367959035,-0.04296875,-0.015625,1.0
4.405038039502561,-0.015625,-0.01953125,0.98046875
4.407536942209218,-0.01953125,-0.015625,1.00390625
4.410035844915875,-0.01171875,-0.0234375,0.98046875
4.412534747622532,-0.01953125,-0.01953125,1.01171875
4.415033650329188,-0.0234375,-0.0078125,0.9921875
4.417532553035845,-0.00390625,-0.0078125,0.98046875
4.420031455742502,-0.04296875,-0.03515625,0.9921875
4.422530358449158,-0.01171875,-0.0078125,0.98828125
4.4250292611558155,-0.03515625,-0.046875,0.98046875
4.427528163862473,-0.0078125,-0.02734375,1.00390625
4.43002706656913,0.05078125,-0.0234375,0.2734375
4.432525969275787,0.02734375,-0.11328125,1.5078125
4.435024871982444,-0.11328125,-0.03515625,1.5390625
4.437523774689101,0.0859375,-0.0859375,0.21484375
4.440022677395757,-0.05859375,-0.015625,0.6015625
4.442521580102414,-0.07421875,-0.046875,0.6796875
4.445020482809071,-0.0625,-0.03515625,1.36328125
4.447519385515728,-0.046875,0.0859375,1.8359375
4.450018288222385,-0.0546875,-0.04296875,1.0625
4.452517190929042,0.0,-0.1171875,0.23828125
4.455016093635699,-0.0703125,-0.02734375,0.9609375
4.457514996342356,0.0390625,0.01953125,1.5625
4.460013899049013,-0.02734375,-0.0625,1.30859375
4.46251280175567,-0.04296875,-0.02734375,0.92578125
4.465011704462326,-0.03125,-0.015625,0.57421875
4.467510607168983,-0.0625,-0.0234375,0.77734375
4.4700095098756405,-0.0234375,-0.0390625,1.02734375
4.472508412582297,0.0078125,0.0,1.37890625
4.475007315288954,-0.0078125,0.0,1.09375
4.477506217995611,-0.02734375,-0.0078125,0.69921875
4.480005120702268,-0.0390625,-0.02734375,0.859375
4.482504023408925,-0.0390625,-0.015625,1.08984375
4.485002926115582,0.00390625,0.00390625,1.2734375
4.487501828822239,-0.0234375,-0.015625,0.98828125
4.4900007315288955,-0.03125,-0.0078125,0.82421875
4.4924996342355525,-0.03125,-0.015625,0.796875
4.49499853694221,-0.02734375,-0.01953125,1.015625
4.497497439648866,-0.015625,0.00390625,1.19140625
4.499996342355523,-0.0234375,-0.01953125,1.0859375
4.50249524506218,-0.04296875,-0.03515625,0.859375
4.504994147768837,-0.015625,-0.046875,0.88671875
4.507493050475494,-0.015625,-0.02734375,1.0078125
4.509991953182151,-0.03125,-0.03125,1.08203125
4.512490855888808,-0.0078125,-0.02734375,1.03125
4.514989758595465,-0.0078125,-0.05859375,0.8984375
4.517488661302122,0.00390625,-0.0390625,0.91015625
4.519987564008779,-0.0078125,-0.046875,0.94921875
4.522486466715435,-0.0078125,-0.015625,1.1484375
4.524985369422092,-0.00390625,-0.046875,1.0390625
4.527484272128749,-0.02734375,-0.046875,0.9921875
4.529983174835406,-0.03515625,-0.06640625,0.90234375
4.532482077542063,-0.0234375,-0.0078125,1.00390625
4.53498098024872,-0.00390625,-0.02734375,1.0390625
4.5374798829553775,-0.00390625,-0.01953125,1.015625
4.539978785662034,-0.0078125,-0.0234375,1.00390625
4.542477688368691,-0.0390625,0.0,0.92578125
4.544976591075348,-0.02734375,-0.01171875,0.99609375
4.547475493782004,-0.0234375,-0.0078125,1.01953125
4.549974396488661,-0.01171875,0.0078125,1.0234375
4.552473299195318,-0.02734375,-0.01171875,0.95703125
4.554972201901975,-0.05078125,-0.01171875,0.96875
4.5574711046086325,-0.01953125,-0.0234375,0.97265625
4.55997000731529,-0.0234375,-0.01953125,1.04296875
4.562468910021946,-0.015625,-0.0234375,1.0234375
4.564967812728603,-0.01953125,-0.0390625,1.0078125
4.56746671543526,-0.01953125,-0.01171875,0.953125
4.569965618141917,-0.0078125,-0.0390625,0.9609375
4.572464520848573,-0.015625,-0.01171875,1.0078125
4.57496342355523,0.0,-0.01171875,0.9765625
4.577462326261887,-0.01953125,-0.04296875,0.98828125
4.5799612289685445,-0.03125,-0.05078125,0.96484375
4.582460131675202,-0.01171875,-0.0234375,1.0
4.584959034381859,-0.015625,-0.03125,0.96875
4.587457937088515,-0.03515625,-0.046875,1.02734375
4.589956839795172,-0.02734375,-0.015625,0.99609375
4.592455742501829,-0.0234375,-0.0390625,0.98828125
4.594954645208486,-0.015625,-0.01953125,0.9921875
4.597453547915142,-0.0078125,-0.0234375,1.01171875
4.5999524506217995,-0.0234375,-0.01953125,0.9921875
4.602451353328457,-0.03515625,-0.02734375,0.984375
4.604950256035114,-0.02734375,-0.01953125,0.98828125
4.607449158741771,-0.03515625,-0.02734375,0.98828125
4.609948061448428,-0.0078125,-0.02734375,1.01171875
4.612446964155084,-0.03515625,-0.03125,0.9921875
4.614945866861741,-0.01953125,0.0,1.0
4.617444769568398,-0.015625,-0.01171875,0.9609375
4.619943672275055,-0.03125,-0.0234375,0.9921875
4.6224425749817115,-0.03125,-0.01953125,0.97265625
4.624941477688369,-0.01953125,-0.04296875,0.984375
4.627440380395026,-0.01171875,-0.03125,1.01171875
4.629939283101683,-0.0234375,-0.0234375,0.9921875
4.63243818580834,-0.02734375,-0.01171875,0.98828125
4.634937088514997,-0.0234375,-0.03125,1.00390625
4.637435991221653,-0.01953125,-0.02734375,0.9921875
4.63993489392831,-0.0078125,-0.03515625,1.0
4.642433796634967,-0.015625,-0.03125,1.0078125
4.6449326993416244,-0.0078125,-0.04296875,0.984375
4.647431602048281,-0.01953125,-0.03515625,1.00390625
4.649930504754938,-0.01171875,-0.03515625,0.9765625
4.652429407461595,-0.00390625,-0.03515625,1.0078125
4.654928310168252,-0.00390625,-0.03125,0.98828125
4.657427212874909,-0.03125,-0.02734375,0.99609375
4.659926115581566,-0.015625,-0.01953125,0.98046875
4.662425018288222,-0.01171875,-0.00390625,0.96484375
4.664923920994879,-0.01171875,0.00390625,0.98828125
4.6674228237015365,-0.01171875,-0.02734375,1.0
4.669921726408194,-0.01953125,-0.01171875,0.98046875
4.67242062911485,-0.015625,-0.0234375,0.9921875
4.674919531821507,-0.015625,-0.01171875,0.98828125
4.677418434528164,-0.01953125,-0.0390625,0.98828125
4.679917337234821,-0.03125,-0.0078125,0.97265625
4.682416239941478,-0.015625,-0.015625,0.9921875
4.684915142648135,-0.01171875,-0.015625,0.98828125
4.6874140453547914,-0.015625,-0.01953125,1.0
4.6899129480614485,-0.02734375,-0.01171875,1.0078125
4.692411850768106,-0.01171875,-0.01171875,1.0
4.694910753474763,-0.01171875,-0.03125,1.01953125
4.697409656181419,-0.0234375,-0.03125,0.99609375
4.699908558888076,-0.01171875,-0.04296875,0.99609375
4.702407461594733,-0.01953125,-0.02734375,0.99609375
4.70490636430139,-0.0078125,-0.0390625,0.9921875
4.707405267008047,-0.0078125,-0.0546875,1.0
4.709904169714704,-0.00390625,-0.04296875,0.98828125
4.712403072421361,-0.01953125,-0.02734375,0.984375
4.714901975128018,-0.02734375,-0.03515625,0.984375
4.717400877834675,-0.0234375,-0.01953125,0.9921875
4.719899780541332,-0.01171875,-0.05078125,1.00390625
4.722398683247988,-0.02734375,-0.01171875,0.99609375
4.724897585954645,-0.015625,-0.0234375,0.9921875
4.727396488661302,-0.0234375,-0.0078125,1.00390625
4.729895391367959,-0.0234375,-0.03515625,1.01171875
4.732394294074616,-0.03515625,-0.0234375,1.0078125
4.7348931967812735,-0.0078125,-0.03125,0.99609375
4.73739209948793,-0.01953125,-0.015625,0.984375
4.739891002194587,-0.0078125,-0.0234375,0.984375
4.742389904901244,-0.015625,-0.01953125,1.0078125
4.744888807607901,-0.01953125,-0.015625,0.9765625
4.747387710314557,-0.00390625,-0.015625,0.98828125
4.749886613021214,-0.0078125,-0.04296875,0.96484375
4.752385515727871,-0.03125,-0.02734375,0.98828125
4.7548844184345285,-0.01953125,-0.0390625,1.0
4.757383321141186,-0.03125,-0.02734375,0.99609375
4.759882223847843,-0.0234375,-0.015625,1.0
4.762381126554499,-0.0078125,-0.03515625,1.0
4.764880029261156,-0.00390625,-0.0234375,1.0
4.767378931967813,-0.015625,-0.03515625,0.97265625
4.76987783467447,-0.01171875,-0.03515625,0.96875
4.772376737381126,-0.03125,-0.0390625,0.984375
4.774875640087783,-0.01953125,-0.04296875,0.96875
4.7773745427944405,-0.02734375,-0.0234375,0.984375
4.779873445501098,-0.03125,-0.03125,1.0
4.782372348207755,-0.01953125,-0.0390625,1.0078125
4.784871250914412,-0.05859375,-0.01171875,0.98828125
4.787370153621068,-0.01171875,-0.00390625,0.98828125
4.789869056327725,-0.01953125,-0.0234375,0.9765625
4.792367959034382,-0.01953125,0.0,0.9921875
4.794866861741039,-0.01953125,-0.02734375,0.99609375
4.7973657644476955,-0.01171875,-0.01953125,0.984375
4.799864667154353,-0.02734375,-0.01171875,1.00390625
4.80236356986101,-0.0234375,-0.015625,0.98828125
4.804862472567667,-0.0234375,-0.03515625,0.9765625
4.807361375274324,-0.03515625,-0.015625,0.9921875
4.809860277980981,-0.0078125,-0.015625,0.984375
4.812359180687637,-0.00390625,-0.0234375,0.9765625
4.814858083394294,-0.046875,-0.02734375,0.98828125
4.817356986100951,-0.0078125,-0.01953125,0.9921875
4.819855888807608,-0.00390625,-0.01171875,1.0
4.822354791514265,-0.015625,-0.02734375,0.97265625
4.824853694220922,-0.01171875,-0.015625,0.984375
4.827352596927579,-0.0234375,-0.02734375,0.98828125
4.829851499634236,-0.03515625,-0.03125,0.98828125
4.832350402340893,-0.0078125,-0.03125,0.9921875
4.83484930504755,-0.02734375,-0.02734375,1.00390625
4.837348207754206,-0.015625,-0.02734375,1.0078125
4.839847110460863,-0.0234375,-0.01953125,0.9765625
4.8423460131675204,-0.01171875,-0.0390625,0.99609375
4.8448449158741775,-0.0078125,-0.00390625,0.97265625
4.847343818580834,-0.02734375,-0.01953125,0.98828125
4.849842721287491,-0.015625,-0.02734375,0.98046875
4.852341623994148,-0.0234375,-0.03125,0.98046875
4.854840526700805,-0.02734375,-0.03515625,0.98828125
4.857339429407462,-0.00390625,-0.01953125,0.98828125
4.859838332114119,-0.0234375,-0.015625,0.9921875
4.862337234820775,-0.01171875,-0.02734375,0.9609375
4.8648361375274325,-0.01171875,-0.01953125,0.9375
4.86733504023409,-0.01953125,-0.01953125,0.98828125
4.869833942940747,-0.015625,-0.0078125,1.01953125
4.872332845647403,-0.0234375,-0.01953125,1.0703125
4.87483174835406,-0.00390625,-0.05078125,1.05078125
4.877330651060717,-0.00390625,-0.0625,1.0234375
4.879829553767374,-0.01953125,-0.03515625,0.9765625
4.882328456474031,-0.0078125,-0.046875,0.9765625
4.884827359180688,-0.0078125,-0.01953125,0.99609375
4.8873262618873445,-0.015625,-0.01171875,0.9765625
4.889825164594002,-0.01171875,-0.0234375,0.9921875
4.892324067300659,-0.015625,-0.03125,0.96484375
4.894822970007316,-0.0078125,-0.02734375,1.0
4.897321872713972,-0.01171875,-0.03125,1.0078125
4.899820775420629,-0.015625,-0.046875,1.0078125
4.902319678127286,-0.02734375,-0.015625,0.9765625
4.904818580833943,-0.02734375,-0.0234375,0.97265625
4.9073174835406,-0.0078125,-0.0234375,0.98828125
4.9098163862472575,-0.01171875,-0.03515625,1.00390625
4.912315288953914,-0.01171875,-0.0234375,1.01171875
4.914814191660571,-0.0234375,-0.01953125,0.9921875
4.917313094367228,-0.00390625,-0.0234375,0.984375
4.919811997073885,-0.0234375,-0.0234375,1.015625
4.922310899780541,-0.00390625,-0.0234375,1.01171875
4.924809802487198,-0.02734375,-0.02734375,1.015625
4.927308705193855,-0.0078125,-0.0078125,0.9921875
4.929807607900512,-0.03515625,-0.0078125,0.9921875
4.9323065106071695,-0.015625,-0.03515625,0.9765625
4.934805413313827,-0.0234375,-0.01171875,1.00390625
4.937304316020483,-0.01171875,-0.03125,0.99609375
4.93980321872714,-0.015625,-0.015625,0.99609375
4.942302121433797,-0.01171875,-0.015625,1.0078125
4.944801024140454,-0.00390625,-0.0234375,0.9921875
4.94729992684711,-0.01171875,-0.0234375,0.98046875
4.949798829553767,-0.015625,-0.0390625,1.0
4.9522977322604245,-0.0078125,-0.0234375,1.01953125
4.954796634967082,-0.00390625,-0.01953125,0.9921875
4.957295537673739,-0.0078125,-0.03515625,0.98828125
4.959794440380396,-0.01171875,-0.03125,0.9921875
4.962293343087052,-0.0078125,-0.01171875,0.984375
4.964792245793709,-0.0078125,-0.0078125,0.98046875
4.967291148500366,-0.046875,-0.03125,0.98828125
4.969790051207023,-0.01953125,-0.03125,0.98046875
4.972288953913679,-0.046875,-0.015625,0.99609375
4.9747878566203365,-0.01953125,-0.03125,0.9921875
4.977286759326994,-0.015625,-0.01171875,1.0
4.979785662033651,-0.015625,-0.0234375,0.98828125
4.982284564740308,-0.015625,-0.0234375,1.00390625
4.984783467446965,-0.0078125,-0.0078125,0.99609375
4.987282370153621,-0.01171875,-0.0078125,0.98828125
4.989781272860278,-0.0078125,-0.01171875,0.98828125
4.992280175566935,-0.015625,-0.015625,0.96875
4.994779078273592,-0.0234375,0.00390625,0.98046875
4.997277980980249,-0.046875,-0.00390625,0.9921875
4.999776883686906,-0.0078125,-0.015625,0.98046875
5.002275786393563,-0.0078125,-0.01953125,0.98828125
5.00477468910022,-0.00390625,-0.015625,0.9921875
5.007273591806877,-0.03125,-0.01953125,1.015625
5.009772494513534,-0.015625,-0.0234375,0.9921875
5.01227139722019,-0.015625,-0.02734375,1.01171875
5.014770299926847,-0.01171875,-0.02734375,0.9765625
5.017269202633504,-0.01171875,-0.02734375,0.98046875
5.0197681053401615,-0.0078125,-0.05859375,1.0
5.022267008046818,-0.04296875,-0.01953125,0.98046875
5.024765910753475,-0.0234375,-0.03515625,1.0
5.027264813460132,-0.015625,-0.05078125,0.99609375
5.029763716166789,-0.00390625,-0.01953125,0.97265625
5.032262618873446,-0.0234375,-0.015625,0.9921875
5.034761521580103,-0.015625,-0.03515625,1.0
5.037260424286759,-0.01171875,-0.01171875,0.98828125
5.039759326993416,-0.01953125,-0.01171875,0.97265625
5.0422582297000735,-0.01171875,-0.015625,0.98046875
5.044757132406731,-0.015625,-0.02734375,1.00390625
5.047256035113387,-0.015625,-0.02734375,1.01171875
5.049754937820044,-0.01953125,-0.0078125,0.98828125
5.052253840526701,-0.0078125,-0.015625,1.0
5.054752743233358,-0.0234375,-0.04296875,1.01171875
5.057251645940015,-0.015625,-0.0234375,0.9921875
5.059750548646672,-0.0078125,-0.01953125,0.99609375
5.0622494513533285,-0.01953125,-0.03125,1.00390625
5.064748354059986,-0.01171875,-0.03125,1.0
5.067247256766643,-0.0390625,-0.0234375,0.98046875
5.0697461594733,-0.03125,-0.01171875,1.01171875
5.072245062179956,-0.02734375,-0.01953125,0.99609375
5.074743964886613,-0.02734375,-0.03125,1.00390625
5.07724286759327,-0.01953125,-0.015625,0.98828125
5.079741770299927,-0.00390625,-0.015625,1.00390625
5.082240673006584,-0.00390625,-0.0234375,0.99609375
5.084739575713241,-0.01171875,-0.0390625,1.0078125
5.087238478419898,-0.02734375,-0.046875,0.9921875
5.089737381126555,-0.015625,-0.03125,1.0
5.092236283833212,-0.0234375,-0.015625,0.984375
5.094735186539868,-0.03125,-0.03125,0.97265625
5.097234089246525,-0.00390625,-0.015625,0.98828125
5.099732991953182,-0.0078125,-0.0078125,1.0078125
5.102231894659839,-0.0234375,-0.02734375,0.98046875
5.104730797366496,-0.00390625,-0.0078125,0.98046875
5.1072297000731535,-0.03125,-0.03125,0.9921875
5.109728602779811,-0.00390625,-0.00390625,1.00390625
5.112227505486467,-0.0078125,-0.01171875,1.0
5.114726408193124,-0.00390625,-0.02734375,1.0
5.117225310899781,-0.0234375,-0.03125,0.984375
5.119724213606437,-0.01953125,-0.02734375,0.984375
5.122223116313094,-0.01171875,-0.015625,0.98046875
5.124722019019751,-0.0078125,-0.01171875,0.99609375
5.127220921726408,-0.015625,-0.02734375,0.99609375
5.1297198244330655,-0.0234375,-0.01171875,1.01171875
5.132218727139723,-0.02734375,-0.03125,1.00390625
5.13471762984638,-0.0078125,-0.01953125,0.98828125
5.137216532553036,0.0,-0.01171875,0.98046875
5.139715435259693,-0.01171875,-0.01953125,0.984375
5.14221433796635,-0.03515625,-0.01171875,0.9921875
5.144713240673006,-0.03125,-0.0078125,0.99609375
5.147212143379663,-0.0390625,-0.01953125,0.98046875
5.1497110460863205,-0.01171875,-0.046875,1.00390625
5.152209948792978,-0.01953125,-0.015625,0.98046875
5.154708851499635,-0.0078125,-0.0078125,0.99609375
5.157207754206292,-0.03125,-0.01171875,0.9765625
5.159706656912949,-0.0234375,-0.01953125,0.98828125
5.162205559619605,-0.03515625,-0.01953125,0.98828125
5.164704462326262,0.0,-0.0078125,0.9765625
5.167203365032919,-0.00390625,-0.0234375,0.99609375
5.169702267739575,-0.03125,-0.03125,0.97265625
5.1722011704462325,-0.015625,-0.015625,0.984375
5.17470007315289,-0.01171875,-0.015625,0.98828125
5.177198975859547,-0.01171875,-0.015625,0.9765625
5.179697878566204,-0.02734375,-0.03125,0.984375
5.182196781272861,-0.01953125,-0.01953125,0.97265625
5.184695683979518,-0.01171875,-0.0390625,1.0
5.187194586686174,-0.01171875,-0.04296875,0.9921875
5.189693489392831,-0.03125,-0.03125,0.984375
5.192192392099488,-0.046875,-0.01953125,0.98046875
5.1946912948061446,-0.03125,-0.01171875,0.98046875
5.197190197512802,-0.02734375,-0.01953125,1.0
5.199689100219459,-0.00390625,-0.015625,0.99609375
5.202188002926116,-0.015625,-0.01171875,1.0
5.204686905632773,-0.05078125,-0.015625,0.98046875
5.20718580833943,-0.01953125,-0.01953125,0.98046875
5.209684711046087,-0.03515625,-0.015625,0.99609375
5.212183613752743,-0.0078125,-0.0234375,0.9921875
5.2146825164594,-0.00390625,-0.0234375,0.99609375
5.2171814191660575,-0.01171875,-0.0234375,1.00390625
5.219680321872714,-0.0234375,-0.02734375,0.9765625
5.222179224579371,-0.00390625,-0.046875,1.0
5.224678127286028,-0.02734375,-0.01171875,0.99609375
5.227177029992685,-0.0078125,-0.03125,0.9921875
5.229675932699342,-0.02734375,0.0,1.01171875
5.232174835405999,-0.03125,-0.03515625,0.98046875
5.234673738112656,-0.015625,-0.01953125,0.9921875
5.237172640819312,-0.01171875,-0.01953125,1.00390625
5.2396715435259695,-0.0078125,-0.015625,1.0
5.242170446232627,-0.01171875,-0.03515625,0.9921875
5.244669348939283,-0.01171875,-0.015625,0.984375
5.24716825164594,-0.0078125,-0.015625,1.00390625
5.249667154352597,-0.00390625,-0.0078125,0.98046875
5.252166057059254,-0.0078125,-0.01953125,0.9921875
5.254664959765911,-0.0234375,-0.015625,1.0078125
5.257163862472568,-0.015625,-0.00390625,0.9765625
5.259662765179225,-0.05078125,-0.03125,0.98046875
5.262161667885882,-0.0390625,-0.03515625,0.984375
5.264660570592539,-0.01171875,-0.01953125,1.0078125
5.267159473299196,-0.015625,-0.01953125,1.0
5.269658376005852,-0.015625,-0.0234375,1.00390625
5.272157278712509,-0.03125,-0.04296875,0.984375
5.274656181419166,-0.0390625,-0.02734375,1.0078125
5.277155084125823,-0.03125,-0.04296875,0.98828125
5.27965398683248,-0.0234375,-0.015625,1.0
5.282152889539137,-0.0234375,-0.0078125,0.9921875
5.284651792245794,-0.0234375,-0.015625,0.953125
5.287150694952451,-0.015625,-0.015625,1.0
5.289649597659108,-0.02734375,-0.01953125,0.984375
5.292148500365765,-0.03515625,-0.03125,0.99609375
5.294647403072421,-0.0078125,-0.015625,0.96484375
5.297146305779078,0.0,-0.01171875,0.9921875
5.299645208485735,-0.01953125,-0.03125,1.0078125
5.302144111192392,-0.0234375,-0.0234375,1.01171875
5.3046430138990495,-0.01953125,-0.0390625,1.0
5.3071419166057066,-0.03515625,-0.01953125,0.9921875
5.309640819312363,-0.0234375,-0.015625,1.0
5.31213972201902,-0.01171875,-0.015625,0.9765625
5.314638624725677,-0.015625,-0.04296875,1.0
5.317137527432334,-0.015625,-0.03515625,0.9765625
5.31963643013899,0.0,-0.03125,1.01171875
5.322135332845647,-0.00390625,-0.0390625,1.0
5.324634235552304,-0.02734375,-0.015625,1.00390625
5.3271331382589615,-0.0234375,-0.03125,0.98828125
5.329632040965619,0.0,-0.03125,0.9765625
5.332130943672276,-0.01171875,-0.0234375,1.01171875
5.334629846378932,-0.0234375,-0.03125,1.0
5.337128749085589,-0.0078125,-0.01953125,1.0
5.339627651792246,-0.015625,-0.02734375,1.00390625
5.342126554498903,-0.0078125,-0.03515625,0.9921875
5.344625457205559,-0.015625,-0.01171875,1.0
5.3471243599122165,-0.01953125,-0.046875,1.00390625
5.3496232626188736,-0.015625,-0.0234375,1.0078125
5.352122165325531,-0.03515625,-0.01953125,1.00390625
5.354621068032188,-0.03515625,-0.046875,1.01953125
5.357119970738845,-0.01171875,-0.01953125,0.99609375
5.359618873445502,-0.0078125,-0.01953125,1.0
5.362117776152158,-0.02734375,-0.03125,1.015625
5.364616678858815,-0.01953125,-0.03515625,1.0
5.367115581565471,-0.01171875,-0.0234375,1.0078125
5.3696144842721285,-0.02734375,-0.02734375,1.0
5.372113386978786,-0.015625,-0.0234375,0.98046875
5.374612289685443,-0.015625,-0.01953125,0.99609375
5.3771111923921,-0.0234375,-0.01171875,1.015625
5.379610095098757,-0.01171875,-0.02734375,0.98046875
5.382108997805414,-0.0234375,-0.00390625,0.99609375
5.384607900512071,-0.015625,-0.01953125,0.97265625
5.387106803218727,-0.00390625,-0.0234375,0.99609375
5.389605705925384,-0.01953125,-0.0234375,1.0
5.3921046086320406,-0.0078125,-0.01171875,0.98828125
5.394603511338698,-0.015625,-0.04296875,1.00390625
5.397102414045355,-0.01171875,-0.0234375,0.9921875
5.399601316752012,-0.015625,-0.01953125,1.0
5.402100219458669,0.0,-0.0234375,0.99609375
5.404599122165326,-0.00390625,-0.02734375,0.97265625
5.407098024871983,-0.0078125,-0.0390625,0.9921875
5.40959692757864,-0.01953125,-0.02734375,0.99609375
5.412095830285296,-0.0234375,-0.0234375,1.0078125
5.4145947329919535,-0.03125,-0.0234375,0.984375
5.41709363569861,-0.01171875,-0.01953125,0.96484375
5.419592538405267,-0.01953125,-0.0078125,0.984375
5.422091441111924,-0.0234375,-0.02734375,0.9921875
5.424590343818581,-0.02734375,-0.01171875,1.00390625
5.427089246525238,-0.02734375,-0.04296875,0.98828125
5.429588149231895,-0.01171875,-0.01953125,0.98828125
5.432087051938552,-0.01171875,-0.01171875,0.98828125
5.434585954645209,-0.02734375,-0.0234375,0.96484375
5.4370848573518655,-0.015625,-0.01953125,0.99609375
5.439583760058523,-0.0078125,-0.04296875,1.00390625
5.442082662765179,-0.015625,-0.01953125,1.00390625
5.444581565471836,-0.0078125,-0.0390625,0.99609375
5.447080468178493,-0.00390625,-0.015625,0.9921875
5.44957937088515,-0.01953125,-0.03515625,1.00390625
5.452078273591807,-0.01171875,-0.0234375,1.0
5.454577176298464,-0.0234375,-0.0234375,1.015625
5.457076079005121,-0.01171875,-0.03125,1.02734375
5.4595749817117785,-0.01171875,-0.0234375,1.0
5.462073884418435,-0.01171875,-0.01171875,0.984375
5.464572787125092,-0.03125,-0.01171875,0.9921875
5.467071689831748,-0.015625,-0.01171875,0.98828125
5.469570592538405,-0.01171875,-0.02734375,1.0078125
5.472069495245062,-0.0078125,-0.0234375,0.99609375
5.474568397951719,-0.02734375,-0.03515625,0.98046875
5.477067300658376,-0.015625,-0.046875,0.98828125
5.479566203365033,-0.03125,-0.02734375,0.9921875
5.4820651060716905,-0.01953125,-0.015625,0.99609375
5.484564008778348,-0.01953125,-0.00390625,1.0
5.487062911485004,-0.015625,-0.01953125,0.97265625
5.489561814191661,-0.0234375,-0.0234375,0.96875
5.492060716898317,-0.0546875,-0.02734375,1.0
5.494559619604974,-0.0234375,-0.01953125,0.99609375
5.497058522311631,-0.015625,-0.02734375,0.984375
5.499557425018288,-0.00390625,-0.01953125,0.9921875
5.5020563277249455,-0.03125,-0.03125,0.9921875
5.5045552304316026,-0.0234375,-0.03125,0.9921875
5.50705413313826,-0.00390625,-0.01953125,0.984375
5.509553035844917,-0.0078125,-0.04296875,0.9921875
5.512051938551573,-0.0234375,-0.01953125,0.984375
5.51455084125823,-0.0078125,-0.00390625,1.00390625
5.517049743964886,-0.01171875,-0.03125,1.0078125
5.519548646671543,-0.0234375,-0.015625,0.98828125
5.5220475493782,-0.0078125,-0.01171875,0.9921875
5.5245464520848575,-0.01171875,-0.00390625,0.99609375
5.527045354791515,-0.00390625,-0.01171875,0.99609375
5.529544257498172,-0.02734375,-0.01953125,0.99609375
5.532043160204829,-0.03125,-0.04296875,0.9921875
5.534542062911486,-0.046875,-0.03125,1.01171875
5.537040965618142,-0.0234375,-0.01171875,1.0
5.539539868324799,0.0,-0.03515625,1.0
5.542038771031455,-0.0078125,-0.0390625,0.9921875
5.5445376737381125,-0.0078125,-0.03125,0.984375
5.5470365764447696,-0.0078125,-0.0234375,1.0078125
5.549535479151427,-0.0234375,-0.015625,0.9921875
5.552034381858084,-0.0234375,-0.02734375,0.9921875
5.554533284564741,-0.0234375,-0.015625,0.984375
5.557032187271398,-0.04296875,-0.0234375,1.0078125
5.559531089978055,-0.01953125,-0.03125,1.0078125
5.562029992684711,-0.00390625,-0.02734375,0.98828125
5.564528895391368,-0.01171875,-0.0078125,1.0
5.5670277980980245,-0.01171875,0.0,0.98828125
5.569526700804682,-0.01171875,-0.04296875,0.98828125
5.572025603511339,-0.015625,-0.03125,0.98046875
5.574524506217996,-0.00390625,-0.015625,1.0078125
5.577023408924653,-0.0078125,-0.02734375,1.00390625
5.57952231163131,0.0,-0.01171875,1.0
5.582021214337967,-0.01953125,-0.01953125,1.01171875
5.584520117044624,-0.0078125,-0.03125,1.00390625
5.58701901975128,-0.00390625,-0.02734375,0.99609375
5.589517922457937,-0.0078125,-0.02734375,0.984375
5.592016825164594,-0.00390625,-0.0234375,0.98828125
5.594515727871251,-0.03515625,-0.03515625,0.9921875
5.597014630577908,-0.0234375,-0.0234375,0.9921875
5.599513533284565,-0.0234375,-0.01171875,0.98046875
5.602012435991222,-0.015625,-0.015625,1.01171875
5.604511338697879,-0.00390625,-0.03515625,0.99609375
5.607010241404536,-0.015625,-0.0234375,0.9921875
5.609509144111193,-0.01171875,-0.01953125,1.01171875
5.6120080468178495,-0.01953125,-0.03125,0.98046875
5.614506949524507,-0.01953125,-0.03125,0.98046875
5.617005852231163,-0.0390625,-0.03515625,1.0
5.61950475493782,-0.015625,-0.0234375,0.9921875
5.622003657644477,0.0,-0.0234375,1.00390625
5.624502560351134,-0.03125,-0.046875,0.98828125
5.627001463057791,-0.00390625,-0.03125,0.98828125
5.629500365764448,-0.0234375,-0.05078125,0.984375
5.631999268471105,-0.01171875,-0.03515625,0.98046875
5.634498171177762,-0.0078125,-0.015625,0.99609375
5.636997073884419,-0.0078125,-0.02734375,0.9765625
5.639495976591076,-0.01953125,-0.0390625,0.98046875
5.641994879297732,-0.015625,-0.0234375,0.97265625
5.644493782004389,0.0,-0.02734375,0.98828125
5.646992684711046,-0.00390625,-0.04296875,1.00390625
5.649491587417703,-0.02734375,-0.01953125,0.984375
5.65199049012436,-0.0234375,-0.0234375,0.99609375
5.654489392831017,-0.03515625,-0.01171875,1.0078125
5.6569882955376745,-0.01171875,-0.0078125,0.99609375
5.6594871982443316,-0.01171875,-0.015625,1.00390625
5.661986100950988,0.0,-0.01953125,0.96484375
5.664485003657645,-0.0078125,-0.015625,1.00390625
5.666983906364301,-0.0234375,-0.01171875,1.0
5.669482809070958,-0.015625,-0.01953125,0.98046875
5.671981711777615,-0.02734375,-0.02734375,1.0
5.674480614484272,-0.01953125,-0.01171875,1.00390625
5.676979517190929,-0.0078125,-0.015625,0.99609375
5.6794784198975865,-0.015625,-0.015625,1.0
5.681977322604244,-0.0234375,-0.01953125,1.01171875
5.684476225310901,-0.03515625,-0.03125,0.99609375
5.686975128017557,-0.02734375,-0.03515625,1.00390625
5.689474030724214,-0.015625,-0.03125,1.0078125
5.69197293343087,-0.015625,-0.01953125,1.00390625
5.694471836137527,-0.015625,-0.0078125,1.00390625
5.696970738844184,-0.0234375,-0.0078125,0.96484375
5.6994696415508415,-0.03515625,-0.015625,0.98828125
5.7019685442574986,-0.0078125,-0.046875,0.96875
5.704467446964156,-0.01953125,-0.015625,1.00390625
5.706966349670813,-0.01171875,-0.015625,0.97265625
5.70946525237747,-0.03125,-0.01171875,1.015625
5.711964155084126,-0.01953125,-0.02734375,0.98828125
5.714463057790783,0.0,-0.03125,0.98828125
5.716961960497439,0.0,-0.03125,0.95703125
5.719460863204096,-0.00390625,-0.02734375,0.984375
5.7219597659107535,-0.01953125,-0.015625,1.0078125
5.724458668617411,-0.0078125,-0.0234375,1.0078125
5.726957571324068,-0.0234375,-0.0078125,0.9765625
5.729456474030725,-0.0234375,-0.01953125,0.9921875
5.731955376737382,-0.0234375,-0.04296875,0.99609375
5.734454279444038,-0.01171875,-0.01171875,0.99609375
5.736953182150695,-0.01953125,-0.015625,0.984375
5.739452084857352,-0.03515625,-0.0078125,0.96484375
5.7419509875640085,-0.03125,-0.03125,0.9765625
5.7444498902706655,-0.02734375,-0.01171875,0.9921875
5.746948792977323,-0.015625,-0.03515625,0.99609375
5.74944769568398,-0.0234375,-0.01953125,0.96875
5.751946598390637,-0.01953125,-0.0234375,1.00390625
5.754445501097294,-0.015625,-0.01953125,1.015625
5.756944403803951,-0.046875,-0.0390625,1.0078125
5.759443306510607,-0.02734375,-0.01953125,1.00390625
5.761942209217264,-0.015625,-0.0078125,1.0
5.764441111923921,-0.015625,-0.03125,0.99609375
5.766940014630578,-0.0078125,-0.01953125,1.00390625
5.769438917337235,-0.0078125,-0.0234375,1.00390625
5.771937820043892,-0.0234375,-0.01953125,1.00390625
5.774436722750549,-0.046875,-0.015625,1.0
5.776935625457206,-0.02734375,-0.03125,0.9765625
5.779434528163863,-0.0078125,-0.01953125,1.015625
5.78193343087052,-0.00390625,-0.01171875,0.9921875
5.784432333577176,-0.0078125,-0.04296875,0.9765625
5.786931236283833,-0.03125,-0.0234375,1.01171875
5.7894301389904905,-0.01953125,-0.015625,0.97265625
5.791929041697147,-0.0390625,-0.03125,0.9921875
5.794427944403804,-0.0234375,-0.04296875,0.9765625
5.796926847110461,-0.01953125,-0.0234375,1.0078125
5.799425749817118,-0.00390625,-0.02734375,1.0
5.801924652523775,-0.01953125,-0.01953125,1.01171875
5.804423555230432,-0.02734375,-0.04296875,0.99609375
5.806922457937089,-0.01171875,-0.0234375,0.984375
5.8094213606437455,-0.03125,-0.015625,1.015625
5.811920263350403,-0.01171875,-0.03125,0.99609375
5.81441916605706,-0.01171875,-0.02734375,0.984375
5.816918068763716,-0.02734375,-0.0078125,1.0078125
5.819416971470373,-0.01953125,-0.01171875,0.984375
5.82191587417703,-0.015625,-0.0234375,0.98046875
5.824414776883687,-0.0234375,-0.01953125,1.015625
5.826913679590344,-0.00390625,-0.01171875,0.98828125
5.829412582297001,0.0,-0.015625,0.9921875
5.831911485003658,-0.0234375,-0.05078125,1.0078125
5.834410387710315,-0.03125,-0.02734375,1.0
5.836909290416972,-0.015625,-0.03515625,1.0078125
5.839408193123629,-0.01171875,-0.015625,1.00390625
5.841907095830285,-0.00390625,-0.0234375,0.9765625
5.844405998536942,-0.015625,-0.01953125,1.01171875
5.846904901243599,-0.02734375,-0.02734375,0.98828125
5.849403803950256,-0.0234375,-0.04296875,0.9921875
5.851902706656913,-0.0078125,-0.01171875,0.98828125
5.8544016093635705,-0.04296875,-0.02734375,1.01953125
5.8569005120702275,-0.01953125,-0.04296875,0.99609375
5.859399414776884,-0.015625,-0.03125,0.96875
5.861898317483541,-0.00390625,-0.015625,0.97265625
5.864397220190198,0.0,-0.01953125,0.99609375
5.866896122896854,-0.01171875,-0.0234375,1.0078125
5.869395025603511,-0.01171875,-0.03515625,0.99609375
5.871893928310168,0.0,-0.00390625,0.99609375
5.874392831016825,-0.01171875,-0.0234375,1.00390625
5.8768917337234825,-0.0234375,-0.02734375,0.98828125
5.87939063643014,-0.0234375,-0.0078125,0.98828125
5.881889539136797,-0.01171875,-0.02734375,0.984375
5.884388441843453,-0.01171875,-0.01953125,0.9921875
5.88688734455011,0.0,-0.00390625,0.99609375
5.889386247256767,-0.0234375,-0.01953125,0.9921875
5.891885149963423,-0.02734375,-0.03125,1.015625
5.89438405267008,-0.00390625,-0.0234375,0.99609375
5.8968829553767375,-0.02734375,-0.015625,1.0078125
5.8993818580833945,-0.0234375,-0.03125,0.984375
5.901880760790052,-0.0078125,-0.01171875,0.98828125
5.904379663496709,-0.0078125,-0.0234375,0.96875
5.906878566203366,-0.0078125,-0.04296875,0.99609375
5.909377468910022,-0.015625,-0.0390625,1.01953125
5.911876371616679,-0.0078125,-0.03125,0.99609375
5.914375274323336,-0.0078125,-0.0390625,1.0078125
5.916874177029992,-0.0234375,-0.0390625,0.99609375
5.9193730797366495,0.0,-0.015625,0.98828125
5.921871982443307,-0.01171875,-0.01171875,0.99609375
5.924370885149964,-0.01171875,-0.0234375,1.0078125
5.926869787856621,-0.01953125,-0.0234375,1.0078125
5.929368690563278,-0.01171875,-0.03125,0.99609375
5.931867593269935,-0.015625,-0.01953125,1.0
5.934366495976591,-0.00390625,-0.02734375,0.99609375
5.936865398683248,-0.01171875,-0.0390625,1.00390625
5.939364301389905,0.0,-0.01953125,0.9921875
5.9418632040965615,-0.015625,-0.01171875,1.0
5.944362106803219,-0.01953125,-0.046875,0.99609375
5.946861009509876,-0.01171875,-0.015625,0.9921875
5.949359912216533,-0.01171875,-0.02734375,0.98828125
5.95185881492319,-0.01171875,-0.0390625,1.00390625
5.954357717629847,-0.015625,-0.0234375,0.98828125
5.956856620336504,-0.01953125,-0.0390625,0.99609375
5.95935552304316,-0.01953125,-0.015625,1.00390625
5.961854425749817,-0.015625,-0.00390625,0.9765625
5.9643533284564745,-0.05078125,-0.00390625,0.984375
5.966852231163131,-0.0078125,-0.02734375,0.9765625
5.969351133869788,-0.015625,-0.02734375,0.98828125
5.971850036576445,-0.01953125,-0.02734375,0.98828125
5.974348939283102,-0.0078125,-0.01171875,0.99609375
5.976847841989759,-0.01171875,-0.01171875,0.9921875
5.979346744696416,-0.03515625,-0.0234375,1.0
5.981845647403073,-0.01953125,-0.0234375,1.01171875
5.984344550109729,-0.0078125,-0.01953125,1.0
5.9868434528163865,-0.0390625,-0.01953125,1.0078125
5.989342355523044,-0.02734375,-0.04296875,1.00390625
5.9918412582297,-0.0078125,-0.03125,0.9921875
5.994340160936357,-0.01953125,-0.02734375,1.01953125
5.996839063643014,-0.03125,-0.0234375,0.984375
5.999337966349671,-0.0078125,-0.0234375,1.01953125
6.001836869056328,-0.03125,-0.0078125,0.97265625
6.004335771762985,-0.01171875,-0.02734375,0.96875
6.006834674469642,-0.015625,-0.01953125,0.9921875
6.009333577176299,-0.0078125,-0.02734375,0.99609375
6.011832479882956,-0.015625,-0.0234375,1.00390625
6.014331382589613,-0.015625,-0.00390625,0.99609375
6.016830285296269,-0.0078125,-0.015625,0.99609375
6.019329188002926,-0.015625,-0.015625,0.984375
6.021828090709583,-0.01953125,-0.04296875,0.99609375
6.02432699341624,-0.01953125,-0.02734375,0.984375
6.026825896122897,-0.0234375,-0.01953125,1.00390625
6.029324798829554,-0.02734375,-0.0078125,0.9921875
6.0318237015362115,-0.01953125,-0.01171875,1.0
6.034322604242868,-0.0234375,-0.0078125,0.98046875
6.036821506949525,-0.015625,-0.05078125,0.99609375
6.039320409656182,-0.02734375,-0.0390625,1.00390625
6.041819312362838,-0.0234375,-0.03125,0.9765625
6.044318215069495,-0.015625,-0.015625,0.99609375
6.046817117776152,-0.00390625,-0.01171875,0.984375
6.049316020482809,-0.00390625,-0.0234375,0.9921875
6.0518149231894665,-0.02734375,-0.01171875,0.99609375
6.0543138258961235,-0.01171875,-0.01953125,0.9921875
6.056812728602781,-0.015625,-0.02734375,0.99609375
6.059311631309437,-0.015625,-0.0234375,1.0
6.061810534016094,-0.0234375,-0.02734375,0.9609375
6.064309436722751,-0.0234375,-0.02734375,1.00390625
6.066808339429407,-0.0078125,-0.01171875,0.984375
6.069307242136064,-0.0078125,-0.01953125,1.0
6.071806144842721,-0.01953125,-0.01953125,0.9921875
6.0743050475493785,-0.01953125,-0.046875,0.95703125
6.076803950256036,-0.00390625,-0.01953125,0.98828125
6.079302852962693,-0.0234375,-0.0078125,0.98828125
6.08180175566935,-0.01953125,-0.02734375,0.98046875
6.084300658376006,-0.00390625,-0.0234375,0.9921875
6.086799561082663,-0.0234375,-0.0234375,0.984375
6.08929846378932,-0.015625,-0.0390625,1.0
6.091797366495976,-0.02734375,-0.015625,0.99609375
6.0942962692026335,-0.01171875,-0.01953125,1.01171875
6.0967951719092905,-0.0078125,-0.02734375,0.98828125
6.099294074615948,-0.015625,-0.01953125,1.0078125
6.101792977322605,-0.03125,-0.015625,1.015625
6.104291880029262,-0.0234375,-0.01953125,0.96484375
6.106790782735919,-0.01953125,-0.015625,1.00390625
6.109289685442575,-0.01171875,-0.01953125,1.0
6.111788588149232,0.0,-0.0234375,0.97265625
6.114287490855888,-0.015625,-0.0234375,1.015625
6.1167863935625455,-0.03515625,-0.0234375,1.0
6.119285296269203,-0.0078125,-0.00390625,0.97265625
6.12178419897586,-0.03515625,-0.01953125,0.9765625
6.124283101682517,-0.01171875,-0.02734375,0.99609375
6.126782004389174,-0.01953125,-0.01953125,1.00390625
6.129280907095831,-0.01953125,-0.03515625,1.0
6.131779809802488,-0.015625,-0.015625,0.9765625
6.134278712509144,-0.01953125,-0.015625,0.98828125
6.136777615215801,-0.01171875,-0.03515625,0.98828125
6.1392765179224575,-0.01171875,-0.046875,1.00390625
6.141775420629115,-0.01953125,-0.01953125,0.98828125
6.144274323335772,-0.0234375,-0.0234375,0.98828125
6.146773226042429,-0.03515625,-0.02734375,0.9921875
6.149272128749086,-0.03125,-0.015625,0.9921875
6.151771031455743,-0.01171875,-0.03125,0.99609375
6.1542699341624,-0.0078125,-0.0078125,1.00390625
6.156768836869057,-0.0078125,-0.01171875,1.01171875
6.159267739575713,-0.0078125,-0.02734375,1.0
6.1617666422823705,-0.01953125,-0.03515625,1.00390625
6.164265544989027,-0.03515625,-0.0234375,0.9765625
6.166764447695684,-0.02734375,-0.0390625,0.9921875
6.169263350402341,-0.01171875,-0.01953125,0.984375
6.171762253108998,0.0,-0.046875,0.9921875
6.174261155815655,-0.01171875,-0.01953125,1.0
6.176760058522312,-0.01171875,-0.02734375,0.984375
6.179258961228969,-0.0078125,-0.03515625,1.0
6.181757863935626,-0.015625,-0.05859375,1.00390625
6.1842567666422825,-0.02734375,-0.02734375,0.98828125
6.18675566934894,-0.01953125,-0.02734375,0.98828125
6.189254572055596,-0.0234375,-0.015625,0.98046875
6.191753474762253,-0.00390625,-0.01953125,1.0078125
6.19425237746891,0.0,-0.02734375,0.9921875
6.196751280175567,-0.0078125,-0.015625,0.99609375
6.199250182882224,-0.015625,-0.0234375,0.9921875
6.201749085588881,-0.02734375,-0.01953125,0.98046875
6.204247988295538,-0.01953125,-0.015625,0.9921875
6.2067468910021955,-0.02734375,-0.015625,0.9921875
6.209245793708852,-0.01953125,-0.02734375,0.99609375
6.211744696415509,-0.0078125,-0.04296875,1.015625
6.214243599122165,-0.03125,-0.015625,0.98828125
6.216742501828822,-0.01171875,-0.0078125,1.0078125
6.219241404535479,-0.0390625,-0.0078125,0.984375
6.221740307242136,-0.0234375,-0.00390625,1.015625
6.224239209948793,-0.03125,-0.0234375,0.98828125
6.22673811265545,-0.0234375,-0.03125,0.98046875
6.2292370153621075,-0.01171875,-0.01953125,1.0
6.231735918068765,-0.0234375,-0.0390625,1.0
6.234234820775421,-0.015625,-0.0234375,1.00390625
6.236733723482078,-0.015625,-0.03515625,1.01171875
6.239232626188734,-0.03515625,-0.01171875,0.9921875
6.241731528895391,-0.01953125,-0.0078125,0.99609375
6.244230431602048,-0.01171875,-0.015625,0.98828125
6.246729334308705,-0.0078125,-0.01953125,0.98828125
6.2492282370153625,-0.0078125,-0.03515625,0.98046875
6.2517271397220195,-0.0078125,-0.04296875,0.97265625
6.254226042428677,-0.02734375,-0.03125,0.99609375
6.256724945135334,-0.01171875,-0.0234375,1.0
6.25922384784199,-0.015625,-0.01953125,1.01171875
6.261722750548647,-0.02734375,-0.0390625,0.98828125
6.264221653255303,-0.01953125,-0.015625,1.00390625
6.26672055596196,-0.01953125,-0.01171875,0.98828125
6.269219458668617,-0.0078125,-0.02734375,1.00390625
6.2717183613752745,-0.0078125,-0.02734375,0.9921875
6.274217264081932,-0.015625,-0.01171875,0.99609375
6.276716166788589,-0.03125,-0.03515625,0.98828125
6.279215069495246,-0.0234375,-0.04296875,1.0
6.281713972201903,-0.015625,-0.02734375,0.984375
6.284212874908559,-0.02734375,-0.04296875,0.98828125
6.286711777615216,-0.01171875,-0.02734375,0.984375
6.289210680321872,-0.03125,-0.01171875,1.01171875
6.2917095830285295,-0.01171875,-0.01171875,0.9765625
6.2942084857351865,-0.00390625,-0.01953125,1.0
6.296707388441844,-0.015625,-0.015625,1.00390625
6.299206291148501,-0.0078125,-0.0234375,1.0
6.301705193855158,-0.0390625,-0.0390625,0.99609375
6.304204096561815,-0.01953125,-0.01953125,1.00390625
6.306702999268472,-0.0078125,-0.03125,0.99609375
6.309201901975128,-0.02734375,-0.03515625,0.9921875
6.311700804681785,-0.00390625,-0.03125,0.99609375
6.3141997073884415,-0.01953125,-0.01953125,0.9921875
6.316698610095099,-0.01171875,-0.01171875,0.9921875
6.319197512801756,-0.0234375,-0.03125,0.984375
6.321696415508413,-0.0078125,-0.03515625,0.98828125
6.32419531821507,-0.0234375,-0.03125,0.984375
6.326694220921727,-0.02734375,-0.01171875,1.0078125
6.329193123628384,-0.01171875,-0.0078125,1.0
6.331692026335041,-0.015625,-0.02734375,0.99609375
6.334190929041697,-0.00390625,-0.0390625,0.97265625
6.336689831748354,-0.015625,-0.01171875,1.015625
6.339188734455011,-0.01171875,-0.01171875,0.97265625
6.341687637161668,-0.0078125,-0.046875,1.01171875
6.344186539868325,-0.0078125,-0.02734375,0.98828125
6.346685442574982,-0.0078125,-0.015625,0.99609375
6.349184345281639,-0.0234375,-0.03125,1.0
6.351683247988296,-0.01953125,-0.05078125,1.0
6.354182150694953,-0.03125,-0.02734375,1.00390625
6.35668105340161,-0.01953125,-0.01953125,1.0
6.3591799561082665,-0.02734375,-0.0078125,1.0078125
6.361678858814924,-0.015625,-0.02734375,0.9921875
6.36417776152158,-0.0078125,-0.01953125,0.9609375
6.366676664228237,-0.02734375,-0.03125,0.98046875
6.369175566934894,-0.02734375,-0.01953125,0.98828125
6.371674469641551,-0.01171875,-0.01953125,0.96484375
6.374173372348208,-0.0078125,-0.0078125,0.98046875
6.376672275054865,-0.015625,-0.015625,1.0078125
6.379171177761522,-0.03125,-0.015625,0.984375
6.381670080468179,-0.0234375,-0.0078125,1.0
6.384168983174836,-0.01953125,-0.0390625,0.99609375
6.386667885881493,0.0,-0.03125,0.98046875
6.389166788588149,-0.0234375,-0.0390625,1.01171875
6.391665691294806,-0.0390625,-0.0390625,0.98828125
6.394164594001463,-0.01953125,-0.046875,1.01953125
6.39666349670812,-0.015625,-0.05078125,1.00390625
6.399162399414777,-0.015625,-0.01953125,0.9921875
6.401661302121434,-0.0234375,-0.05859375,0.9921875
6.4041602048280915,-0.01171875,-0.0390625,0.99609375
6.4066591075347485,-0.01171875,-0.0234375,0.99609375
6.409158010241405,-0.0234375,-0.015625,0.99609375
6.411656912948062,-0.01953125,-0.0546875,0.9921875
6.414155815654718,-0.03125,-0.046875,0.99609375
6.416654718361375,-0.01953125,-0.01171875,1.00390625
6.419153621068032,-0.01171875,-0.015625,0.98828125
6.421652523774689,-0.015625,-0.02734375,0.98828125
6.424151426481346,-0.03125,-0.01171875,0.984375
6.4266503291880035,-0.02734375,-0.04296875,0.99609375
6.429149231894661,-0.01171875,-0.03125,1.0
6.431648134601318,-0.01953125,-0.0234375,1.0
6.434147037307974,-0.01171875,-0.0234375,0.9921875
6.436645940014631,-0.0234375,-0.0234375,0.99609375
6.439144842721287,-0.03515625,-0.04296875,0.9921875
6.441643745427944,-0.01953125,-0.0078125,0.9765625
6.444142648134601,-0.03125,-0.01953125,0.9921875
6.4466415508412585,-0.02734375,-0.02734375,1.00390625
6.4491404535479155,-0.01953125,-0.02734375,1.00390625
6.451639356254573,-0.03515625,-0.02734375,1.0078125
6.45413825896123,-0.015625,-0.02734375,0.98046875
6.456637161667887,-0.01171875,-0.0078125,1.0078125
6.459136064374543,-0.01953125,-0.01171875,0.98828125
6.4616349670812,-0.01953125,-0.04296875,0.984375
6.464133869787856,-0.01953125,-0.01953125,0.984375
6.466632772494513,-0.0234375,-0.0078125,0.9765625
6.4691316752011705,-0.01953125,-0.0078125,1.0
6.471630577907828,-0.01171875,-0.015625,1.0
6.474129480614485,-0.03515625,-0.0234375,0.96875
6.476628383321142,-0.03515625,-0.01171875,0.97265625
6.479127286027799,0.0078125,-0.03125,0.96875
6.481626188734455,-0.01171875,-0.0390625,0.9921875
6.484125091441112,-0.015625,0.0,1.0078125
6.486623994147769,-0.015625,-0.02734375,0.99609375
6.4891228968544254,-0.03125,-0.01953125,0.984375
6.4916217995610825,-0.01953125,-0.01953125,0.98046875
6.49412070226774,-0.01171875,-0.01171875,0.96875
6.496619604974397,-0.015625,-0.03515625,1.0078125
6.499118507681054,-0.00390625,-0.0234375,1.0
6.501617410387711,-0.0078125,-0.02734375,1.0078125
6.504116313094368,-0.01171875,-0.03515625,0.98828125
6.506615215801024,-0.01171875,-0.01953125,0.9921875
6.509114118507681,-0.03125,-0.01953125,1.00390625
6.511613021214338,-0.01953125,-0.04296875,0.98046875
6.514111923920995,-0.03515625,-0.03515625,0.98046875
6.516610826627652,-0.0390625,-0.015625,0.98828125
6.519109729334309,-0.0390625,-0.02734375,0.984375
6.521608632040966,-0.01171875,-0.03515625,0.98828125
6.524107534747623,-0.02734375,-0.03125,1.0
6.52660643745428,-0.02734375,-0.0390625,0.99609375
6.529105340160937,-0.01171875,-0.0234375,0.97265625
6.531604242867593,-0.0078125,-0.0234375,0.98046875
6.53410314557425,-0.0390625,-0.015625,1.0
6.5366020482809075,-0.00390625,-0.0078125,0.98828125
6.539100950987564,-0.01953125,-0.0078125,0.96484375
6.541599853694221,-0.01171875,-0.03125,0.99609375
6.544098756400878,-0.01171875,-0.02734375,0.99609375
6.546597659107535,-0.01953125,-0.046875,0.99609375
6.549096561814192,-0.03515625,-0.0390625,1.01171875
6.551595464520849,-0.01953125,-0.0234375,1.0078125
6.554094367227506,-0.0078125,-0.02734375,1.01953125
6.5565932699341625,-0.01171875,-0.015625,1.00390625
6.55909217264082,-0.015625,-0.01171875,1.00390625
6.561591075347477,0.0,-0.015625,1.01171875
6.564089978054133,-0.01953125,-0.01953125,1.02734375
6.56658888076079,-0.0546875,-0.0390625,0.984375
6.569087783467447,-0.01171875,-0.03125,0.984375
6.571586686174104,-0.0234375,-0.00390625,0.99609375
6.574085588880761,-0.03125,-0.0078125,1.00390625
6.576584491587418,-0.015625,-0.01171875,0.98046875
6.579083394294075,-0.00390625,-0.03125,0.9765625
6.581582297000732,-0.01171875,-0.00390625,0.98046875
6.584081199707389,-0.0234375,-0.0078125,0.98828125
6.586580102414046,-0.02734375,-0.015625,0.984375
6.589079005120702,-0.05078125,-0.02734375,0.9921875
6.591577907827359,-0.015625,-0.02734375,1.0078125
6.594076810534016,-0.01953125,-0.01953125,0.99609375
6.596575713240673,-0.04296875,-0.03125,0.99609375
6.59907461594733,-0.01171875,-0.02734375,0.99609375
6.6015735186539874,-0.01953125,-0.01953125,1.0
6.6040724213606445,-0.01953125,-0.0234375,1.015625
6.606571324067301,-0.0390625,-0.03125,0.9765625
6.609070226773958,-0.03125,-0.0390625,0.984375
6.611569129480615,-0.01953125,-0.02734375,0.98046875
6.614068032187271,-0.0078125,-0.03125,0.9765625
6.616566934893928,-0.02734375,-0.015625,0.984375
6.619065837600585,-0.02734375,-0.04296875,0.9765625
6.621564740307242,-0.015625,-0.02734375,0.99609375
6.6240636430138995,-0.015625,-0.01953125,0.99609375
6.626562545720557,-0.01171875,-0.03515625,1.0078125
6.629061448427214,-0.01171875,-0.01953125,1.00390625
6.63156035113387,-0.03125,-0.03125,1.0078125
6.634059253840527,-0.0234375,-0.0390625,1.0
6.636558156547184,-0.01953125,-0.01171875,0.98828125
6.63905705925384,-0.02734375,-0.0390625,0.99609375
6.641555961960497,-0.02734375,-0.02734375,0.984375
6.6440548646671544,-0.01171875,-0.0234375,0.984375
6.6465537673738115,-0.04296875,-0.015625,0.9921875
6.649052670080469,-0.0234375,-0.03125,0.984375
6.651551572787126,-0.015625,-0.015625,0.9921875
6.654050475493783,-0.03515625,-0.01171875,0.99609375
6.656549378200439,-0.00390625,-0.0234375,0.9921875
6.659048280907096,-0.02734375,-0.02734375,1.0
6.661547183613753,-0.0234375,-0.046875,0.9765625
6.664046086320409,-0.01171875,-0.01953125,0.98828125
6.6665449890270665,-0.0078125,-0.0234375,0.99609375
6.669043891733724,-0.01171875,-0.015625,1.00390625
6.671542794440381,-0.03125,-0.03515625,1.00390625
6.674041697147038,-0.01953125,-0.0078125,0.9921875
6.676540599853695,-0.00390625,-0.03515625,0.9921875
6.679039502560352,-0.00390625,-0.0234375,0.99609375
6.681538405267008,-0.01171875,-0.03125,0.9921875
6.684037307973665,-0.0078125,-0.01171875,0.9765625
6.686536210680322,-0.01953125,-0.015625,0.98828125
6.6890351133869785,-0.03125,-0.03515625,0.9921875
6.691534016093636,-0.0390625,-0.01953125,0.9765625
6.694032918800293,-0.03515625,-0.015625,0.9921875
6.69653182150695,-0.01171875,-0.04296875,0.9921875
6.699030724213607,-0.02734375,-0.04296875,0.99609375
6.701529626920264,-0.015625,-0.01953125,1.01171875
6.704028529626921,-0.015625,-0.03125,1.01171875
6.706527432333577,0.0,-0.0234375,0.98828125
6.709026335040234,-0.015625,-0.01171875,0.9921875
6.7115252377468915,-0.015625,-0.0234375,1.00390625
6.714024140453548,-0.0078125,-0.015625,0.984375
6.716523043160205,-0.01171875,-0.02734375,0.99609375
6.719021945866862,-0.03125,-0.02734375,0.99609375
6.721520848573519,-0.015625,-0.0234375,1.0
6.724019751280176,-0.00390625,-0.0390625,0.98046875
6.726518653986833,-0.01171875,-0.015625,1.01171875
6.72901755669349,-0.015625,-0.01953125,0.9765625
6.731516459400146,-0.02734375,-0.01953125,1.0
6.7340153621068035,-0.0390625,-0.01171875,0.9921875
6.736514264813461,-0.015625,-0.03515625,0.98828125
6.739013167520117,-0.015625,-0.01171875,0.9921875
6.741512070226774,-0.01171875,-0.01953125,0.98046875
6.744010972933431,-0.0078125,-0.0234375,0.984375
6.746509875640088,-0.01953125,-0.02734375,0.98828125
6.749008778346745,-0.0078125,-0.03515625,0.98828125
6.751507681053402,0.00390625,-0.01171875,0.98828125
6.754006583760059,-0.01171875,-0.0234375,0.98046875
6.756505486466716,-0.0078125,-0.015625,0.9765625
6.759004389173373,0.00390625,0.0,0.9765625
6.76150329188003,-0.015625,-0.0234375,0.984375
6.764002194586686,-0.03125,-0.03515625,0.99609375
6.766501097293343,-0.0234375,-0.0390625,0.984375
6.769,-0.00390625,-0.046875,0.98828125
6.769,-0.00390625,-0.046875,1.0
6.771492788461539,-0.01171875,-0.01953125,0.99609375
6.773985576923077,-0.03515625,-0.02734375,1.0
6.776478365384616,-0.01953125,-0.03125,0.97265625
6.778971153846154,-0.03125,-0.0234375,0.98046875
6.781463942307693,-0.0390625,-0.0078125,0.9765625
6.783956730769231,-0.0234375,-0.0546875,0.9765625
6.78644951923077,-0.03125,-0.02734375,0.98046875
6.788942307692308,-0.0390625,-0.02734375,1.015625
6.7914350961538466,0.01171875,-0.046875,1.015625
6.7939278846153845,-0.01953125,-0.015625,0.98046875
6.796420673076923,-0.0234375,-0.03515625,1.0078125
6.798913461538461,-0.0234375,-0.03515625,1.01171875
6.80140625,-0.0234375,-0.03125,0.97265625
6.803899038461538,-0.03515625,-0.0078125,0.9765625
6.806391826923077,0.0,-0.01953125,0.97265625
6.808884615384615,-0.01953125,-0.01953125,0.9921875
6.811377403846154,-0.03125,-0.03515625,0.984375
6.813870192307692,-0.0078125,-0.06640625,0.97265625
6.816362980769231,-0.01171875,-0.046875,1.0078125
6.818855769230769,-0.03125,-0.015625,1.00390625
6.821348557692308,-0.0234375,-0.00390625,0.97265625
6.823841346153846,-0.015625,-0.0078125,0.984375
6.826334134615385,-0.01953125,-0.046875,1.015625
6.828826923076924,-0.0078125,-0.01171875,0.9921875
6.831319711538462,-0.02734375,-0.0390625,0.98046875
6.8338125000000005,-0.03515625,-0.03125,1.0
6.8363052884615385,0.0,-0.0234375,1.0078125
6.838798076923077,-0.01171875,-0.015625,1.0
6.841290865384615,-0.03125,-0.01953125,1.0
6.843783653846154,-0.05078125,-0.01953125,1.01171875
6.846276442307692,-0.015625,-0.03125,0.99609375
6.848769230769231,-0.03515625,-0.00390625,1.0234375
6.851262019230769,-0.01171875,-0.0078125,1.0078125
6.853754807692308,-0.0078125,-0.03515625,1.02734375
6.856247596153846,-0.046875,-0.00390625,0.97265625
6.858740384615385,-0.03125,-0.0234375,0.9765625
6.861233173076923,-0.01953125,-0.0390625,0.984375
6.863725961538462,-0.0078125,0.0078125,1.00390625
6.86621875,-0.03125,-0.01171875,1.01953125
6.868711538461539,-0.0078125,-0.0390625,1.01171875
6.871204326923077,-0.03125,-0.0234375,0.99609375
6.873697115384616,-0.015625,-0.03515625,1.0078125
6.876189903846154,-0.0234375,-0.01953125,0.98828125
6.8786826923076925,-0.0078125,-0.05078125,1.0
6.8811754807692305,-0.0234375,-0.015625,1.00390625
6.883668269230769,-0.015625,-0.01953125,0.99609375
6.886161057692308,-0.04296875,0.0,0.9765625
6.888653846153846,-0.02734375,-0.0234375,0.9921875
6.891146634615385,-0.015625,-0.03515625,0.96484375
6.893639423076923,-0.02734375,-0.0390625,0.9921875
6.896132211538462,-0.0078125,-0.02734375,1.01171875
6.898625,-0.00390625,-0.0234375,1.0234375
6.901117788461539,-0.01953125,-0.03125,1.01171875
6.903610576923077,-0.01171875,-0.03515625,1.01953125
6.906103365384616,-0.00390625,-0.0546875,0.984375
6.908596153846154,-0.02734375,-0.03125,0.9921875
6.911088942307693,0.0,-0.01953125,1.00390625
6.913581730769231,-0.01171875,-0.01953125,0.984375
6.9160745192307695,-0.01171875,-0.01953125,1.0
6.9185673076923075,-0.00390625,-0.02734375,0.98828125
6.921060096153846,-0.0234375,-0.015625,1.0
6.923552884615384,-0.015625,-0.03125,1.00390625
6.926045673076923,-0.0234375,-0.0234375,0.9921875
6.928538461538461,-0.0078125,-0.0078125,0.984375
6.93103125,-0.01953125,-0.0078125,1.0078125
6.933524038461538,-0.01171875,-0.03515625,0.9765625
6.936016826923077,-0.00390625,-0.0390625,1.00390625
6.938509615384615,-0.01953125,-0.02734375,1.01171875
6.941002403846154,-0.03515625,-0.0390625,1.00390625
6.943495192307692,-0.0234375,-0.015625,0.984375
6.945987980769231,-0.01171875,0.0,0.9765625
6.94848076923077,-0.015625,-0.015625,0.984375
6.950973557692308,0.00390625,-0.01171875,0.984375
6.953466346153847,-0.0078125,-0.03125,0.9765625
6.955959134615385,-0.0234375,-0.046875,0.9921875
6.9584519230769235,-0.01953125,-0.046875,1.0
6.9609447115384615,-0.01171875,-0.01171875,0.99609375
6.9634375,-0.01953125,-0.03515625,1.0078125
6.965930288461538,-0.0234375,-0.03125,1.01171875
6.968423076923077,-0.0234375,-0.04296875,1.00390625
6.970915865384615,-0.015625,-0.015625,0.98046875
6.973408653846154,-0.01171875,-0.0390625,1.015625
6.975901442307692,-0.02734375,-0.03515625,0.9921875
6.978394230769231,-0.0390625,-0.00390625,1.00390625
6.980887019230769,-0.046875,-0.0234375,0.99609375
6.983379807692308,-0.02734375,-0.046875,0.984375
6.985872596153846,-0.0078125,-0.01953125,0.99609375
6.988365384615385,-0.00390625,-0.015625,0.984375
6.990858173076923,-0.015625,-0.0078125,0.984375
6.993350961538462,-0.0078125,-0.03125,0.98828125
6.99584375,-0.0078125,-0.03515625,1.01171875
6.998336538461539,-0.0078125,-0.03125,1.0078125
7.000829326923077,-0.01171875,-0.01953125,0.98046875
7.0033221153846155,-0.02734375,-0.0234375,0.9921875
7.005814903846154,-0.03515625,-0.0234375,1.0
7.008307692307692,-0.015625,-0.01171875,0.98828125
7.010800480769231,-0.01171875,-0.00390625,1.00390625
7.013293269230769,-0.01953125,-0.02734375,1.00390625
7.015786057692308,-0.0078125,-0.0078125,0.984375
7.018278846153846,-0.01953125,-0.015625,0.9921875
7.020771634615385,-0.02734375,-0.04296875,1.0
7.023264423076923,-0.0234375,-0.01171875,0.97265625
7.025757211538462,-0.0078125,-0.0234375,0.9921875
7.02825,-0.015625,-0.0234375,0.984375
7.030742788461539,-0.01953125,-0.015625,0.98046875
7.033235576923077,-0.0078125,-0.03515625,0.9921875
7.035728365384616,-0.01171875,-0.03125,0.99609375
7.038221153846154,-0.04296875,-0.01953125,0.9921875
7.0407139423076925,-0.00390625,-0.01171875,0.99609375
7.0432067307692305,-0.00390625,-0.03515625,0.98046875
7.045699519230769,-0.0234375,-0.03515625,1.01171875
7.048192307692307,-0.015625,-0.0234375,0.98828125
7.050685096153846,-0.00390625,-0.03125,0.98046875
7.053177884615384,-0.0078125,-0.046875,0.98828125
7.055670673076923,-0.00390625,-0.00390625,1.0078125
7.058163461538461,-0.01171875,-0.015625,1.00390625
7.06065625,-0.04296875,-0.03125,1.0078125
7.063149038461539,-0.03515625,-0.03125,1.0
7.065641826923077,0.0,-0.046875,0.98046875
7.068134615384616,-0.015625,-0.015625,1.0
7.070627403846154,-0.02734375,-0.0078125,0.9921875
7.073120192307693,-0.01953125,-0.03125,1.0
7.075612980769231,-0.01171875,-0.02734375,1.0
7.07810576923077,-0.01171875,-0.0078125,0.99609375
7.080598557692308,0.0,-0.0234375,0.96484375
7.0830913461538465,-0.03515625,-0.015625,1.01171875
7.0855841346153845,-0.01953125,-0.046875,0.98828125
7.088076923076923,0.00390625,-0.0234375,0.98828125
7.090569711538461,-0.00390625,-0.01171875,0.98046875
7.0930625,-0.01171875,-0.00390625,0.9921875
7.095555288461538,-0.015625,-0.0234375,0.984375
7.098048076923077,-0.015625,-0.0234375,1.00390625
7.100540865384615,-0.0078125,-0.01953125,0.98828125
7.103033653846154,-0.015625,-0.0078125,0.984375
7.105526442307692,-0.02734375,-0.0078125,1.00390625
7.108019230769231,-0.01171875,-0.0234375,0.984375
7.110512019230769,-0.0234375,-0.0234375,0.96484375
7.113004807692308,-0.00390625,-0.015625,0.953125
7.115497596153846,-0.01171875,-0.046875,0.9921875
7.117990384615385,0.0,-0.01953125,0.9921875
7.120483173076924,-0.01953125,-0.00390625,0.9921875
7.122975961538462,-0.015625,-0.0390625,0.9921875
7.1254687500000005,0.00390625,-0.05859375,0.98046875
7.1279615384615385,-0.03515625,-0.01953125,1.01171875
7.130454326923077,-0.0234375,-0.00390625,1.00390625
7.132947115384615,-0.0078125,-0.0078125,0.984375
7.135439903846154,-0.01171875,-0.01171875,0.99609375
7.137932692307692,-0.015625,-0.03125,0.9921875
7.140425480769231,-0.015625,-0.01171875,1.0
7.142918269230769,-0.00390625,-0.0234375,0.9921875
7.145411057692308,-0.0078125,-0.015625,0.9921875
7.147903846153846,-0.0078125,-0.03515625,0.984375
7.150396634615385,-0.01953125,-0.01953125,0.99609375
7.152889423076923,-0.01171875,-0.015625,0.9921875
7.155382211538462,-0.05078125,-0.0078125,0.98046875
7.157875,-0.03125,-0.03125,0.98828125
7.160367788461539,-0.01171875,-0.01171875,1.0078125
7.162860576923077,-0.0234375,-0.0234375,1.0
7.1653533653846155,-0.03125,-0.015625,0.98828125
7.1678461538461535,-0.01953125,-0.0078125,1.00390625
7.170338942307692,-0.0234375,-0.015625,0.9921875
7.17283173076923,-0.00390625,-0.015625,0.97265625
7.175324519230769,-0.01171875,-0.01171875,1.015625
7.177817307692308,-0.00390625,-0.03515625,0.98828125
7.180310096153846,-0.02734375,-0.05078125,1.00390625
7.182802884615385,-0.015625,-0.03515625,0.98828125
7.185295673076923,-0.015625,-0.0078125,0.984375
7.187788461538462,-0.01953125,-0.03515625,0.99609375
7.19028125,-0.015625,-0.03515625,1.00390625
7.192774038461539,-0.03515625,-0.01953125,1.00390625
7.195266826923077,-0.0390625,-0.03515625,0.99609375
7.197759615384616,-0.0234375,-0.04296875,0.99609375
7.200252403846154,-0.0078125,-0.0078125,1.00390625
7.202745192307693,-0.0078125,-0.01953125,0.9921875
7.205237980769231,-0.03125,-0.015625,0.9921875
7.2077307692307695,-0.046875,-0.01171875,0.98828125
7.2102235576923075,-0.02734375,-0.03125,0.984375
7.212716346153846,-0.01953125,-0.01171875,0.98046875
7.215209134615384,-0.02734375,-0.03125,0.98046875
7.217701923076923,-0.0234375,-0.02734375,0.9921875
7.220194711538461,-0.01171875,-0.01171875,0.9921875
7.2226875,-0.03515625,-0.01171875,1.0078125
7.225180288461538,-0.02734375,-0.01953125,0.99609375
7.227673076923077,-0.00390625,-0.015625,0.99609375
7.230165865384615,-0.015625,-0.01171875,0.9921875
7.232658653846154,-0.00390625,-0.01171875,0.98828125
7.235151442307693,-0.01171875,-0.01171875,0.96875
7.237644230769231,-0.02734375,-0.02734375,1.0234375
7.24013701923077,-0.0234375,-0.015625,0.98828125
7.242629807692308,-0.03125,-0.0390625,1.0078125
7.245122596153847,-0.0078125,-0.0390625,0.98828125
7.247615384615385,-0.01171875,-0.03125,0.9921875
7.2501081730769235,-0.02734375,-0.015625,1.00390625
7.2526009615384615,-0.0390625,-0.01953125,1.00390625
7.25509375,-0.015625,-0.02734375,0.984375
7.257586538461538,-0.00390625,-0.02734375,0.99609375
7.260079326923077,-0.02734375,-0.0390625,0.9921875
7.262572115384615,-0.0234375,-0.01953125,0.984375
7.265064903846154,-0.00390625,-0.01953125,1.0
7.267557692307692,-0.0078125,-0.01171875,1.0
7.270050480769231,-0.0078125,-0.02734375,0.98046875
7.272543269230769,-0.0078125,-0.03125,1.0
7.275036057692308,-0.0234375,-0.01171875,0.99609375
7.277528846153846,-0.0390625,-0.0234375,0.99609375
7.280021634615385,-0.015625,-0.02734375,0.99609375
7.282514423076923,-0.01953125,-0.046875,1.0
7.285007211538462,-0.03125,-0.01953125,0.9921875
7.2875,-0.0078125,-0.01171875,0.96875
7.2899927884615385,-0.00390625,-0.0390625,1.0078125
7.292485576923077,-0.0078125,-0.0390625,1.015625
7.294978365384615,-0.015625,-0.01953125,1.0078125
7.297471153846153,-0.00390625,-0.01953125,0.9921875
7.299963942307692,-0.0078125,-0.01171875,0.9921875
7.302456730769231,-0.01953125,-0.03125,0.98046875
7.304949519230769,-0.00390625,-0.0078125,0.984375
7.307442307692308,-0.0078125,-0.0078125,0.9921875
7.309935096153846,-0.0078125,-0.02734375,1.01953125
7.312427884615385,-0.0234375,-0.01171875,0.98046875
7.314920673076923,-0.02734375,-0.015625,1.01171875
7.317413461538462,-0.01171875,-0.01953125,0.97265625
7.31990625,-0.01171875,-0.01171875,0.9921875
7.322399038461539,-0.02734375,-0.015625,1.01171875
7.324891826923077,-0.03515625,-0.0390625,0.97265625
7.327384615384616,-0.015625,-0.02734375,0.984375
7.329877403846154,-0.01171875,-0.0234375,1.00390625
7.3323701923076925,-0.00390625,-0.0234375,0.9765625
7.3348629807692305,-0.01171875,-0.0390625,0.98046875
7.337355769230769,-0.05078125,-0.046875,1.00390625
7.339848557692307,-0.015625,-0.01171875,0.984375
7.342341346153846,-0.015625,-0.02734375,0.9921875
7.344834134615384,-0.0078125,-0.01171875,0.97265625
7.347326923076923,-0.0078125,-0.015625,0.984375
7.349819711538462,0.0,-0.00390625,0.9921875
7.3523125,-0.0078125,-0.01953125,0.9921875
7.354805288461538,-0.015625,-0.01171875,0.98828125
7.357298076923077,-0.0390625,-0.03125,1.00390625
7.359790865384616,-0.01953125,-0.02734375,0.99609375
7.362283653846154,-0.015625,-0.015625,0.99609375
7.364776442307693,-0.015625,-0.03515625,1.0
7.367269230769231,-0.0078125,-0.015625,1.0
7.36976201923077,-0.01171875,-0.01953125,0.99609375
7.372254807692308,-0.01171875,-0.01953125,1.01171875
7.3747475961538465,-0.0078125,-0.03515625,0.9921875
7.3772403846153844,-0.01171875,-0.0390625,1.01171875
7.379733173076923,-0.015625,-0.03125,1.00390625
7.382225961538461,-0.01171875,-0.015625,0.9921875
7.38471875,-0.03125,-0.04296875,0.98828125
7.387211538461538,-0.03125,-0.015625,0.9921875
7.389704326923077,-0.015625,-0.02734375,1.00390625
7.392197115384615,-0.03125,-0.01953125,0.98828125
7.394689903846154,-0.02734375,-0.02734375,1.0
7.397182692307692,-0.0078125,-0.01953125,1.0
7.399675480769231,0.0,-0.01171875,0.98828125
7.402168269230769,-0.015625,-0.01953125,0.99609375
7.404661057692308,-0.01953125,-0.0234375,0.99609375
7.407153846153847,-0.01953125,-0.015625,1.015625
7.409646634615385,-0.0234375,-0.01953125,0.99609375
7.412139423076923,-0.0234375,0.00390625,1.0
7.4146322115384615,-0.046875,-0.00390625,0.96484375
7.417125,-0.01953125,-0.03125,0.99609375
7.419617788461538,-0.01953125,-0.00390625,1.0234375
7.422110576923077,-0.0078125,-0.015625,1.0
7.424603365384615,-0.02734375,-0.01953125,1.0078125
7.427096153846154,-0.02734375,-0.0078125,0.98046875
7.429588942307692,-0.03125,-0.0234375,1.0
7.432081730769231,-0.015625,-0.015625,1.00390625
7.434574519230769,-0.0078125,-0.015625,1.02734375
7.437067307692308,-0.01953125,-0.02734375,1.00390625
7.439560096153846,-0.01953125,-0.03125,0.984375
7.442052884615385,-0.015625,-0.0234375,0.98828125
7.444545673076923,-0.015625,-0.03515625,0.984375
7.447038461538462,-0.0234375,-0.01171875,0.984375
7.44953125,-0.01171875,-0.0390625,0.9765625
7.452024038461539,0.00390625,0.0,1.0
7.454516826923077,-0.03125,-0.046875,1.015625
7.4570096153846155,-0.01171875,-0.01953125,0.96875
7.4595024038461535,-0.01171875,-0.01953125,0.98828125
7.461995192307692,-0.046875,-0.03125,1.0
7.464487980769231,-0.01171875,-0.0234375,0.99609375
7.466980769230769,-0.015625,-0.01953125,1.0
7.469473557692307,-0.015625,-0.01953125,0.99609375
7.471966346153846,-0.0234375,-0.01171875,1.0078125
7.474459134615385,-0.0078125,-0.01171875,0.98828125
7.476951923076923,-0.01171875,-0.015625,0.99609375
7.479444711538462,-0.01171875,-0.0234375,0.95703125
7.4819375,-0.01171875,-0.02734375,0.9765625
7.484430288461539,-0.00390625,-0.0234375,0.98828125
7.486923076923077,-0.02734375,-0.01171875,0.9765625
7.489415865384616,-0.0078125,-0.03125,1.0
7.491908653846154,-0.0078125,-0.0234375,1.0
7.494401442307693,-0.0390625,-0.015625,1.00390625
7.496894230769231,-0.015625,-0.0546875,0.9921875
7.4993870192307694,-0.04296875,-0.015625,0.98046875
7.5018798076923074,-0.01953125,-0.015625,1.0
7.504372596153846,-0.0078125,-0.015625,0.984375
7.506865384615384,-0.01171875,-0.03125,0.95703125
7.509358173076923,-0.01171875,-0.02734375,0.98046875
7.511850961538461,-0.015625,-0.01171875,0.97265625
7.51434375,-0.015625,-0.03125,1.0078125
7.516836538461538,-0.00390625,-0.0234375,1.0
7.519329326923077,-0.01953125,-0.02734375,0.99609375
7.521822115384616,-0.0234375,-0.01171875,0.99609375
7.524314903846154,-0.0078125,-0.04296875,0.98828125
7.526807692307692,-0.015625,-0.0234375,0.98828125
7.529300480769231,-0.01171875,-0.02734375,0.9921875
7.53179326923077,-0.01171875,-0.01953125,0.99609375
7.534286057692308,-0.0390625,-0.03125,0.98828125
7.5367788461538465,-0.01171875,-0.0234375,0.98046875
7.5392716346153845,0.00390625,-0.0390625,0.97265625
7.541764423076923,-0.0234375,-0.01953125,1.00390625
7.544257211538461,-0.015625,-0.0390625,1.015625
7.54675,-0.0078125,-0.01171875,0.98828125
7.549242788461538,-0.03515625,-0.01171875,0.99609375
7.551735576923077,-0.01953125,-0.03515625,0.9921875
7.554228365384615,-0.046875,-0.02734375,0.9921875
7.556721153846154,-0.01953125,-0.02734375,0.984375
7.559213942307692,-0.0078125,-0.01953125,0.96484375
7.561706730769231,-0.0078125,-0.0390625,1.0
7.564199519230769,-0.01953125,-0.01953125,1.0078125
7.566692307692308,-0.0390625,-0.015625,0.99609375
7.569185096153846,-0.02734375,-0.015625,1.01171875
7.571677884615385,-0.01171875,-0.04296875,1.0
7.574170673076923,-0.01171875,-0.0234375,0.9921875
7.576663461538462,-0.00390625,-0.01953125,0.984375
7.5791562500000005,-0.01953125,-0.03515625,0.9765625
7.5816490384615385,-0.015625,-0.01953125,0.99609375
7.5841418269230765,-0.0234375,-0.0234375,0.99609375
7.586634615384615,-0.0234375,-0.0390625,0.98828125
7.589127403846154,-0.0078125,-0.03515625,0.98828125
7.591620192307692,-0.015625,-0.0234375,0.98046875
7.594112980769231,-0.02734375,-0.01953125,1.00390625
7.596605769230769,-0.0234375,-0.0234375,1.0
7.599098557692308,-0.015625,-0.01171875,0.984375
7.601591346153846,-0.0078125,-0.0234375,1.01171875
7.604084134615385,-0.0234375,-0.04296875,0.9921875
7.606576923076923,-0.0234375,-0.0234375,0.98046875
7.609069711538462,-0.01953125,-0.015625,0.99609375
7.6115625,-0.015625,-0.01953125,1.0078125
7.614055288461539,-0.01953125,-0.0234375,0.984375
7.616548076923077,-0.01953125,-0.02734375,1.0078125
7.619040865384616,-0.01171875,-0.0078125,0.984375
7.6215336538461536,-0.015625,-0.02734375,0.98828125
7.624026442307692,-0.0078125,-0.0078125,0.984375
7.62651923076923,-0.0234375,-0.01953125,0.9921875
7.629012019230769,-0.02734375,-0.03515625,0.984375
7.631504807692307,-0.0078125,-0.0390625,1.0
7.633997596153846,-0.02734375,-0.01953125,0.984375
7.636490384615385,-0.01953125,-0.01171875,0.984375
7.638983173076923,-0.0078125,-0.01953125,0.98828125
7.641475961538461,-0.0078125,-0.0078125,0.99609375
7.64396875,-0.0078125,-0.01171875,1.0
7.646461538461539,-0.02734375,-0.015625,0.98046875
7.648954326923077,-0.0078125,-0.015625,1.0
7.651447115384616,-0.00390625,-0.03125,1.00390625
7.653939903846154,-0.01953125,-0.015625,0.9921875
7.656432692307693,-0.00390625,-0.02734375,0.97265625
7.658925480769231,-0.00390625,-0.03515625,0.9921875
7.6614182692307695,-0.01953125,-0.0078125,0.984375
7.6639110576923075,-0.015625,-0.03515625,0.9765625
7.666403846153846,-0.015625,-0.015625,0.98828125
7.668896634615384,-0.01171875,-0.01171875,1.0
7.671389423076923,-0.0234375,-0.046875,0.9921875
7.673882211538461,-0.0078125,-0.015625,0.984375
7.676375,-0.01953125,-0.0078125,0.984375
7.678867788461538,-0.0078125,-0.03125,0.99609375
7.681360576923077,-0.015625,-0.03515625,0.98046875
7.683853365384615,-0.01953125,-0.03515625,0.9921875
7.686346153846154,-0.01953125,-0.01953125,0.99609375
7.688838942307692,-0.0234375,-0.0234375,1.00390625
7.691331730769231,-0.0078125,-0.0078125,0.97265625
7.69382451923077,0.00390625,-0.015625,0.9921875
7.696317307692308,-0.015625,-0.02734375,1.0
7.698810096153846,0.0,-0.04296875,0.9921875
7.701302884615385,-0.0234375,-0.03515625,1.0078125
7.7037956730769235,-0.015625,-0.03515625,1.00390625
7.7062884615384615,-0.0078125,-0.015625,1.00390625
7.70878125,-0.0078125,-0.02734375,0.9921875
7.711274038461538,-0.00390625,-0.03515625,1.0
7.713766826923077,-0.03515625,-0.02734375,0.98828125
7.716259615384615,-0.03125,-0.01171875,0.9921875
7.718752403846154,-0.01171875,-0.01171875,1.0078125
7.721245192307692,-0.03125,-0.02734375,1.00390625
7.723737980769231,-0.0390625,-0.01171875,0.98046875
7.726230769230769,-0.02734375,-0.03515625,1.00390625
7.728723557692308,-0.015625,-0.02734375,0.99609375
7.731216346153846,-0.00390625,-0.03515625,0.9921875
7.733709134615385,-0.0078125,-0.0390625,0.9765625
7.736201923076923,-0.01953125,-0.01953125,0.9765625
7.738694711538462,-0.0078125,-0.02734375,1.00390625
7.7411875,-0.00390625,-0.015625,0.99609375
7.7436802884615386,-0.00390625,-0.0078125,0.99609375
7.7461730769230766,-0.0078125,-0.015625,1.01171875
7.748665865384615,-0.01171875,-0.02734375,1.00390625
7.751158653846154,-0.015625,-0.01953125,0.96875
7.753651442307692,-0.0078125,-0.0078125,0.96875
7.75614423076923,-0.01953125,-0.0234375,1.0
7.758637019230769,-0.03125,-0.0546875,0.984375
7.761129807692308,-0.0234375,-0.015625,1.0
7.763622596153846,-0.0234375,-0.015625,0.99609375
7.766115384615385,-0.046875,-0.015625,1.0
7.768608173076923,-0.03125,-0.05859375,1.01171875
7.771100961538462,-0.03125,-0.0390625,1.015625
7.77359375,-0.02734375,-0.0234375,1.0
7.776086538461539,-0.02734375,-0.0390625,0.99609375
7.778579326923077,-0.03515625,-0.05078125,0.99609375
7.781072115384616,-0.0078125,-0.03515625,1.01171875
7.783564903846154,-0.01953125,-0.02734375,0.9921875
7.7860576923076925,-0.0078125,-0.02734375,0.9921875
7.7885504807692305,-0.01171875,-0.05078125,0.984375
7.791043269230769,-0.02734375,-0.03515625,0.9921875
7.793536057692307,-0.01171875,-0.02734375,0.97265625
7.796028846153846,-0.015625,-0.02734375,0.98046875
7.798521634615384,-0.0546875,-0.01953125,0.99609375
7.801014423076923,-0.0234375,-0.04296875,0.984375
7.803507211538461,-0.01953125,-0.01953125,0.9921875
7.806,-0.03125,-0.0234375,1.01171875
7.808492788461539,-0.01953125,-0.03515625,0.984375
7.810985576923077,-0.00390625,-0.03125,0.98828125
7.813478365384615,-0.0390625,-0.03125,1.00390625
7.815971153846154,-0.015625,-0.03515625,0.99609375
7.818463942307693,-0.01171875,-0.0390625,0.9921875
7.820956730769231,-0.015625,-0.01953125,1.0
7.823449519230769,-0.0234375,-0.015625,0.9765625
7.825942307692308,-0.03125,-0.0234375,0.97265625
7.8284350961538465,-0.0234375,-0.01953125,0.98046875
7.8309278846153845,-0.0390625,-0.015625,1.0078125
7.833420673076923,-0.03125,-0.015625,1.01171875
7.835913461538461,-0.00390625,-0.01171875,0.9921875
7.83840625,-0.0078125,-0.0078125,1.0
7.840899038461538,0.0,-0.01953125,1.0
7.843391826923077,-0.01171875,-0.03125,0.9765625
7.845884615384615,-0.01171875,-0.01953125,0.99609375
7.848377403846154,-0.01953125,-0.02734375,1.0
7.850870192307692,-0.01953125,-0.02734375,0.9921875
7.853362980769231,-0.0078125,-0.02734375,0.99609375
7.855855769230769,-0.01953125,-0.03515625,0.984375
7.858348557692308,-0.00390625,-0.01953125,0.96875
7.860841346153846,-0.0078125,-0.04296875,0.98828125
7.863334134615385,0.0,-0.03125,0.98828125
7.8658269230769235,-0.01171875,-0.0078125,0.95703125
7.8683197115384615,-0.00390625,-0.01953125,0.9921875
7.8708124999999995,-0.00390625,-0.01953125,1.00390625
7.873305288461538,-0.02734375,-0.0078125,0.96875
7.875798076923077,-0.01171875,-0.01953125,0.98046875
7.878290865384615,-0.0078125,-0.0234375,1.01953125
7.880783653846153,-0.00390625,-0.01171875,1.0
7.883276442307692,-0.00390625,-0.03125,0.9921875
7.885769230769231,-0.01171875,-0.05859375,0.99609375
7.888262019230769,-0.01953125,-0.03125,1.00390625
7.890754807692308,-0.02734375,-0.01171875,1.0
7.893247596153846,-0.0390625,-0.02734375,1.0
7.895740384615385,-0.00390625,-0.0078125,1.0
7.898233173076923,-0.015625,-0.046875,0.99609375
7.900725961538462,-0.03125,-0.01171875,0.99609375
7.90321875,-0.02734375,-0.01171875,1.00390625
7.905711538461539,-0.0234375,-0.01953125,0.98046875
7.908204326923077,-0.015625,-0.0234375,0.95703125
7.9106971153846155,-0.01171875,-0.0078125,0.99609375
7.9131899038461535,-0.01953125,-0.015625,1.0
7.915682692307692,-0.0078125,-0.02734375,1.00390625
7.91817548076923,-0.0078125,-0.015625,0.9921875
7.920668269230769,-0.015625,-0.02734375,1.0078125
7.923161057692308,-0.05859375,-0.015625,1.0
7.925653846153846,-0.02734375,-0.01953125,1.0
7.928146634615384,-0.01171875,-0.02734375,0.98828125
7.930639423076923,-0.01953125,-0.03125,1.00390625
7.933132211538462,0.0,-0.0234375,1.0
7.935625,-0.0078125,-0.03515625,1.01171875
7.938117788461538,-0.0078125,-0.01953125,0.99609375
7.940610576923077,-0.00390625,-0.0234375,0.98828125
7.943103365384616,-0.0078125,-0.0234375,1.00390625
7.945596153846154,-0.02734375,-0.0234375,0.984375
7.948088942307693,-0.01171875,-0.02734375,0.98828125
7.950581730769231,-0.0234375,-0.02734375,1.0
7.9530745192307695,-0.0234375,-0.015625,1.0
7.9555673076923075,-0.01171875,-0.01953125,1.01171875
7.958060096153846,-0.00390625,-0.02734375,0.98828125
7.960552884615384,0.0,-0.03125,1.0
7.963045673076923,-0.03125,-0.01171875,0.99609375
7.965538461538461,-0.015625,-0.046875,0.98828125
7.96803125,-0.015625,-0.015625,0.9765625
7.970524038461538,-0.01171875,-0.015625,0.9921875
7.973016826923077,-0.046875,-0.02734375,1.02734375
7.975509615384615,-0.01171875,-0.0078125,1.00390625
7.978002403846154,-0.01171875,-0.02734375,1.0
7.980495192307693,-0.02734375,-0.02734375,1.0
7.982987980769231,-0.0234375,-0.03515625,1.0
7.985480769230769,-0.015625,-0.015625,0.9921875
7.987973557692308,-0.01171875,-0.01171875,0.99609375
7.9904663461538465,-0.0078125,-0.02734375,1.00390625
7.9929591346153845,-0.03125,-0.04296875,0.98046875
7.9954519230769225,-0.046875,-0.0234375,0.9765625
7.997944711538461,-0.0078125,-0.0078125,1.0
8.0004375,-0.0078125,-0.0390625,0.99609375
8.002930288461538,-0.015625,-0.0234375,0.97265625
8.005423076923076,-0.0234375,-0.00390625,0.9921875
8.007915865384616,-0.015625,-0.015625,0.99609375
8.010408653846154,-0.00390625,-0.03125,1.0
8.012901442307692,-0.01171875,-0.0234375,1.0
8.01539423076923,-0.01171875,-0.02734375,0.984375
8.01788701923077,-0.02734375,-0.015625,0.99609375
8.020379807692308,-0.02734375,-0.02734375,0.984375
8.022872596153846,-0.03515625,-0.0390625,0.99609375
8.025365384615384,-0.0234375,-0.02734375,1.0
8.027858173076924,-0.015625,-0.03125,0.9921875
8.030350961538462,-0.01953125,-0.046875,0.99609375
8.03284375,-0.0234375,-0.02734375,1.0
8.03533653846154,-0.0234375,-0.01953125,0.99609375
8.037829326923077,-0.01171875,-0.0234375,0.97265625
8.040322115384615,-0.0078125,-0.01171875,0.98828125
8.042814903846153,-0.01953125,-0.0234375,0.984375
8.045307692307691,0.0,-0.01171875,0.984375
8.047800480769231,-0.0078125,-0.02734375,1.00390625
8.05029326923077,-0.00390625,-0.02734375,0.9765625
8.052786057692307,-0.015625,-0.0390625,1.0
8.055278846153847,-0.02734375,-0.0234375,1.00390625
8.057771634615385,-0.01953125,-0.01953125,1.00390625
8.060264423076923,-0.0234375,-0.02734375,0.98046875
8.062757211538461,-0.0078125,-0.02734375,0.9921875
8.06525,-0.01171875,-0.03125,1.00390625
8.067742788461539,-0.02734375,-0.02734375,0.9609375
8.070235576923077,-0.02734375,-0.01953125,0.98046875
8.072728365384615,-0.00390625,-0.015625,0.98828125
8.075221153846154,-0.0078125,-0.0234375,1.0
8.077713942307692,-0.00390625,-0.0078125,1.00390625
8.08020673076923,-0.046875,-0.015625,1.01171875
8.082699519230768,-0.01953125,-0.015625,1.0
8.085192307692308,-0.02734375,-0.0078125,0.984375
8.087685096153846,-0.01953125,-0.03515625,0.98046875
8.090177884615384,-0.03125,-0.03515625,1.0078125
8.092670673076924,-0.02734375,-0.04296875,0.97265625
8.095163461538462,-0.0234375,-0.01171875,1.0
8.09765625,-0.046875,-0.03125,1.0078125
8.100149038461538,0.0,-0.0234375,0.9609375
8.102641826923076,-0.03125,-0.01171875,1.0078125
8.105134615384616,-0.00390625,-0.0390625,1.0
8.107627403846154,-0.03125,-0.04296875,0.9921875
8.110120192307692,-0.015625,-0.01953125,0.98046875
8.112612980769232,-0.00390625,-0.01171875,0.9765625
8.11510576923077,-0.015625,-0.03125,0.99609375
8.117598557692308,-0.02734375,-0.05078125,1.0
8.120091346153846,-0.0234375,-0.0234375,0.98828125
8.122584134615385,-0.01171875,-0.015625,0.9921875
8.125076923076923,-0.03125,-0.01171875,1.0078125
8.127569711538461,-0.015625,-0.03125,0.98828125
8.1300625,-0.02734375,-0.01171875,0.984375
8.132555288461539,-0.0078125,-0.02734375,0.984375
8.135048076923077,-0.0234375,-0.03125,1.00390625
8.137540865384615,-0.0078125,-0.0234375,0.96875
8.140033653846153,-0.00390625,-0.01953125,0.9921875
8.142526442307693,-0.02734375,-0.04296875,0.98828125
8.14501923076923,-0.015625,-0.01953125,0.99609375
8.147512019230769,-0.015625,-0.00390625,0.9921875
8.150004807692309,-0.02734375,-0.015625,0.97265625
8.152497596153847,-0.0390625,-0.0390625,0.984375
8.154990384615385,-0.0234375,-0.02734375,0.98046875
8.157483173076923,-0.03125,-0.01953125,0.984375
8.15997596153846,-0.0078125,-0.00390625,0.984375
8.16246875,-0.0390625,-0.03125,0.98828125
8.164961538461538,-0.01171875,-0.0234375,1.0
8.167454326923076,-0.015625,-0.03125,0.98828125
8.169947115384616,-0.0234375,-0.0390625,0.984375
8.172439903846154,-0.0234375,-0.03515625,0.97265625
8.174932692307692,-0.01953125,-0.01171875,1.0
8.17742548076923,-0.01953125,-0.015625,1.0
8.17991826923077,-0.03125,-0.01171875,0.98828125
8.182411057692308,-0.015625,-0.01171875,0.98046875
8.184903846153846,-0.03515625,-0.0234375,0.9921875
8.187396634615384,-0.00390625,-0.03125,0.9921875
8.189889423076924,-0.015625,-0.03125,1.00390625
8.192382211538462,-0.01171875,-0.03515625,0.99609375
8.194875,-0.02734375,-0.04296875,0.9921875
8.197367788461538,-0.01171875,-0.0078125,0.984375
8.199860576923077,-0.02734375,-0.0390625,0.984375
8.202353365384615,-0.01953125,-0.03515625,0.96875
8.204846153846153,-0.0234375,-0.03125,0.9921875
8.207338942307693,-0.01171875,-0.015625,0.984375
8.209831730769231,-0.00390625,-0.0234375,0.98046875
8.21232451923077,-0.0078125,-0.0234375,0.99609375
8.214817307692307,-0.01171875,-0.046875,0.98828125
8.217310096153845,-0.0234375,-0.0234375,1.0078125
8.219802884615385,-0.01953125,-0.015625,1.0
8.222295673076923,-0.01953125,-0.02734375,0.9921875
8.224788461538461,-0.01171875,-0.02734375,0.9921875
8.22728125,0.0,-0.015625,1.0078125
8.229774038461539,-0.03515625,-0.015625,0.9765625
8.232266826923077,-0.0078125,-0.015625,0.98828125
8.234759615384615,-0.0078125,-0.03515625,1.0234375
8.237252403846155,-0.01171875,-0.03515625,1.01953125
8.239745192307693,-0.0234375,-0.03515625,0.98828125
8.24223798076923,-0.03125,-0.0234375,0.9921875
8.244730769230769,-0.01953125,-0.00390625,1.015625
8.247223557692308,-0.02734375,-0.02734375,0.99609375
8.249716346153846,-0.0078125,-0.00390625,0.99609375
8.252209134615384,-0.03125,-0.00390625,0.99609375
8.254701923076922,-0.0234375,-0.02734375,1.0
8.257194711538462,-0.015625,-0.015625,0.97265625
8.2596875,-0.01171875,-0.01953125,1.0
8.262180288461538,-0.02734375,-0.01171875,1.01171875
8.264673076923078,-0.02734375,-0.03515625,0.9765625
8.267165865384616,-0.00390625,-0.02734375,0.9921875
8.269658653846154,-0.015625,-0.0234375,0.98046875
8.272151442307692,-0.02734375,-0.0234375,0.9921875
8.27464423076923,-0.01171875,-0.0546875,0.99609375
8.27713701923077,0.0,-0.03125,0.9921875
8.279629807692308,-0.02734375,-0.02734375,1.01171875
8.282122596153846,-0.03125,-0.0234375,0.98046875
8.284615384615385,-0.01953125,-0.04296875,0.99609375
8.287108173076923,-0.0078125,-0.02734375,1.015625
8.289600961538461,-0.0078125,-0.03515625,1.015625
8.29209375,-0.015625,-0.00390625,0.9921875
8.29458653846154,-0.03515625,-0.03125,1.0
8.297079326923077,-0.00390625,-0.03125,1.0
8.299572115384615,0.00390625,-0.03125,0.98828125
8.302064903846153,-0.015625,-0.046875,0.98828125
8.304557692307693,-0.01171875,-0.03125,0.9765625
8.307050480769231,-0.0078125,-0.01953125,1.0
8.309543269230769,-0.015625,-0.03515625,0.99609375
8.312036057692307,-0.0078125,-0.01953125,0.9765625
8.314528846153847,-0.01171875,-0.04296875,0.9765625
8.317021634615385,-0.0234375,-0.03125,1.0078125
8.319514423076923,0.01171875,-0.015625,0.9921875
8.322007211538462,-0.0078125,-0.03515625,1.0
8.3245,-0.0234375,-0.04296875,0.98046875
8.326992788461538,-0.0234375,-0.03515625,1.0078125
8.329485576923076,-0.015625,-0.015625,0.99609375
8.331978365384614,-0.0234375,-0.04296875,1.0
8.334471153846154,-0.0234375,-0.03125,0.9921875
8.336963942307692,-0.0234375,-0.03125,0.98046875
8.33945673076923,-0.01171875,-0.0234375,0.98046875
8.34194951923077,-0.015625,-0.015625,1.01953125
8.344442307692308,-0.01953125,-0.0234375,1.01171875
8.346935096153846,-0.0078125,-0.015625,0.99609375
8.349427884615384,-0.015625,-0.02734375,0.9765625
8.351920673076924,0.0,-0.05078125,0.98828125
8.354413461538462,-0.0078125,-0.04296875,0.984375
8.35690625,-0.01171875,-0.015625,1.0
8.359399038461538,-0.0078125,-0.03125,0.9921875
8.361891826923078,-0.00390625,-0.03125,0.98046875
8.364384615384616,-0.01171875,-0.02734375,0.9765625
8.366877403846154,-0.01953125,-0.03125,0.9921875
8.369370192307692,-0.015625,-0.01171875,0.984375
8.371862980769231,-0.0078125,-0.01953125,1.0078125
8.37435576923077,-0.0078125,-0.00390625,0.98828125
8.376848557692307,-0.01953125,-0.0078125,0.9765625
8.379341346153847,-0.0234375,-0.02734375,1.0
8.381834134615385,-0.0078125,-0.0234375,1.0
8.384326923076923,-0.015625,-0.03125,1.00390625
8.386819711538461,-0.015625,-0.015625,1.0
8.389312499999999,-0.01171875,-0.01171875,1.00390625
8.391805288461539,-0.01953125,-0.03515625,0.99609375
8.394298076923077,-0.01953125,-0.02734375,0.98046875
8.396790865384615,-0.0078125,-0.03125,0.96875
8.399283653846155,-0.0234375,-0.03125,0.98828125
8.401776442307693,-0.015625,-0.0234375,0.98828125
8.40426923076923,-0.01171875,-0.02734375,0.9921875
8.406762019230769,-0.046875,-0.03515625,0.9921875
8.409254807692308,-0.0078125,-0.046875,0.99609375
8.411747596153846,-0.0078125,-0.015625,0.99609375
8.414240384615384,-0.0078125,-0.03125,0.9921875
8.416733173076922,-0.01953125,-0.02734375,1.00390625
8.419225961538462,-0.01953125,-0.015625,1.01171875
8.42171875,-0.015625,-0.0546875,1.0078125
8.424211538461538,-0.0234375,-0.02734375,1.00390625
8.426704326923076,-0.02734375,-0.02734375,0.9921875
8.429197115384616,-0.00390625,-0.015625,0.98828125
8.431689903846154,-0.015625,-0.01953125,1.0
8.434182692307692,-0.0078125,-0.0078125,0.984375
8.43667548076923,-0.01171875,-0.015625,1.01171875
8.43916826923077,-0.0390625,-0.0234375,1.0078125
8.441661057692308,-0.015625,-0.04296875,0.9921875
8.444153846153846,-0.0234375,-0.0234375,0.98828125
8.446646634615384,-0.0234375,-0.02734375,1.0
8.449139423076923,-0.015625,-0.04296875,1.00390625
8.451632211538461,-0.00390625,-0.0078125,0.9921875
8.454125,-0.00390625,-0.0078125,1.0078125
8.45661778846154,-0.01171875,-0.03125,0.9921875
8.459110576923077,-0.03125,-0.0390625,1.01171875
8.461603365384615,-0.0078125,-0.0234375,0.95703125
8.464096153846153,-0.00390625,-0.04296875,0.98828125
8.466588942307693,-0.03125,-0.03515625,1.01171875
8.469081730769231,-0.00390625,-0.03515625,0.98046875
8.471574519230769,-0.00390625,-0.03515625,0.98046875
8.474067307692307,-0.01171875,-0.0234375,0.9765625
8.476560096153847,-0.015625,-0.0234375,0.99609375
8.479052884615385,-0.01953125,-0.0234375,1.0
8.481545673076923,-0.02734375,-0.03125,1.01171875
8.48403846153846,-0.02734375,-0.02734375,1.0
8.48653125,-0.0078125,-0.01953125,1.0078125
8.489024038461539,-0.01171875,-0.00390625,0.9921875
8.491516826923077,-0.0078125,-0.01171875,1.0234375
8.494009615384615,-0.01953125,-0.02734375,0.99609375
8.496502403846154,-0.0078125,-0.04296875,0.98828125
8.498995192307692,-0.01171875,-0.03125,0.99609375
8.50148798076923,-0.0078125,-0.0234375,0.984375
8.503980769230768,-0.00390625,-0.02734375,0.98046875
8.506473557692308,-0.03125,-0.03515625,0.9921875
8.508966346153846,-0.01953125,-0.03125,0.97265625
8.511459134615384,-0.01953125,-0.05078125,0.984375
8.513951923076924,-0.015625,-0.03515625,0.98828125
8.516444711538462,-0.01953125,-0.01953125,0.98828125
8.5189375,-0.0390625,-0.02734375,1.0078125
8.521430288461538,-0.0234375,-0.046875,1.00390625
8.523923076923076,-0.01171875,-0.015625,0.98046875
8.526415865384616,-0.03515625,-0.02734375,0.984375
8.528908653846154,0.00390625,-0.01171875,0.98828125
8.531401442307692,-0.0078125,-0.04296875,0.9921875
8.533894230769231,-0.01171875,-0.0390625,0.984375
8.53638701923077,-0.01171875,-0.03515625,0.9921875
8.538879807692307,-0.01171875,-0.015625,1.0078125
8.541372596153845,-0.0078125,-0.03515625,0.9921875
8.543865384615385,-0.015625,-0.02734375,0.99609375
8.546358173076923,-0.015625,-0.015625,0.98046875
8.548850961538461,-0.03515625,-0.02734375,0.96875
8.55134375,-0.02734375,-0.0078125,1.00390625
8.553836538461539,-0.0078125,-0.0390625,0.96875
8.556329326923077,-0.03125,-0.0078125,0.96484375
8.558822115384615,-0.02734375,-0.0234375,0.984375
8.561314903846153,-0.01171875,-0.0078125,1.00390625
8.563807692307693,-0.03515625,-0.0234375,1.0234375
8.56630048076923,-0.01171875,-0.015625,0.9921875
8.568793269230769,-0.0078125,-0.01171875,0.98046875
8.571286057692308,-0.015625,-0.0234375,0.97265625
8.573778846153846,-0.015625,-0.02734375,0.953125
8.576271634615384,-0.0078125,-0.015625,0.9921875
8.578764423076922,-0.01953125,-0.0234375,0.98828125
8.58125721153846,-0.01171875,-0.01171875,0.98828125
8.58375,-0.015625,-0.0078125,0.984375
8.586242788461538,-0.015625,-0.02734375,0.98046875
8.588735576923076,0.0,-0.01953125,1.00390625
8.591228365384616,-0.0078125,-0.03125,0.9765625
8.593721153846154,-0.0234375,-0.02734375,0.9921875
8.596213942307692,-0.0078125,-0.03515625,1.0078125
8.59870673076923,-0.01171875,-0.04296875,0.99609375
8.60119951923077,-0.0078125,-0.015625,0.99609375
8.603692307692308,-0.01953125,-0.015625,0.9765625
8.606185096153846,-0.0234375,-0.00390625,1.0
8.608677884615384,-0.03125,-0.02734375,1.00390625
8.611170673076924,-0.00390625,-0.04296875,1.00390625
8.613663461538462,-0.015625,-0.03125,1.0
8.61615625,-0.01171875,-0.03515625,0.984375
8.618649038461538,-0.01953125,-0.03125,0.98828125
8.621141826923077,-0.0078125,-0.03125,0.98828125
8.623634615384615,-0.01953125,-0.03515625,0.99609375
8.626127403846153,-0.015625,-0.00390625,1.0
8.628620192307693,-0.0078125,-0.0390625,1.00390625
8.631112980769231,-0.03125,-0.02734375,0.98828125
8.633605769230769,0.0,-0.01171875,0.99609375
8.636098557692307,-0.015625,-0.0390625,1.0
8.638591346153845,-0.0078125,-0.015625,1.01171875
8.641084134615385,-0.015625,-0.03515625,1.0
8.643576923076923,-0.00390625,-0.015625,0.984375
8.64606971153846,-0.03125,-0.01953125,0.9921875
8.6485625,-0.015625,-0.02734375,1.0
8.651055288461539,-0.01953125,-0.02734375,0.984375
8.653548076923077,-0.0078125,-0.03515625,0.9765625
8.656040865384615,-0.0078125,-0.0078125,1.00390625
8.658533653846154,-0.00390625,-0.01953125,0.98828125
8.661026442307692,-0.01953125,-0.0234375,0.99609375
8.66351923076923,-0.0390625,-0.0234375,1.01171875
8.666012019230768,-0.0078125,-0.01171875,1.0
8.668504807692308,-0.0078125,-0.0390625,0.99609375
8.670997596153846,-0.02734375,-0.015625,0.984375
8.673490384615384,-0.0078125,-0.015625,1.0
8.675983173076922,-0.03515625,-0.05078125,0.9921875
8.678475961538462,-0.015625,-0.01953125,0.98046875
8.68096875,-0.0078125,-0.01953125,1.0078125
8.683461538461538,-0.02734375,-0.0546875,0.9921875
8.685954326923078,-0.01171875,-0.03125,1.03125
8.688447115384616,-0.00390625,-0.01953125,0.984375
8.690939903846154,-0.0234375,-0.03125,0.96875
8.693432692307692,-0.0078125,-0.02734375,1.01171875
8.69592548076923,0.0,-0.00390625,0.984375
8.69841826923077,-0.01953125,-0.01171875,0.99609375
8.700911057692307,-0.02734375,-0.02734375,0.96484375
8.703403846153845,-0.0390625,-0.01171875,0.9921875
8.705896634615385,-0.01953125,-0.03125,1.00390625
8.708389423076923,-0.00390625,-0.01953125,0.99609375
8.710882211538461,-0.00390625,-0.046875,0.9921875
8.713375,-0.01171875,-0.02734375,0.99609375
8.715867788461539,0.0,-0.0078125,0.99609375
8.718360576923077,-0.0234375,-0.03125,0.984375
8.720853365384615,-0.0078125,-0.00390625,0.97265625
8.723346153846153,-0.03125,-0.02734375,0.98828125
8.725838942307693,-0.04296875,-0.0546875,0.9921875
8.72833173076923,-0.015625,-0.01953125,0.98046875
8.730824519230769,-0.0078125,-0.03515625,0.96875
8.733317307692307,-0.01953125,-0.00390625,0.99609375
8.735810096153847,-0.01171875,-0.0390625,1.0078125
8.738302884615385,-0.015625,-0.01953125,1.0
8.740795673076923,-0.0078125,-0.02734375,1.00390625
8.743288461538462,-0.0234375,-0.02734375,1.0078125
8.74578125,-0.01171875,-0.01171875,0.9765625
8.748274038461538,-0.01171875,-0.03125,0.98828125
8.750766826923076,-0.01953125,-0.03515625,0.99609375
8.753259615384614,-0.015625,-0.02734375,1.0
8.755752403846154,-0.01953125,-0.02734375,0.98046875
8.758245192307692,-0.01171875,-0.02734375,0.96875
8.76073798076923,-0.01171875,-0.03125,0.9765625
8.76323076923077,-0.0234375,-0.00390625,0.98046875
8.765723557692308,-0.01953125,-0.0234375,0.98828125
8.768216346153846,-0.01953125,-0.0390625,0.97265625
8.770709134615384,0.00390625,-0.02734375,0.98828125
8.773201923076924,-0.04296875,-0.00390625,0.99609375
8.775694711538462,0.0,-0.02734375,0.99609375
8.7781875,-0.0078125,-0.0234375,0.98046875
8.78068028846154,-0.02734375,-0.01171875,1.0
8.783173076923077,-0.0234375,-0.015625,1.0
8.785665865384615,-0.0234375,-0.01953125,1.0078125
8.788158653846153,-0.03515625,-0.01953125,0.98046875
8.790651442307691,-0.01953125,-0.0234375,0.98828125
8.793144230769231,-0.00390625,-0.046875,0.98046875
8.79563701923077,-0.03515625,-0.015625,0.99609375
8.798129807692307,0.0,-0.03515625,0.9765625
8.800622596153847,-0.00390625,-0.01953125,0.98046875
8.803115384615385,-0.01171875,-0.01171875,1.00390625
8.805608173076923,-0.015625,-0.01171875,1.0
8.808100961538461,-0.01171875,-0.01953125,1.0
8.810593749999999,-0.00390625,-0.0234375,0.98828125
8.813086538461539,-0.03515625,-0.0234375,1.0
8.815579326923077,-0.01171875,-0.01171875,1.02734375
8.818072115384615,-0.0078125,-0.03515625,1.0
8.820564903846154,-0.01953125,-0.0234375,0.98046875
8.823057692307692,-0.015625,-0.01171875,1.0
8.82555048076923,-0.01171875,-0.03515625,0.97265625
8.828043269230768,-0.04296875,-0.02734375,0.9765625
8.830536057692308,-0.015625,-0.03125,1.00390625
8.833028846153846,-0.02734375,-0.01953125,0.98046875
8.835521634615384,-0.0078125,-0.02734375,0.9921875
8.838014423076924,-0.01953125,-0.01171875,1.0
8.840507211538462,-0.0078125,-0.0234375,1.0
8.843,-0.015625,-0.046875,0.9765625
