Time [s],X [g],Y [g],Z [g]
0.0,-0.04296875,-0.01171875,0.94140625
0.0024492330168005847,-0.0546875,-0.01171875,0.98828125
0.004898466033601169,-0.0625,-0.0234375,0.98046875
0.007347699050401754,-0.03515625,-0.0390625,0.98828125
0.009796932067202339,-0.02734375,-0.04296875,0.984375
0.012246165084002923,-0.03515625,-0.0234375,1.00390625
0.014695398100803508,-0.03515625,-0.03125,1.00390625
0.017144631117604094,-0.07421875,0.00390625,1.0
0.019593864134404677,-0.04296875,-0.01171875,0.96484375
0.02204309715120526,-0.05859375,-0.0234375,1.0078125
0.024492330168005845,-0.0390625,-0.01953125,0.98828125
0.026941563184806432,-0.06640625,-0.01171875,0.99609375
0.029390796201607016,-0.05859375,-0.015625,0.984375
0.0318400292184076,-0.05078125,-0.015625,0.96484375
0.03428926223520819,-0.03125,-0.015625,0.96875
0.03673849525200877,-0.02734375,-0.046875,1.00390625
0.039187728268809355,-0.0390625,-0.02734375,1.015625
0.04163696128560994,-0.03125,-0.015625,0.98046875
0.04408619430241052,-0.0546875,-0.015625,0.98046875
0.046535427319211106,-0.04296875,-0.0078125,0.98828125
0.04898466033601169,-0.03125,-0.02734375,1.0
0.05143389335281228,-0.0625,-0.0234375,0.96875
0.053883126369612865,-0.0546875,-0.015625,0.99609375
0.05633235938641345,-0.0546875,-0.015625,1.0
0.05878159240321403,-0.0390625,-0.01171875,1.00390625
0.061230825420014616,-0.05859375,-0.03125,0.9765625
0.0636800584368152,-0.0390625,-0.015625,0.9921875
0.06612929145361579,-0.046875,-0.03515625,0.97265625
0.06857852447041637,-0.05859375,-0.015625,1.0078125
0.07102775748721696,-0.04296875,-0.015625,1.0
0.07347699050401754,-0.046875,-0.02734375,0.98828125
0.07592622352081813,-0.05078125,-0.01953125,0.9765625
0.07837545653761871,-0.046875,-0.015625,1.015625
0.0808246895544193,-0.046875,-0.03125,0.99609375
0.08327392257121988,-0.0546875,-0.03515625,1.0
0.08572315558802046,-0.03515625,-0.03515625,1.0
0.08817238860482104,-0.05078125,-0.0078125,0.98046875
0.09062162162162163,-0.046875,-0.0390625,0.9921875
0.09307085463842221,-0.046875,-0.03125,0.9921875
0.0955200876552228,-0.04296875,-0.01953125,0.9921875
0.09796932067202338,-0.046875,-0.02734375,0.9765625
0.10041855368882398,-0.06640625,-0.01953125,0.984375
0.10286778670562456,-0.06640625,-0.03515625,1.01171875
0.10531701972242515,-0.0546875,-0.03125,0.98828125
0.10776625273922573,-0.0625,-0.04296875,0.984375
0.11021548575602631,-0.0546875,-0.0234375,0.9921875
0.1126647187728269,-0.03515625,-0.0234375,1.0
0.11511395178962748,-0.05859375,-0.0390625,0.99609375
0.11756318480642806,-0.05078125,-0.05078125,0.98828125
0.12001241782322865,-0.03515625,-0.02734375,0.99609375
0.12246165084002923,-0.05859375,-0.0546875,0.99609375
0.12491088385682982,-0.03125,-0.0390625,0.99609375
0.1273601168736304,-0.04296875,-0.02734375,0.98046875
0.129809349890431,-0.0390625,-0.01953125,1.0
0.13225858290723158,-0.03515625,-0.015625,0.9921875
0.13470781592403216,-0.03515625,-0.0390625,0.9921875
0.13715704894083275,-0.046875,-0.03125,0.984375
0.13960628195763333,-0.03515625,-0.01953125,1.0
0.14205551497443392,-0.04296875,-0.01171875,0.98046875
0.1445047479912345,-0.04296875,-0.00390625,0.99609375
0.14695398100803508,-0.0546875,-0.03515625,0.99609375
0.14940321402483567,-0.04296875,-0.03125,0.99609375
0.15185244704163625,-0.03125,-0.0234375,1.0
0.15430168005843684,-0.03515625,-0.046875,0.98046875
0.15675091307523742,-0.0703125,-0.03515625,1.0078125
0.159200146092038,-0.06640625,-0.01953125,1.0078125
0.1616493791088386,-0.05078125,-0.03515625,1.0
0.16409861212563917,-0.05859375,-0.03515625,0.97265625
0.16654784514243975,-0.03125,-0.046875,1.00390625
0.16899707815924034,-0.0390625,-0.05078125,0.99609375
0.17144631117604092,-0.0625,-0.0390625,0.984375
0.1738955441928415,-0.03515625,-0.03125,0.99609375
0.1763447772096421,-0.04296875,-0.0234375,1.00390625
0.17879401022644267,-0.05078125,-0.01171875,0.97265625
0.18124324324324326,-0.05078125,-0.03515625,0.9921875
0.18369247626004384,-0.05859375,-0.0234375,1.0
0.18614170927684442,-0.046875,-0.01171875,0.98046875
0.188590942293645,-0.05078125,-0.02734375,0.984375
0.1910401753104456,-0.04296875,-0.0234375,0.984375
0.19348940832724618,-0.046875,-0.05078125,0.98828125
0.19593864134404676,-0.0546875,-0.03125,0.98046875
0.19838787436084737,-0.04296875,-0.03515625,0.9765625
0.20083710737764796,-0.02734375,-0.0078125,0.99609375
0.20328634039444854,-0.05859375,-0.015625,0.9921875
0.20573557341124912,-0.06640625,-0.03515625,1.00390625
0.2081848064280497,-0.05078125,-0.03125,0.9921875
0.2106340394448503,-0.04296875,-0.02734375,0.99609375
0.21308327246165087,-0.0703125,-0.0390625,1.00390625
0.21553250547845146,-0.05859375,-0.0234375,1.01171875
0.21798173849525204,-0.0625,-0.03515625,0.9921875
0.22043097151205263,-0.0625,-0.02734375,0.98046875
0.2228802045288532,-0.05078125,-0.046875,0.984375
0.2253294375456538,-0.02734375,-0.05078125,0.98828125
0.22777867056245438,-0.05078125,-0.03515625,0.984375
0.23022790357925496,-0.05859375,-0.03515625,0.984375
0.23267713659605554,-0.0625,-0.04296875,1.00390625
0.23512636961285613,-0.0546875,-0.04296875,0.99609375
0.2375756026296567,-0.05859375,-0.02734375,0.98828125
0.2400248356464573,-0.03515625,-0.03515625,0.984375
0.24247406866325788,-0.05078125,-0.0234375,0.99609375
0.24492330168005846,-0.05078125,-0.02734375,0.99609375
0.24737253469685905,-0.05078125,-0.02734375,0.99609375
0.24982176771365963,-0.04296875,-0.04296875,0.98828125
0.2522710007304602,-0.05078125,-0.01953125,0.99609375
0.2547202337472608,-0.05078125,-0.015625,0.9921875
0.2571694667640614,-0.06640625,-0.015625,0.99609375
0.259618699780862,-0.05078125,-0.0390625,0.98046875
0.26206793279766255,-0.07421875,-0.01953125,0.984375
0.26451716581446316,-0.0546875,-0.04296875,1.00390625
0.2669663988312637,-0.05078125,-0.015625,0.98046875
0.26941563184806433,-0.0625,-0.015625,0.99609375
0.2718648648648649,-0.06640625,-0.01953125,0.98828125
0.2743140978816655,-0.03515625,-0.0234375,1.0
0.27676333089846605,-0.046875,-0.0234375,0.99609375
0.27921256391526666,-0.05859375,-0.03125,1.0078125
0.2816617969320672,-0.05078125,-0.01953125,0.984375
0.28411102994886783,-0.05859375,-0.015625,0.98828125
0.2865602629656684,-0.05859375,-0.02734375,0.96875
0.289009495982469,-0.05859375,-0.015625,0.984375
0.29145872899926956,-0.0625,-0.0078125,0.99609375
0.29390796201607017,-0.046875,-0.04296875,1.0078125
0.2963571950328707,-0.046875,-0.03515625,0.9765625
0.29880642804967134,-0.0703125,-0.03125,1.015625
0.3012556610664719,-0.03515625,-0.015625,1.00390625
0.3037048940832725,-0.0703125,-0.01171875,1.0
0.30615412710007306,-0.05859375,-0.03125,0.98828125
0.30860336011687367,-0.06640625,-0.0234375,0.99609375
0.3110525931336742,-0.05859375,-0.015625,0.984375
0.31350182615047484,-0.03515625,-0.03515625,1.0
0.31595105916727545,-0.05078125,-0.03125,1.0078125
0.318400292184076,-0.0625,-0.03515625,1.0
0.3208495252008766,-0.05078125,-0.02734375,0.98046875
0.3232987582176772,-0.0546875,-0.015625,1.00390625
0.3257479912344778,-0.04296875,-0.0234375,0.98828125
0.32819722425127834,-0.03515625,-0.03125,0.98046875
0.33064645726807895,-0.04296875,-0.03515625,1.015625
0.3330956902848795,-0.05078125,-0.046875,0.984375
0.3355449233016801,-0.05859375,-0.02734375,1.0
0.3379941563184807,-0.046875,-0.03125,0.98828125
0.3404433893352813,-0.0546875,-0.0234375,0.984375
0.34289262235208184,-0.03515625,-0.05859375,0.98046875
0.34534185536888246,-0.0625,-0.015625,0.99609375
0.347791088385683,-0.06640625,-0.01953125,0.9765625
0.3502403214024836,-0.046875,-0.02734375,0.99609375
0.3526895544192842,-0.046875,-0.03515625,0.96484375
0.3551387874360848,-0.0546875,-0.0234375,0.984375
0.35758802045288535,-0.05078125,-0.015625,1.0078125
0.36003725346968596,-0.0546875,-0.0390625,1.0
0.3624864864864865,-0.0625,0.0,0.984375
0.3649357195032871,-0.07421875,-0.01953125,0.98828125
0.3673849525200877,-0.0546875,-0.02734375,0.97265625
0.3698341855368883,-0.04296875,-0.0390625,0.98046875
0.37228341855368885,-0.0546875,-0.01953125,1.00390625
0.37473265157048946,-0.04296875,-0.02734375,1.00390625
0.37718188458729,-0.05859375,-0.015625,0.98828125
0.37963111760409063,-0.06640625,-0.0078125,1.0
0.3820803506208912,-0.05078125,-0.02734375,0.98828125
0.3845295836376918,-0.0546875,-0.0234375,1.0
0.38697881665449235,-0.05859375,-0.015625,0.984375
0.38942804967129296,-0.05078125,-0.03125,0.97265625
0.3918772826880935,-0.06640625,-0.0234375,1.00390625
0.39432651570489413,-0.04296875,-0.02734375,1.0
0.39677574872169474,-0.05078125,-0.03125,0.98046875
0.3992249817384953,-0.0859375,-0.0234375,1.00390625
0.4016742147552959,-0.05859375,-0.0390625,0.98046875
0.40412344777209647,-0.05078125,-0.02734375,0.9765625
0.4065726807888971,-0.0625,-0.046875,0.9921875
0.40902191380569763,-0.05859375,-0.04296875,1.00390625
0.41147114682249825,-0.0703125,-0.015625,0.98828125
0.4139203798392988,-0.05859375,-0.02734375,1.015625
0.4163696128560994,-0.05859375,-0.0390625,0.99609375
0.41881884587289997,-0.0390625,-0.0234375,0.97265625
0.4212680788897006,-0.0546875,-0.03515625,0.97265625
0.42371731190650114,-0.0390625,-0.015625,0.984375
0.42616654492330175,-0.05859375,-0.01953125,1.0
0.4286157779401023,-0.0546875,-0.02734375,0.98046875
0.4310650109569029,-0.0703125,-0.0234375,0.99609375
0.4335142439737035,-0.05078125,-0.03125,0.96484375
0.4359634769905041,-0.05078125,-0.015625,0.97265625
0.43841271000730464,-0.06640625,-0.0234375,0.9921875
0.44086194302410525,-0.05859375,-0.02734375,1.0
0.4433111760409058,-0.0390625,-0.0234375,1.0
0.4457604090577064,-0.03515625,-0.0078125,1.0
0.448209642074507,-0.04296875,-0.0078125,1.00390625
0.4506588750913076,-0.0625,-0.04296875,0.99609375
0.45310810810810814,-0.05859375,-0.0390625,1.00390625
0.45555734112490875,-0.05078125,-0.04296875,0.96875
0.4580065741417093,-0.06640625,-0.02734375,1.00390625
0.4604558071585099,-0.05859375,-0.01953125,1.00390625
0.4629050401753105,-0.05859375,-0.0234375,0.9921875
0.4653542731921111,-0.0390625,-0.0234375,0.9921875
0.46780350620891165,-0.05078125,-0.02734375,0.99609375
0.47025273922571226,-0.05859375,-0.0390625,1.0078125
0.47270197224251287,-0.03125,-0.0390625,0.9921875
0.4751512052593134,-0.0546875,-0.02734375,0.98828125
0.47760043827611404,-0.046875,-0.015625,0.984375
0.4800496712929146,-0.04296875,-0.03515625,1.0078125
0.4824989043097152,-0.05078125,-0.0234375,0.9921875
0.48494813732651576,-0.06640625,-0.03125,0.984375
0.48739737034331637,-0.0546875,-0.015625,0.99609375
0.48984660336011693,-0.07421875,-0.01953125,0.98828125
0.49229583637691754,-0.0546875,-0.015625,1.00390625
0.4947450693937181,-0.05078125,-0.03125,0.98046875
0.4971943024105187,-0.04296875,-0.0234375,0.99609375
0.49964353542731926,-0.05078125,-0.01171875,0.99609375
0.5020927684441199,-0.0546875,-0.03515625,1.00390625
0.5045420014609204,-0.05078125,-0.01953125,0.99609375
0.506991234477721,-0.05859375,-0.04296875,0.9921875
0.5094404674945217,-0.06640625,-0.046875,0.99609375
0.5118897005113222,-0.0546875,-0.02734375,0.9921875
0.5143389335281228,-0.05859375,-0.03125,0.98046875
0.5167881665449233,-0.046875,-0.03125,0.99609375
0.519237399561724,-0.05859375,-0.02734375,1.0078125
0.5216866325785245,-0.05859375,-0.04296875,0.9921875
0.5241358655953251,-0.046875,-0.02734375,0.97265625
0.5265850986121257,-0.06640625,-0.03125,0.99609375
0.5290343316289263,-0.05859375,-0.05859375,0.9921875
0.5314835646457269,-0.03515625,-0.01171875,1.0
0.5339327976625274,-0.04296875,-0.02734375,0.984375
0.536382030679328,-0.0546875,-0.0078125,0.98828125
0.5388312636961287,-0.04296875,-0.0390625,0.99609375
0.5412804967129292,-0.06640625,-0.01953125,1.015625
0.5437297297297298,-0.046875,-0.0234375,0.97265625
0.5461789627465303,-0.05078125,-0.0234375,1.00390625
0.548628195763331,-0.046875,-0.01171875,0.9765625
0.5510774287801316,-0.05078125,-0.03125,1.0
0.5535266617969321,-0.05859375,-0.015625,0.9765625
0.5559758948137328,-0.04296875,-0.02734375,0.99609375
0.5584251278305333,-0.05078125,-0.015625,0.98046875
0.5608743608473339,-0.02734375,-0.01953125,0.98828125
0.5633235938641344,-0.06640625,-0.015625,0.984375
0.5657728268809351,-0.0625,-0.01953125,1.0
0.5682220598977357,-0.0625,-0.046875,1.0078125
0.5706712929145362,-0.05859375,-0.0390625,0.96484375
0.5731205259313368,-0.046875,-0.0390625,0.984375
0.5755697589481374,-0.05078125,-0.0546875,0.98828125
0.578018991964938,-0.05078125,-0.01171875,0.9921875
0.5804682249817386,-0.04296875,-0.01171875,0.99609375
0.5829174579985391,-0.06640625,-0.03515625,0.98828125
0.5853666910153398,-0.078125,-0.03515625,1.00390625
0.5878159240321403,-0.0390625,-0.015625,0.9765625
0.5902651570489409,-0.046875,-0.0234375,0.984375
0.5927143900657414,-0.06640625,-0.015625,1.0
0.5951636230825421,-0.06640625,-0.01953125,1.015625
0.5976128560993427,-0.06640625,-0.04296875,0.984375
0.6000620891161432,-0.0390625,-0.01171875,0.9921875
0.6025113221329438,-0.0390625,-0.01171875,1.00390625
0.6049605551497444,-0.0546875,-0.015625,0.9921875
0.607409788166545,-0.05078125,-0.0390625,0.96484375
0.6098590211833456,-0.05078125,-0.02734375,1.00390625
0.6123082542001461,-0.0703125,-0.02734375,1.0078125
0.6147574872169468,-0.05859375,-0.0390625,0.98046875
0.6172067202337473,-0.046875,-0.03125,0.9765625
0.6196559532505479,-0.03515625,-0.046875,1.0078125
0.6221051862673485,-0.04296875,-0.03125,1.015625
0.6245544192841491,-0.05859375,-0.03515625,1.0
0.6270036523009497,-0.08203125,-0.0234375,0.9765625
0.6294528853177502,-0.05078125,-0.03125,0.98828125
0.6319021183345509,-0.03515625,-0.04296875,0.984375
0.6343513513513515,-0.0625,-0.015625,0.98828125
0.636800584368152,-0.03515625,-0.03125,1.00390625
0.6392498173849526,-0.03515625,-0.01171875,0.99609375
0.6416990504017532,-0.04296875,-0.0390625,0.99609375
0.6441482834185538,-0.06640625,-0.03125,0.99609375
0.6465975164353543,-0.046875,-0.03125,1.00390625
0.6490467494521549,-0.03125,-0.015625,0.984375
0.6514959824689556,-0.05078125,-0.0234375,0.9765625
0.6539452154857561,-0.05859375,-0.01953125,1.0078125
0.6563944485025567,-0.05859375,-0.04296875,0.98828125
0.6588436815193572,-0.046875,-0.0234375,0.9765625
0.6612929145361579,-0.0703125,-0.0234375,0.99609375
0.6637421475529585,-0.046875,-0.01171875,0.98828125
0.666191380569759,-0.0390625,-0.015625,0.984375
0.6686406135865596,-0.0390625,-0.03125,0.9921875
0.6710898466033602,-0.0625,-0.01171875,1.0
0.6735390796201608,-0.078125,-0.0234375,0.96875
0.6759883126369614,-0.03125,-0.01953125,1.0
0.6784375456537619,-0.05078125,-0.04296875,0.98828125
0.6808867786705626,-0.04296875,-0.01953125,0.96484375
0.6833360116873631,-0.05859375,-0.01953125,1.0
0.6857852447041637,-0.0546875,-0.0390625,0.984375
0.6882344777209642,-0.06640625,-0.0234375,0.99609375
0.6906837107377649,-0.05078125,-0.01953125,0.9765625
0.6931329437545655,-0.0625,-0.0234375,1.0078125
0.695582176771366,-0.0546875,-0.015625,1.0
0.6980314097881666,-0.05078125,-0.0078125,0.99609375
0.7004806428049672,-0.046875,-0.04296875,0.984375
0.7029298758217678,-0.05859375,-0.0234375,0.97265625
0.7053791088385684,-0.05078125,-0.05859375,0.99609375
0.707828341855369,-0.04296875,-0.03515625,0.9921875
0.7102775748721696,-0.06640625,-0.0078125,1.00390625
0.7127268078889701,-0.07421875,-0.01953125,1.01171875
0.7151760409057707,-0.04296875,-0.05078125,0.9921875
0.7176252739225714,-0.0546875,-0.01171875,0.9921875
0.7200745069393719,-0.05859375,-0.03125,0.9921875
0.7225237399561725,-0.0625,-0.0234375,0.98046875
0.724972972972973,-0.06640625,-0.015625,1.00390625
0.7274222059897737,-0.07421875,-0.01953125,0.96875
0.7298714390065743,-0.06640625,-0.01953125,0.984375
0.7323206720233748,-0.05859375,-0.0234375,0.984375
0.7347699050401754,-0.03515625,-0.01171875,1.00390625
0.737219138056976,-0.05859375,-0.01953125,1.015625
0.7396683710737766,-0.03515625,-0.0234375,1.0
0.7421176040905771,-0.0625,-0.03515625,1.0
0.7445668371073777,-0.04296875,-0.0234375,0.99609375
0.7470160701241784,-0.046875,-0.0234375,0.9921875
0.7494653031409789,-0.05078125,-0.04296875,0.9921875
0.7519145361577795,-0.0390625,-0.02734375,0.9921875
0.75436376917458,-0.07421875,-0.015625,1.0
0.7568130021913807,-0.04296875,-0.0390625,0.984375
0.7592622352081813,-0.05078125,-0.02734375,0.97265625
0.7617114682249818,-0.0546875,-0.0078125,0.98046875
0.7641607012417824,-0.046875,-0.0390625,0.9921875
0.766609934258583,-0.07421875,-0.02734375,1.0
0.7690591672753836,-0.0390625,-0.01953125,1.00390625
0.7715084002921841,-0.03515625,-0.01953125,0.9921875
0.7739576333089847,-0.05078125,-0.015625,0.984375
0.7764068663257854,-0.06640625,-0.03125,1.0
0.7788560993425859,-0.07421875,-0.0078125,0.9765625
0.7813053323593865,-0.0703125,-0.02734375,1.0
0.783754565376187,-0.0703125,-0.046875,0.9921875
0.7862037983929877,-0.04296875,-0.03125,1.0
0.7886530314097883,-0.046875,-0.0390625,0.98828125
0.7911022644265888,-0.03515625,-0.015625,0.98828125
0.7935514974433895,-0.06640625,-0.015625,1.00390625
0.79600073046019,-0.0546875,-0.0234375,1.0078125
0.7984499634769906,-0.0546875,-0.01171875,0.98046875
0.8008991964937912,-0.05078125,-0.03125,1.0
0.8033484295105918,-0.0546875,-0.01953125,1.0078125
0.8057976625273924,-0.05078125,-0.03125,0.99609375
0.8082468955441929,-0.02734375,-0.02734375,0.9453125
0.8106961285609935,-0.04296875,-0.0078125,1.0
0.8131453615777942,-0.0390625,-0.015625,0.984375
0.8155945945945947,-0.05078125,-0.02734375,0.9921875
0.8180438276113953,-0.046875,-0.01171875,0.99609375
0.8204930606281958,-0.02734375,-0.0078125,0.98046875
0.8229422936449965,-0.0546875,-0.0234375,0.98828125
0.825391526661797,-0.046875,-0.03125,0.98828125
0.8278407596785976,-0.05078125,-0.0390625,1.00390625
0.8302899926953982,-0.05859375,-0.04296875,0.9921875
0.8327392257121988,-0.05078125,-0.01953125,1.0
0.8351884587289994,-0.06640625,-0.046875,1.0078125
0.8376376917457999,-0.0625,-0.0390625,1.0234375
0.8400869247626005,-0.0625,-0.0390625,1.00390625
0.8425361577794012,-0.07421875,-0.0390625,0.99609375
0.8449853907962017,-0.02734375,-0.0234375,0.984375
0.8474346238130023,-0.04296875,-0.0390625,0.99609375
0.8498838568298028,-0.06640625,-0.03125,0.99609375
0.8523330898466035,-0.0546875,-0.0390625,1.0
0.854782322863404,-0.04296875,-0.0390625,0.97265625
0.8572315558802046,-0.05078125,-0.02734375,1.00390625
0.8596807888970052,-0.05859375,-0.02734375,1.0
0.8621300219138058,-0.05859375,-0.046875,1.01953125
0.8645792549306064,-0.0625,-0.01171875,0.9765625
0.867028487947407,-0.06640625,-0.015625,0.96875
0.8694777209642076,-0.05078125,-0.03125,0.99609375
0.8719269539810082,-0.03125,-0.01953125,0.9765625
0.8743761869978087,-0.05078125,-0.0234375,0.98046875
0.8768254200146093,-0.05078125,-0.01171875,0.9921875
0.87927465303141,-0.04296875,-0.03125,0.99609375
0.8817238860482105,-0.046875,-0.03125,1.01171875
0.8841731190650111,-0.0546875,-0.0234375,0.9921875
0.8866223520818116,-0.05859375,-0.0390625,0.9765625
0.8890715850986123,-0.04296875,-0.015625,0.99609375
0.8915208181154128,-0.0546875,-0.04296875,1.01171875
0.8939700511322134,-0.05078125,-0.046875,0.9765625
0.896419284149014,-0.02734375,-0.01953125,0.98046875
0.8988685171658146,-0.05859375,-0.0390625,1.015625
0.9013177501826152,-0.05859375,-0.0390625,0.98828125
0.9037669831994157,-0.0625,-0.02734375,1.0
0.9062162162162163,-0.0625,-0.0234375,1.00390625
0.908665449233017,-0.05078125,-0.01171875,0.97265625
0.9111146822498175,-0.03125,-0.01171875,0.99609375
0.9135639152666181,-0.05078125,-0.03125,0.9765625
0.9160131482834186,-0.05078125,-0.0078125,0.99609375
0.9184623813002193,-0.04296875,-0.01171875,0.9765625
0.9209116143170198,-0.04296875,-0.0234375,0.98828125
0.9233608473338204,-0.046875,-0.01171875,0.98046875
0.925810080350621,-0.0546875,-0.01171875,0.9921875
0.9282593133674216,-0.0625,-0.0234375,0.99609375
0.9307085463842222,-0.05078125,-0.0234375,0.9765625
0.9331577794010227,-0.046875,-0.00390625,1.01171875
0.9356070124178233,-0.046875,-0.01953125,0.9765625
0.938056245434624,-0.05859375,-0.00390625,0.99609375
0.9405054784514245,-0.0625,-0.015625,0.99609375
0.9429547114682251,-0.0546875,-0.04296875,0.98828125
0.9454039444850257,-0.05078125,-0.02734375,0.99609375
0.9478531775018263,-0.06640625,-0.0390625,1.01171875
0.9503024105186268,-0.05859375,-0.0234375,1.01171875
0.9527516435354274,-0.05078125,-0.01171875,0.9921875
0.9552008765522281,-0.05859375,-0.01953125,1.0
0.9576501095690286,-0.03515625,-0.0234375,0.98046875
0.9600993425858292,-0.0390625,-0.0234375,1.0
0.9625485756026297,-0.0390625,-0.0234375,0.984375
0.9649978086194304,-0.046875,-0.01953125,0.98828125
0.967447041636231,-0.05859375,-0.0234375,0.98046875
0.9698962746530315,-0.0703125,-0.02734375,1.00390625
0.9723455076698321,-0.05859375,-0.01953125,0.98828125
0.9747947406866327,-0.0390625,-0.00390625,0.984375
0.9772439737034333,-0.05078125,-0.015625,0.98828125
0.9796932067202339,-0.0390625,-0.02734375,0.98046875
0.9821424397370344,-0.0546875,-0.01953125,0.98828125
0.9845916727538351,-0.03515625,-0.01953125,1.00390625
0.9870409057706356,-0.05859375,-0.0546875,1.00390625
0.9894901387874362,-0.05078125,-0.02734375,0.984375
0.9919393718042367,-0.0625,-0.01953125,0.984375
0.9943886048210374,-0.0625,-0.0234375,0.98046875
0.996837837837838,-0.04296875,-0.05859375,1.0078125
0.9992870708546385,-0.0703125,-0.015625,0.9921875
1.001736303871439,-0.06640625,-0.01953125,1.00390625
1.0041855368882397,-0.04296875,-0.03515625,0.984375
1.0066347699050402,-0.0390625,-0.03515625,0.98828125
1.0090840029218409,-0.05078125,-0.015625,1.0078125
1.0115332359386415,-0.0625,-0.01171875,0.96875
1.013982468955442,-0.046875,-0.04296875,0.9765625
1.0164317019722426,-0.05859375,-0.0234375,0.9921875
1.0188809349890433,-0.04296875,-0.0234375,0.98828125
1.0213301680058438,-0.04296875,-0.01953125,0.97265625
1.0237794010226444,-0.05078125,-0.015625,0.99609375
1.026228634039445,-0.0546875,-0.0234375,0.9765625
1.0286778670562455,-0.0546875,-0.04296875,1.0
1.0311271000730462,-0.046875,-0.01171875,0.9765625
1.0335763330898466,-0.0546875,-0.01953125,1.00390625
1.0360255661066473,-0.046875,-0.01171875,1.0078125
1.038474799123448,-0.0546875,-0.015625,0.99609375
1.0409240321402484,-0.0390625,-0.03515625,0.97265625
1.043373265157049,-0.0546875,-0.02734375,0.9765625
1.0458224981738498,-0.05078125,-0.04296875,0.98046875
1.0482717311906502,-0.0625,-0.01171875,0.9921875
1.0507209642074509,-0.05078125,-0.0234375,1.0078125
1.0531701972242513,-0.046875,-0.02734375,0.99609375
1.055619430241052,-0.06640625,-0.01171875,1.0
1.0580686632578526,-0.0625,-0.0546875,1.0
1.060517896274653,-0.06640625,-0.046875,0.9921875
1.0629671292914538,-0.05859375,-0.03515625,1.0
1.0654163623082544,-0.05078125,-0.046875,1.01171875
1.0678655953250549,-0.046875,-0.01953125,0.99609375
1.0703148283418555,-0.0546875,-0.0234375,0.9921875
1.072764061358656,-0.04296875,-0.03125,1.0
1.0752132943754567,-0.05078125,-0.01953125,0.9921875
1.0776625273922573,-0.046875,-0.0234375,1.0
1.0801117604090578,-0.07421875,-0.0546875,1.0
1.0825609934258584,-0.046875,-0.0078125,0.99609375
1.085010226442659,-0.05859375,-0.02734375,0.984375
1.0874594594594595,-0.0546875,-0.0234375,0.99609375
1.0899086924762602,-0.0546875,-0.0234375,0.98046875
1.0923579254930607,-0.0390625,-0.0234375,0.99609375
1.0948071585098613,-0.05078125,-0.03125,1.0
1.097256391526662,-0.04296875,-0.03515625,1.0078125
1.0997056245434624,-0.046875,-0.0234375,1.01171875
1.102154857560263,-0.0859375,-0.0234375,0.98046875
1.1046040905770638,-0.0625,-0.03125,0.9921875
1.1070533235938642,-0.0703125,-0.03515625,0.96875
1.1095025566106649,-0.046875,-0.015625,0.984375
1.1119517896274655,-0.0546875,-0.03515625,1.0
1.114401022644266,-0.078125,-0.015625,1.01171875
1.1168502556610667,-0.0546875,-0.015625,1.0
1.119299488677867,-0.05078125,-0.01953125,1.0
1.1217487216946678,-0.05859375,-0.03125,0.9921875
1.1241979547114684,-0.0625,-0.00390625,1.0078125
1.1266471877282689,-0.06640625,-0.03125,0.99609375
1.1290964207450696,-0.05859375,-0.03125,1.0078125
1.1315456537618702,-0.046875,-0.0390625,0.98046875
1.1339948867786707,-0.0703125,-0.01953125,0.99609375
1.1364441197954713,-0.0390625,-0.0625,0.9921875
1.1388933528122718,-0.0625,-0.0234375,0.984375
1.1413425858290724,-0.04296875,-0.02734375,0.9765625
1.143791818845873,-0.05078125,-0.02734375,0.99609375
1.1462410518626736,-0.04296875,-0.0234375,1.00390625
1.1486902848794742,-0.0625,-0.046875,1.0
1.1511395178962749,-0.0546875,-0.03515625,1.00390625
1.1535887509130753,-0.05078125,-0.02734375,0.9765625
1.156037983929876,-0.0625,-0.04296875,1.0
1.1584872169466764,-0.0390625,-0.046875,0.98828125
1.1609364499634771,-0.046875,-0.01171875,0.98828125
1.1633856829802778,-0.0546875,-0.03125,1.01171875
1.1658349159970782,-0.05078125,-0.015625,1.0
1.168284149013879,-0.0546875,-0.01953125,0.99609375
1.1707333820306796,-0.0390625,-0.02734375,1.01171875
1.17318261504748,-0.0625,-0.01953125,1.00390625
1.1756318480642807,-0.05859375,-0.01171875,1.00390625
1.1780810810810813,-0.0625,-0.01953125,0.98828125
1.1805303140978818,-0.0625,-0.02734375,0.99609375
1.1829795471146825,-0.0546875,-0.0390625,0.99609375
1.185428780131483,-0.05859375,-0.01171875,0.984375
1.1878780131482836,-0.0625,-0.02734375,0.99609375
1.1903272461650842,-0.0625,-0.03125,1.0
1.1927764791818847,-0.0390625,-0.0234375,1.0
1.1952257121986853,-0.0546875,-0.02734375,1.00390625
1.197674945215486,-0.05078125,-0.015625,0.9921875
1.2001241782322865,-0.078125,-0.0234375,0.9765625
1.2025734112490871,-0.046875,-0.01171875,0.98046875
1.2050226442658876,-0.078125,-0.046875,1.0
1.2074718772826882,-0.05859375,-0.0390625,1.015625
1.209921110299489,-0.05859375,-0.0234375,0.98828125
1.2123703433162893,-0.05078125,-0.02734375,0.9765625
1.21481957633309,-0.046875,-0.01171875,0.9765625
1.2172688093498907,-0.0390625,-0.0234375,0.984375
1.2197180423666911,-0.0703125,-0.00390625,0.98828125
1.2221672753834918,-0.06640625,-0.03125,0.98046875
1.2246165084002922,-0.0625,-0.0390625,0.98046875
1.227065741417093,-0.0546875,-0.04296875,0.98828125
1.2295149744338936,-0.05078125,-0.0234375,1.0
1.231964207450694,-0.05859375,-0.04296875,0.99609375
1.2344134404674947,-0.05078125,-0.03125,0.9765625
1.2368626734842953,-0.046875,-0.03515625,1.00390625
1.2393119065010958,-0.046875,-0.015625,0.9921875
1.2417611395178965,-0.0390625,-0.0390625,0.98046875
1.244210372534697,-0.046875,-0.01171875,1.0
1.2466596055514976,-0.0625,-0.03125,0.984375
1.2491088385682982,-0.05859375,-0.03515625,1.0
1.2515580715850987,-0.0625,-0.01953125,0.97265625
1.2540073046018994,-0.0625,-0.01953125,0.99609375
1.2564565376187,-0.0546875,-0.03515625,1.0
1.2589057706355005,-0.0390625,-0.03125,0.99609375
1.2613550036523011,-0.05078125,-0.02734375,0.98046875
1.2638042366691018,-0.046875,-0.01953125,0.984375
1.2662534696859022,-0.0546875,-0.0234375,0.9921875
1.268702702702703,-0.03515625,-0.015625,0.98828125
1.2711519357195034,-0.046875,-0.0078125,0.9765625
1.273601168736304,-0.046875,-0.01171875,0.97265625
1.2760504017531047,-0.0390625,-0.03515625,0.98046875
1.2784996347699051,-0.046875,-0.0390625,1.00390625
1.2809488677867058,-0.0546875,-0.01953125,1.0
1.2833981008035065,-0.06640625,-0.01953125,0.98828125
1.285847333820307,-0.0703125,-0.01953125,0.9921875
1.2882965668371076,-0.0703125,-0.046875,0.9921875
1.290745799853908,-0.046875,-0.0234375,0.984375
1.2931950328707087,-0.05859375,-0.0390625,0.99609375
1.2956442658875094,-0.05859375,-0.015625,0.98046875
1.2980934989043098,-0.05078125,-0.0390625,0.99609375
1.3005427319211105,-0.046875,-0.03125,1.0
1.3029919649379111,-0.05078125,-0.03125,0.99609375
1.3054411979547116,-0.04296875,-0.0390625,1.01171875
1.3078904309715123,-0.046875,-0.02734375,0.98046875
1.3103396639883127,-0.05859375,-0.03515625,1.00390625
1.3127888970051134,-0.0390625,-0.00390625,0.984375
1.315238130021914,-0.03125,-0.05859375,1.0
1.3176873630387145,-0.05859375,-0.0234375,1.0
1.3201365960555151,-0.0625,-0.01171875,0.98828125
1.3225858290723158,-0.05078125,-0.0234375,0.99609375
1.3250350620891163,-0.0625,-0.02734375,0.9921875
1.327484295105917,-0.0546875,-0.015625,1.00390625
1.3299335281227174,-0.0703125,-0.03125,1.0078125
1.332382761139518,-0.0703125,-0.02734375,0.984375
1.3348319941563187,-0.05078125,-0.02734375,0.99609375
1.3372812271731191,-0.0546875,-0.03125,0.984375
1.3397304601899198,-0.046875,-0.05859375,0.9765625
1.3421796932067205,-0.03125,-0.0390625,0.98828125
1.344628926223521,-0.03125,-0.02734375,0.96875
1.3470781592403216,-0.046875,-0.0234375,1.0
1.3495273922571223,-0.0625,-0.0234375,0.98046875
1.3519766252739227,-0.07421875,-0.05078125,1.00390625
1.3544258582907234,-0.01953125,-0.01171875,0.9921875
1.3568750913075238,-0.05859375,-0.01953125,0.98828125
1.3593243243243245,-0.0390625,-0.00390625,0.97265625
1.3617735573411252,-0.0546875,-0.0078125,1.0
1.3642227903579256,-0.03515625,-0.02734375,0.97265625
1.3666720233747263,-0.08203125,-0.03515625,0.9765625
1.369121256391527,-0.03125,-0.0234375,0.96484375
1.3715704894083274,-0.0703125,-0.02734375,0.9921875
1.374019722425128,-0.05859375,0.0,0.9765625
1.3764689554419285,-0.05859375,-0.02734375,0.99609375
1.3789181884587292,-0.03515625,-0.01953125,1.00390625
1.3813674214755298,-0.0390625,-0.05859375,1.01171875
1.3838166544923303,-0.03125,-0.02734375,1.0078125
1.386265887509131,-0.0546875,-0.01953125,1.0
1.3887151205259316,-0.06640625,-0.0234375,1.00390625
1.391164353542732,-0.05078125,-0.01953125,0.99609375
1.3936135865595327,-0.04296875,-0.03125,0.984375
1.3960628195763332,-0.0546875,-0.02734375,1.0
1.3985120525931338,-0.05859375,-0.046875,1.00390625
1.4009612856099345,-0.05859375,-0.0390625,1.0
1.403410518626735,-0.06640625,-0.03125,0.984375
1.4058597516435356,-0.0390625,-0.03125,1.00390625
1.4083089846603363,-0.04296875,-0.0078125,0.9921875
1.4107582176771367,-0.05078125,-0.0390625,1.0
1.4132074506939374,-0.05859375,-0.0390625,0.98046875
1.415656683710738,-0.0546875,-0.04296875,0.99609375
1.4181059167275385,-0.06640625,-0.0390625,1.00390625
1.4205551497443392,-0.04296875,-0.01953125,0.99609375
1.4230043827611396,-0.05859375,-0.03125,0.9921875
1.4254536157779403,-0.03125,-0.015625,1.00390625
1.427902848794741,-0.05859375,-0.03125,0.99609375
1.4303520818115414,-0.05078125,-0.0078125,1.00390625
1.432801314828342,-0.0703125,-0.01953125,1.00390625
1.4352505478451427,-0.05078125,-0.02734375,0.99609375
1.4376997808619432,-0.04296875,-0.0390625,0.98828125
1.4401490138787438,-0.04296875,-0.0234375,0.98046875
1.4425982468955443,-0.07421875,-0.03515625,1.0
1.445047479912345,-0.046875,-0.0390625,1.00390625
1.4474967129291456,-0.04296875,-0.0234375,0.984375
1.449945945945946,-0.06640625,-0.01171875,0.98046875
1.4523951789627467,-0.05078125,-0.03125,0.98046875
1.4548444119795474,-0.0390625,-0.01953125,1.0078125
1.4572936449963478,-0.04296875,-0.02734375,1.0
1.4597428780131485,-0.0625,-0.0390625,1.01171875
1.462192111029949,-0.02734375,-0.01171875,0.99609375
1.4646413440467496,-0.0859375,-0.01171875,1.0
1.4670905770635503,-0.0546875,-0.0546875,0.984375
1.4695398100803507,-0.05859375,-0.015625,0.98046875
1.4719890430971514,-0.0546875,-0.0234375,1.00390625
1.474438276113952,-0.05859375,-0.0390625,0.98828125
1.4768875091307525,-0.0546875,-0.03515625,0.99609375
1.4793367421475532,-0.0546875,-0.01171875,1.00390625
1.4817859751643536,-0.05859375,-0.015625,0.9921875
1.4842352081811543,-0.0703125,-0.046875,1.0
1.486684441197955,-0.04296875,-0.0234375,1.00390625
1.4891336742147554,-0.04296875,-0.01171875,0.984375
1.491582907231556,-0.06640625,-0.015625,0.9765625
1.4940321402483567,-0.04296875,-0.0234375,0.99609375
1.4964813732651572,-0.04296875,-0.0234375,1.01171875
1.4989306062819578,-0.0859375,-0.02734375,1.01171875
1.5013798392987585,-0.0546875,-0.01171875,0.9921875
1.503829072315559,-0.046875,-0.0234375,0.98828125
1.5062783053323596,-0.06640625,-0.03515625,1.0078125
1.50872753834916,-0.03125,-0.05078125,0.9921875
1.5111767713659607,-0.046875,-0.0234375,1.015625
1.5136260043827614,-0.0390625,-0.02734375,0.98828125
1.5160752373995618,-0.0625,-0.0078125,1.0
1.5185244704163625,-0.05078125,-0.02734375,0.9765625
1.5209737034331632,-0.06640625,-0.0234375,0.97265625
1.5234229364499636,-0.0390625,-0.02734375,0.984375
1.5258721694667643,-0.05078125,-0.015625,0.9765625
1.5283214024835647,-0.0546875,-0.02734375,0.99609375
1.5307706355003654,-0.0390625,-0.03515625,0.98046875
1.533219868517166,-0.04296875,-0.0078125,1.00390625
1.5356691015339665,-0.05859375,-0.0390625,0.99609375
1.5381183345507672,-0.06640625,-0.0390625,0.99609375
1.5405675675675679,-0.046875,-0.01953125,0.9921875
1.5430168005843683,-0.05859375,-0.03125,0.99609375
1.545466033601169,-0.05078125,-0.02734375,0.98828125
1.5479152666179694,-0.05078125,-0.01953125,0.9765625
1.55036449963477,-0.05078125,-0.0390625,0.9765625
1.5528137326515707,-0.0625,-0.0390625,0.984375
1.5552629656683712,-0.0546875,-0.0234375,1.00390625
1.5577121986851719,-0.05078125,-0.03125,1.0
1.5601614317019725,-0.0625,-0.0234375,0.98046875
1.562610664718773,-0.04296875,-0.046875,0.9765625
1.5650598977355736,-0.05859375,-0.03125,1.0
1.567509130752374,-0.04296875,-0.01953125,1.0078125
1.5699583637691747,-0.0390625,-0.01953125,0.9765625
1.5724075967859754,-0.04296875,-0.01171875,0.97265625
1.5748568298027759,-0.046875,-0.01953125,0.98828125
1.5773060628195765,-0.07421875,-0.0234375,0.99609375
1.5797552958363772,-0.07421875,-0.0234375,0.98828125
1.5822045288531776,-0.0390625,-0.0390625,0.984375
1.5846537618699783,-0.04296875,-0.0390625,0.9921875
1.587102994886779,-0.03125,-0.015625,1.0
1.5895522279035794,-0.046875,-0.0234375,1.0
1.59200146092038,-0.05859375,-0.015625,0.98046875
1.5944506939371805,-0.0546875,-0.01953125,0.98828125
1.5968999269539812,-0.05859375,-0.03125,0.984375
1.5993491599707819,-0.046875,-0.03515625,1.0
1.6017983929875823,-0.05859375,-0.05859375,0.984375
1.604247626004383,-0.046875,-0.01953125,1.0
1.6066968590211836,-0.04296875,-0.015625,1.0
1.609146092037984,-0.046875,-0.01171875,0.98828125
1.6115953250547848,-0.0390625,-0.02734375,0.9765625
1.6140445580715852,-0.0546875,-0.04296875,1.0
1.6164937910883859,-0.05078125,-0.0234375,0.984375
1.6189430241051865,-0.046875,-0.0078125,0.9921875
1.621392257121987,-0.0390625,-0.01171875,0.97265625
1.6238414901387876,-0.05078125,-0.02734375,0.9921875
1.6262907231555883,-0.03125,-0.015625,0.9921875
1.6287399561723888,-0.0546875,-0.0078125,0.98828125
1.6311891891891894,-0.0390625,-0.0234375,0.96484375
1.6336384222059899,-0.05859375,-0.01171875,1.015625
1.6360876552227905,-0.06640625,-0.046875,1.01171875
1.6385368882395912,-0.05859375,-0.01953125,0.9765625
1.6409861212563916,-0.02734375,-0.03125,1.0078125
1.6434353542731923,-0.03515625,-0.015625,1.01171875
1.645884587289993,-0.04296875,-0.0234375,0.99609375
1.6483338203067934,-0.0390625,-0.0234375,0.96484375
1.650783053323594,-0.05078125,-0.0078125,0.984375
1.6532322863403948,-0.0390625,-0.0390625,1.0
1.6556815193571952,-0.0546875,-0.01953125,0.98828125
1.6581307523739959,-0.046875,-0.0234375,0.9921875
1.6605799853907963,-0.0390625,-0.01171875,1.0
1.663029218407597,-0.06640625,-0.01953125,0.99609375
1.6654784514243977,-0.0546875,0.0,0.9921875
1.667927684441198,-0.0625,-0.01171875,0.99609375
1.6703769174579988,-0.0390625,-0.0390625,1.00390625
1.6728261504747994,-0.0625,-0.03125,0.98046875
1.6752753834915999,-0.0546875,-0.0234375,1.00390625
1.6777246165084005,-0.0625,-0.046875,1.0078125
1.680173849525201,-0.0390625,-0.05078125,0.98828125
1.6826230825420017,-0.06640625,-0.0234375,0.9921875
1.6850723155588023,-0.04296875,-0.03515625,1.0078125
1.6875215485756028,-0.046875,-0.01171875,0.98828125
1.6899707815924034,-0.05859375,-0.03125,0.984375
1.692420014609204,-0.046875,-0.046875,0.9921875
1.6948692476260045,-0.0546875,-0.015625,0.984375
1.6973184806428052,-0.0546875,-0.02734375,0.9921875
1.6997677136596057,-0.0625,-0.0234375,0.99609375
1.7022169466764063,-0.05078125,-0.01953125,1.0
1.704666179693207,-0.05078125,-0.03125,0.984375
1.7071154127100074,-0.0546875,-0.0078125,0.984375
1.709564645726808,-0.046875,-0.03125,1.0
1.7120138787436088,-0.04296875,-0.03125,0.96875
1.7144631117604092,-0.0625,-0.015625,1.0
1.7169123447772099,-0.04296875,-0.01953125,0.98828125
1.7193615777940103,-0.0625,-0.01953125,0.9609375
1.721810810810811,-0.06640625,-0.0390625,0.99609375
1.7242600438276117,-0.06640625,-0.01953125,0.99609375
1.726709276844412,-0.05859375,-0.02734375,0.99609375
1.7291585098612128,-0.05859375,-0.0234375,1.01171875
1.7316077428780134,-0.05859375,-0.03125,0.99609375
1.734056975894814,-0.04296875,-0.03125,0.99609375
1.7365062089116146,-0.03515625,-0.02734375,0.99609375
1.7389554419284152,-0.0625,-0.05859375,0.98828125
1.7414046749452157,-0.0625,-0.03515625,1.00390625
1.7438539079620163,-0.046875,-0.05078125,0.99609375
1.7463031409788168,-0.03515625,-0.01171875,0.9921875
1.7487523739956174,-0.03515625,-0.015625,1.0
1.7512016070124181,-0.05859375,-0.01953125,0.984375
1.7536508400292186,-0.046875,-0.04296875,0.98046875
1.7561000730460192,-0.0703125,-0.03125,0.984375
1.75854930606282,-0.06640625,-0.01953125,1.00390625
1.7609985390796203,-0.08203125,-0.0234375,0.9765625
1.763447772096421,-0.0390625,-0.02734375,0.98828125
1.7658970051132215,-0.05078125,-0.00390625,0.98828125
1.7683462381300221,-0.0390625,-0.015625,0.99609375
1.7707954711468228,-0.03515625,-0.0390625,0.98046875
1.7732447041636232,-0.0625,-0.03125,0.9921875
1.775693937180424,-0.03515625,-0.0078125,0.98828125
1.7781431701972246,-0.04296875,-0.0390625,0.98828125
1.780592403214025,-0.0546875,-0.01953125,1.00390625
1.7830416362308257,-0.0625,-0.015625,0.984375
1.7854908692476261,-0.03515625,-0.0234375,1.01171875
1.7879401022644268,-0.0625,-0.01953125,1.0
1.7903893352812275,-0.04296875,-0.015625,0.97265625
1.792838568298028,-0.0546875,-0.01171875,0.96875
1.7952878013148286,-0.05078125,-0.015625,0.99609375
1.7977370343316292,-0.05078125,-0.0390625,1.01171875
1.8001862673484297,-0.0625,-0.0390625,0.9921875
1.8026355003652303,-0.05078125,-0.02734375,0.99609375
1.805084733382031,-0.03125,-0.01953125,0.984375
1.8075339663988315,-0.03515625,-0.015625,0.99609375
1.8099831994156321,-0.0390625,-0.01953125,0.98828125
1.8124324324324326,-0.046875,-0.01171875,0.99609375
1.8148816654492332,-0.0625,-0.03515625,0.9921875
1.817330898466034,-0.05859375,-0.01953125,0.99609375
1.8197801314828344,-0.0625,-0.0078125,0.984375
1.822229364499635,-0.06640625,-0.02734375,0.99609375
1.8246785975164357,-0.03515625,-0.03125,0.98046875
1.8271278305332361,-0.0546875,-0.01171875,0.9921875
1.8295770635500368,-0.06640625,-0.03125,0.984375
1.8320262965668372,-0.0703125,-0.0546875,0.9921875
1.834475529583638,-0.0703125,-0.02734375,0.99609375
1.8369247626004386,-0.046875,-0.01171875,1.00390625
1.839373995617239,-0.0390625,-0.0078125,0.98046875
1.8418232286340397,-0.0859375,-0.03125,1.0
1.8442724616508404,-0.0625,-0.0234375,0.99609375
1.8467216946676408,-0.046875,-0.0390625,0.9609375
1.8491709276844415,-0.03515625,-0.04296875,0.984375
1.851620160701242,-0.04296875,-0.01953125,0.9921875
1.8540693937180426,-0.0625,-0.0234375,1.0
1.8565186267348432,-0.06640625,-0.01953125,1.0
1.8589678597516437,-0.0625,-0.01953125,0.97265625
1.8614170927684444,-0.0546875,-0.01953125,0.9921875
1.863866325785245,-0.03125,-0.02734375,0.98828125
1.8663155588020455,-0.0546875,-0.0234375,0.98046875
1.8687647918188461,-0.04296875,-0.0078125,0.98828125
1.8712140248356466,-0.046875,-0.01171875,1.0078125
1.8736632578524473,-0.03515625,-0.02734375,0.9765625
1.876112490869248,-0.03515625,-0.02734375,0.9921875
1.8785617238860484,-0.05078125,-0.0234375,0.98046875
1.881010956902849,-0.0546875,-0.0234375,0.98828125
1.8834601899196497,-0.0546875,-0.01171875,0.96484375
1.8859094229364501,-0.0390625,-0.01171875,0.98046875
1.8883586559532508,-0.0625,-0.02734375,0.99609375
1.8908078889700515,-0.046875,-0.0078125,0.99609375
1.893257121986852,-0.0546875,-0.01953125,1.0
1.8957063550036526,-0.0703125,-0.046875,0.984375
1.898155588020453,-0.0703125,-0.01953125,1.0
1.9006048210372537,-0.046875,-0.01171875,0.99609375
1.9030540540540544,-0.0390625,-0.01953125,0.9921875
1.9055032870708548,-0.0703125,-0.0234375,0.9921875
1.9079525200876555,-0.0390625,-0.015625,0.98828125
1.9104017531044561,-0.06640625,-0.0234375,0.9921875
1.9128509861212566,-0.04296875,-0.02734375,1.01171875
1.9153002191380573,-0.04296875,-0.046875,0.97265625
1.9177494521548577,-0.05859375,-0.02734375,1.00390625
1.9201986851716584,-0.046875,-0.01953125,1.0078125
1.922647918188459,-0.06640625,-0.02734375,0.96875
1.9250971512052595,-0.046875,-0.015625,0.98046875
1.9275463842220601,-0.0546875,-0.03125,1.01171875
1.9299956172388608,-0.03125,-0.02734375,0.99609375
1.9324448502556613,-0.05859375,-0.03515625,1.0
1.934894083272462,-0.0546875,-0.0234375,0.96875
1.9373433162892624,-0.0546875,-0.01171875,1.00390625
1.939792549306063,-0.05859375,-0.01953125,1.01171875
1.9422417823228637,-0.0703125,-0.02734375,0.99609375
1.9446910153396642,-0.05859375,-0.01953125,0.9921875
1.9471402483564648,-0.05078125,-0.01171875,0.984375
1.9495894813732655,-0.0546875,-0.0234375,0.98828125
1.952038714390066,-0.046875,-0.0234375,0.9765625
1.9544879474068666,-0.046875,-0.01953125,0.99609375
1.956937180423667,-0.05859375,-0.01953125,1.0
1.9593864134404677,-0.05078125,-0.02734375,0.9921875
1.9618356464572684,-0.0546875,-0.015625,1.0
1.9642848794740688,-0.0390625,-0.0078125,1.0
1.9667341124908695,-0.03515625,-0.015625,1.01171875
1.9691833455076702,-0.03515625,-0.02734375,0.984375
1.9716325785244706,-0.05859375,-0.0078125,0.9765625
1.9740818115412713,-0.0546875,-0.02734375,0.98046875
1.976531044558072,-0.03125,-0.01953125,0.984375
1.9789802775748724,-0.0390625,-0.02734375,1.0
1.981429510591673,-0.0546875,-0.04296875,0.99609375
1.9838787436084735,-0.0546875,-0.0546875,0.9765625
1.9863279766252742,-0.05078125,-0.01953125,0.984375
1.9887772096420748,-0.0625,-0.04296875,0.9921875
1.9912264426588753,-0.0390625,-0.0234375,1.00390625
1.993675675675676,-0.03515625,-0.03125,0.9765625
1.9961249086924766,-0.046875,-0.05078125,1.0234375
1.998574141709277,-0.03515625,-0.02734375,0.98046875
2.0010233747260777,-0.05859375,-0.015625,0.98046875
2.003472607742878,-0.05859375,-0.02734375,0.97265625
2.005921840759679,-0.05078125,-0.02734375,0.98828125
2.0083710737764795,-0.0390625,-0.01953125,1.0078125
2.01082030679328,-0.04296875,-0.01171875,1.0
2.0132695398100804,-0.046875,-0.01171875,0.96875
2.0157187728268813,-0.0625,-0.015625,0.97265625
2.0181680058436817,-0.0546875,-0.01953125,0.96484375
2.020617238860482,-0.05859375,-0.03125,0.98828125
2.023066471877283,-0.05078125,-0.01953125,0.98828125
2.0255157048940835,-0.06640625,-0.01953125,0.984375
2.027964937910884,-0.0390625,-0.03125,0.984375
2.030414170927685,-0.05859375,-0.02734375,0.98828125
2.0328634039444853,-0.0625,-0.015625,0.98046875
2.0353126369612857,-0.04296875,-0.01171875,1.0
2.0377618699780866,-0.05078125,-0.02734375,0.98046875
2.040211102994887,-0.07421875,-0.02734375,0.98828125
2.0426603360116875,-0.05859375,-0.03125,1.01171875
2.0451095690284884,-0.0625,-0.015625,0.984375
2.047558802045289,-0.0546875,-0.0234375,0.99609375
2.0500080350620893,-0.03515625,-0.0078125,0.96484375
2.05245726807889,-0.046875,-0.0234375,0.9921875
2.0549065010956906,-0.05859375,-0.03515625,0.99609375
2.057355734112491,-0.03515625,-0.05859375,0.9765625
2.0598049671292915,-0.0234375,-0.0234375,1.0
2.0622542001460924,-0.04296875,-0.0078125,0.98828125
2.064703433162893,-0.04296875,-0.015625,0.9765625
2.0671526661796933,-0.0703125,-0.01953125,0.96875
2.069601899196494,-0.05859375,-0.015625,0.98046875
2.0720511322132946,-0.0546875,-0.0390625,1.00390625
2.074500365230095,-0.05078125,-0.03125,1.00390625
2.076949598246896,-0.05859375,-0.0390625,0.98828125
2.0793988312636964,-0.03125,-0.0078125,1.00390625
2.081848064280497,-0.06640625,-0.03515625,0.98046875
2.0842972972972977,-0.05859375,-0.0234375,0.9921875
2.086746530314098,-0.04296875,-0.03125,0.9921875
2.0891957633308986,-0.0625,-0.0390625,0.984375
2.0916449963476995,-0.0546875,-0.015625,1.01171875
2.0940942293645,-0.05078125,-0.02734375,0.98828125
2.0965434623813004,-0.046875,-0.02734375,0.98046875
2.098992695398101,-0.0625,-0.03515625,1.00390625
2.1014419284149017,-0.0390625,-0.02734375,1.00390625
2.103891161431702,-0.05859375,-0.0234375,0.984375
2.1063403944485026,-0.05859375,-0.03515625,0.98046875
2.1087896274653035,-0.046875,-0.03125,1.00390625
2.111238860482104,-0.0546875,-0.01171875,0.9921875
2.1136880934989044,-0.07421875,-0.02734375,0.9921875
2.1161373265157053,-0.05078125,-0.015625,1.00390625
2.1185865595325057,-0.078125,-0.0390625,0.99609375
2.121035792549306,-0.0390625,-0.015625,0.98046875
2.123485025566107,-0.05859375,-0.015625,0.9921875
2.1259342585829075,-0.05859375,-0.01953125,0.984375
2.128383491599708,-0.05078125,-0.015625,0.984375
2.130832724616509,-0.04296875,-0.0390625,0.97265625
2.1332819576333093,-0.0625,-0.03515625,0.99609375
2.1357311906501097,-0.04296875,-0.04296875,0.97265625
2.1381804236669106,-0.046875,-0.015625,0.99609375
2.140629656683711,-0.0546875,-0.0234375,1.0
2.1430788897005115,-0.05859375,-0.015625,0.99609375
2.145528122717312,-0.05859375,-0.0234375,0.99609375
2.147977355734113,-0.03125,-0.0078125,1.01171875
2.1504265887509133,-0.04296875,-0.0390625,0.9921875
2.1528758217677137,-0.046875,-0.046875,1.0
2.1553250547845146,-0.07421875,-0.02734375,0.9921875
2.157774287801315,-0.05078125,-0.0234375,0.984375
2.1602235208181155,-0.05078125,-0.0234375,0.984375
2.1626727538349164,-0.05859375,-0.01171875,0.99609375
2.165121986851717,-0.05078125,-0.01171875,0.9765625
2.1675712198685173,-0.0546875,-0.0234375,1.01171875
2.170020452885318,-0.05078125,-0.0078125,0.984375
2.1724696859021186,-0.05859375,-0.03125,0.984375
2.174918918918919,-0.0546875,-0.02734375,0.984375
2.17736815193572,-0.03515625,-0.01171875,1.01171875
2.1798173849525204,-0.03125,-0.01953125,0.99609375
2.182266617969321,-0.05078125,-0.03125,0.9765625
2.1847158509861213,-0.05078125,-0.01953125,0.9921875
2.187165084002922,-0.05078125,-0.0390625,0.98046875
2.1896143170197226,-0.03125,-0.015625,0.99609375
2.192063550036523,-0.046875,-0.03125,1.00390625
2.194512783053324,-0.04296875,-0.01171875,0.9921875
2.1969620160701244,-0.0625,-0.0078125,0.98828125
2.199411249086925,-0.046875,-0.03125,0.9921875
2.2018604821037258,-0.04296875,-0.02734375,0.98046875
2.204309715120526,-0.04296875,-0.01953125,1.00390625
2.2067589481373266,-0.05859375,-0.0234375,1.0078125
2.2092081811541275,-0.05078125,-0.02734375,0.98828125
2.211657414170928,-0.0625,-0.0234375,0.9921875
2.2141066471877284,-0.05859375,-0.04296875,1.0
2.2165558802045293,-0.0546875,-0.03125,0.984375
2.2190051132213298,-0.04296875,-0.03125,1.00390625
2.22145434623813,-0.0625,-0.03515625,1.01171875
2.223903579254931,-0.06640625,-0.04296875,0.99609375
2.2263528122717315,-0.0625,-0.0234375,0.98828125
2.228802045288532,-0.05078125,-0.01171875,1.01171875
2.2312512783053324,-0.046875,-0.02734375,0.9765625
2.2337005113221333,-0.046875,-0.05859375,0.96484375
2.2361497443389338,-0.03125,-0.015625,0.9921875
2.238598977355734,-0.05078125,-0.0234375,1.0
2.241048210372535,-0.0703125,-0.04296875,0.9921875
2.2434974433893355,-0.05859375,-0.015625,0.9921875
2.245946676406136,-0.05078125,-0.01953125,0.98828125
2.248395909422937,-0.04296875,-0.01171875,1.0078125
2.2508451424397373,-0.0625,-0.03125,1.0078125
2.2532943754565378,-0.0625,-0.046875,0.98828125
2.2557436084733387,-0.04296875,-0.03515625,0.96484375
2.258192841490139,-0.06640625,-0.03515625,0.9921875
2.2606420745069395,-0.0703125,-0.02734375,0.97265625
2.2630913075237404,-0.046875,-0.015625,1.0078125
2.265540540540541,-0.03515625,-0.0234375,0.984375
2.2679897735573413,-0.04296875,-0.0078125,0.953125
2.2704390065741418,-0.05078125,-0.046875,1.00390625
2.2728882395909427,-0.0625,-0.0390625,0.9765625
2.275337472607743,-0.0390625,-0.0234375,0.984375
2.2777867056245436,-0.03515625,-0.02734375,0.984375
2.2802359386413444,-0.04296875,-0.03515625,0.99609375
2.282685171658145,-0.0625,-0.02734375,0.98046875
2.2851344046749453,-0.0546875,-0.04296875,0.98828125
2.287583637691746,-0.05859375,-0.03125,1.00390625
2.2900328707085467,-0.0546875,-0.03515625,0.98046875
2.292482103725347,-0.08203125,-0.01953125,0.98828125
2.294931336742148,-0.05078125,-0.0390625,1.00390625
2.2973805697589484,-0.05078125,-0.03125,0.99609375
2.299829802775749,-0.05078125,-0.0234375,0.98046875
2.3022790357925498,-0.03515625,-0.015625,0.9921875
2.3047282688093502,-0.05078125,-0.03125,1.015625
2.3071775018261507,-0.05078125,-0.01171875,0.99609375
2.3096267348429516,-0.05859375,-0.03125,0.98046875
2.312075967859752,-0.06640625,-0.015625,0.98046875
2.3145252008765524,-0.05078125,-0.02734375,1.00390625
2.316974433893353,-0.05859375,-0.03125,0.99609375
2.319423666910154,-0.05078125,-0.0390625,1.00390625
2.3218728999269542,-0.0390625,-0.04296875,0.98828125
2.3243221329437547,-0.02734375,-0.03125,0.9921875
2.3267713659605556,-0.04296875,-0.01171875,0.98828125
2.329220598977356,-0.05078125,-0.01171875,0.98828125
2.3316698319941564,-0.05078125,-0.0234375,0.98828125
2.3341190650109573,-0.046875,-0.0078125,0.98828125
2.336568298027758,-0.046875,-0.015625,1.015625
2.3390175310445582,-0.046875,-0.0078125,1.0078125
2.341466764061359,-0.04296875,-0.02734375,1.015625
2.3439159970781596,-0.0546875,-0.02734375,0.9765625
2.34636523009496,-0.05859375,-0.0234375,0.9609375
2.348814463111761,-0.04296875,-0.04296875,0.9921875
2.3512636961285613,-0.0859375,-0.0234375,0.99609375
2.353712929145362,-0.0703125,-0.01953125,0.99609375
2.3561621621621627,-0.04296875,-0.0234375,0.99609375
2.358611395178963,-0.0625,-0.04296875,0.9921875
2.3610606281957636,-0.0546875,-0.02734375,0.97265625
2.363509861212564,-0.0390625,-0.0234375,0.96875
2.365959094229365,-0.06640625,-0.0390625,1.00390625
2.3684083272461653,-0.06640625,-0.03515625,1.0078125
2.370857560262966,-0.0625,-0.0234375,0.97265625
2.3733067932797667,-0.05859375,-0.015625,0.98046875
2.375756026296567,-0.0546875,-0.0234375,0.9921875
2.3782052593133676,-0.04296875,-0.0078125,1.0
2.3806544923301685,-0.0625,-0.04296875,1.0
2.383103725346969,-0.0703125,-0.015625,1.0
2.3855529583637693,-0.0625,-0.01171875,0.99609375
2.3880021913805702,-0.0546875,-0.02734375,0.984375
2.3904514243973707,-0.046875,-0.03125,0.984375
2.392900657414171,-0.0546875,-0.01953125,1.0
2.395349890430972,-0.05078125,-0.01953125,0.9765625
2.3977991234477725,-0.046875,-0.0234375,0.98046875
2.400248356464573,-0.0625,-0.01953125,1.00390625
2.4026975894813734,-0.02734375,-0.02734375,0.98828125
2.4051468224981742,-0.0390625,-0.0625,1.0
2.4075960555149747,-0.05859375,-0.03125,1.00390625
2.410045288531775,-0.06640625,-0.01953125,0.98046875
2.412494521548576,-0.06640625,-0.015625,0.9921875
2.4149437545653765,-0.05859375,-0.01953125,0.9765625
2.417392987582177,-0.0625,-0.02734375,1.01171875
2.419842220598978,-0.0546875,-0.015625,0.9921875
2.4222914536157782,-0.0546875,-0.05078125,0.9921875
2.4247406866325787,-0.05859375,-0.03125,0.9921875
2.4271899196493796,-0.05859375,-0.03125,0.98828125
2.42963915266618,-0.06640625,-0.01171875,0.99609375
2.4320883856829805,-0.0546875,-0.01953125,0.984375
2.4345376186997814,-0.05859375,-0.03515625,1.0078125
2.436986851716582,-0.06640625,-0.02734375,0.98828125
2.4394360847333822,-0.0703125,-0.03515625,0.98046875
2.441885317750183,-0.05078125,-0.03515625,1.0
2.4443345507669836,-0.05078125,-0.02734375,0.97265625
2.446783783783784,-0.03125,-0.02734375,0.984375
2.4492330168005845,-0.05078125,-0.03515625,0.98828125
2.4516822498173854,-0.0546875,-0.02734375,0.99609375
2.454131482834186,-0.0546875,-0.01171875,0.984375
2.4565807158509863,-0.0625,-0.0234375,0.984375
2.459029948867787,-0.03125,-0.04296875,0.98828125
2.4614791818845876,-0.05859375,-0.01953125,0.9921875
2.463928414901388,-0.05078125,-0.015625,0.99609375
2.466377647918189,-0.04296875,-0.01171875,0.98046875
2.4688268809349894,-0.05078125,-0.03125,1.00390625
2.47127611395179,-0.05078125,-0.05859375,1.0
2.4737253469685907,-0.05078125,-0.015625,0.99609375
2.476174579985391,-0.07421875,-0.01171875,0.984375
2.4786238130021916,-0.05078125,-0.02734375,0.98046875
2.4810730460189925,-0.046875,-0.0078125,1.0078125
2.483522279035793,-0.046875,-0.01953125,0.984375
2.4859715120525934,-0.0625,-0.03125,0.97265625
2.488420745069394,-0.0625,-0.02734375,1.0078125
2.4908699780861947,-0.0546875,-0.0234375,0.99609375
2.493319211102995,-0.0625,-0.02734375,1.00390625
2.4957684441197956,-0.046875,-0.015625,1.015625
2.4982176771365965,-0.046875,-0.01953125,0.984375
2.500666910153397,-0.0546875,-0.0234375,1.015625
2.5031161431701974,-0.03515625,-0.03515625,1.0
2.5055653761869983,-0.0625,-0.0390625,0.98828125
2.5080146092037987,-0.0546875,-0.03515625,0.9921875
2.510463842220599,-0.0625,-0.0078125,0.98046875
2.5129130752374,-0.05859375,-0.04296875,0.98828125
2.5153623082542005,-0.0625,-0.03125,0.9921875
2.517811541271001,-0.05859375,-0.02734375,1.00390625
2.520260774287802,-0.04296875,-0.03515625,0.98046875
2.5227100073046023,-0.0546875,-0.0390625,0.984375
2.5251592403214027,-0.0546875,-0.03515625,0.98828125
2.5276084733382036,-0.046875,-0.02734375,1.0078125
2.530057706355004,-0.05859375,-0.0390625,1.00390625
2.5325069393718045,-0.046875,-0.03515625,0.9921875
2.534956172388605,-0.05078125,-0.02734375,1.00390625
2.537405405405406,-0.03125,-0.02734375,0.96875
2.5398546384222063,-0.06640625,-0.03515625,1.00390625
2.5423038714390067,-0.05078125,-0.03515625,1.00390625
2.5447531044558076,-0.0703125,-0.03125,0.984375
2.547202337472608,-0.04296875,-0.0234375,1.0
2.5496515704894085,-0.046875,-0.03125,0.9921875
2.5521008035062094,-0.06640625,-0.01953125,1.0
2.55455003652301,-0.02734375,-0.02734375,0.98046875
2.5569992695398103,-0.05078125,-0.0234375,0.99609375
2.559448502556611,-0.0703125,-0.02734375,1.0078125
2.5618977355734116,-0.046875,-0.015625,1.0078125
2.564346968590212,-0.06640625,-0.015625,0.99609375
2.566796201607013,-0.06640625,-0.046875,0.9921875
2.5692454346238134,-0.07421875,-0.03515625,0.98828125
2.571694667640614,-0.046875,-0.02734375,0.9921875
2.5741439006574143,-0.0390625,-0.015625,0.99609375
2.576593133674215,-0.0625,-0.01171875,0.9921875
2.5790423666910156,-0.0546875,-0.015625,1.0078125
2.581491599707816,-0.05078125,-0.015625,1.00390625
2.583940832724617,-0.07421875,-0.01953125,1.0
2.5863900657414174,-0.04296875,-0.04296875,0.9765625
2.588839298758218,-0.0625,-0.03515625,0.98046875
2.5912885317750187,-0.05078125,-0.02734375,1.00390625
2.593737764791819,-0.05078125,-0.0078125,0.9921875
2.5961869978086196,-0.05078125,-0.0390625,1.0
2.5986362308254205,-0.046875,-0.03125,0.9765625
2.601085463842221,-0.0546875,-0.01171875,0.98828125
2.6035346968590214,-0.05078125,-0.0234375,0.98046875
2.6059839298758223,-0.05078125,-0.03515625,1.0078125
2.6084331628926227,-0.0703125,-0.01953125,0.99609375
2.610882395909423,-0.0390625,-0.03515625,0.99609375
2.613331628926224,-0.04296875,-0.03125,0.98828125
2.6157808619430245,-0.0390625,-0.03125,0.9921875
2.618230094959825,-0.0546875,-0.0078125,1.0
2.6206793279766254,-0.05859375,-0.0234375,0.9921875
2.6231285609934263,-0.0546875,-0.046875,0.98828125
2.6255777940102267,-0.04296875,-0.015625,0.9921875
2.628027027027027,-0.04296875,-0.03125,0.9921875
2.630476260043828,-0.03515625,-0.01171875,1.01171875
2.6329254930606285,-0.0625,-0.03515625,0.9765625
2.635374726077429,-0.04296875,-0.04296875,0.984375
2.63782395909423,-0.0703125,-0.03125,1.0
2.6402731921110303,-0.06640625,-0.01953125,0.98828125
2.6427224251278307,-0.03515625,-0.03515625,0.97265625
2.6451716581446316,-0.05078125,-0.03515625,0.98828125
2.647620891161432,-0.05078125,-0.03515625,0.9921875
2.6500701241782325,-0.05078125,-0.0234375,0.9921875
2.6525193571950334,-0.07421875,-0.04296875,1.01953125
2.654968590211834,-0.05078125,-0.03515625,0.98046875
2.6574178232286343,-0.07421875,-0.02734375,0.99609375
2.6598670562454347,-0.0546875,-0.046875,1.0
2.6623162892622356,-0.06640625,-0.0234375,0.9921875
2.664765522279036,-0.046875,-0.01953125,0.99609375
2.6672147552958365,-0.08203125,-0.015625,0.98828125
2.6696639883126374,-0.06640625,-0.02734375,0.98046875
2.672113221329438,-0.0625,-0.0234375,0.984375
2.6745624543462383,-0.05078125,-0.04296875,1.01171875
2.677011687363039,-0.0546875,-0.01953125,0.99609375
2.6794609203798396,-0.04296875,-0.01953125,0.984375
2.68191015339664,-0.046875,-0.04296875,1.01953125
2.684359386413441,-0.0390625,-0.02734375,0.984375
2.6868086194302414,-0.05078125,-0.04296875,0.984375
2.689257852447042,-0.0390625,-0.0078125,0.99609375
2.6917070854638427,-0.04296875,-0.03125,1.0
2.694156318480643,-0.0625,-0.02734375,0.97265625
2.6966055514974436,-0.08203125,-0.02734375,1.00390625
2.6990547845142445,-0.05078125,-0.03125,0.99609375
2.701504017531045,-0.0390625,-0.02734375,0.984375
2.7039532505478454,-0.046875,-0.0234375,1.0
2.706402483564646,-0.0546875,-0.0390625,0.99609375
2.7088517165814467,-0.0390625,-0.00390625,0.984375
2.711300949598247,-0.05859375,-0.03125,1.00390625
2.7137501826150476,-0.046875,-0.0234375,0.99609375
2.7161994156318485,-0.046875,-0.03125,0.984375
2.718648648648649,-0.04296875,-0.03515625,0.9921875
2.7210978816654494,-0.03515625,-0.02734375,0.98828125
2.7235471146822503,-0.0703125,-0.02734375,0.96484375
2.7259963476990507,-0.07421875,-0.03515625,1.01171875
2.728445580715851,-0.06640625,-0.03515625,0.97265625
2.730894813732652,-0.078125,-0.02734375,0.99609375
2.7333440467494525,-0.05078125,-0.02734375,0.98828125
2.735793279766253,-0.05859375,-0.015625,1.0
2.738242512783054,-0.0625,-0.0234375,0.9765625
2.7406917457998543,-0.07421875,-0.03125,1.00390625
2.7431409788166548,-0.06640625,-0.04296875,0.9765625
2.7455902118334556,-0.03515625,-0.046875,1.0
2.748039444850256,-0.046875,-0.04296875,1.0
2.7504886778670565,-0.03125,-0.01953125,0.9921875
2.752937910883857,-0.0546875,-0.02734375,0.99609375
2.755387143900658,-0.0625,-0.02734375,0.98828125
2.7578363769174583,-0.05078125,-0.01171875,0.98828125
2.7602856099342588,-0.04296875,-0.01953125,1.0078125
2.7627348429510596,-0.0625,-0.01953125,0.98828125
2.76518407596786,-0.046875,-0.046875,1.01171875
2.7676333089846605,-0.0703125,-0.0234375,1.015625
2.7700825420014614,-0.06640625,-0.0078125,1.0078125
2.772531775018262,-0.06640625,-0.02734375,1.01171875
2.7749810080350623,-0.0546875,-0.04296875,1.0
2.777430241051863,-0.05078125,-0.02734375,1.0078125
2.7798794740686636,-0.03125,-0.01171875,0.96484375
2.782328707085464,-0.04296875,-0.015625,0.98828125
2.784777940102265,-0.06640625,-0.04296875,0.97265625
2.7872271731190654,-0.05859375,-0.02734375,0.97265625
2.789676406135866,-0.03515625,-0.0234375,0.99609375
2.7921256391526663,-0.06640625,-0.02734375,1.0
2.794574872169467,-0.05859375,-0.0390625,1.00390625
2.7970241051862677,-0.06640625,-0.015625,0.98828125
2.799473338203068,-0.05078125,-0.04296875,0.98046875
2.801922571219869,-0.046875,-0.03515625,1.0
2.8043718042366694,-0.0546875,-0.04296875,0.98828125
2.80682103725347,-0.046875,-0.03515625,1.0
2.8092702702702708,-0.0703125,-0.01953125,0.98046875
2.811719503287071,-0.06640625,-0.0234375,0.9765625
2.8141687363038717,-0.0625,-0.01171875,0.98828125
2.8166179693206725,-0.0703125,-0.01953125,0.9921875
2.819067202337473,-0.0625,-0.02734375,0.98828125
2.8215164353542734,-0.078125,-0.03515625,1.01171875
2.8239656683710743,-0.06640625,-0.046875,1.00390625
2.8264149013878748,-0.04296875,-0.01171875,0.96484375
2.828864134404675,-0.0625,-0.015625,0.99609375
2.831313367421476,-0.04296875,-0.03515625,0.98828125
2.8337626004382765,-0.05078125,-0.04296875,0.9921875
2.836211833455077,-0.046875,-0.01953125,0.9921875
2.8386610664718774,-0.05078125,-0.0234375,1.00390625
2.8411102994886783,-0.0390625,-0.015625,0.98828125
2.8435595325054788,-0.06640625,-0.01953125,1.01171875
2.846008765522279,-0.04296875,-0.015625,0.9921875
2.84845799853908,-0.05859375,-0.015625,0.99609375
2.8509072315558805,-0.0703125,-0.015625,0.98046875
2.853356464572681,-0.078125,-0.01953125,0.98828125
2.855805697589482,-0.0625,-0.02734375,0.9921875
2.8582549306062823,-0.0546875,-0.01171875,0.9921875
2.8607041636230828,-0.078125,-0.03515625,0.9921875
2.8631533966398837,-0.04296875,-0.04296875,1.0078125
2.865602629656684,-0.04296875,-0.01171875,0.97265625
2.8680518626734846,-0.0625,-0.01171875,0.9765625
2.8705010956902854,-0.0546875,-0.01953125,0.984375
2.872950328707086,-0.0625,-0.0234375,0.9609375
2.8753995617238863,-0.05078125,-0.05859375,0.9921875
2.8778487947406868,-0.04296875,-0.01953125,0.984375
2.8802980277574877,-0.04296875,-0.02734375,0.9765625
2.882747260774288,-0.0625,-0.02734375,0.984375
2.8851964937910886,-0.05078125,-0.02734375,0.98828125
2.8876457268078894,-0.05859375,-0.02734375,0.98828125
2.89009495982469,-0.03515625,-0.03125,0.99609375
2.8925441928414903,-0.05859375,-0.01171875,0.9765625
2.8949934258582912,-0.046875,-0.03515625,0.98828125
2.8974426588750917,-0.05078125,-0.0078125,1.01171875
2.899891891891892,-0.04296875,-0.02734375,0.96484375
2.902341124908693,-0.0546875,-0.04296875,0.99609375
2.9047903579254934,-0.0390625,-0.0234375,0.98046875
2.907239590942294,-0.05078125,-0.05078125,0.984375
2.909688823959095,-0.02734375,-0.00390625,0.96875
2.9121380569758952,-0.06640625,-0.01953125,0.9921875
2.9145872899926957,-0.05859375,-0.02734375,0.99609375
2.9170365230094966,-0.0390625,-0.01953125,1.0
2.919485756026297,-0.046875,-0.01953125,0.9921875
2.9219349890430975,-0.05859375,-0.0078125,1.01171875
2.924384222059898,-0.0546875,-0.046875,1.00390625
2.926833455076699,-0.0546875,-0.0234375,1.00390625
2.9292826880934992,-0.0546875,-0.03125,0.95703125
2.9317319211102997,-0.04296875,-0.04296875,1.0
2.9341811541271006,-0.05078125,-0.03515625,0.98046875
2.936630387143901,-0.06640625,-0.02734375,1.00390625
2.9390796201607015,-0.0625,-0.03125,0.9765625
2.9415288531775023,-0.06640625,-0.046875,0.98828125
2.943978086194303,-0.0546875,-0.0234375,0.98046875
2.9464273192111032,-0.04296875,-0.015625,0.99609375
2.948876552227904,-0.05078125,-0.04296875,0.98828125
2.9513257852447046,-0.0625,-0.03515625,0.99609375
2.953775018261505,-0.06640625,-0.0234375,1.0
2.956224251278306,-0.0703125,-0.03125,0.98828125
2.9586734842951063,-0.06640625,-0.01953125,0.98046875
2.961122717311907,-0.06640625,-0.03515625,0.99609375
2.9635719503287072,-0.0390625,-0.01953125,1.0
2.966021183345508,-0.0546875,-0.02734375,0.9765625
2.9684704163623086,-0.0390625,-0.015625,0.97265625
2.970919649379109,-0.0390625,-0.01953125,0.9921875
2.97336888239591,-0.02734375,-0.00390625,1.00390625
2.9758181154127104,-0.04296875,-0.015625,1.0
2.978267348429511,-0.02734375,-0.02734375,0.96484375
2.9807165814463117,-0.05859375,-0.01953125,0.98828125
2.983165814463112,-0.046875,-0.03125,0.9921875
2.9856150474799126,-0.04296875,-0.0078125,0.96484375
2.9880642804967135,-0.03125,-0.04296875,1.01171875
2.990513513513514,-0.046875,-0.0390625,1.015625
2.9929627465303144,-0.0390625,-0.01953125,0.98828125
2.9954119795471152,-0.03125,-0.00390625,0.96875
2.9978612125639157,-0.05078125,-0.03125,0.99609375
3.000310445580716,-0.0546875,-0.0390625,0.9921875
3.002759678597517,-0.07421875,-0.01953125,0.99609375
3.0052089116143175,-0.05859375,-0.02734375,0.9921875
3.007658144631118,-0.0546875,-0.03125,0.984375
3.0101073776479184,-0.04296875,-0.01953125,0.98046875
3.0125566106647192,-0.0390625,-0.015625,0.94140625
3.0150058436815197,-0.07421875,-0.03515625,0.95703125
3.01745507669832,-0.06640625,-0.02734375,0.9921875
3.019904309715121,-0.06640625,-0.046875,0.96875
3.0223535427319215,-0.01953125,-0.04296875,0.984375
3.024802775748722,-0.04296875,-0.015625,1.0078125
3.027252008765523,-0.046875,-0.01953125,0.98828125
3.0297012417823233,-0.078125,-0.046875,0.98046875
3.0321504747991237,-0.0625,-0.0546875,0.96484375
3.0345997078159246,-0.0625,-0.0234375,0.9921875
3.037048940832725,-0.05859375,-0.0546875,0.98046875
3.0394981738495255,-0.03125,-0.01953125,0.984375
3.0419474068663264,-0.05859375,-0.03125,0.984375
3.044396639883127,-0.0625,-0.0234375,1.00390625
3.0468458728999273,-0.05859375,-0.03515625,0.99609375
3.0492951059167277,-0.0546875,-0.0078125,0.99609375
3.0517443389335286,-0.0703125,-0.01953125,0.96484375
3.054193571950329,-0.05859375,-0.03515625,1.0
3.0566428049671295,-0.05078125,-0.03125,1.0
3.0590920379839304,-0.05078125,-0.04296875,1.0
3.061541271000731,-0.0625,-0.03125,0.9921875
3.0639905040175313,-0.0546875,-0.04296875,1.0
3.066439737034332,-0.05078125,-0.0234375,0.984375
3.0688889700511326,-0.05859375,-0.0390625,0.98828125
3.071338203067933,-0.0390625,-0.03125,0.984375
3.073787436084734,-0.04296875,-0.015625,0.9921875
3.0762366691015344,-0.0625,-0.02734375,0.98046875
3.078685902118335,-0.04296875,-0.04296875,1.0
3.0811351351351357,-0.05078125,-0.03515625,0.9921875
3.083584368151936,-0.05859375,-0.0390625,0.9609375
3.0860336011687366,-0.05078125,-0.015625,1.0
3.0884828341855375,-0.046875,-0.0234375,0.984375
3.090932067202338,-0.06640625,-0.03515625,1.00390625
3.0933813002191384,-0.0625,-0.01953125,1.01171875
3.095830533235939,-0.0703125,-0.0234375,0.9921875
3.0982797662527397,-0.05859375,-0.03515625,0.99609375
3.10072899926954,-0.046875,-0.04296875,0.9921875
3.1031782322863406,-0.05078125,-0.0390625,0.9921875
3.1056274653031415,-0.05859375,-0.02734375,0.99609375
3.108076698319942,-0.03515625,-0.0234375,0.98046875
3.1105259313367424,-0.05078125,-0.01171875,0.98828125
3.1129751643535433,-0.0390625,-0.0234375,1.00390625
3.1154243973703437,-0.0703125,-0.015625,0.9765625
3.117873630387144,-0.0390625,-0.03125,0.97265625
3.120322863403945,-0.05078125,-0.01953125,1.00390625
3.1227720964207455,-0.05078125,-0.01171875,0.98828125
3.125221329437546,-0.0546875,-0.015625,1.0
3.127670562454347,-0.05078125,-0.0078125,0.99609375
3.1301197954711473,-0.046875,-0.03515625,0.99609375
3.1325690284879477,-0.04296875,-0.0234375,1.0078125
3.135018261504748,-0.05859375,-0.01171875,0.98828125
3.137467494521549,-0.0625,-0.02734375,1.0
3.1399167275383495,-0.0625,-0.03125,1.0078125
3.14236596055515,-0.04296875,-0.0390625,0.98046875
3.144815193571951,-0.03125,-0.015625,0.96875
3.1472644265887513,-0.05859375,-0.03125,1.0
3.1497136596055517,-0.07421875,-0.01953125,0.98828125
3.1521628926223526,-0.04296875,-0.03515625,0.97265625
3.154612125639153,-0.0703125,-0.02734375,0.98828125
3.1570613586559535,-0.06640625,-0.05078125,0.98828125
3.1595105916727544,-0.0546875,-0.00390625,0.98046875
3.161959824689555,-0.04296875,-0.015625,1.0
3.1644090577063553,-0.0390625,-0.04296875,0.99609375
3.166858290723156,-0.0546875,-0.0390625,1.00390625
3.1693075237399566,-0.046875,-0.03125,1.0
3.171756756756757,-0.0625,-0.03515625,1.0078125
3.174205989773558,-0.02734375,-0.02734375,1.0078125
3.1766552227903584,-0.02734375,-0.0234375,0.99609375
3.179104455807159,-0.0390625,-0.01953125,0.9921875
3.1815536888239593,-0.05078125,-0.02734375,0.9921875
3.18400292184076,-0.0625,-0.015625,0.97265625
3.1864521548575606,-0.0703125,-0.03515625,0.9453125
3.188901387874361,-0.078125,-0.015625,0.98046875
3.191350620891162,-0.0546875,-0.0234375,0.96484375
3.1937998539079624,-0.05078125,-0.015625,0.9921875
3.196249086924763,-0.0546875,-0.0234375,0.98828125
3.1986983199415637,-0.04296875,-0.02734375,0.9765625
3.201147552958364,-0.0703125,-0.02734375,0.98828125
3.2035967859751646,-0.05859375,-0.0234375,1.0
3.2060460189919655,-0.05078125,-0.01953125,0.98046875
3.208495252008766,-0.05078125,-0.03515625,0.98828125
3.2109444850255664,-0.0625,-0.046875,1.015625
3.2133937180423673,-0.046875,-0.01953125,0.99609375
3.2158429510591677,-0.046875,-0.01953125,0.9765625
3.218292184075968,-0.0625,-0.01171875,1.0078125
3.220741417092769,-0.06640625,-0.0078125,1.0
3.2231906501095695,-0.0703125,-0.04296875,0.98046875
3.22563988312637,-0.0703125,-0.01953125,0.98828125
3.2280891161431704,-0.03515625,-0.02734375,0.98828125
3.2305383491599713,-0.04296875,-0.015625,0.9921875
3.2329875821767717,-0.0859375,-0.0390625,0.99609375
3.235436815193572,-0.05078125,-0.02734375,0.97265625
3.237886048210373,-0.04296875,-0.01171875,0.9609375
3.2403352812271735,-0.06640625,-0.04296875,1.0078125
3.242784514243974,-0.0390625,-0.04296875,0.9921875
3.245233747260775,-0.04296875,-0.02734375,0.9921875
3.2476829802775753,-0.05078125,-0.01171875,0.9765625
3.2501322132943757,-0.046875,-0.01953125,0.984375
3.2525814463111766,-0.05078125,-0.015625,0.9921875
3.255030679327977,-0.05859375,-0.00390625,0.96875
3.2574799123447775,-0.05078125,-0.03515625,0.99609375
3.2599291453615784,-0.07421875,-0.03125,0.98046875
3.262378378378379,-0.0625,-0.046875,1.00390625
3.2648276113951793,-0.0546875,-0.02734375,0.96484375
3.2672768444119797,-0.05078125,-0.0234375,0.98046875
3.2697260774287806,-0.05859375,-0.01171875,1.0078125
3.272175310445581,-0.046875,-0.03125,0.984375
3.2746245434623815,-0.05078125,-0.01953125,0.98046875
3.2770737764791824,-0.05078125,-0.01953125,0.99609375
3.279523009495983,-0.06640625,-0.02734375,0.98046875
3.2819722425127833,-0.0546875,-0.05078125,0.9921875
3.284421475529584,-0.0625,-0.01953125,0.9921875
3.2868707085463846,-0.046875,-0.03515625,0.98046875
3.289319941563185,-0.0546875,-0.01953125,0.984375
3.291769174579986,-0.04296875,-0.03125,0.99609375
3.2942184075967864,-0.0546875,-0.03125,0.9765625
3.296667640613587,-0.06640625,-0.03515625,0.99609375
3.2991168736303877,-0.06640625,-0.01953125,0.984375
3.301566106647188,-0.05859375,-0.01953125,0.9765625
3.3040153396639886,-0.05859375,-0.04296875,0.99609375
3.3064645726807895,-0.03125,-0.03125,1.0
3.30891380569759,-0.04296875,-0.0234375,0.9765625
3.3113630387143904,-0.05859375,-0.04296875,0.98828125
3.313812271731191,-0.07421875,-0.0078125,0.99609375
3.3162615047479918,-0.0546875,-0.0234375,0.9921875
3.318710737764792,-0.03125,-0.0390625,0.98046875
3.3211599707815926,-0.0546875,-0.01171875,0.9921875
3.3236092037983935,-0.078125,-0.02734375,0.9609375
3.326058436815194,-0.046875,-0.0390625,1.0078125
3.3285076698319944,-0.0390625,-0.046875,1.0078125
3.3309569028487953,-0.0546875,-0.0390625,0.97265625
3.3334061358655958,-0.04296875,-0.01953125,0.99609375
3.335855368882396,-0.0546875,-0.046875,0.984375
3.338304601899197,-0.0625,-0.02734375,0.9765625
3.3407538349159975,-0.04296875,-0.01953125,1.0
3.343203067932798,-0.0390625,-0.03515625,1.00390625
3.345652300949599,-0.06640625,-0.03515625,0.98046875
3.3481015339663993,-0.046875,-0.02734375,0.99609375
3.3505507669831998,-0.046875,-0.0078125,0.98828125
3.353,-0.05078125,-0.02734375,1.0
3.353,-0.046875,-0.02734375,0.984375
3.3554996342355525,-0.04296875,-0.03125,0.9921875
3.357999268471105,-0.0390625,-0.02734375,0.9921875
3.360498902706657,-0.046875,-0.03515625,0.9921875
3.3629985369422095,-0.04296875,-0.03125,0.9609375
3.365498171177762,-0.078125,-0.00390625,1.00390625
3.367997805413314,-0.0546875,-0.05078125,1.02734375
3.3704974396488665,-0.0546875,-0.05078125,0.9921875
3.372997073884419,-0.08203125,-0.02734375,1.0
3.375496708119971,-0.0390625,-0.03515625,0.99609375
3.377996342355523,-0.06640625,-0.015625,0.97265625
3.3804959765910754,-0.0546875,-0.03515625,1.01953125
3.3829956108266277,-0.0546875,-0.05078125,1.0
3.38549524506218,-0.0546875,-0.0546875,0.9765625
3.3879948792977324,-0.04296875,-0.0390625,0.97265625
3.3904945135332847,-0.0546875,-0.015625,0.99609375
3.392994147768837,-0.06640625,-0.03515625,0.9765625
3.3954937820043893,-0.05078125,-0.03515625,0.98046875
3.3979934162399417,-0.05078125,-0.03515625,0.97265625
3.400493050475494,-0.0703125,-0.01953125,0.9765625
3.4029926847110463,-0.04296875,-0.046875,0.984375
3.4054923189465987,-0.05859375,-0.02734375,0.98828125
3.407991953182151,-0.0625,-0.04296875,0.9921875
3.4104915874177033,-0.0625,-0.03515625,0.98828125
3.4129912216532556,-0.0546875,-0.02734375,1.00390625
3.415490855888808,-0.03125,-0.0390625,0.98828125
3.4179904901243603,-0.03125,-0.03515625,1.00390625
3.4204901243599126,-0.05078125,-0.02734375,1.0
3.4229897585954645,-0.0625,-0.015625,1.0078125
3.425489392831017,-0.0703125,-0.00390625,0.99609375
3.427989027066569,-0.0546875,-0.03515625,0.97265625
3.4304886613021215,-0.03515625,-0.04296875,1.0
3.432988295537674,-0.0703125,-0.01953125,0.9921875
3.435487929773226,-0.0703125,-0.02734375,1.00390625
3.4379875640087785,-0.03515625,-0.01953125,0.98046875
3.440487198244331,-0.03515625,-0.01171875,0.98828125
3.442986832479883,-0.0703125,-0.03515625,1.015625
3.4454864667154355,-0.0546875,-0.03515625,1.01171875
3.447986100950988,-0.06640625,-0.01953125,0.96484375
3.45048573518654,-0.0625,-0.01953125,0.984375
3.4529853694220924,-0.04296875,-0.02734375,0.9765625
3.4554850036576448,-0.046875,-0.02734375,1.00390625
3.457984637893197,-0.05859375,-0.02734375,1.0
3.4604842721287494,-0.0546875,-0.03125,0.97265625
3.4629839063643018,-0.05078125,-0.02734375,1.0
3.465483540599854,-0.046875,-0.0390625,0.9765625
3.467983174835406,-0.0390625,-0.03125,1.0
3.4704828090709583,-0.05859375,-0.02734375,0.99609375
3.4729824433065106,-0.06640625,-0.015625,0.9609375
3.475482077542063,-0.04296875,-0.0390625,0.9921875
3.4779817117776153,-0.0625,-0.03125,0.984375
3.4804813460131676,-0.05078125,-0.0390625,1.0
3.48298098024872,-0.05859375,-0.0234375,1.0
3.4854806144842723,-0.05859375,-0.00390625,1.0
3.4879802487198246,-0.06640625,-0.03125,0.984375
3.490479882955377,-0.03515625,-0.05078125,1.0
3.4929795171909293,-0.0390625,-0.02734375,0.9921875
3.4954791514264816,-0.05859375,-0.02734375,0.98828125
3.497978785662034,-0.04296875,-0.015625,0.98828125
3.5004784198975862,-0.0625,-0.0234375,0.9921875
3.5029780541331386,-0.0625,-0.01171875,0.98046875
3.505477688368691,-0.0546875,-0.0546875,0.99609375
3.507977322604243,-0.0546875,-0.0234375,0.98828125
3.5104769568397955,-0.06640625,-0.02734375,0.98828125
3.512976591075348,-0.06640625,-0.046875,1.01171875
3.5154762253108998,-0.05078125,-0.05078125,1.00390625
3.517975859546452,-0.0625,-0.03515625,0.98046875
3.5204754937820044,-0.0703125,-0.03125,0.98046875
3.5229751280175567,-0.05078125,-0.01171875,1.01171875
3.525474762253109,-0.0703125,-0.046875,1.01171875
3.5279743964886614,-0.04296875,-0.01953125,0.99609375
3.5304740307242137,-0.0546875,-0.01953125,0.984375
3.532973664959766,-0.046875,-0.01953125,1.0
3.5354732991953184,-0.0390625,-0.04296875,1.0
3.5379729334308707,-0.0625,-0.015625,0.98046875
3.540472567666423,-0.0625,-0.0390625,0.984375
3.5429722019019754,-0.05078125,-0.03515625,1.0
3.5454718361375277,-0.0703125,-0.0234375,1.0
3.54797147037308,-0.05078125,-0.03515625,0.96484375
3.5504711046086324,-0.0390625,-0.02734375,0.99609375
3.5529707388441847,-0.0703125,-0.02734375,0.99609375
3.555470373079737,-0.0390625,-0.02734375,0.9921875
3.557970007315289,-0.05859375,-0.01953125,0.98828125
3.5604696415508412,-0.05859375,-0.01953125,1.0
3.5629692757863936,-0.05078125,-0.0234375,0.9765625
3.565468910021946,-0.046875,-0.01953125,0.984375
3.567968544257498,-0.046875,-0.03515625,0.98828125
3.5704681784930505,-0.02734375,-0.0078125,0.9921875
3.572967812728603,-0.0390625,-0.015625,1.0078125
3.575467446964155,-0.06640625,-0.01953125,1.0
3.5779670811997075,-0.05859375,-0.02734375,1.00390625
3.58046671543526,-0.0546875,-0.01953125,1.0
3.582966349670812,-0.0703125,-0.02734375,0.9921875
3.5854659839063645,-0.046875,-0.04296875,0.99609375
3.587965618141917,-0.046875,-0.0234375,0.9765625
3.590465252377469,-0.07421875,-0.015625,1.00390625
3.5929648866130215,-0.046875,-0.04296875,1.01171875
3.595464520848574,-0.05078125,-0.03125,1.01171875
3.597964155084126,-0.046875,-0.0390625,1.0078125
3.6004637893196785,-0.0625,-0.02734375,1.015625
3.602963423555231,-0.05859375,-0.03125,0.96484375
3.605463057790783,-0.0546875,-0.03125,0.94921875
3.607962692026335,-0.05859375,-0.046875,0.98828125
3.6104623262618873,-0.0625,-0.03125,1.00390625
3.6129619604974397,-0.0625,-0.0390625,0.9921875
3.615461594732992,-0.07421875,-0.03515625,1.01171875
3.6179612289685443,-0.0625,-0.03125,0.984375
3.6204608632040967,-0.046875,-0.0234375,1.0
3.622960497439649,-0.046875,-0.03125,0.96484375
3.6254601316752013,-0.04296875,-0.015625,1.0
3.6279597659107536,-0.03515625,-0.015625,0.98828125
3.630459400146306,-0.04296875,-0.0390625,0.96484375
3.6329590343818583,-0.04296875,-0.03515625,1.0078125
3.6354586686174106,-0.05078125,-0.03125,0.99609375
3.637958302852963,-0.078125,-0.01953125,0.9921875
3.6404579370885153,-0.0703125,-0.0234375,0.99609375
3.6429575713240676,-0.04296875,-0.01953125,0.99609375
3.64545720555962,-0.03125,-0.01171875,0.96875
3.647956839795172,-0.05078125,-0.0234375,0.96875
3.650456474030724,-0.0546875,-0.06640625,1.0
3.6529561082662765,-0.03515625,-0.0234375,0.96484375
3.655455742501829,-0.05859375,-0.01171875,0.9921875
3.657955376737381,-0.08203125,-0.015625,0.9765625
3.6604550109729335,-0.05859375,-0.02734375,0.99609375
3.662954645208486,-0.0390625,-0.03125,1.0
3.665454279444038,-0.05859375,-0.03515625,0.98828125
3.6679539136795904,-0.0546875,-0.0234375,1.0
3.6704535479151428,-0.08203125,-0.01953125,0.98828125
3.672953182150695,-0.06640625,-0.0234375,0.9921875
3.6754528163862474,-0.0703125,-0.01953125,0.98828125
3.6779524506217998,-0.0703125,-0.03515625,1.00390625
3.680452084857352,-0.05859375,-0.02734375,0.984375
3.6829517190929044,-0.05078125,-0.015625,0.98828125
3.6854513533284567,-0.0546875,-0.02734375,0.9609375
3.687950987564009,-0.04296875,-0.0234375,0.96484375
3.6904506217995614,-0.0625,-0.0390625,0.96875
3.6929502560351137,-0.05859375,-0.01171875,0.96875
3.695449890270666,-0.046875,-0.01953125,0.9921875
3.6979495245062184,-0.0546875,-0.02734375,0.97265625
3.7004491587417703,-0.0625,-0.015625,0.98828125
3.7029487929773226,-0.0546875,-0.02734375,0.96875
3.705448427212875,-0.05859375,-0.0234375,0.9765625
3.7079480614484273,-0.0546875,-0.02734375,1.0
3.7104476956839796,-0.03125,-0.03515625,0.98046875
3.712947329919532,-0.0625,-0.03125,1.0
3.7154469641550842,-0.05078125,-0.015625,0.99609375
3.7179465983906366,-0.03125,-0.015625,0.99609375
3.720446232626189,-0.0390625,-0.0078125,0.98046875
3.7229458668617412,-0.0625,-0.04296875,0.9765625
3.7254455010972936,-0.0390625,-0.01953125,1.00390625
3.727945135332846,-0.02734375,-0.0234375,1.0
3.730444769568398,-0.0703125,-0.02734375,0.9765625
3.7329444038039505,-0.05078125,-0.0234375,1.0078125
3.735444038039503,-0.046875,-0.01953125,0.98046875
3.737943672275055,-0.06640625,-0.0234375,0.98046875
3.740443306510607,-0.05859375,-0.03515625,0.97265625
3.7429429407461594,-0.04296875,-0.01171875,1.0078125
3.7454425749817117,-0.04296875,-0.01953125,0.9765625
3.747942209217264,-0.046875,-0.0234375,0.98046875
3.7504418434528164,-0.05078125,-0.01171875,0.97265625
3.7529414776883687,-0.06640625,-0.02734375,0.9921875
3.755441111923921,-0.05078125,-0.04296875,0.984375
3.7579407461594734,-0.046875,-0.00390625,0.97265625
3.7604403803950257,-0.06640625,-0.02734375,1.015625
3.762940014630578,-0.05078125,-0.03515625,0.99609375
3.7654396488661304,-0.08203125,-0.015625,0.98046875
3.7679392831016827,-0.0625,-0.015625,0.984375
3.770438917337235,-0.05859375,-0.02734375,0.96875
3.7729385515727873,-0.04296875,-0.01171875,0.98828125
3.7754381858083397,-0.04296875,-0.02734375,1.01171875
3.777937820043892,-0.05859375,-0.02734375,0.9921875
3.7804374542794443,-0.0546875,-0.0390625,0.9921875
3.7829370885149967,-0.05859375,-0.0234375,0.99609375
3.785436722750549,-0.03515625,-0.02734375,0.98828125
3.7879363569861013,-0.0546875,-0.02734375,0.96875
3.790435991221653,-0.05859375,-0.015625,1.0
3.7929356254572055,-0.0625,-0.01171875,1.01171875
3.795435259692758,-0.046875,-0.03515625,0.9921875
3.79793489392831,-0.0390625,-0.015625,0.9921875
3.8004345281638625,-0.0546875,-0.0234375,0.98828125
3.802934162399415,-0.0625,-0.05078125,0.9765625
3.805433796634967,-0.046875,-0.0234375,1.01171875
3.8079334308705195,-0.046875,-0.01953125,1.01171875
3.810433065106072,-0.05859375,-0.03125,0.99609375
3.812932699341624,-0.046875,-0.0234375,0.99609375
3.8154323335771765,-0.046875,-0.02734375,0.98046875
3.817931967812729,-0.04296875,-0.02734375,1.00390625
3.820431602048281,-0.05859375,-0.03125,0.99609375
3.8229312362838335,-0.06640625,-0.04296875,0.9765625
3.825430870519386,-0.05859375,-0.02734375,0.9921875
3.827930504754938,-0.03515625,-0.03125,0.98828125
3.83043013899049,-0.05859375,-0.046875,1.0078125
3.8329297732260423,-0.0546875,-0.02734375,0.9921875
3.8354294074615947,-0.0546875,-0.02734375,0.9921875
3.837929041697147,-0.04296875,-0.01953125,1.00390625
3.8404286759326993,-0.05078125,-0.02734375,0.9921875
3.8429283101682516,-0.05859375,-0.01953125,0.9765625
3.845427944403804,-0.05078125,-0.02734375,0.98828125
3.8479275786393563,-0.04296875,-0.0390625,1.01171875
3.8504272128749086,-0.0625,-0.01953125,0.9921875
3.852926847110461,-0.0390625,-0.01171875,1.00390625
3.8554264813460133,-0.04296875,-0.03125,1.0
3.8579261155815656,-0.04296875,-0.01953125,0.98828125
3.860425749817118,-0.04296875,-0.02734375,0.984375
3.8629253840526703,-0.02734375,-0.015625,0.9921875
3.8654250182882226,-0.0390625,-0.01171875,1.0
3.867924652523775,-0.0625,-0.046875,1.0078125
3.8704242867593273,-0.06640625,-0.03125,0.98828125
3.8729239209948796,-0.046875,-0.015625,0.9921875
3.875423555230432,-0.046875,-0.00390625,0.984375
3.8779231894659842,-0.05078125,-0.01171875,0.9765625
3.8804228237015366,-0.078125,-0.04296875,1.0
3.882922457937089,-0.0625,-0.02734375,0.9921875
3.885422092172641,-0.05859375,-0.0234375,1.0
3.887921726408193,-0.05078125,-0.0234375,0.98828125
3.8904213606437454,-0.0390625,-0.01953125,0.984375
3.8929209948792978,-0.046875,-0.046875,0.96875
3.89542062911485,-0.0390625,-0.01953125,0.9921875
3.8979202633504024,-0.05078125,-0.02734375,0.98046875
3.9004198975859548,-0.0546875,-0.02734375,0.9609375
3.902919531821507,-0.06640625,-0.015625,1.01171875
3.9054191660570594,-0.05078125,-0.02734375,1.01171875
3.9079188002926117,-0.04296875,-0.02734375,0.98828125
3.910418434528164,-0.04296875,-0.03515625,1.00390625
3.9129180687637164,-0.05078125,-0.03125,0.984375
3.9154177029992687,-0.03515625,-0.02734375,0.98828125
3.917917337234821,-0.0625,-0.01953125,0.98046875
3.920416971470373,-0.05859375,-0.02734375,1.0
3.9229166057059253,-0.06640625,-0.03125,1.0078125
3.9254162399414776,-0.04296875,-0.015625,1.0
3.92791587417703,-0.0625,-0.0234375,0.99609375
3.9304155084125822,-0.04296875,-0.015625,0.98828125
3.9329151426481346,-0.0390625,-0.0390625,1.0
3.935414776883687,-0.05078125,-0.02734375,0.96875
3.9379144111192392,-0.0703125,-0.0546875,0.9921875
3.9404140453547916,-0.0390625,-0.03515625,0.98046875
3.942913679590344,-0.0546875,-0.00390625,0.98046875
3.945413313825896,-0.078125,-0.015625,0.96484375
3.9479129480614485,-0.0625,-0.01953125,1.0
3.950412582297001,-0.046875,-0.046875,0.984375
3.952912216532553,-0.0859375,-0.02734375,0.9921875
3.9554118507681055,-0.0390625,-0.02734375,0.98828125
3.957911485003658,-0.03515625,-0.015625,0.99609375
3.96041111923921,-0.03515625,-0.01953125,1.0
3.9629107534747625,-0.0546875,-0.01953125,1.0
3.965410387710315,-0.05859375,-0.02734375,0.984375
3.967910021945867,-0.04296875,-0.02734375,0.99609375
3.9704096561814195,-0.0546875,-0.0546875,0.98828125
3.972909290416972,-0.0546875,-0.02734375,1.00390625
3.975408924652524,-0.06640625,-0.0234375,0.99609375
3.977908558888076,-0.0625,-0.03125,0.984375
3.9804081931236284,-0.05078125,-0.046875,1.0
3.9829078273591807,-0.05859375,-0.02734375,0.98828125
3.985407461594733,-0.0625,-0.04296875,1.0
3.9879070958302854,-0.07421875,-0.03125,1.0
3.9904067300658377,-0.0546875,-0.015625,0.98828125
3.99290636430139,-0.03515625,-0.0234375,1.00390625
3.9954059985369423,-0.05859375,-0.01953125,0.98046875
3.9979056327724947,-0.0703125,-0.0234375,1.0
4.0004052670080466,-0.04296875,-0.01171875,0.99609375
4.002904901243599,-0.03515625,-0.0390625,0.9921875
4.005404535479151,-0.03125,-0.0234375,0.96484375
4.0079041697147035,-0.05859375,-0.03125,0.99609375
4.010403803950256,-0.0625,-0.015625,0.9921875
4.012903438185808,-0.04296875,-0.01953125,0.98828125
4.0154030724213605,-0.03515625,-0.03515625,1.01171875
4.017902706656913,-0.0234375,-0.0234375,1.01171875
4.020402340892465,-0.046875,-0.0234375,0.9921875
4.0229019751280175,-0.03515625,-0.0234375,0.99609375
4.02540160936357,-0.0546875,-0.0390625,0.984375
4.027901243599122,-0.0546875,-0.0234375,0.984375
4.0304008778346745,-0.0390625,-0.02734375,0.9921875
4.032900512070227,-0.06640625,-0.0234375,0.9921875
4.035400146305779,-0.05859375,-0.03515625,0.98828125
4.0378997805413315,-0.05859375,-0.01171875,1.01171875
4.040399414776884,-0.04296875,-0.02734375,0.96875
4.042899049012436,-0.046875,-0.01953125,0.97265625
4.0453986832479885,-0.046875,-0.02734375,0.97265625
4.047898317483541,-0.06640625,-0.00390625,0.98046875
4.050397951719093,-0.0546875,-0.01953125,1.0
4.052897585954645,-0.06640625,-0.03125,0.984375
4.055397220190198,-0.0703125,-0.03515625,1.0
4.05789685442575,-0.04296875,-0.015625,0.984375
4.060396488661302,-0.046875,-0.015625,0.96875
4.062896122896855,-0.0625,-0.03125,0.97265625
4.065395757132407,-0.0625,-0.0234375,1.0
4.067895391367959,-0.0625,-0.01171875,0.99609375
4.070395025603512,-0.05859375,-0.03515625,0.9921875
4.072894659839064,-0.0546875,-0.01953125,0.984375
4.075394294074616,-0.0625,-0.03515625,1.015625
4.077893928310169,-0.0390625,-0.02734375,0.99609375
4.080393562545721,-0.046875,-0.02734375,0.96484375
4.0828931967812725,-0.0703125,-0.01171875,1.0
4.085392831016826,-0.04296875,-0.046875,0.99609375
4.087892465252377,-0.046875,-0.03125,0.98046875
4.0903920994879295,-0.0546875,-0.03125,0.9921875
4.092891733723482,-0.08203125,-0.0390625,1.0078125
4.095391367959034,-0.05078125,-0.01171875,0.9921875
4.0978910021945865,-0.04296875,-0.03125,0.99609375
4.100390636430139,-0.04296875,-0.01171875,0.98828125
4.102890270665691,-0.046875,-0.03515625,1.0078125
4.1053899049012434,-0.0390625,-0.01953125,0.984375
4.107889539136796,-0.05078125,-0.0078125,1.01953125
4.110389173372348,-0.04296875,-0.01953125,0.98828125
4.1128888076079,-0.03125,-0.01953125,1.015625
4.115388441843453,-0.046875,-0.01953125,0.98046875
4.117888076079005,-0.046875,-0.0234375,0.9609375
4.120387710314557,-0.03515625,-0.01953125,0.984375
4.12288734455011,-0.0703125,-0.01171875,0.9921875
4.125386978785662,-0.05078125,-0.03125,0.9921875
4.127886613021214,-0.04296875,-0.015625,0.98828125
4.130386247256767,-0.0546875,-0.03125,1.0
4.132885881492319,-0.0546875,-0.0390625,0.9921875
4.135385515727871,-0.046875,-0.03125,1.0
4.137885149963424,-0.05078125,-0.03515625,1.0
4.140384784198976,-0.046875,-0.0390625,1.01171875
4.142884418434528,-0.0546875,-0.02734375,0.98828125
4.145384052670081,-0.04296875,-0.0390625,0.98828125
4.147883686905633,-0.04296875,-0.02734375,0.98046875
4.150383321141185,-0.0390625,-0.01953125,0.984375
4.152882955376738,-0.0546875,-0.0390625,0.9765625
4.15538258961229,-0.02734375,-0.015625,1.00390625
4.157882223847842,-0.04296875,-0.03125,0.99609375
4.160381858083395,-0.0625,-0.02734375,0.9921875
4.162881492318947,-0.0859375,-0.01171875,0.99609375
4.165381126554499,-0.0546875,-0.03125,0.99609375
4.167880760790052,-0.05078125,-0.03125,1.02734375
4.170380395025603,-0.05078125,-0.0234375,0.9921875
4.172880029261156,-0.0390625,-0.01953125,0.984375
4.175379663496708,-0.0546875,-0.04296875,0.9921875
4.177879297732261,-0.046875,-0.0234375,0.984375
4.180378931967812,-0.05859375,-0.0234375,0.9921875
4.182878566203365,-0.046875,-0.046875,0.99609375
4.185378200438917,-0.0390625,-0.04296875,0.99609375
4.187877834674469,-0.0546875,-0.0234375,0.9765625
4.190377468910022,-0.0390625,-0.046875,1.0
4.192877103145574,-0.05078125,-0.0390625,0.9921875
4.195376737381126,-0.05078125,-0.0078125,0.96875
4.197876371616679,-0.05859375,-0.04296875,0.98828125
4.200376005852231,-0.046875,-0.03125,1.01171875
4.202875640087783,-0.0546875,-0.046875,0.98046875
4.205375274323336,-0.05859375,-0.046875,1.0078125
4.207874908558888,-0.06640625,-0.03515625,1.0
4.21037454279444,-0.046875,-0.03125,1.0078125
4.212874177029993,-0.0625,-0.03125,0.984375
4.215373811265545,-0.0546875,-0.0078125,0.98046875
4.217873445501097,-0.0390625,-0.01171875,1.00390625
4.22037307973665,-0.0625,-0.0234375,0.9921875
4.222872713972202,-0.06640625,-0.015625,0.984375
4.225372348207754,-0.04296875,-0.02734375,0.99609375
4.227871982443307,-0.07421875,-0.01953125,0.9921875
4.230371616678859,-0.05859375,-0.0078125,0.99609375
4.232871250914411,-0.0625,-0.015625,0.9921875
4.235370885149964,-0.04296875,-0.0234375,1.0
4.237870519385516,-0.0546875,-0.0078125,0.98828125
4.240370153621068,-0.05859375,-0.03515625,1.00390625
4.242869787856621,-0.05859375,-0.02734375,1.015625
4.245369422092173,-0.0546875,-0.0234375,0.9921875
4.247869056327725,-0.0390625,-0.0234375,0.99609375
4.250368690563278,-0.0390625,-0.03125,0.9921875
4.25286832479883,-0.03125,-0.04296875,0.9921875
4.255367959034382,-0.046875,-0.01953125,0.99609375
4.257867593269935,-0.07421875,-0.01171875,0.96484375
4.260367227505487,-0.0703125,-0.0078125,0.98828125
4.262866861741038,-0.0390625,-0.01171875,0.98828125
4.265366495976592,-0.05078125,-0.02734375,0.984375
4.267866130212143,-0.0546875,-0.02734375,0.98046875
4.270365764447696,-0.0625,-0.01953125,0.984375
4.272865398683248,-0.046875,-0.015625,0.98046875
4.2753650329188,-0.046875,-0.0234375,0.9921875
4.277864667154352,-0.05078125,-0.02734375,1.0
4.280364301389905,-0.046875,-0.03125,0.9921875
4.282863935625457,-0.046875,-0.0390625,1.0
4.285363569861009,-0.046875,-0.015625,0.99609375
4.287863204096562,-0.05859375,-0.046875,0.99609375
4.290362838332114,-0.03515625,-0.0078125,1.0
4.292862472567666,-0.05859375,-0.015625,0.984375
4.295362106803219,-0.06640625,-0.0234375,0.9765625
4.297861741038771,-0.05078125,-0.0234375,0.9765625
4.300361375274323,-0.03515625,-0.02734375,0.99609375
4.302861009509876,-0.0625,-0.03515625,0.96875
4.305360643745428,-0.0546875,-0.06640625,1.00390625
4.30786027798098,-0.04296875,-0.04296875,0.99609375
4.310359912216533,-0.0625,-0.03125,0.96484375
4.312859546452085,-0.0546875,-0.01953125,0.984375
4.315359180687637,-0.05859375,-0.0390625,0.99609375
4.31785881492319,-0.05078125,-0.0234375,1.0078125
4.320358449158742,-0.046875,-0.03515625,0.9921875
4.322858083394294,-0.0546875,-0.046875,1.0078125
4.3253577176298466,-0.0625,-0.0234375,0.96875
4.327857351865399,-0.0546875,-0.01953125,0.99609375
4.330356986100951,-0.07421875,-0.046875,0.98828125
4.3328566203365035,-0.04296875,-0.02734375,0.99609375
4.335356254572056,-0.0625,-0.01953125,0.99609375
4.337855888807608,-0.03515625,-0.02734375,0.9921875
4.3403555230431605,-0.06640625,-0.03515625,0.98828125
4.342855157278713,-0.0625,-0.015625,0.95703125
4.345354791514265,-0.05078125,-0.02734375,0.98828125
4.3478544257498175,-0.04296875,-0.0234375,0.9765625
4.35035405998537,-0.0546875,-0.01953125,0.984375
4.352853694220922,-0.0625,-0.0234375,0.97265625
4.355353328456474,-0.04296875,-0.01953125,0.9765625
4.357852962692027,-0.05078125,-0.0234375,0.99609375
4.360352596927578,-0.046875,-0.0234375,0.99609375
4.3628522311631315,-0.0546875,-0.01953125,1.00390625
4.365351865398683,-0.05859375,-0.0390625,0.9921875
4.367851499634236,-0.046875,-0.015625,0.96875
4.370351133869788,-0.03515625,-0.015625,1.0
4.37285076810534,-0.0625,-0.03515625,1.00390625
4.375350402340892,-0.05078125,-0.046875,0.9765625
4.377850036576445,-0.04296875,-0.02734375,0.984375
4.380349670811997,-0.0390625,-0.015625,0.99609375
4.382849305047549,-0.0546875,-0.02734375,0.9765625
4.3853489392831015,-0.0546875,-0.01953125,0.97265625
4.387848573518654,-0.06640625,-0.01953125,0.984375
4.390348207754206,-0.03125,-0.0234375,0.984375
4.3928478419897585,-0.05078125,-0.04296875,0.9765625
4.395347476225311,-0.0703125,-0.01171875,1.0
4.397847110460863,-0.046875,-0.03515625,1.00390625
4.4003467446964155,-0.04296875,-0.03515625,0.98828125
4.402846378931968,-0.046875,-0.03125,0.97265625
4.40534601316752,-0.0703125,-0.046875,0.98828125
4.4078456474030725,-0.0546875,-0.0390625,0.96875
4.410345281638625,-0.07421875,-0.02734375,1.01171875
4.412844915874177,-0.0546875,-0.04296875,0.9921875
4.4153445501097295,-0.0390625,-0.01171875,0.96484375
4.417844184345282,-0.03515625,-0.01171875,0.98828125
4.420343818580834,-0.046875,-0.0234375,0.984375
4.4228434528163865,-0.0546875,-0.03125,0.9921875
4.425343087051939,-0.0390625,-0.015625,0.9921875
4.427842721287491,-0.0703125,-0.05078125,0.98046875
4.4303423555230435,-0.0390625,-0.015625,0.9921875
4.432841989758596,-0.046875,-0.0078125,1.0078125
4.435341623994148,-0.04296875,-0.01171875,0.9765625
4.4378412582297,-0.0546875,-0.01953125,0.97265625
4.440340892465253,-0.0625,-0.0234375,0.98828125
4.442840526700804,-0.0703125,-0.00390625,0.9921875
4.445340160936357,-0.046875,-0.03125,0.99609375
4.447839795171909,-0.03515625,-0.01171875,1.00390625
4.450339429407462,-0.02734375,-0.015625,0.9609375
4.4528390636430135,-0.03125,-0.03515625,0.984375
4.455338697878567,-0.06640625,-0.02734375,0.984375
4.457838332114118,-0.04296875,-0.01171875,1.0078125
4.460337966349671,-0.0390625,-0.01171875,0.99609375
4.462837600585223,-0.05859375,-0.0234375,0.9921875
4.465337234820775,-0.046875,-0.01953125,1.0078125
4.4678368690563275,-0.0625,-0.0234375,0.984375
4.47033650329188,-0.05859375,-0.0078125,0.9765625
4.472836137527432,-0.05078125,-0.015625,0.9921875
4.4753357717629845,-0.0703125,-0.03125,0.9921875
4.477835405998537,-0.04296875,-0.02734375,0.984375
4.480335040234089,-0.046875,-0.046875,0.984375
4.4828346744696415,-0.05859375,-0.02734375,0.9921875
4.485334308705194,-0.046875,-0.01953125,0.96484375
4.487833942940746,-0.04296875,-0.04296875,0.98046875
4.490333577176298,-0.0625,-0.0234375,0.98046875
4.492833211411851,-0.0625,-0.0390625,1.0
4.495332845647403,-0.03125,-0.03515625,1.00390625
4.497832479882955,-0.05078125,-0.03125,0.98828125
4.500332114118508,-0.05078125,-0.03515625,1.0
4.50283174835406,-0.0625,-0.03125,1.0
4.505331382589612,-0.05859375,-0.03125,1.0234375
4.507831016825165,-0.0546875,-0.015625,0.98828125
4.510330651060717,-0.04296875,-0.03125,0.984375
4.512830285296269,-0.05859375,-0.05859375,0.99609375
4.515329919531822,-0.046875,-0.03125,0.98828125
4.517829553767374,-0.05078125,-0.015625,1.015625
4.520329188002926,-0.0546875,-0.0390625,1.0
4.522828822238479,-0.046875,-0.0390625,1.0
4.525328456474031,-0.05859375,-0.03125,0.9765625
4.527828090709583,-0.03515625,-0.01171875,0.99609375
4.530327724945135,-0.05859375,-0.02734375,1.00390625
4.532827359180688,-0.07421875,-0.00390625,0.9921875
4.5353269934162395,-0.0703125,-0.05078125,0.9921875
4.537826627651793,-0.0625,-0.02734375,0.99609375
4.540326261887344,-0.04296875,-0.0390625,0.984375
4.542825896122897,-0.046875,-0.01953125,0.98046875
4.545325530358449,-0.046875,-0.046875,0.99609375
4.547825164594002,-0.06640625,-0.0234375,0.984375
4.550324798829553,-0.04296875,-0.01953125,0.99609375
4.552824433065107,-0.03515625,-0.0234375,0.99609375
4.555324067300658,-0.06640625,-0.03515625,0.9921875
4.55782370153621,-0.046875,-0.03515625,1.0078125
4.560323335771763,-0.0546875,-0.03125,1.0
4.562822970007315,-0.05859375,-0.04296875,0.99609375
4.565322604242867,-0.04296875,-0.01953125,0.9921875
4.56782223847842,-0.046875,-0.02734375,0.9921875
4.570321872713972,-0.04296875,-0.01953125,0.97265625
4.572821506949524,-0.046875,-0.01171875,0.9921875
4.575321141185077,-0.05859375,-0.015625,0.9765625
4.577820775420629,-0.07421875,-0.015625,0.97265625
4.580320409656181,-0.05078125,-0.0703125,0.9921875
4.582820043891734,-0.046875,-0.03125,1.0078125
4.585319678127286,-0.05859375,-0.015625,0.98046875
4.587819312362838,-0.0703125,-0.015625,0.98828125
4.590318946598391,-0.0390625,-0.0234375,0.9921875
4.592818580833943,-0.03515625,-0.03515625,0.98046875
4.595318215069495,-0.0546875,-0.03515625,1.00390625
4.597817849305048,-0.05078125,-0.015625,0.98046875
4.6003174835406,-0.0546875,-0.03125,0.98828125
4.602817117776152,-0.0546875,-0.0546875,1.0078125
4.605316752011705,-0.0546875,-0.015625,1.0
4.607816386247257,-0.046875,-0.03125,1.00390625
4.610316020482809,-0.05078125,-0.02734375,1.00390625
4.612815654718362,-0.03515625,-0.03515625,0.984375
4.615315288953914,-0.0546875,-0.03125,0.98828125
4.617814923189466,-0.05078125,-0.015625,0.98046875
4.620314557425019,-0.04296875,-0.03125,0.98828125
4.62281419166057,-0.04296875,-0.04296875,1.00390625
4.625313825896123,-0.0546875,-0.0234375,0.984375
4.627813460131675,-0.046875,-0.04296875,1.00390625
4.630313094367228,-0.0546875,-0.015625,0.984375
4.632812728602779,-0.05859375,-0.015625,0.984375
4.635312362838333,-0.0625,-0.03515625,0.99609375
4.637811997073884,-0.0390625,-0.0234375,1.0
4.640311631309437,-0.07421875,-0.0390625,1.00390625
4.642811265544989,-0.03515625,-0.02734375,0.96875
4.645310899780541,-0.04296875,-0.04296875,0.99609375
4.647810534016093,-0.0546875,-0.015625,1.0
4.650310168251646,-0.05859375,-0.01953125,1.0078125
4.652809802487198,-0.0625,-0.046875,1.00390625
4.65530943672275,-0.0625,-0.046875,0.98046875
4.657809070958303,-0.05859375,-0.00390625,0.984375
4.660308705193855,-0.0546875,-0.03515625,0.98046875
4.662808339429407,-0.05859375,-0.01953125,1.00390625
4.66530797366496,-0.04296875,-0.01953125,0.984375
4.667807607900512,-0.0625,-0.015625,1.0
4.670307242136064,-0.078125,-0.01953125,0.99609375
4.672806876371617,-0.0546875,-0.04296875,0.9921875
4.675306510607169,-0.0625,-0.0390625,1.00390625
4.677806144842721,-0.05078125,-0.03515625,1.00390625
4.680305779078274,-0.04296875,-0.015625,0.98046875
4.682805413313826,-0.06640625,-0.015625,1.01953125
4.685305047549378,-0.05078125,-0.01953125,0.984375
4.687804681784931,-0.0390625,-0.02734375,0.9921875
4.690304316020483,-0.0546875,-0.0234375,0.984375
4.692803950256035,-0.046875,-0.015625,0.9765625
4.695303584491588,-0.03515625,-0.01953125,0.9921875
4.69780321872714,-0.0546875,-0.0234375,1.0078125
4.700302852962692,-0.0625,-0.03125,1.0
4.702802487198245,-0.07421875,-0.02734375,0.984375
4.705302121433797,-0.05078125,-0.01171875,1.0078125
4.707801755669349,-0.05859375,-0.02734375,1.0
4.7103013899049015,-0.06640625,-0.01953125,0.99609375
4.712801024140454,-0.0859375,-0.01171875,1.0078125
4.715300658376005,-0.0546875,-0.0234375,0.98828125
4.7178002926115585,-0.0703125,-0.03125,1.00390625
4.72029992684711,-0.0546875,-0.03515625,1.00390625
4.722799561082663,-0.05859375,-0.015625,0.98828125
4.725299195318215,-0.05078125,-0.0390625,1.00390625
4.727798829553768,-0.06640625,-0.01953125,0.98828125
4.730298463789319,-0.05078125,-0.0078125,0.9765625
4.7327980980248725,-0.04296875,-0.01953125,1.0078125
4.735297732260424,-0.05859375,-0.03515625,0.98046875
4.737797366495976,-0.0703125,-0.01171875,0.984375
4.740297000731529,-0.046875,-0.03515625,1.0
4.742796634967081,-0.05078125,-0.02734375,0.98046875
4.745296269202633,-0.05078125,-0.0234375,1.0
4.747795903438186,-0.0390625,-0.04296875,1.0078125
4.750295537673738,-0.03515625,-0.04296875,0.9921875
4.75279517190929,-0.06640625,-0.015625,0.97265625
4.755294806144843,-0.05859375,-0.0078125,0.9765625
4.757794440380395,-0.03515625,-0.015625,0.9765625
4.760294074615947,-0.0546875,-0.0234375,0.97265625
4.7627937088514996,-0.046875,-0.0234375,0.98828125
4.765293343087052,-0.046875,-0.01953125,1.0
4.767792977322604,-0.03515625,-0.01171875,0.9921875
4.7702926115581565,-0.0390625,-0.01171875,0.98046875
4.772792245793709,-0.03515625,-0.01171875,0.99609375
4.775291880029261,-0.0390625,-0.0078125,1.0
4.7777915142648135,-0.05859375,-0.015625,0.9921875
4.780291148500366,-0.06640625,-0.0234375,1.0
4.782790782735918,-0.0625,-0.01953125,0.98828125
4.7852904169714705,-0.06640625,-0.01953125,0.98046875
4.787790051207023,-0.05078125,-0.0234375,0.98828125
4.790289685442575,-0.04296875,-0.03125,0.98046875
4.7927893196781275,-0.0625,-0.0234375,1.01171875
4.79528895391368,-0.046875,-0.03125,1.015625
4.797788588149232,-0.05859375,-0.015625,1.00390625
4.8002882223847845,-0.04296875,-0.01953125,0.98828125
4.802787856620337,-0.02734375,-0.01953125,0.99609375
4.805287490855889,-0.05078125,-0.01953125,1.0078125
4.807787125091441,-0.0625,-0.0234375,0.96875
4.810286759326994,-0.05078125,-0.0234375,0.9921875
4.812786393562545,-0.046875,-0.01171875,0.99609375
4.8152860277980984,-0.0546875,-0.0390625,1.0
4.81778566203365,-0.05859375,-0.0390625,0.984375
4.820285296269203,-0.04296875,-0.02734375,1.00390625
4.8227849305047545,-0.0546875,-0.0078125,0.99609375
4.825284564740308,-0.05078125,-0.0234375,1.0
4.827784198975859,-0.0625,-0.05078125,1.0
4.8302838332114115,-0.05078125,-0.03515625,0.98046875
4.832783467446964,-0.03125,-0.0234375,0.98828125
4.835283101682516,-0.03125,-0.03125,1.0078125
4.8377827359180685,-0.05078125,-0.00390625,1.00390625
4.840282370153621,-0.046875,-0.03515625,0.9921875
4.842782004389173,-0.0546875,-0.03125,0.98046875
4.8452816386247255,-0.0546875,-0.0234375,0.9921875
4.847781272860278,-0.0703125,-0.03515625,0.9921875
4.85028090709583,-0.03515625,-0.04296875,0.9921875
4.8527805413313825,-0.0625,-0.0234375,0.99609375
4.855280175566935,-0.0703125,-0.02734375,0.9921875
4.857779809802487,-0.0546875,-0.05078125,0.98828125
4.8602794440380395,-0.0625,-0.03125,0.98046875
4.862779078273592,-0.05078125,-0.03515625,0.98828125
4.865278712509144,-0.046875,-0.02734375,1.00390625
4.8677783467446964,-0.06640625,-0.0390625,0.9765625
4.870277980980249,-0.0703125,-0.046875,0.98046875
4.872777615215801,-0.0390625,-0.03125,0.99609375
4.875277249451353,-0.03515625,-0.01953125,0.984375
4.877776883686906,-0.05078125,-0.04296875,1.0
4.880276517922458,-0.06640625,-0.01171875,0.96875
4.88277615215801,-0.05078125,-0.01171875,0.96875
4.885275786393563,-0.0546875,-0.0078125,0.98046875
4.887775420629115,-0.0703125,-0.01953125,1.0078125
4.890275054864667,-0.06640625,-0.0234375,0.98828125
4.89277468910022,-0.0625,-0.03515625,0.98828125
4.895274323335772,-0.046875,-0.0234375,0.9765625
4.897773957571324,-0.0625,-0.02734375,0.9921875
4.900273591806876,-0.05859375,-0.00390625,0.984375
4.902773226042429,-0.05859375,-0.0078125,0.98828125
4.9052728602779805,-0.0625,-0.0234375,0.9765625
4.907772494513534,-0.046875,-0.015625,1.0
4.910272128749085,-0.0625,-0.015625,1.0078125
4.912771762984638,-0.03125,-0.0234375,0.9921875
4.91527139722019,-0.0625,-0.00390625,0.99609375
4.917771031455743,-0.046875,-0.01953125,0.98828125
4.9202706656912945,-0.05859375,-0.046875,0.99609375
4.922770299926847,-0.046875,-0.03515625,0.98046875
4.925269934162399,-0.046875,-0.0234375,0.99609375
4.927769568397951,-0.07421875,-0.03515625,0.98046875
4.930269202633504,-0.0625,-0.02734375,0.98828125
4.932768836869056,-0.0625,-0.0234375,0.96875
4.935268471104608,-0.0703125,-0.0078125,1.00390625
4.937768105340161,-0.0703125,-0.0234375,1.01171875
4.940267739575713,-0.046875,-0.0234375,0.9921875
4.942767373811265,-0.0546875,-0.02734375,0.984375
4.945267008046818,-0.05078125,-0.0390625,0.9921875
4.94776664228237,-0.0703125,-0.015625,0.9921875
4.950266276517922,-0.05078125,-0.0390625,0.984375
4.952765910753475,-0.0390625,-0.01953125,0.98828125
4.955265544989027,-0.0390625,-0.02734375,1.0
4.957765179224579,-0.046875,-0.015625,1.0
4.960264813460132,-0.05859375,-0.0390625,1.00390625
4.962764447695684,-0.05078125,-0.03125,1.01953125
4.965264081931236,-0.06640625,-0.01171875,1.0078125
4.967763716166789,-0.03515625,-0.01171875,0.99609375
4.970263350402341,-0.046875,-0.03125,0.99609375
4.972762984637893,-0.0390625,-0.03125,1.0
4.975262618873446,-0.04296875,-0.0078125,0.99609375
4.977762253108998,-0.06640625,-0.01171875,1.0
4.98026188734455,-0.08203125,-0.0390625,1.00390625
4.982761521580103,-0.03125,-0.03125,0.96875
4.985261155815655,-0.05078125,-0.02734375,1.015625
4.987760790051206,-0.05859375,-0.01171875,0.97265625
4.99026042428676,-0.0625,-0.01953125,0.984375
4.992760058522311,-0.05859375,-0.02734375,0.9921875
4.995259692757864,-0.04296875,-0.0078125,0.984375
4.997759326993416,-0.06640625,-0.01171875,0.96484375
5.000258961228969,-0.05078125,-0.03515625,0.98046875
5.00275859546452,-0.0703125,-0.01171875,0.9921875
5.005258229700074,-0.0390625,-0.015625,0.9921875
5.007757863935625,-0.05078125,-0.01171875,0.9921875
5.010257498171177,-0.0390625,-0.02734375,0.9921875
5.01275713240673,-0.0703125,-0.04296875,0.984375
5.015256766642282,-0.03125,-0.03515625,0.96484375
5.017756400877834,-0.0546875,-0.00390625,0.96875
5.020256035113387,-0.04296875,-0.04296875,0.97265625
5.022755669348939,-0.046875,-0.0234375,1.01171875
5.025255303584491,-0.046875,-0.03515625,1.0078125
5.027754937820044,-0.046875,-0.00390625,0.99609375
5.030254572055596,-0.0703125,-0.0234375,0.99609375
5.032754206291148,-0.0546875,-0.03125,0.98046875
5.035253840526701,-0.078125,-0.03125,1.00390625
5.037753474762253,-0.0390625,-0.03125,1.0
5.040253108997805,-0.0390625,-0.03515625,0.9921875
5.042752743233358,-0.0703125,-0.02734375,0.9921875
5.04525237746891,-0.0546875,-0.046875,0.98828125
5.047752011704462,-0.0546875,-0.0234375,0.9921875
5.050251645940015,-0.05859375,-0.0390625,0.98828125
5.052751280175567,-0.046875,-0.03125,0.984375
5.055250914411119,-0.04296875,-0.015625,1.0078125
5.057750548646672,-0.046875,-0.015625,0.984375
5.060250182882224,-0.05078125,-0.02734375,0.9921875
5.062749817117776,-0.046875,-0.015625,1.0
5.065249451353329,-0.03515625,-0.03125,1.0
5.067749085588881,-0.046875,-0.03125,1.00390625
5.070248719824433,-0.0546875,-0.01953125,1.0
5.072748354059986,-0.05078125,-0.02734375,0.984375
5.075247988295538,-0.0703125,-0.01953125,1.00390625
5.07774762253109,-0.04296875,-0.00390625,1.01171875
5.080247256766642,-0.04296875,-0.04296875,0.9921875
5.082746891002195,-0.0625,-0.02734375,0.98046875
5.085246525237746,-0.05078125,-0.00390625,0.9609375
5.0877461594733,-0.0546875,-0.01171875,1.0078125
5.090245793708851,-0.06640625,-0.02734375,1.0078125
5.092745427944404,-0.03125,-0.0234375,0.97265625
5.095245062179956,-0.05859375,-0.0234375,0.98046875
5.097744696415509,-0.06640625,-0.015625,0.98828125
5.10024433065106,-0.08203125,-0.02734375,0.99609375
5.102743964886613,-0.04296875,-0.03515625,0.98046875
5.105243599122165,-0.04296875,-0.04296875,0.984375
5.107743233357717,-0.0546875,-0.03125,0.9921875
5.11024286759327,-0.05078125,-0.03125,1.00390625
5.112742501828822,-0.05859375,-0.03515625,0.984375
5.115242136064374,-0.046875,-0.02734375,0.98046875
5.117741770299927,-0.05859375,-0.01171875,0.96875
5.120241404535479,-0.0625,-0.01171875,0.96875
5.122741038771031,-0.03515625,-0.0234375,0.9921875
5.125240673006584,-0.04296875,-0.03125,0.99609375
5.127740307242136,-0.05859375,-0.0234375,0.9921875
5.130239941477688,-0.06640625,-0.03125,1.0
5.132739575713241,-0.05078125,-0.01953125,0.9609375
5.135239209948793,-0.0625,-0.03515625,1.00390625
5.137738844184345,-0.05859375,-0.00390625,0.99609375
5.140238478419898,-0.0546875,-0.01953125,1.00390625
5.14273811265545,-0.05078125,-0.02734375,0.98828125
5.145237746891002,-0.04296875,-0.02734375,0.98828125
5.1477373811265545,-0.04296875,-0.03125,0.99609375
5.150237015362107,-0.05859375,-0.02734375,0.99609375
5.152736649597659,-0.05078125,-0.02734375,0.9765625
5.1552362838332115,-0.0546875,-0.02734375,1.01171875
5.157735918068764,-0.08203125,-0.015625,1.0078125
5.160235552304316,-0.03125,-0.05859375,0.97265625
5.1627351865398685,-0.046875,-0.00390625,1.0078125
5.165234820775421,-0.0390625,-0.0078125,0.984375
5.167734455010973,-0.0546875,-0.0390625,0.97265625
5.1702340892465255,-0.046875,-0.02734375,1.0
5.172733723482077,-0.03125,-0.015625,0.98046875
5.17523335771763,-0.0703125,-0.02734375,0.98828125
5.177732991953182,-0.06640625,-0.04296875,1.0078125
5.180232626188735,-0.046875,-0.03125,0.984375
5.182732260424286,-0.03125,-0.02734375,1.0
5.1852318946598395,-0.04296875,-0.01171875,1.00390625
5.187731528895391,-0.046875,-0.03515625,0.9765625
5.190231163130944,-0.0625,-0.03125,0.98828125
5.192730797366496,-0.05078125,-0.03125,0.9921875
5.195230431602048,-0.05078125,-0.01953125,0.98046875
5.1977300658376,-0.04296875,-0.01953125,1.01171875
5.2002297000731526,-0.0625,-0.015625,1.01171875
5.202729334308705,-0.0546875,-0.01171875,0.99609375
5.205228968544257,-0.03125,-0.01953125,0.9765625
5.2077286027798095,-0.0390625,-0.01953125,0.984375
5.210228237015362,-0.05078125,-0.0546875,0.9921875
5.212727871250914,-0.05078125,-0.04296875,0.9609375
5.2152275054864665,-0.046875,-0.046875,0.97265625
5.217727139722019,-0.05859375,-0.03125,0.98828125
5.220226773957571,-0.0390625,-0.03125,1.0
5.2227264081931235,-0.05078125,-0.03515625,0.9921875
5.225226042428676,-0.05078125,-0.046875,1.00390625
5.227725676664228,-0.05078125,-0.015625,1.0
5.2302253108997805,-0.06640625,-0.0390625,0.96484375
5.232724945135333,-0.06640625,-0.0234375,0.984375
5.235224579370885,-0.05078125,-0.05859375,0.99609375
5.2377242136064375,-0.05859375,-0.04296875,0.984375
5.24022384784199,-0.05859375,-0.02734375,1.015625
5.242723482077542,-0.046875,-0.03125,1.0
5.2452231163130945,-0.0703125,-0.01953125,0.96875
5.247722750548647,-0.0546875,-0.02734375,0.99609375
5.250222384784199,-0.06640625,-0.0234375,1.00390625
5.252722019019751,-0.05078125,-0.05078125,1.01171875
5.255221653255304,-0.04296875,-0.015625,1.0
5.257721287490856,-0.05859375,-0.0078125,0.98046875
5.260220921726408,-0.05078125,-0.015625,0.98046875
5.262720555961961,-0.0390625,-0.02734375,1.00390625
5.265220190197512,-0.04296875,-0.04296875,0.97265625
5.267719824433065,-0.03515625,-0.0546875,1.01171875
5.270219458668617,-0.046875,-0.015625,1.00390625
5.27271909290417,-0.05859375,-0.03125,0.9921875
5.2752187271397215,-0.05078125,-0.01171875,0.97265625
5.277718361375275,-0.0625,-0.03125,0.96875
5.280217995610826,-0.046875,-0.02734375,0.98046875
5.282717629846379,-0.05859375,-0.03515625,1.0
5.285217264081931,-0.04296875,-0.01953125,0.98828125
5.287716898317483,-0.03515625,-0.03125,1.01171875
5.2902165325530355,-0.0625,-0.0234375,0.99609375
5.292716166788588,-0.06640625,-0.03515625,0.984375
5.29521580102414,-0.04296875,-0.02734375,0.99609375
5.2977154352596925,-0.05859375,-0.02734375,1.0
5.300215069495245,-0.05859375,-0.0234375,1.0078125
5.302714703730797,-0.06640625,-0.046875,0.9921875
5.3052143379663494,-0.05078125,-0.05078125,0.9921875
5.307713972201902,-0.06640625,-0.03515625,0.97265625
5.310213606437454,-0.05078125,-0.01171875,1.00390625
5.312713240673006,-0.04296875,-0.0234375,1.00390625
5.315212874908559,-0.05078125,-0.0234375,0.97265625
5.317712509144111,-0.0234375,-0.0234375,1.0
5.320212143379663,-0.04296875,-0.02734375,0.98828125
5.322711777615216,-0.046875,-0.02734375,1.0
5.325211411850768,-0.0546875,-0.015625,0.984375
5.32771104608632,-0.03515625,-0.0234375,0.98828125
5.330210680321873,-0.0703125,-0.0234375,0.98828125
5.332710314557425,-0.0546875,-0.03515625,0.9765625
5.335209948792977,-0.046875,-0.0234375,0.98828125
5.33770958302853,-0.0390625,-0.01953125,1.0078125
5.340209217264082,-0.04296875,-0.03125,1.0
5.342708851499634,-0.0703125,-0.02734375,0.9921875
5.345208485735187,-0.02734375,-0.0234375,1.0
5.347708119970739,-0.05859375,-0.02734375,0.99609375
5.350207754206291,-0.09375,-0.015625,0.99609375
5.352707388441843,-0.06640625,-0.0390625,1.01171875
5.355207022677396,-0.046875,-0.0078125,1.0078125
5.3577066569129475,-0.06640625,-0.015625,1.0078125
5.360206291148501,-0.05078125,-0.01953125,1.0
5.362705925384052,-0.0625,-0.046875,1.0078125
5.365205559619605,-0.0546875,-0.0390625,1.00390625
5.367705193855157,-0.05859375,-0.0234375,0.9921875
5.37020482809071,-0.05078125,-0.03515625,1.00390625
5.372704462326261,-0.05078125,-0.015625,0.96875
5.375204096561815,-0.046875,-0.0234375,0.98828125
5.377703730797366,-0.04296875,-0.01953125,0.98828125
5.380203365032919,-0.046875,-0.02734375,1.0
5.382702999268471,-0.06640625,-0.01953125,0.98046875
5.385202633504024,-0.046875,-0.015625,0.9921875
5.387702267739575,-0.05859375,-0.01953125,1.0
5.390201901975128,-0.0546875,-0.015625,1.00390625
5.39270153621068,-0.0390625,-0.03515625,0.98046875
5.395201170446232,-0.03515625,-0.04296875,1.0
5.397700804681785,-0.0546875,-0.03515625,0.99609375
5.400200438917337,-0.05078125,-0.04296875,0.98828125
5.402700073152889,-0.046875,-0.0234375,0.9609375
5.405199707388442,-0.05078125,-0.015625,1.0
5.407699341623994,-0.06640625,-0.01171875,0.9765625
5.410198975859546,-0.05859375,-0.00390625,0.984375
5.412698610095099,-0.05859375,-0.015625,1.00390625
5.415198244330651,-0.0703125,-0.03125,0.9921875
5.417697878566203,-0.046875,-0.0390625,0.99609375
5.420197512801756,-0.0390625,-0.03125,0.98828125
5.422697147037308,-0.05078125,-0.015625,1.00390625
5.42519678127286,-0.08203125,-0.0390625,0.98046875
5.427696415508413,-0.05859375,-0.05078125,0.96484375
5.430196049743965,-0.0546875,-0.0078125,0.984375
5.432695683979517,-0.07421875,-0.046875,0.9921875
5.435195318215069,-0.02734375,-0.01953125,0.98046875
5.437694952450622,-0.046875,-0.01953125,1.0
5.440194586686173,-0.04296875,-0.01953125,0.984375
5.442694220921727,-0.02734375,-0.015625,0.9765625
5.445193855157278,-0.0546875,-0.02734375,0.9921875
5.447693489392831,-0.046875,-0.02734375,1.0
5.450193123628383,-0.05859375,-0.01953125,1.00390625
5.452692757863936,-0.05078125,-0.01171875,0.99609375
5.455192392099487,-0.0546875,-0.01171875,0.98828125
5.457692026335041,-0.05078125,-0.0234375,1.00390625
5.460191660570592,-0.0546875,-0.03515625,0.99609375
5.462691294806145,-0.04296875,-0.0546875,1.0
5.465190929041697,-0.0546875,-0.01953125,0.98046875
5.46769056327725,-0.05859375,-0.01953125,0.98828125
5.470190197512801,-0.05078125,-0.02734375,0.9921875
5.4726898317483545,-0.07421875,-0.015625,1.00390625
5.475189465983906,-0.03125,-0.03515625,0.98046875
5.477689100219459,-0.05859375,-0.01953125,0.9765625
5.480188734455011,-0.07421875,-0.0390625,0.99609375
5.482688368690563,-0.04296875,-0.0078125,1.0078125
5.485188002926115,-0.0546875,-0.0234375,1.0078125
5.487687637161668,-0.0546875,-0.0078125,0.9921875
5.49018727139722,-0.0546875,-0.02734375,1.01171875
5.492686905632772,-0.0546875,-0.03125,0.9765625
5.495186539868325,-0.0390625,-0.02734375,0.97265625
5.497686174103877,-0.046875,-0.03125,1.0078125
5.500185808339429,-0.0703125,-0.02734375,0.98828125
5.502685442574982,-0.0625,-0.03125,0.984375
5.505185076810534,-0.0625,-0.03125,0.98828125
5.507684711046086,-0.0546875,-0.03515625,0.9921875
5.510184345281639,-0.0390625,-0.03125,0.99609375
5.512683979517191,-0.0625,-0.0078125,0.99609375
5.515183613752743,-0.078125,-0.0078125,0.98828125
5.517683247988296,-0.04296875,-0.03125,0.97265625
5.520182882223848,-0.03125,-0.03515625,0.99609375
5.5226825164594,-0.05078125,-0.03515625,0.98828125
5.5251821506949526,-0.08203125,-0.0234375,0.96875
5.527681784930504,-0.0546875,-0.015625,0.96875
5.530181419166057,-0.06640625,-0.04296875,0.98828125
5.532681053401609,-0.0546875,-0.01171875,0.984375
5.535180687637162,-0.0390625,-0.00390625,0.95703125
5.537680321872713,-0.05859375,-0.015625,0.98046875
5.5401799561082665,-0.0546875,-0.0390625,0.98046875
5.542679590343818,-0.03125,-0.04296875,0.9765625
5.545179224579371,-0.0703125,-0.03125,0.984375
5.547678858814923,-0.0546875,-0.0078125,0.984375
5.550178493050476,-0.05078125,-0.03515625,1.01171875
5.552678127286027,-0.05859375,-0.015625,0.97265625
5.5551777615215805,-0.0703125,-0.01171875,1.015625
5.557677395757132,-0.046875,-0.046875,0.99609375
5.560177029992685,-0.04296875,-0.04296875,1.0078125
5.562676664228237,-0.03125,-0.03515625,1.01171875
5.56517629846379,-0.04296875,-0.04296875,0.9765625
5.567675932699341,-0.0546875,-0.0390625,0.96484375
5.570175566934894,-0.0546875,-0.01171875,0.984375
5.572675201170446,-0.05859375,-0.03515625,0.98828125
5.575174835405998,-0.0546875,-0.01953125,1.0
5.577674469641551,-0.05078125,-0.01953125,0.99609375
5.580174103877103,-0.0390625,-0.0390625,0.9921875
5.582673738112655,-0.05078125,-0.03125,1.0
5.5851733723482075,-0.046875,-0.00390625,0.98046875
5.58767300658376,-0.0625,-0.03125,1.0
5.590172640819312,-0.04296875,-0.02734375,1.00390625
5.5926722750548645,-0.05078125,-0.03125,0.99609375
5.595171909290417,-0.05078125,-0.01953125,0.97265625
5.597671543525969,-0.0546875,-0.015625,0.9921875
5.6001711777615215,-0.04296875,-0.015625,0.9921875
5.602670811997074,-0.05078125,-0.01953125,0.984375
5.605170446232626,-0.0546875,-0.0390625,1.00390625
5.6076700804681785,-0.06640625,-0.03125,0.99609375
5.610169714703731,-0.05859375,-0.04296875,0.984375
5.612669348939283,-0.05859375,-0.015625,1.0
5.6151689831748355,-0.07421875,-0.02734375,1.01171875
5.617668617410388,-0.0546875,-0.0234375,0.96875
5.620168251645939,-0.05078125,-0.015625,0.9921875
5.6226678858814925,-0.0546875,-0.01953125,0.97265625
5.625167520117044,-0.0703125,-0.03125,0.99609375
5.627667154352597,-0.06640625,-0.0390625,1.0
5.630166788588149,-0.04296875,-0.01953125,1.0
5.632666422823702,-0.0390625,-0.0234375,0.99609375
5.635166057059253,-0.0546875,-0.01171875,1.0
5.637665691294806,-0.0390625,-0.02734375,1.00390625
5.640165325530358,-0.05859375,-0.01171875,0.99609375
5.642664959765911,-0.05078125,-0.02734375,0.98828125
5.6451645940014625,-0.0546875,-0.046875,0.98828125
5.647664228237016,-0.05859375,-0.0234375,0.95703125
5.650163862472567,-0.05078125,-0.03515625,0.9921875
5.65266349670812,-0.0546875,-0.01171875,1.0078125
5.655163130943672,-0.0703125,-0.0234375,0.9921875
5.657662765179225,-0.06640625,-0.04296875,0.98828125
5.6601623994147765,-0.05859375,-0.03125,0.99609375
5.662662033650329,-0.0546875,-0.0078125,0.97265625
5.665161667885881,-0.08203125,-0.015625,1.01953125
5.6676613021214335,-0.0703125,-0.02734375,0.984375
5.670160936356986,-0.03515625,-0.03125,0.98046875
5.672660570592538,-0.03125,-0.0234375,0.98828125
5.6751602048280905,-0.04296875,-0.01953125,1.015625
5.677659839063643,-0.0625,-0.0390625,0.99609375
5.680159473299195,-0.046875,-0.02734375,0.99609375
5.6826591075347475,-0.04296875,-0.02734375,0.96484375
5.6851587417703,-0.03515625,-0.0234375,0.99609375
5.687658376005852,-0.046875,-0.0234375,0.98046875
5.690158010241404,-0.0625,-0.02734375,0.98828125
5.692657644476957,-0.07421875,-0.01953125,1.0
5.695157278712509,-0.0546875,-0.01953125,1.00390625
5.697656912948061,-0.0546875,-0.015625,0.99609375
5.700156547183614,-0.078125,-0.01953125,0.98828125
5.702656181419166,-0.06640625,-0.0234375,0.9921875
5.705155815654718,-0.0546875,-0.02734375,0.9921875
5.70765544989027,-0.06640625,-0.03125,0.99609375
5.710155084125823,-0.07421875,-0.02734375,1.0078125
5.7126547183613745,-0.06640625,-0.02734375,0.99609375
5.715154352596928,-0.046875,-0.03125,0.99609375
5.717653986832479,-0.04296875,-0.01953125,0.9765625
5.720153621068032,-0.05859375,-0.0234375,0.98828125
5.722653255303584,-0.07421875,-0.04296875,0.9921875
5.725152889539137,-0.03125,-0.01171875,0.984375
5.7276525237746885,-0.0390625,-0.0078125,0.98046875
5.730152158010242,-0.05078125,-0.01953125,0.99609375
5.732651792245793,-0.05078125,-0.03125,1.0078125
5.735151426481346,-0.05859375,-0.01171875,0.99609375
5.737651060716898,-0.0390625,-0.03515625,0.9765625
5.740150694952451,-0.0625,-0.02734375,1.0234375
5.7426503291880024,-0.046875,-0.0234375,0.99609375
5.745149963423556,-0.0625,-0.03125,0.98046875
5.747649597659107,-0.0625,-0.03515625,1.00390625
5.75014923189466,-0.046875,-0.01953125,0.9921875
5.752648866130212,-0.0625,-0.0234375,1.0078125
5.755148500365764,-0.0546875,-0.04296875,0.984375
5.757648134601316,-0.0546875,-0.03515625,0.97265625
5.760147768836869,-0.04296875,-0.03125,0.984375
5.762647403072421,-0.05859375,-0.03125,0.9921875
5.765147037307973,-0.05078125,-0.046875,0.9921875
5.767646671543526,-0.0546875,-0.05078125,0.984375
5.770146305779078,-0.046875,-0.01953125,1.00390625
5.77264594001463,-0.04296875,-0.01953125,0.98046875
5.775145574250183,-0.0546875,-0.03125,1.0
5.777645208485735,-0.0546875,-0.03125,0.984375
5.780144842721287,-0.0625,-0.03125,0.9921875
5.78264447695684,-0.08203125,-0.0234375,0.984375
5.785144111192392,-0.0546875,-0.01953125,0.99609375
5.787643745427944,-0.0390625,-0.02734375,0.98046875
5.790143379663497,-0.04296875,-0.05859375,0.984375
5.792643013899049,-0.046875,-0.0078125,0.98046875
5.795142648134601,-0.05078125,-0.046875,1.0
5.797642282370154,-0.05859375,-0.02734375,0.97265625
5.800141916605705,-0.0546875,-0.0234375,0.9765625
5.802641550841258,-0.0625,-0.0078125,0.98828125
5.80514118507681,-0.05859375,-0.02734375,1.00390625
5.807640819312363,-0.0625,-0.0546875,0.9921875
5.810140453547914,-0.046875,-0.0078125,0.98828125
5.812640087783468,-0.05078125,-0.03125,1.00390625
5.815139722019019,-0.0546875,-0.03125,1.00390625
5.817639356254572,-0.046875,-0.04296875,0.99609375
5.820138990490124,-0.04296875,-0.03125,0.99609375
5.822638624725677,-0.046875,-0.01953125,1.0078125
5.825138258961228,-0.0546875,-0.03125,0.96875
5.827637893196782,-0.0703125,-0.01171875,0.98046875
5.830137527432333,-0.046875,-0.0234375,0.98828125
5.832637161667886,-0.078125,-0.04296875,1.00390625
5.835136795903438,-0.0546875,-0.02734375,0.98828125
5.837636430138991,-0.0546875,-0.00390625,1.00390625
5.840136064374542,-0.03125,-0.015625,0.96484375
5.842635698610096,-0.04296875,-0.03515625,1.0078125
5.845135332845647,-0.03515625,-0.0234375,0.9921875
5.847634967081199,-0.05078125,-0.01171875,1.01953125
5.850134601316752,-0.04296875,-0.03125,0.98046875
5.852634235552304,-0.046875,-0.01171875,0.9765625
5.855133869787856,-0.0625,-0.01171875,0.98046875
5.857633504023409,-0.0703125,-0.0390625,0.98828125
5.860133138258961,-0.03515625,-0.03125,0.9765625
5.862632772494513,-0.0546875,-0.03515625,1.0
5.865132406730066,-0.0546875,-0.0234375,0.99609375
5.867632040965618,-0.0625,-0.03515625,1.00390625
5.87013167520117,-0.0546875,-0.01953125,0.9921875
5.872631309436723,-0.05859375,-0.03125,0.97265625
5.875130943672275,-0.06640625,-0.04296875,0.98828125
5.877630577907827,-0.0390625,-0.0078125,1.01171875
5.88013021214338,-0.05859375,-0.015625,0.9921875
5.882629846378932,-0.03515625,-0.015625,1.00390625
5.885129480614484,-0.046875,-0.03515625,0.98828125
5.887629114850037,-0.05078125,-0.03515625,0.99609375
5.890128749085589,-0.046875,-0.02734375,1.00390625
5.89262838332114,-0.0390625,-0.03515625,1.00390625
5.895128017556694,-0.0546875,-0.01953125,1.00390625
5.897627651792245,-0.0625,-0.015625,0.97265625
5.900127286027798,-0.05078125,-0.015625,0.98046875
5.90262692026335,-0.0625,-0.01953125,0.9921875
5.905126554498903,-0.05078125,-0.0234375,1.0078125
5.907626188734454,-0.03515625,-0.03125,0.9921875
5.9101258229700075,-0.05859375,-0.05078125,0.98828125
5.912625457205559,-0.04296875,-0.0234375,0.9921875
5.915125091441112,-0.05859375,-0.015625,0.984375
5.917624725676664,-0.04296875,-0.02734375,0.9765625
5.920124359912217,-0.05859375,-0.01953125,0.98828125
5.922623994147768,-0.046875,-0.03125,0.9765625
5.9251236283833215,-0.05078125,-0.01953125,0.98046875
5.927623262618873,-0.06640625,-0.02734375,1.0
5.930122896854426,-0.0625,-0.02734375,1.0078125
5.932622531089978,-0.04296875,-0.03125,0.99609375
5.935122165325531,-0.05859375,-0.0078125,0.9921875
5.937621799561082,-0.03515625,-0.01171875,0.9921875
5.940121433796635,-0.0390625,-0.01171875,0.9921875
5.942621068032187,-0.046875,-0.01953125,1.0
5.945120702267739,-0.04296875,-0.05078125,0.99609375
5.947620336503292,-0.05078125,-0.01953125,0.9609375
5.950119970738844,-0.04296875,-0.01171875,0.96875
5.952619604974396,-0.05078125,-0.0234375,0.98046875
5.955119239209949,-0.04296875,-0.02734375,0.98046875
5.957618873445501,-0.046875,-0.02734375,0.984375
5.960118507681053,-0.03125,-0.03515625,1.01953125
5.9626181419166056,-0.0625,-0.02734375,1.0
5.965117776152158,-0.0703125,-0.0390625,1.00390625
5.96761741038771,-0.05078125,-0.015625,1.0078125
5.9701170446232625,-0.0546875,-0.0390625,0.99609375
5.972616678858815,-0.0546875,-0.03125,0.984375
5.975116313094367,-0.0625,-0.01171875,1.0
5.9776159473299195,-0.046875,-0.03125,0.99609375
5.980115581565472,-0.0625,-0.046875,1.0
5.982615215801024,-0.05078125,-0.05859375,1.0078125
5.985114850036576,-0.0625,-0.0234375,0.984375
5.987614484272129,-0.05078125,-0.02734375,0.96875
5.99011411850768,-0.05859375,-0.0234375,0.98046875
5.9926137527432335,-0.046875,-0.015625,0.99609375
5.995113386978785,-0.0625,-0.0234375,0.98828125
5.997613021214338,-0.0625,-0.03125,0.98046875
6.00011265544989,-0.0546875,-0.02734375,0.98046875
6.002612289685443,-0.046875,-0.01953125,0.97265625
6.005111923920994,-0.0625,-0.01171875,0.9921875
6.0076115581565475,-0.07421875,-0.01953125,1.0
6.010111192392099,-0.0546875,-0.03125,1.00390625
6.012610826627652,-0.03515625,-0.01171875,1.015625
6.015110460863204,-0.0546875,-0.0234375,0.98828125
6.017610095098757,-0.06640625,-0.02734375,0.984375
6.020109729334308,-0.046875,-0.03125,0.99609375
6.022609363569861,-0.0390625,-0.01171875,1.0078125
6.025108997805413,-0.05078125,-0.02734375,1.0
6.027608632040965,-0.05078125,-0.03125,0.9921875
6.0301082662765175,-0.05859375,-0.03515625,1.00390625
6.03260790051207,-0.046875,-0.0234375,0.9921875
6.035107534747622,-0.046875,-0.03125,0.99609375
6.0376071689831745,-0.0546875,-0.02734375,1.01171875
6.040106803218727,-0.05078125,-0.0234375,0.9921875
6.042606437454279,-0.05078125,-0.0390625,0.96875
6.0451060716898315,-0.0234375,-0.01953125,1.0
6.047605705925384,-0.06640625,-0.0234375,0.95703125
6.050105340160936,-0.05078125,-0.015625,1.0078125
6.0526049743964885,-0.0390625,-0.0078125,0.96875
6.055104608632041,-0.05078125,-0.0390625,1.0
6.057604242867593,-0.0546875,-0.0234375,0.953125
6.0601038771031455,-0.05078125,-0.015625,0.9609375
6.062603511338698,-0.0390625,-0.01171875,0.98828125
6.06510314557425,-0.05078125,-0.02734375,1.0078125
6.0676027798098024,-0.0625,-0.04296875,1.0
6.070102414045355,-0.0546875,-0.02734375,0.9765625
6.072602048280906,-0.05078125,-0.03125,1.0
6.075101682516459,-0.05859375,-0.0078125,0.984375
6.077601316752011,-0.05859375,-0.01953125,0.98828125
6.080100950987564,-0.04296875,-0.0390625,0.99609375
6.0826005852231155,-0.0546875,-0.0546875,0.99609375
6.085100219458669,-0.046875,-0.0234375,0.98828125
6.08759985369422,-0.0546875,-0.015625,0.98828125
6.090099487929773,-0.03125,-0.03515625,0.99609375
6.092599122165325,-0.0390625,-0.0234375,0.96875
6.095098756400878,-0.04296875,-0.01953125,1.00390625
6.0975983906364295,-0.0390625,-0.0078125,0.9921875
6.100098024871983,-0.04296875,-0.01953125,0.98828125
6.102597659107534,-0.05078125,-0.04296875,1.0078125
6.105097293343087,-0.046875,-0.01171875,1.00390625
6.107596927578639,-0.0546875,-0.01171875,0.99609375
6.110096561814192,-0.05078125,-0.01953125,0.98828125
6.1125961960497435,-0.078125,-0.01171875,0.99609375
6.115095830285297,-0.05859375,-0.01953125,0.98828125
6.117595464520848,-0.04296875,-0.03125,0.984375
6.1200950987564005,-0.05859375,-0.02734375,1.00390625
6.122594732991953,-0.03125,-0.03125,0.99609375
6.125094367227505,-0.046875,-0.03125,1.0
6.127594001463057,-0.0703125,-0.0390625,0.95703125
6.13009363569861,-0.0546875,-0.04296875,0.98828125
6.132593269934162,-0.046875,-0.0234375,0.984375
6.135092904169714,-0.04296875,-0.015625,0.99609375
6.137592538405267,-0.0546875,-0.01953125,0.99609375
6.140092172640819,-0.0546875,-0.04296875,0.98828125
6.142591806876371,-0.02734375,-0.02734375,0.9921875
6.145091441111924,-0.05078125,-0.0234375,1.0
6.147591075347476,-0.0546875,-0.0078125,1.015625
6.150090709583028,-0.046875,-0.01171875,1.0
6.152590343818581,-0.0546875,-0.046875,0.98828125
6.155089978054133,-0.05078125,-0.02734375,0.98046875
6.157589612289685,-0.04296875,-0.01953125,1.0
6.160089246525238,-0.046875,-0.0234375,0.9921875
6.16258888076079,-0.0546875,-0.05078125,1.0
6.1650885149963415,-0.046875,-0.0390625,0.9921875
6.167588149231895,-0.05859375,-0.03515625,1.00390625
6.170087783467446,-0.0546875,-0.03515625,0.99609375
6.172587417702999,-0.0703125,-0.0234375,1.00390625
6.175087051938551,-0.0546875,-0.03125,0.99609375
6.177586686174104,-0.046875,-0.03125,0.99609375
6.180086320409655,-0.046875,-0.02734375,0.96875
6.182585954645209,-0.0625,-0.01171875,0.97265625
6.18508558888076,-0.07421875,-0.03125,1.0078125
6.187585223116313,-0.0546875,-0.04296875,0.99609375
6.190084857351865,-0.05859375,-0.0390625,0.98046875
6.192584491587418,-0.078125,-0.0234375,0.984375
6.195084125822969,-0.0625,-0.046875,1.00390625
6.197583760058523,-0.0546875,-0.00390625,0.9765625
6.200083394294074,-0.05078125,-0.0234375,1.0
6.202583028529627,-0.05078125,-0.03515625,0.9921875
6.205082662765179,-0.046875,-0.015625,0.98828125
6.207582297000732,-0.046875,-0.03515625,0.984375
6.210081931236283,-0.05078125,-0.015625,1.015625
6.212581565471836,-0.05078125,-0.046875,1.0078125
6.215081199707388,-0.0703125,-0.0390625,1.00390625
6.21758083394294,-0.0625,-0.0234375,1.0
6.220080468178493,-0.06640625,-0.0390625,1.015625
6.222580102414045,-0.046875,-0.01171875,0.99609375
6.225079736649597,-0.046875,-0.02734375,0.96484375
6.22757937088515,-0.05078125,-0.04296875,0.98828125
6.230079005120702,-0.0703125,-0.015625,0.98828125
6.232578639356254,-0.04296875,-0.02734375,0.97265625
6.235078273591807,-0.0546875,-0.015625,0.9609375
6.237577907827359,-0.05859375,-0.01171875,0.99609375
6.240077542062911,-0.0546875,-0.03125,0.99609375
6.242577176298464,-0.0546875,-0.0234375,0.99609375
6.245076810534016,-0.0546875,-0.01953125,1.0078125
6.247576444769568,-0.05859375,-0.02734375,1.0
6.250076079005121,-0.03515625,-0.03125,0.98046875
6.252575713240673,-0.05859375,-0.015625,1.00390625
6.255075347476225,-0.0703125,-0.02734375,0.98046875
6.257574981711777,-0.0625,-0.015625,0.98046875
6.26007461594733,-0.0625,-0.02734375,0.984375
6.262574250182881,-0.046875,-0.00390625,0.9765625
6.265073884418435,-0.04296875,-0.02734375,1.0
6.267573518653986,-0.05859375,-0.046875,1.0078125
6.270073152889539,-0.046875,-0.0390625,0.984375
6.272572787125091,-0.0625,-0.02734375,0.984375
6.275072421360644,-0.05859375,-0.015625,1.015625
6.277572055596195,-0.0625,-0.01953125,0.98046875
6.280071689831749,-0.05859375,-0.01171875,1.00390625
6.2825713240673,-0.0390625,-0.01953125,0.984375
6.285070958302853,-0.046875,-0.0234375,0.99609375
6.287570592538405,-0.046875,-0.0234375,1.0
6.290070226773958,-0.0390625,-0.03515625,0.9765625
6.292569861009509,-0.04296875,-0.02734375,0.96875
6.2950694952450625,-0.05078125,-0.03515625,0.98046875
6.297569129480614,-0.05078125,-0.01171875,1.0078125
6.300068763716167,-0.0546875,-0.015625,1.0078125
6.302568397951719,-0.08203125,-0.01171875,1.0
6.305068032187271,-0.0390625,-0.02734375,0.97265625
6.307567666422823,-0.0625,-0.01953125,1.0
6.310067300658376,-0.0625,-0.015625,1.01953125
6.312566934893928,-0.05078125,-0.01171875,0.98828125
6.31506656912948,-0.0546875,-0.03125,1.00390625
6.317566203365033,-0.0390625,-0.0625,1.0
6.320065837600585,-0.05859375,-0.02734375,1.01171875
6.322565471836137,-0.0546875,-0.03515625,0.984375
6.32506510607169,-0.05078125,-0.01953125,1.00390625
6.327564740307242,-0.03515625,-0.046875,0.99609375
6.330064374542794,-0.0390625,-0.03515625,0.98046875
6.332564008778347,-0.03515625,-0.0078125,0.96875
6.335063643013899,-0.0546875,-0.01171875,1.0
6.337563277249451,-0.05859375,-0.0546875,1.0
6.340062911485004,-0.06640625,-0.03125,0.9921875
6.342562545720556,-0.07421875,-0.02734375,1.00390625
6.345062179956108,-0.0625,-0.0390625,0.9765625
6.3475618141916605,-0.04296875,-0.01953125,0.9921875
6.350061448427212,-0.046875,-0.0234375,0.99609375
6.352561082662765,-0.06640625,-0.0390625,0.98828125
6.355060716898317,-0.046875,-0.0390625,0.9921875
6.35756035113387,-0.0546875,-0.01171875,1.0
6.360059985369421,-0.05078125,-0.05078125,1.0
6.3625596196049745,-0.03515625,-0.0078125,0.97265625
6.365059253840526,-0.0625,-0.01171875,0.9921875
6.367558888076079,-0.0390625,-0.0390625,0.99609375
6.370058522311631,-0.05078125,-0.0390625,0.98828125
6.372558156547184,-0.0390625,-0.04296875,0.9765625
6.375057790782735,-0.0703125,-0.04296875,0.9921875
6.3775574250182885,-0.05078125,-0.03125,1.015625
6.38005705925384,-0.046875,-0.015625,1.00390625
6.382556693489393,-0.0546875,-0.0234375,1.0078125
6.385056327724945,-0.0625,-0.0390625,1.01171875
6.387555961960498,-0.04296875,-0.03125,0.99609375
6.390055596196049,-0.04296875,-0.0390625,1.0
6.3925552304316025,-0.05859375,-0.0390625,1.0
6.395054864667154,-0.0625,-0.03515625,0.99609375
6.397554498902706,-0.0390625,-0.03515625,0.9765625
6.4000541331382585,-0.0625,-0.015625,1.00390625
6.402553767373811,-0.05078125,-0.0234375,0.99609375
6.405053401609363,-0.05859375,-0.02734375,1.0
6.4075530358449155,-0.0703125,-0.0390625,0.98828125
6.410052670080468,-0.0390625,-0.03515625,0.98828125
6.41255230431602,-0.05859375,-0.03125,1.00390625
6.4150519385515725,-0.0390625,-0.0390625,1.00390625
6.417551572787125,-0.0546875,-0.015625,1.00390625
6.420051207022677,-0.0546875,-0.01171875,0.98828125
6.4225508412582295,-0.0546875,-0.0234375,1.0078125
6.425050475493782,-0.046875,-0.0234375,1.01171875
6.427550109729334,-0.04296875,-0.02734375,1.00390625
6.4300497439648865,-0.0625,-0.0390625,1.0078125
6.432549378200439,-0.04296875,-0.01953125,0.99609375
6.435049012435991,-0.04296875,-0.03125,0.9921875
6.4375486466715435,-0.0625,-0.02734375,0.98828125
6.440048280907096,-0.0546875,-0.015625,1.0
6.442547915142647,-0.05078125,-0.02734375,0.9765625
6.4450475493782005,-0.05078125,-0.015625,0.9765625
6.447547183613752,-0.07421875,-0.015625,0.97265625
6.450046817849305,-0.05859375,-0.02734375,0.99609375
6.4525464520848566,-0.04296875,-0.01171875,1.0078125
6.45504608632041,-0.0390625,-0.02734375,1.0
6.457545720555961,-0.0546875,-0.0078125,0.97265625
6.460045354791514,-0.046875,-0.0390625,1.0078125
6.462544989027066,-0.07421875,-0.02734375,1.0
6.465044623262619,-0.0703125,-0.02734375,0.9765625
6.4675442574981705,-0.0390625,-0.01171875,0.9765625
6.470043891733724,-0.046875,-0.0234375,1.0078125
6.472543525969275,-0.06640625,-0.0078125,0.98828125
6.475043160204828,-0.06640625,-0.015625,0.984375
6.47754279444038,-0.05859375,-0.0234375,0.99609375
6.480042428675933,-0.03515625,-0.01171875,0.97265625
6.4825420629114845,-0.0390625,-0.01171875,0.9765625
6.485041697147037,-0.05078125,-0.04296875,1.0
6.487541331382589,-0.0625,-0.02734375,1.0078125
6.4900409656181415,-0.05859375,-0.0234375,0.9921875
6.492540599853694,-0.046875,-0.03515625,1.0
6.495040234089246,-0.0625,-0.02734375,0.9921875
6.4975398683247985,-0.05078125,-0.02734375,1.0078125
6.500039502560351,-0.05859375,-0.01953125,1.01171875
6.502539136795903,-0.04296875,-0.03515625,0.9765625
6.5050387710314554,-0.04296875,-0.04296875,0.9921875
6.507538405267008,-0.0625,-0.04296875,1.0
6.51003803950256,-0.0703125,-0.015625,0.96875
6.512537673738112,-0.05078125,-0.0390625,0.984375
6.515037307973665,-0.05078125,-0.02734375,0.97265625
6.517536942209217,-0.0546875,-0.01953125,0.99609375
6.520036576444769,-0.046875,-0.03515625,0.98828125
6.522536210680322,-0.0546875,-0.0390625,0.9921875
6.525035844915874,-0.046875,-0.03125,0.96484375
6.527535479151426,-0.046875,-0.02734375,0.984375
6.530035113386978,-0.04296875,-0.0390625,1.00390625
6.532534747622531,-0.04296875,-0.02734375,0.984375
6.5350343818580825,-0.05078125,-0.01171875,0.98828125
6.537534016093636,-0.05859375,-0.03125,0.9921875
6.540033650329187,-0.05078125,-0.01171875,0.99609375
6.54253328456474,-0.0625,-0.02734375,0.9921875
6.545032918800292,-0.0625,-0.03515625,1.015625
6.547532553035845,-0.04296875,-0.01953125,0.9765625
6.5500321872713965,-0.046875,-0.01953125,0.984375
6.55253182150695,-0.046875,-0.03515625,1.00390625
6.555031455742501,-0.0390625,-0.04296875,0.9765625
6.557531089978054,-0.05859375,-0.015625,0.97265625
6.560030724213606,-0.0546875,-0.03125,0.984375
6.562530358449159,-0.05078125,-0.01953125,1.0
6.56502999268471,-0.04296875,-0.03125,0.9921875
6.567529626920264,-0.05859375,-0.02734375,0.9921875
6.570029261155815,-0.05078125,-0.01953125,0.9921875
6.572528895391368,-0.05859375,-0.03125,0.9921875
6.57502852962692,-0.0546875,-0.03125,0.9921875
6.577528163862472,-0.046875,-0.01953125,0.99609375
6.580027798098024,-0.0625,-0.03125,0.99609375
6.582527432333577,-0.05078125,-0.04296875,0.99609375
6.585027066569129,-0.0546875,-0.0390625,1.0
6.587526700804681,-0.0625,-0.0234375,0.97265625
6.590026335040234,-0.0390625,-0.03125,0.9921875
6.592525969275786,-0.05859375,-0.03125,0.984375
6.595025603511338,-0.046875,-0.03125,1.0
6.597525237746891,-0.05078125,-0.0234375,0.98046875
6.600024871982443,-0.04296875,-0.0234375,0.9921875
6.602524506217995,-0.05078125,-0.03125,0.99609375
6.605024140453548,-0.0546875,-0.015625,0.9921875
6.6075237746891,-0.0625,-0.0390625,0.98828125
6.610023408924652,-0.0546875,-0.02734375,0.99609375
6.612523043160205,-0.05859375,-0.00390625,1.00390625
6.615022677395757,-0.0390625,-0.01171875,0.9921875
6.617522311631309,-0.03515625,-0.015625,0.99609375
6.620021945866862,-0.05859375,-0.03515625,1.0
6.622521580102413,-0.05859375,-0.03515625,1.0
6.625021214337966,-0.0546875,-0.03125,0.99609375
6.627520848573518,-0.0625,-0.046875,0.984375
6.630020482809071,-0.0625,-0.02734375,0.99609375
6.632520117044622,-0.04296875,-0.046875,0.9921875
6.635019751280176,-0.05078125,-0.015625,0.98828125
6.637519385515727,-0.05078125,-0.0078125,1.0078125
6.64001901975128,-0.0546875,-0.015625,1.00390625
6.642518653986832,-0.0703125,-0.02734375,0.984375
6.645018288222385,-0.0546875,-0.05078125,1.0078125
6.647517922457936,-0.05078125,-0.0078125,0.99609375
6.65001755669349,-0.0625,-0.01953125,0.98046875
6.652517190929041,-0.05859375,-0.01953125,1.0078125
6.655016825164594,-0.0625,-0.0234375,0.96875
6.657516459400146,-0.05078125,-0.03125,0.99609375
6.660016093635699,-0.05078125,-0.01953125,1.00390625
6.66251572787125,-0.05859375,-0.0234375,1.00390625
6.665015362106804,-0.046875,-0.0234375,0.9921875
6.667514996342355,-0.05078125,-0.015625,0.99609375
6.670014630577907,-0.06640625,-0.02734375,1.00390625
6.67251426481346,-0.03515625,-0.0234375,0.98828125
6.675013899049012,-0.04296875,-0.015625,0.984375
6.677513533284564,-0.03515625,-0.03515625,0.9765625
6.680013167520117,-0.0390625,-0.03515625,0.98828125
6.682512801755669,-0.05859375,-0.03125,1.00390625
6.685012435991221,-0.09375,-0.0390625,0.98046875
6.687512070226774,-0.0625,-0.046875,1.00390625
6.690011704462326,-0.0390625,-0.0234375,1.00390625
6.692511338697878,-0.0234375,-0.01953125,0.984375
6.695010972933431,-0.0390625,-0.0390625,0.984375
6.697510607168983,-0.0546875,-0.0390625,0.96875
6.700010241404535,-0.0546875,-0.02734375,0.9921875
6.702509875640088,-0.0546875,-0.03515625,1.0
6.70500950987564,-0.05078125,-0.03125,1.0
6.707509144111192,-0.0625,-0.03125,1.0
6.710008778346745,-0.05078125,-0.01953125,0.98828125
6.712508412582297,-0.05078125,-0.0390625,0.99609375
6.715008046817848,-0.046875,-0.015625,0.99609375
6.717507681053402,-0.078125,-0.03125,1.015625
6.720007315288953,-0.0390625,-0.03125,0.984375
6.722506949524506,-0.05078125,-0.02734375,0.9765625
6.725006583760058,-0.0703125,-0.05078125,0.98046875
6.727506217995611,-0.046875,-0.02734375,1.00390625
6.730005852231162,-0.0546875,-0.03515625,0.984375
6.7325054864667155,-0.05078125,-0.0234375,0.9921875
6.735005120702267,-0.0546875,-0.03515625,0.99609375
6.73750475493782,-0.046875,-0.03125,1.0078125
6.740004389173372,-0.046875,-0.03125,0.9921875
6.742504023408925,-0.05078125,-0.03125,0.96875
6.745003657644476,-0.0234375,-0.00390625,0.984375
6.7475032918800295,-0.05078125,-0.01953125,0.94921875
6.750002926115581,-0.05078125,-0.01953125,0.984375
6.752502560351134,-0.0234375,-0.01171875,0.96875
6.755002194586686,-0.0546875,-0.03125,0.97265625
6.757501828822239,-0.05078125,-0.0234375,1.0
6.76000146305779,-0.0546875,-0.015625,0.9765625
6.762501097293343,-0.04296875,-0.046875,0.9765625
6.765000731528895,-0.04296875,-0.01171875,0.99609375
6.767500365764447,-0.04296875,-0.0234375,1.0078125
6.77,-0.04296875,-0.01953125,1.0
6.77,-0.046875,-0.03125,1.0078125
6.772499634235552,-0.05859375,-0.0078125,0.984375
6.774999268471104,-0.0625,-0.01953125,0.9765625
6.777498902706657,-0.05078125,-0.01953125,0.97265625
6.779998536942209,-0.0625,-0.01953125,0.96875
6.782498171177761,-0.05859375,-0.02734375,0.98046875
6.7849978054133135,-0.05859375,-0.05078125,0.98046875
6.787497439648866,-0.0625,-0.0234375,1.01953125
6.789997073884418,-0.0703125,-0.03515625,1.0
6.7924967081199705,-0.0546875,-0.046875,1.00390625
6.794996342355523,-0.05078125,-0.03515625,0.9921875
6.797495976591075,-0.0390625,-0.0390625,1.00390625
6.7999956108266275,-0.046875,-0.0390625,0.98828125
6.80249524506218,-0.02734375,-0.04296875,0.98828125
6.804994879297732,-0.04296875,-0.02734375,0.9609375
6.8074945135332845,-0.06640625,-0.0234375,0.9609375
6.809994147768837,-0.05078125,-0.03125,0.9921875
6.812493782004389,-0.0390625,-0.0390625,0.98828125
6.8149934162399415,-0.04296875,-0.046875,0.9921875
6.817493050475493,-0.0625,-0.0234375,0.98828125
6.819992684711045,-0.05078125,-0.01953125,1.01953125
6.822492318946598,-0.05078125,-0.015625,0.98046875
6.82499195318215,-0.04296875,-0.03125,0.9921875
6.827491587417702,-0.0546875,-0.04296875,0.99609375
6.829991221653255,-0.0703125,-0.015625,1.01953125
6.832490855888807,-0.0234375,-0.04296875,0.9921875
6.834990490124359,-0.0625,-0.02734375,1.0234375
6.8374901243599115,-0.0390625,-0.03515625,0.9609375
6.839989758595464,-0.07421875,-0.015625,1.00390625
6.842489392831016,-0.04296875,-0.01953125,0.99609375
6.8449890270665685,-0.04296875,-0.02734375,0.9921875
6.847488661302121,-0.05078125,-0.02734375,0.9921875
6.849988295537673,-0.02734375,-0.02734375,1.0
6.8524879297732255,-0.0625,-0.046875,0.98828125
6.854987564008778,-0.04296875,-0.0390625,0.98046875
6.85748719824433,-0.04296875,-0.01171875,0.9765625
6.8599868324798825,-0.03515625,-0.03515625,0.984375
6.862486466715435,-0.03515625,-0.01953125,0.9921875
6.864986100950987,-0.03515625,-0.03125,0.98046875
6.8674857351865395,-0.05078125,-0.04296875,1.0078125
6.869985369422092,-0.0546875,-0.01953125,0.953125
6.872485003657644,-0.05859375,-0.0234375,1.0
6.8749846378931965,-0.04296875,-0.05078125,1.0
6.877484272128749,-0.0625,-0.0234375,1.0
6.879983906364301,-0.0546875,-0.0078125,0.9921875
6.8824835405998535,-0.0625,0.0,0.97265625
6.884983174835406,-0.03515625,-0.03125,0.9921875
6.887482809070958,-0.0859375,0.01171875,1.0
6.88998244330651,-0.07421875,0.0,0.99609375
6.892482077542063,-0.0390625,-0.03515625,0.9609375
6.894981711777615,-0.02734375,-0.04296875,0.98046875
6.897481346013167,-0.0546875,-0.0234375,1.0078125
6.89998098024872,-0.04296875,-0.0234375,0.953125
6.902480614484272,-0.05859375,-0.02734375,0.9921875
6.904980248719824,-0.0390625,-0.0390625,0.9765625
6.907479882955377,-0.05859375,-0.03515625,0.98046875
6.909979517190928,-0.05859375,-0.0390625,0.9921875
6.9124791514264805,-0.05078125,-0.02734375,0.984375
6.914978785662033,-0.05078125,-0.01171875,0.99609375
6.917478419897585,-0.046875,-0.03125,1.0
6.9199780541331375,-0.0390625,-0.05078125,0.984375
6.92247768836869,-0.0625,-0.0390625,0.984375
6.924977322604242,-0.05859375,-0.015625,1.0078125
6.9274769568397945,-0.06640625,-0.015625,0.99609375
6.929976591075347,-0.05859375,-0.015625,1.0
6.932476225310899,-0.0546875,-0.01953125,1.0
6.9349758595464515,-0.04296875,-0.01953125,0.98828125
6.937475493782004,-0.05078125,-0.02734375,1.0
6.939975128017556,-0.06640625,-0.01171875,0.9921875
6.9424747622531084,-0.0546875,-0.02734375,0.99609375
6.944974396488661,-0.05859375,-0.0234375,1.00390625
6.947474030724213,-0.0390625,-0.01171875,0.984375
6.949973664959765,-0.06640625,-0.02734375,1.00390625
6.952473299195318,-0.05859375,-0.0234375,0.9921875
6.95497293343087,-0.05078125,0.0,0.99609375
6.957472567666422,-0.05078125,-0.03125,1.0078125
6.959972201901975,-0.04296875,-0.0390625,1.00390625
6.962471836137527,-0.03515625,-0.03515625,1.00390625
6.964971470373079,-0.0546875,-0.03125,0.98828125
6.967471104608632,-0.046875,-0.03125,1.00390625
6.969970738844184,-0.046875,-0.02734375,0.95703125
6.972470373079736,-0.05859375,-0.02734375,0.984375
6.974970007315289,-0.046875,-0.0234375,0.94921875
6.977469641550841,-0.046875,-0.0234375,0.99609375
6.979969275786393,-0.0390625,-0.01953125,0.98828125
6.982468910021946,-0.05859375,-0.02734375,0.9765625
6.984968544257498,-0.04296875,-0.01171875,1.0078125
6.98746817849305,-0.046875,-0.0234375,0.984375
6.989967812728603,-0.0625,-0.015625,1.00390625
6.992467446964155,-0.0703125,-0.0234375,0.97265625
6.994967081199707,-0.0546875,-0.02734375,0.984375
6.99746671543526,-0.0546875,-0.00390625,0.9921875
6.999966349670812,-0.05078125,-0.04296875,1.0
7.002465983906363,-0.0546875,-0.03515625,0.9921875
7.004965618141916,-0.0546875,-0.015625,0.98828125
7.007465252377468,-0.05078125,-0.01171875,0.98828125
7.00996488661302,-0.0625,-0.0234375,1.0
7.012464520848573,-0.046875,-0.0390625,0.99609375
7.014964155084125,-0.08984375,-0.0703125,1.37890625
7.017463789319677,0.05078125,0.01171875,0.93359375
7.01996342355523,-0.0703125,-0.03125,0.8828125
7.022463057790782,-0.07421875,-0.0625,0.94921875
7.024962692026334,0.0234375,-0.0625,0.94140625
7.027462326261887,-0.04296875,-0.00390625,0.94921875
7.029961960497439,-0.1015625,-0.03515625,0.9609375
7.032461594732991,-0.0546875,-0.03125,0.96875
7.034961228968544,0.0,0.01171875,0.94140625
7.037460863204096,-0.03125,-0.03515625,1.0
7.039960497439648,-0.1015625,-0.02734375,0.99609375
7.042460131675201,-0.07421875,0.0078125,1.00390625
7.044959765910753,-0.03515625,-0.03125,0.94921875
7.047459400146305,-0.0234375,-0.046875,0.984375
7.049959034381858,-0.08984375,0.03125,1.01171875
7.05245866861741,-0.02734375,-0.05078125,0.984375
7.054958302852962,-0.01171875,-0.046875,0.9765625
7.057457937088515,-0.0703125,-0.0078125,0.984375
7.059957571324067,-0.0703125,-0.00390625,1.0078125
7.062457205559619,-0.0234375,-0.05078125,0.9921875
7.064956839795172,-0.05078125,-0.03125,1.0
7.067456474030724,-0.046875,-0.0078125,1.0234375
7.069956108266276,-0.0546875,-0.01171875,1.015625
7.072455742501829,-0.04296875,-0.046875,0.98046875
7.074955376737381,-0.02734375,-0.05859375,0.9921875
7.077455010972933,-0.0546875,0.00390625,1.01171875
7.079954645208486,-0.0625,-0.01953125,0.99609375
7.082454279444038,-0.0234375,-0.078125,0.9609375
7.08495391367959,-0.04296875,0.0,1.0078125
7.087453547915143,-0.0859375,0.01171875,0.98828125
7.089953182150695,-0.0546875,-0.06640625,0.98046875
7.092452816386247,-0.03125,-0.03515625,0.97265625
7.094952450621799,-0.0546875,0.0,1.01953125
7.097452084857352,-0.046875,-0.0078125,1.00390625
7.099951719092903,-0.0625,-0.02734375,0.984375
7.102451353328456,-0.0546875,-0.02734375,0.98828125
7.104950987564008,-0.05078125,-0.0078125,1.0
7.10745062179956,-0.01953125,-0.0390625,0.96875
7.109950256035113,-0.0390625,-0.0234375,0.98046875
7.112449890270665,-0.0546875,-0.00390625,1.01953125
7.114949524506217,-0.04296875,-0.02734375,0.96875
7.11744915874177,-0.03125,-0.04296875,0.98828125
7.119948792977322,-0.0546875,-0.0078125,1.00390625
7.122448427212874,-0.0625,-0.00390625,1.0078125
7.124948061448427,-0.03515625,-0.046875,0.99609375
7.127447695683979,-0.046875,-0.015625,1.00390625
7.129947329919531,-0.05859375,-0.0078125,1.0078125
7.132446964155084,-0.06640625,-0.03515625,1.00390625
7.134946598390636,-0.0390625,-0.01953125,0.9921875
7.137446232626188,-0.05078125,-0.0078125,1.00390625
7.139945866861741,-0.078125,-0.03515625,0.99609375
7.142445501097293,-0.03515625,-0.04296875,1.00390625
7.144945135332845,-0.0546875,-0.02734375,0.98828125
7.147444769568398,-0.046875,-0.0234375,1.00390625
7.14994440380395,-0.0390625,-0.0234375,0.96484375
7.152444038039502,-0.03125,-0.01953125,1.00390625
7.154943672275055,-0.05078125,-0.01171875,1.015625
7.157443306510607,-0.0390625,-0.02734375,0.9921875
7.159942940746159,-0.04296875,-0.03515625,1.0078125
7.1624425749817116,-0.046875,-0.02734375,0.9765625
7.164942209217264,-0.0546875,-0.02734375,0.99609375
7.167441843452816,-0.046875,-0.0390625,1.0078125
7.1699414776883685,-0.05859375,-0.0234375,0.99609375
7.172441111923921,-0.0546875,-0.0234375,0.98828125
7.174940746159473,-0.06640625,-0.0234375,0.9921875
7.1774403803950255,-0.05078125,-0.02734375,0.97265625
7.179940014630578,-0.0546875,-0.01953125,0.984375
7.18243964886613,-0.0625,-0.0234375,0.96484375
7.1849392831016825,-0.0625,-0.04296875,0.99609375
7.187438917337234,-0.05078125,-0.015625,0.9609375
7.189938551572787,-0.0390625,-0.0234375,0.9765625
7.192438185808339,-0.0703125,-0.0234375,1.0
7.194937820043891,-0.0390625,-0.015625,0.97265625
7.197437454279443,-0.0625,-0.03515625,0.9921875
7.199937088514996,-0.05078125,-0.02734375,0.984375
7.202436722750548,-0.046875,-0.01171875,0.99609375
7.2049363569861,-0.0625,-0.04296875,0.99609375
7.207435991221653,-0.05078125,-0.02734375,0.9921875
7.209935625457205,-0.04296875,-0.01171875,0.9921875
7.212435259692757,-0.05078125,-0.03515625,0.99609375
7.21493489392831,0.06640625,0.02734375,0.6640625
7.217434528163862,-0.15234375,-0.05078125,0.98046875
7.219934162399414,-0.12890625,-0.03515625,0.98828125
7.2224337966349665,0.03125,0.015625,1.125
7.224933430870519,-0.08203125,-0.05859375,0.94921875
7.227433065106071,-0.1484375,-0.03125,1.08984375
7.2299326993416235,-0.0390625,-0.00390625,0.96484375
7.232432333577176,0.01171875,-0.0390625,1.0234375
7.234931967812728,-0.08203125,-0.01953125,0.9765625
7.2374316020482805,-0.07421875,-0.015625,1.0234375
7.239931236283833,-0.0234375,-0.05859375,0.98828125
7.242430870519385,-0.05078125,0.0078125,1.01171875
7.2449305047549375,-0.0703125,-0.04296875,0.99609375
7.24743013899049,-0.015625,-0.0546875,0.9921875
7.249929773226042,-0.02734375,-0.00390625,1.0078125
7.2524294074615945,-0.08203125,-0.01171875,1.03515625
7.254929041697147,-0.0234375,-0.0703125,0.98828125
7.257428675932699,-0.0625,-0.01171875,0.9609375
7.2599283101682515,-0.078125,0.0,1.0234375
7.262427944403804,-0.05859375,-0.04296875,0.98828125
7.264927578639356,-0.046875,-0.04296875,0.95703125
7.2674272128749084,-0.0390625,-0.015625,1.0
7.269926847110461,-0.08203125,0.00390625,1.01953125
7.272426481346013,-0.046875,-0.03515625,1.0078125
7.274926115581565,-0.03515625,-0.0390625,0.96484375
7.277425749817118,-0.046875,-0.015625,1.015625
7.279925384052669,-0.09375,0.00390625,1.00390625
7.282425018288222,-0.01953125,-0.0703125,0.97265625
7.284924652523774,-0.03125,-0.0234375,0.9921875
7.287424286759327,-0.08203125,0.0078125,1.0078125
7.2899239209948785,-0.0625,-0.03515625,0.97265625
7.292423555230431,-0.05859375,-0.04296875,1.0
7.294923189465983,-0.06640625,-0.01171875,1.0
7.2974228237015355,-0.046875,-0.00390625,0.98828125
7.299922457937088,-0.046875,-0.03515625,0.96484375
7.30242209217264,-0.04296875,-0.03125,1.00390625
7.3049217264081925,-0.05078125,-0.0078125,0.9921875
7.307421360643745,-0.05078125,-0.015625,0.96875
7.309920994879297,-0.03515625,-0.03125,0.9921875
7.3124206291148495,-0.0625,-0.015625,0.984375
7.314920263350402,-0.05859375,-0.00390625,0.984375
7.317419897585954,-0.0546875,-0.0546875,1.00390625
7.3199195318215065,-0.05859375,-0.03515625,1.0
7.322419166057059,-0.05859375,-0.0234375,1.00390625
7.324918800292611,-0.046875,-0.0390625,0.984375
7.327418434528163,-0.03125,-0.0390625,0.9765625
7.329918068763716,-0.08984375,-0.0078125,1.0
7.332417702999268,-0.05859375,-0.03125,1.00390625
7.33491733723482,-0.046875,-0.02734375,0.96875
7.337416971470373,-0.0546875,-0.015625,0.984375
7.339916605705925,-0.06640625,-0.0078125,0.9921875
7.342416239941477,-0.05078125,-0.03515625,0.96875
7.34491587417703,-0.0703125,-0.0390625,1.0078125
7.347415508412582,-0.06640625,-0.015625,0.98828125
7.349915142648134,-0.05078125,-0.015625,0.99609375
7.352414776883687,-0.04296875,-0.03515625,0.98046875
7.354914411119239,-0.04296875,-0.0234375,0.9921875
7.357414045354791,-0.0625,-0.01953125,1.0078125
7.359913679590344,-0.05078125,-0.03125,0.97265625
7.362413313825896,-0.0546875,-0.02734375,0.9921875
7.364912948061448,-0.05859375,-0.015625,0.96875
7.367412582297001,-0.0703125,-0.02734375,1.0078125
7.369912216532553,-0.04296875,-0.05078125,0.99609375
7.3724118507681045,-0.0703125,-0.03125,1.0
7.374911485003658,-0.046875,-0.02734375,0.97265625
7.377411119239209,-0.05859375,-0.04296875,0.9921875
7.379910753474762,-0.046875,-0.02734375,1.0
7.382410387710314,-0.046875,-0.05078125,0.98828125
7.384910021945866,-0.0625,-0.0390625,0.98046875
7.387409656181418,-0.06640625,-0.04296875,0.9921875
7.389909290416971,-0.046875,-0.02734375,0.984375
7.392408924652523,-0.03515625,-0.02734375,0.9921875
7.394908558888075,-0.04296875,-0.01953125,0.9921875
7.397408193123628,-0.0703125,-0.0234375,0.98828125
7.39990782735918,-0.03125,-0.015625,1.0078125
7.402407461594732,-0.04296875,-0.02734375,1.0
7.404907095830285,-0.05078125,-0.03515625,1.00390625
7.407406730065837,-0.05078125,-0.01953125,0.99609375
7.409906364301389,-0.0625,-0.03515625,1.0078125
7.412405998536942,-0.05078125,-0.0234375,1.0078125
7.414905632772494,-0.0546875,-0.02734375,1.0
7.417405267008046,-0.04296875,-0.02734375,1.00390625
7.419904901243599,-0.0390625,-0.01953125,0.99609375
7.422404535479151,-0.0546875,-0.02734375,0.984375
7.424904169714703,-0.1015625,-0.015625,1.4921875
7.427403803950256,0.08984375,0.0,0.9453125
7.429903438185808,-0.10546875,-0.03515625,0.8828125
7.43240307242136,-0.08203125,-0.05078125,0.96484375
7.434902706656913,-0.0078125,-0.0546875,0.90234375
7.437402340892465,-0.0234375,-0.01171875,0.91015625
7.439901975128017,-0.10546875,-0.02734375,0.96484375
7.44240160936357,-0.05859375,-0.01953125,0.99609375
7.444901243599122,-0.0234375,-0.00390625,0.921875
7.447400877834674,-0.04296875,-0.02734375,0.984375
7.449900512070227,-0.08984375,-0.015625,0.97265625
7.452400146305779,-0.0859375,0.01171875,1.0078125
7.454899780541331,-0.01953125,-0.02734375,0.93359375
7.457399414776884,-0.0234375,-0.04296875,1.0
7.459899049012436,-0.07421875,-0.01953125,0.99609375
7.462398683247988,-0.015625,-0.05859375,0.98046875
7.46489831748354,-0.02734375,-0.05859375,0.95703125
7.467397951719093,-0.06640625,-0.01171875,1.00390625
7.469897585954644,-0.0546875,-0.03515625,1.00390625
7.472397220190198,-0.03125,-0.0625,0.96875
7.474896854425749,-0.03515625,-0.0390625,1.01171875
7.477396488661301,-0.0546875,-0.01171875,0.98828125
7.479896122896854,-0.05078125,0.01171875,0.98046875
7.482395757132406,-0.02734375,-0.04296875,0.96875
7.484895391367958,-0.04296875,-0.05078125,0.98828125
7.487395025603511,-0.0625,0.0,1.0234375
7.489894659839063,-0.078125,-0.01171875,0.98828125
7.492394294074615,-0.0625,-0.06640625,0.921875
7.494893928310168,-0.0625,-0.0078125,1.0
7.49739356254572,-0.0703125,0.00390625,1.01171875
7.499893196781272,-0.03515625,-0.046875,0.9765625
7.502392831016825,-0.0546875,-0.01953125,1.00390625
7.504892465252377,-0.078125,-0.015625,1.0078125
7.507392099487929,-0.05859375,-0.05078125,0.984375
7.509891733723482,-0.0546875,-0.05859375,1.00390625
7.512391367959034,-0.04296875,-0.015625,0.98046875
7.514891002194586,-0.0703125,-0.00390625,0.99609375
7.517390636430139,-0.03515625,-0.0234375,0.98046875
7.519890270665691,-0.046875,-0.03125,1.0078125
7.522389904901243,-0.05859375,-0.01171875,1.0234375
7.524889539136796,-0.046875,-0.03125,0.98828125
7.527389173372348,-0.03125,-0.06640625,1.0
7.5298888076079,-0.046875,-0.015625,1.0234375
7.532388441843453,-0.0546875,-0.0234375,1.01171875
7.534888076079005,-0.0234375,-0.046875,0.97265625
7.537387710314557,-0.046875,-0.00390625,0.96875
7.53988734455011,-0.0703125,-0.00390625,0.99609375
7.542386978785662,-0.0625,-0.0390625,0.9765625
7.544886613021214,-0.05859375,-0.0234375,0.96484375
7.5473862472567665,-0.05859375,-0.00390625,1.0078125
7.549885881492319,-0.0625,-0.03125,1.0078125
7.552385515727871,-0.03515625,-0.03515625,1.0078125
7.5548851499634235,-0.05078125,-0.01171875,0.97265625
7.557384784198975,-0.0625,-0.0078125,1.00390625
7.559884418434528,-0.05078125,-0.01953125,1.0
7.56238405267008,-0.06640625,-0.04296875,0.98828125
7.564883686905633,-0.06640625,-0.01953125,1.015625
7.567383321141184,-0.0625,-0.03125,0.98046875
7.569882955376737,-0.06640625,-0.03515625,1.0
7.572382589612289,-0.09375,-0.01953125,1.00390625
7.574882223847841,-0.0703125,-0.03125,1.0
7.577381858083394,-0.03515625,-0.0546875,0.99609375
7.579881492318946,-0.0546875,-0.0234375,0.98828125
7.582381126554498,-0.06640625,-0.03125,0.98046875
7.584880760790051,-0.0546875,-0.03515625,1.0
7.587380395025603,-0.04296875,-0.0078125,0.984375
7.589880029261155,-0.0703125,-0.0078125,1.01171875
7.592379663496708,-0.05859375,-0.03125,0.984375
7.59487929773226,-0.046875,-0.01171875,0.98828125
7.597378931967812,-0.04296875,-0.05078125,0.9921875
7.5998785662033645,-0.06640625,-0.02734375,1.0
7.602378200438917,-0.0546875,-0.0234375,0.96484375
7.604877834674469,-0.046875,-0.0390625,0.98828125
7.6073774689100215,-0.05078125,-0.01953125,0.96484375
7.609877103145574,-0.05859375,-0.0234375,1.0
7.612376737381126,-0.05859375,-0.03125,1.0078125
7.6148763716166785,-0.0546875,-0.03515625,1.00390625
7.617376005852231,-0.06640625,-0.0390625,0.984375
7.619875640087783,-0.05859375,-0.0234375,0.99609375
7.6223752743233355,-0.05078125,-0.01171875,0.9765625
7.624874908558888,-0.06640625,-0.03515625,0.984375
7.62737454279444,-0.05859375,-0.0234375,0.97265625
7.6298741770299925,-0.03515625,-0.0390625,0.98828125
7.632373811265545,-0.0390625,-0.015625,1.00390625
7.634873445501097,-0.0390625,-0.01171875,0.96875
7.6373730797366495,-0.0625,-0.0234375,0.98046875
7.639872713972202,-0.05859375,-0.015625,0.953125
7.642372348207754,-0.0390625,-0.046875,0.98828125
7.6448719824433065,-0.03515625,-0.0078125,0.9765625
7.647371616678859,-0.06640625,-0.01953125,1.00390625
7.64987125091441,-0.0625,-0.0390625,0.9921875
7.652370885149963,-0.046875,-0.03515625,0.97265625
7.654870519385515,-0.078125,-0.0078125,0.98828125
7.657370153621068,-0.04296875,-0.02734375,0.99609375
7.6598697878566195,-0.03125,-0.03515625,0.98046875
7.662369422092172,-0.04296875,-0.00390625,1.0078125
7.664869056327724,-0.078125,-0.0234375,0.99609375
7.6673686905632765,-0.06640625,-0.01171875,0.9921875
7.669868324798829,-0.0390625,-0.0390625,0.9921875
7.672367959034381,-0.0703125,-0.015625,1.01953125
7.6748675932699335,-0.0703125,-0.015625,1.00390625
7.677367227505486,-0.046875,-0.02734375,0.9765625
7.679866861741038,-0.05078125,-0.0390625,0.97265625
7.6823664959765905,-0.05859375,-0.01953125,0.9921875
7.684866130212143,-0.0546875,-0.03515625,1.0
7.687365764447695,-0.0625,-0.03515625,0.98046875
7.6898653986832475,-0.03515625,-0.03125,0.98046875
7.6923650329188,-0.046875,-0.0234375,0.99609375
7.694864667154352,-0.05859375,-0.03515625,1.0
7.6973643013899045,-0.0390625,-0.03125,0.98046875
7.699863935625457,-0.05078125,-0.0234375,1.01171875
7.702363569861009,-0.03515625,-0.05078125,1.0078125
7.7048632040965614,-0.0625,-0.015625,0.984375
7.707362838332114,-0.0625,-0.015625,0.98046875
7.709862472567666,-0.06640625,-0.01171875,0.9921875
7.712362106803218,-0.05859375,-0.03125,0.94921875
7.714861741038771,-0.046875,-0.03125,0.98828125
7.717361375274323,-0.03515625,-0.01953125,1.0078125
7.719861009509875,-0.06640625,-0.04296875,1.01953125
7.722360643745428,-0.06640625,-0.03515625,0.98828125
7.72486027798098,-0.06640625,-0.0546875,0.98828125
7.727359912216532,-0.05859375,-0.03125,0.98828125
7.729859546452085,-0.0625,-0.02734375,0.98828125
7.732359180687637,-0.03515625,-0.0234375,0.9765625
7.734858814923189,-0.0546875,-0.01171875,0.9765625
7.737358449158742,-0.0703125,-0.0234375,0.9921875
7.739858083394294,-0.0546875,-0.02734375,0.984375
7.7423577176298455,-0.046875,-0.02734375,0.99609375
7.744857351865399,-0.04296875,-0.01171875,0.9609375
7.74735698610095,-0.03515625,-0.0078125,1.01171875
7.749856620336503,-0.04296875,-0.03515625,0.98828125
7.752356254572055,-0.0390625,-0.03515625,0.98828125
7.754855888807607,-0.0390625,-0.0078125,0.9765625
7.7573555230431595,-0.05078125,-0.0078125,0.99609375
7.759855157278712,-0.046875,-0.0234375,1.0
7.762354791514264,-0.0390625,-0.0234375,0.99609375
7.764854425749816,-0.046875,-0.0234375,0.9765625
7.767354059985369,-0.0625,-0.01171875,0.98046875
7.769853694220921,-0.05859375,-0.0625,0.9921875
7.772353328456473,-0.04296875,-0.01171875,0.98828125
7.774852962692026,-0.05859375,-0.03125,0.9921875
7.777352596927578,-0.05078125,-0.03515625,1.0
7.77985223116313,-0.046875,-0.02734375,0.9921875
7.782351865398683,-0.04296875,-0.0234375,0.984375
7.784851499634235,-0.05859375,-0.0390625,1.00390625
7.787351133869787,-0.05859375,-0.04296875,1.015625
7.78985076810534,-0.04296875,-0.03515625,1.00390625
7.792350402340892,-0.05078125,-0.046875,0.984375
7.794850036576444,-0.05078125,-0.02734375,1.0078125
7.797349670811997,-0.0546875,-0.0234375,0.99609375
7.799849305047549,-0.0390625,-0.01953125,1.0
7.802348939283101,-0.0625,-0.01953125,1.00390625
7.804848573518654,-0.046875,-0.0234375,0.9765625
7.807348207754206,-0.0703125,-0.03515625,0.94921875
7.809847841989758,-0.07421875,-0.0390625,1.0078125
7.812347476225311,-0.046875,-0.03125,1.00390625
7.814847110460863,-0.04296875,-0.02734375,0.984375
7.817346744696415,-0.0703125,-0.01953125,0.96875
7.819846378931968,-0.05078125,-0.0390625,0.99609375
7.82234601316752,-0.05078125,-0.01953125,1.00390625
7.824845647403072,-0.04296875,-0.02734375,1.00390625
7.827345281638625,-0.046875,-0.0390625,1.00390625
7.829844915874176,-0.0703125,-0.03125,0.98046875
7.832344550109729,-0.04296875,-0.03515625,0.984375
7.834844184345281,-0.05859375,-0.00390625,1.0
7.837343818580834,-0.046875,-0.015625,0.9921875
7.839843452816385,-0.046875,-0.03125,0.984375
7.842343087051939,-0.06640625,-0.0390625,1.0078125
7.84484272128749,-0.0625,-0.0234375,0.9921875
7.847342355523043,-0.06640625,-0.05078125,1.00390625
7.849841989758595,-0.04296875,-0.01171875,0.953125
7.852341623994147,-0.06640625,-0.03515625,0.99609375
7.854841258229699,-0.0703125,-0.0234375,1.01171875
7.857340892465252,-0.07421875,-0.0078125,1.01953125
7.859840526700804,-0.05859375,-0.0234375,1.015625
7.862340160936356,-0.05078125,-0.0625,1.0
7.864839795171909,-0.0546875,-0.01171875,0.99609375
7.867339429407461,-0.04296875,-0.01953125,1.0
7.869839063643013,-0.046875,-0.04296875,0.99609375
7.872338697878566,-0.05078125,-0.01953125,1.00390625
7.874838332114118,-0.06640625,-0.015625,0.97265625
7.87733796634967,-0.0390625,-0.03515625,0.97265625
7.879837600585223,-0.0625,-0.02734375,0.9765625
7.882337234820775,-0.05859375,-0.05859375,0.98828125
7.884836869056327,-0.06640625,-0.01953125,0.9921875
7.88733650329188,-0.04296875,-0.0390625,1.0078125
7.889836137527432,-0.05078125,-0.04296875,0.98828125
7.892335771762984,-0.0390625,-0.04296875,0.98046875
7.894835405998537,-0.05078125,-0.015625,1.0
7.897335040234089,-0.04296875,-0.03125,1.0078125
7.899834674469641,-0.06640625,-0.0078125,0.99609375
7.902334308705194,-0.0546875,-0.04296875,1.0
7.904833942940746,-0.046875,-0.02734375,1.0
7.907333577176298,-0.06640625,-0.01171875,0.99609375
7.909833211411851,-0.05078125,-0.0390625,1.00390625
7.912332845647403,-0.046875,-0.02734375,0.984375
7.914832479882955,-0.0546875,-0.0234375,0.9921875
7.917332114118508,-0.03125,-0.015625,0.98828125
7.91983174835406,-0.03125,-0.03515625,1.01171875
7.922331382589611,-0.02734375,-0.01171875,0.99609375
7.9248310168251646,-0.05078125,-0.02734375,1.0
7.927330651060716,-0.0390625,-0.01953125,0.98828125
7.929830285296269,-0.0390625,-0.0390625,0.99609375
7.932329919531821,-0.05078125,-0.03125,0.984375
7.934829553767374,-0.046875,-0.0390625,0.98828125
7.937329188002925,-0.06640625,-0.015625,0.9921875
7.9398288222384785,-0.078125,-0.03125,0.99609375
7.94232845647403,-0.05078125,-0.04296875,1.0
7.944828090709583,-0.04296875,-0.01171875,0.99609375
7.947327724945135,-0.05078125,-0.0546875,1.0
7.949827359180687,-0.0625,-0.01171875,0.99609375
7.952326993416239,-0.0390625,-0.0078125,0.98828125
7.954826627651792,-0.04296875,-0.01171875,1.0
7.957326261887344,-0.05859375,0.0,0.98828125
7.959825896122896,-0.0546875,-0.03515625,0.9921875
7.962325530358449,-0.0390625,-0.02734375,1.0078125
7.964825164594001,-0.0546875,-0.03125,1.0
7.967324798829553,-0.0703125,-0.0625,1.0
7.969824433065106,-0.05078125,-0.0234375,0.9765625
7.972324067300658,-0.0625,-0.0234375,0.9921875
7.97482370153621,-0.04296875,-0.0234375,1.00390625
7.977323335771763,-0.04296875,-0.01171875,0.9921875
7.979822970007315,-0.0390625,-0.046875,1.0
7.982322604242867,-0.04296875,-0.0390625,1.0078125
7.9848222384784195,-0.0625,-0.03515625,1.0
7.987321872713972,-0.05078125,-0.015625,0.96875
7.989821506949524,-0.046875,-0.03515625,0.9609375
7.9923211411850765,-0.03515625,-0.015625,1.0
7.994820775420629,-0.05078125,-0.02734375,0.9765625
7.997320409656181,-0.0625,-0.04296875,0.984375
7.9998200438917335,-0.06640625,-0.01953125,0.984375
8.002319678127286,-0.0390625,-0.0078125,0.98828125
8.004819312362837,-0.0390625,-0.03125,0.98046875
8.00731894659839,-0.05078125,-0.01953125,1.01171875
8.009818580833942,-0.0625,-0.01953125,1.015625
8.012318215069495,-0.0234375,-0.04296875,1.0
8.014817849305047,-0.046875,-0.03125,0.98828125
8.0173174835406,-0.05078125,-0.01953125,0.97265625
8.019817117776151,-0.06640625,-0.03515625,0.98828125
8.022316752011704,-0.0546875,-0.0234375,0.96484375
8.024816386247256,-0.05859375,-0.03515625,1.01171875
8.02731602048281,-0.03515625,-0.01953125,0.99609375
8.02981565471836,-0.0546875,-0.03515625,0.984375
8.032315288953914,-0.046875,-0.02734375,0.98828125
8.034814923189465,-0.04296875,-0.03125,1.0078125
8.037314557425018,-0.04296875,-0.01953125,1.0078125
8.03981419166057,-0.046875,-0.03515625,0.9921875
8.042313825896123,-0.03515625,-0.02734375,1.0078125
8.044813460131675,-0.05859375,-0.015625,1.00390625
8.047313094367228,-0.04296875,-0.03515625,0.96875
8.04981272860278,-0.05859375,-0.03515625,0.98828125
8.052312362838332,-0.0625,-0.04296875,0.98046875
8.054811997073884,-0.05859375,-0.0234375,0.9921875
8.057311631309437,-0.0546875,-0.0390625,0.98828125
8.059811265544989,-0.0546875,-0.01953125,0.984375
8.062310899780542,-0.04296875,-0.00390625,0.9921875
8.064810534016093,-0.05859375,-0.05078125,0.984375
8.067310168251645,-0.05859375,-0.02734375,0.99609375
8.069809802487198,-0.046875,-0.02734375,0.98046875
8.072309436722751,-0.0703125,-0.04296875,0.98046875
8.074809070958302,-0.046875,-0.01171875,0.9921875
8.077308705193854,-0.0625,-0.0234375,0.9765625
8.079808339429407,-0.0625,-0.0234375,0.984375
8.08230797366496,-0.06640625,-0.015625,0.98828125
8.084807607900512,-0.05859375,-0.0390625,0.98828125
8.087307242136063,-0.0390625,-0.015625,0.99609375
8.089806876371616,-0.0546875,-0.03125,1.0
8.092306510607168,-0.05859375,-0.015625,1.0
8.094806144842721,-0.05078125,-0.03125,0.99609375
8.097305779078273,-0.046875,-0.02734375,0.99609375
8.099805413313826,-0.046875,-0.03515625,1.0078125
8.102305047549377,-0.0390625,-0.03515625,0.98046875
8.10480468178493,-0.07421875,-0.015625,1.01953125
8.107304316020482,-0.0390625,-0.03125,0.98046875
8.109803950256035,-0.046875,-0.03515625,0.984375
8.112303584491587,-0.04296875,-0.0078125,0.9921875
8.11480321872714,-0.0546875,-0.03515625,0.98828125
8.117302852962691,-0.046875,-0.015625,0.9921875
8.119802487198244,-0.0625,-0.02734375,1.00390625
8.122302121433796,-0.0625,-0.01953125,0.98046875
8.124801755669349,-0.0546875,-0.02734375,0.984375
8.1273013899049,-0.04296875,-0.03515625,0.984375
8.129801024140454,-0.06640625,-0.01953125,0.9921875
8.132300658376005,-0.06640625,-0.0234375,0.984375
8.134800292611558,-0.05078125,-0.03125,0.98828125
8.13729992684711,-0.04296875,-0.01171875,0.98828125
8.139799561082663,-0.08203125,-0.0078125,1.0078125
8.142299195318214,-0.0625,-0.05078125,0.99609375
8.144798829553768,-0.0546875,-0.0390625,1.01171875
8.147298463789319,-0.05078125,-0.03125,0.9921875
8.149798098024872,-0.03515625,-0.0390625,0.98046875
8.152297732260424,-0.05859375,-0.03515625,1.0
8.154797366495977,-0.0390625,-0.01171875,0.984375
8.157297000731528,-0.0546875,-0.01171875,1.0078125
8.15979663496708,-0.0625,-0.03125,1.0078125
8.162296269202633,-0.0625,-0.03515625,0.984375
8.164795903438186,-0.0703125,-0.0078125,0.984375
8.167295537673738,-0.04296875,-0.01171875,0.98046875
8.16979517190929,-0.04296875,-0.03515625,1.0078125
8.172294806144842,-0.05078125,-0.02734375,0.99609375
8.174794440380396,-0.0625,-0.02734375,0.95703125
8.177294074615947,-0.0546875,-0.05078125,0.99609375
8.179793708851498,-0.02734375,-0.01953125,0.984375
8.182293343087052,-0.06640625,-0.01171875,1.0078125
8.184792977322603,-0.0703125,-0.0078125,1.0078125
8.187292611558156,-0.04296875,-0.03515625,0.9921875
8.189792245793708,-0.0546875,-0.0234375,0.9921875
8.192291880029261,-0.07421875,-0.03125,0.99609375
8.194791514264812,-0.05078125,-0.0234375,1.0078125
8.197291148500366,-0.046875,-0.03125,0.98046875
8.199790782735917,-0.046875,-0.01171875,0.9921875
8.20229041697147,-0.05078125,-0.01953125,1.0
8.204790051207022,-0.0625,-0.00390625,1.0
8.207289685442575,-0.05859375,-0.01953125,0.9921875
8.209789319678126,-0.0390625,-0.01171875,1.01171875
8.21228895391368,-0.0625,-0.015625,0.99609375
8.214788588149231,-0.0703125,-0.02734375,0.99609375
8.217288222384784,-0.0546875,-0.03125,0.984375
8.219787856620336,-0.04296875,-0.015625,0.99609375
8.222287490855889,-0.0546875,-0.01171875,0.9921875
8.22478712509144,-0.0390625,-0.0234375,1.00390625
8.227286759326994,-0.04296875,-0.01953125,0.98828125
8.229786393562545,-0.05078125,-0.0234375,1.00390625
8.232286027798098,-0.0546875,-0.0234375,0.9921875
8.23478566203365,-0.0546875,-0.03125,0.9921875
8.237285296269203,-0.05078125,-0.02734375,0.9765625
8.239784930504754,-0.0546875,-0.01953125,0.98046875
8.242284564740308,-0.04296875,-0.0390625,1.0
8.244784198975859,-0.046875,-0.01171875,0.98046875
8.247283833211412,-0.0390625,-0.03515625,0.99609375
8.249783467446964,-0.0703125,-0.0078125,0.97265625
8.252283101682515,-0.046875,-0.02734375,0.984375
8.254782735918068,-0.03515625,-0.01171875,0.9921875
8.257282370153622,-0.03125,-0.02734375,0.99609375
8.259782004389173,-0.03515625,-0.0234375,0.99609375
8.262281638624724,-0.03515625,-0.015625,0.98046875
8.264781272860278,-0.046875,-0.015625,0.98046875
8.26728090709583,-0.07421875,-0.015625,0.984375
8.269780541331382,-0.04296875,-0.01953125,1.0
8.272280175566934,-0.0390625,-0.0234375,0.9921875
8.274779809802487,-0.05859375,-0.03515625,0.984375
8.277279444038038,-0.05859375,-0.03125,0.984375
8.279779078273592,-0.06640625,-0.046875,0.9921875
8.282278712509143,-0.05078125,-0.0234375,0.98828125
8.284778346744696,-0.06640625,-0.01953125,1.00390625
8.287277980980248,-0.0625,-0.0390625,0.99609375
8.289777615215801,-0.0703125,-0.01953125,0.95703125
8.292277249451352,-0.05078125,-0.03515625,1.00390625
8.294776883686906,-0.0546875,-0.015625,0.984375
8.297276517922457,-0.04296875,-0.03515625,0.98828125
8.29977615215801,-0.0546875,-0.03125,0.96875
8.302275786393562,-0.05078125,-0.02734375,0.99609375
8.304775420629115,-0.0625,-0.03125,0.99609375
8.307275054864666,-0.046875,-0.0234375,0.98828125
8.30977468910022,-0.0703125,-0.02734375,0.99609375
8.312274323335771,-0.0625,-0.015625,0.98828125
8.314773957571324,-0.0546875,-0.01953125,0.98828125
8.317273591806876,-0.0546875,-0.015625,0.9921875
8.319773226042429,-0.05859375,-0.02734375,1.00390625
8.32227286027798,-0.06640625,-0.0390625,1.00390625
8.324772494513534,-0.0625,-0.03125,1.0
8.327272128749085,-0.05859375,-0.01953125,1.0
8.329771762984638,-0.046875,-0.01953125,1.00390625
8.33227139722019,-0.0390625,-0.03515625,0.99609375
8.334771031455743,-0.046875,-0.0078125,0.953125
8.337270665691294,-0.0703125,-0.0390625,0.98828125
8.339770299926847,-0.0625,-0.03125,0.98828125
8.342269934162399,-0.0390625,-0.04296875,0.9921875
8.34476956839795,-0.04296875,-0.01171875,1.0
8.347269202633504,-0.0546875,-0.03515625,0.98828125
8.349768836869057,-0.05078125,-0.01171875,1.0
8.352268471104608,-0.06640625,-0.03125,0.984375
8.35476810534016,-0.0546875,-0.03515625,1.0078125
8.357267739575713,-0.06640625,-0.01953125,0.99609375
8.359767373811266,-0.05859375,-0.046875,1.0078125
8.362267008046818,-0.0546875,-0.015625,0.9921875
8.364766642282369,-0.046875,-0.0078125,0.98828125
8.367266276517922,-0.0546875,-0.02734375,0.98828125
8.369765910753474,-0.05078125,-0.0390625,0.9765625
8.372265544989027,-0.05859375,-0.01171875,1.0
8.374765179224578,-0.03515625,-0.00390625,0.98828125
8.377264813460132,-0.03515625,-0.03125,1.00390625
8.379764447695683,-0.0546875,-0.0234375,1.0
8.382264081931236,-0.05078125,-0.015625,0.9921875
8.384763716166788,-0.046875,-0.01171875,0.9609375
8.38726335040234,-0.06640625,-0.01953125,0.96484375
8.389762984637892,-0.046875,-0.015625,0.9765625
8.392262618873445,-0.04296875,-0.02734375,1.0078125
8.394762253108997,-0.03515625,-0.01953125,0.9765625
8.39726188734455,-0.05859375,-0.0234375,0.9921875
8.399761521580102,-0.04296875,-0.01171875,0.97265625
8.402261155815655,-0.0390625,-0.02734375,0.98046875
8.404760790051206,-0.07421875,-0.01953125,1.0
8.40726042428676,-0.0625,-0.04296875,1.01171875
8.409760058522311,-0.0546875,-0.0234375,1.00390625
8.412259692757864,-0.0625,-0.0546875,1.00390625
8.414759326993416,-0.05078125,-0.03125,0.97265625
8.417258961228969,-0.0390625,-0.03125,0.98046875
8.41975859546452,-0.05078125,-0.01953125,0.98046875
8.422258229700073,-0.05859375,-0.02734375,0.99609375
8.424757863935625,-0.05078125,-0.03515625,1.0
8.427257498171178,-0.05078125,-0.0390625,1.01171875
8.42975713240673,-0.06640625,-0.0390625,1.0078125
8.432256766642283,-0.05078125,-0.0234375,0.9921875
8.434756400877834,-0.078125,-0.01953125,1.00390625
8.437256035113386,-0.05859375,-0.0390625,0.9921875
8.439755669348939,-0.0625,-0.01953125,0.98046875
8.442255303584492,-0.05078125,-0.0234375,0.99609375
8.444754937820043,-0.05859375,-0.04296875,0.99609375
8.447254572055595,-0.0546875,-0.015625,1.0
8.449754206291148,-0.046875,-0.0390625,1.0
8.452253840526701,-0.06640625,-0.0390625,0.9921875
8.454753474762253,-0.03125,-0.05859375,0.9921875
8.457253108997804,-0.0625,-0.02734375,0.9921875
8.459752743233357,-0.0625,-0.02734375,0.9765625
8.462252377468909,-0.0859375,-0.015625,1.01171875
8.464752011704462,-0.0625,-0.02734375,0.984375
8.467251645940014,-0.046875,-0.0078125,0.98828125
8.469751280175567,-0.0703125,-0.03515625,1.0
8.472250914411118,-0.046875,-0.03125,0.98046875
8.474750548646671,-0.04296875,-0.02734375,1.0078125
8.477250182882223,-0.08203125,-0.03125,1.015625
8.479749817117776,-0.05078125,-0.01953125,0.99609375
8.482249451353328,-0.046875,-0.01171875,0.9921875
8.48474908558888,-0.05859375,-0.0234375,0.98046875
8.487248719824432,-0.0625,-0.0390625,0.98828125
8.489748354059985,-0.03125,-0.05078125,0.99609375
8.492247988295537,-0.078125,-0.01953125,0.97265625
8.49474762253109,-0.046875,-0.015625,0.9921875
8.497247256766641,-0.0546875,-0.0078125,0.98828125
8.499746891002195,-0.046875,-0.02734375,0.9921875
8.502246525237746,-0.0546875,-0.015625,0.984375
8.5047461594733,-0.06640625,-0.02734375,0.98828125
8.50724579370885,-0.04296875,-0.0234375,0.9765625
8.509745427944404,-0.046875,-0.0234375,0.9765625
8.512245062179955,-0.0546875,-0.02734375,1.0078125
8.514744696415509,-0.046875,-0.01953125,1.0078125
8.51724433065106,-0.06640625,-0.02734375,0.96875
8.519743964886613,-0.05078125,-0.0234375,1.00390625
8.522243599122165,-0.0546875,-0.0234375,1.00390625
8.524743233357718,-0.05078125,-0.0078125,1.01171875
8.52724286759327,-0.0546875,-0.03515625,0.96484375
8.52974250182882,-0.046875,-0.03515625,0.96875
8.532242136064374,-0.0546875,-0.01953125,0.96875
8.534741770299927,-0.06640625,-0.02734375,1.0078125
8.537241404535479,-0.05078125,-0.0234375,0.9921875
8.53974103877103,-0.0390625,-0.01171875,0.99609375
8.542240673006583,-0.0703125,-0.03125,1.0
8.544740307242137,-0.06640625,-0.03515625,0.9609375
8.547239941477688,-0.0390625,-0.05078125,1.01171875
8.54973957571324,-0.06640625,-0.01953125,1.00390625
8.552239209948793,-0.0546875,-0.03515625,0.98828125
8.554738844184344,-0.03125,-0.01953125,0.98828125
8.557238478419897,-0.05859375,-0.01171875,1.00390625
8.559738112655449,-0.0390625,-0.046875,0.984375
8.562237746891002,-0.03125,-0.015625,0.96875
8.564737381126553,-0.05078125,-0.0234375,0.984375
8.567237015362107,-0.06640625,-0.03125,1.00390625
8.569736649597658,-0.06640625,-0.03515625,1.0
8.572236283833211,-0.05859375,-0.0390625,1.0
8.574735918068763,-0.0625,-0.0078125,1.0
8.577235552304316,-0.04296875,-0.015625,1.0078125
8.579735186539867,-0.046875,-0.05078125,1.0
8.58223482077542,-0.0703125,-0.0390625,0.99609375
8.584734455010972,-0.0625,-0.0390625,0.99609375
8.587234089246525,-0.0390625,-0.04296875,1.0
8.589733723482077,-0.02734375,-0.0390625,0.9765625
8.59223335771763,-0.03125,-0.02734375,1.0
8.594732991953181,-0.04296875,-0.01953125,0.9921875
8.597232626188735,-0.05078125,-0.015625,1.00390625
8.599732260424286,-0.0625,-0.00390625,0.9921875
8.60223189465984,-0.0546875,-0.0234375,1.0
8.60473152889539,-0.0546875,-0.0078125,0.98828125
8.607231163130944,-0.0546875,-0.00390625,0.98046875
8.609730797366495,-0.07421875,-0.0390625,1.00390625
8.612230431602049,-0.046875,-0.02734375,1.00390625
8.6147300658376,-0.03515625,-0.05078125,0.98828125
8.617229700073153,-0.046875,-0.01171875,1.0
8.619729334308705,-0.0625,-0.02734375,0.984375
8.622228968544256,-0.03515625,-0.01171875,0.9921875
8.62472860277981,-0.03125,-0.01171875,0.9609375
8.627228237015363,-0.02734375,-0.02734375,0.98828125
8.629727871250914,-0.05078125,-0.0234375,0.99609375
8.632227505486465,-0.0625,-0.04296875,0.9921875
8.634727139722019,-0.046875,-0.02734375,0.98046875
8.637226773957572,-0.05859375,-0.0234375,0.94140625
8.639726408193123,-0.0546875,-0.015625,0.9765625
8.642226042428675,-0.03125,-0.0234375,0.9609375
8.644725676664228,-0.0625,-0.0234375,0.9921875
8.64722531089978,-0.0546875,-0.02734375,0.9609375
8.649724945135333,-0.05859375,-0.046875,0.97265625
8.652224579370884,-0.04296875,-0.0234375,0.984375
8.654724213606437,-0.0546875,-0.01953125,1.015625
8.657223847841989,-0.0625,-0.03515625,0.98046875
8.659723482077542,-0.046875,-0.06640625,0.99609375
8.662223116313093,-0.04296875,-0.01171875,0.96484375
8.664722750548647,-0.0390625,-0.03125,1.0078125
8.667222384784198,-0.0390625,-0.0234375,0.97265625
8.669722019019751,-0.0625,-0.0234375,0.9921875
8.672221653255303,-0.07421875,-0.015625,1.00390625
8.674721287490856,-0.0546875,-0.02734375,0.98828125
8.677220921726407,-0.0546875,-0.03515625,0.99609375
8.67972055596196,-0.04296875,-0.015625,0.9765625
8.682220190197512,-0.046875,-0.01953125,1.0078125
8.684719824433065,-0.0546875,-0.03515625,0.99609375
8.687219458668617,-0.0625,-0.0390625,0.984375
8.68971909290417,-0.0625,-0.01953125,0.9921875
8.692218727139721,-0.05859375,-0.01953125,1.01171875
8.694718361375275,-0.046875,-0.02734375,0.9921875
8.697217995610826,-0.05859375,-0.015625,0.99609375
8.69971762984638,-0.0390625,-0.0078125,0.9921875
8.70221726408193,-0.05859375,-0.01171875,0.99609375
8.704716898317484,-0.04296875,-0.0234375,1.0
8.707216532553035,-0.0546875,-0.03515625,1.0
8.709716166788589,-0.046875,-0.03125,1.01171875
8.71221580102414,-0.0546875,-0.03515625,0.98828125
8.714715435259691,-0.046875,-0.03515625,0.98046875
8.717215069495245,-0.05078125,-0.01171875,1.0
8.719714703730798,-0.0390625,-0.01953125,0.9765625
8.72221433796635,-0.03515625,-0.0234375,0.96875
8.7247139722019,-0.0546875,-0.01171875,0.98046875
8.727213606437454,-0.0390625,-0.0390625,1.01171875
8.729713240673007,-0.05078125,-0.03125,0.98828125
8.732212874908559,-0.0625,-0.0234375,0.984375
8.73471250914411,-0.05078125,-0.015625,0.9921875
8.737212143379663,-0.05859375,-0.03515625,0.99609375
8.739711777615215,-0.04296875,-0.0234375,0.9921875
8.742211411850768,-0.05078125,-0.03515625,0.98046875
8.74471104608632,-0.0546875,-0.0078125,0.99609375
8.747210680321873,-0.05078125,-0.01953125,0.9921875
8.749710314557424,-0.05859375,-0.04296875,1.015625
8.752209948792977,-0.078125,-0.03125,0.98828125
8.754709583028529,-0.04296875,-0.0234375,0.99609375
8.757209217264082,-0.0390625,-0.03125,1.00390625
8.759708851499633,-0.05078125,-0.03125,0.98828125
8.762208485735187,-0.06640625,-0.0078125,0.9765625
8.764708119970738,-0.0625,-0.03515625,0.9921875
8.767207754206291,-0.046875,-0.0234375,0.98046875
8.769707388441843,-0.06640625,-0.01953125,0.984375
8.772207022677396,-0.078125,-0.0234375,1.015625
8.774706656912947,-0.0703125,-0.0234375,0.984375
8.7772062911485,-0.0546875,-0.03125,0.9921875
8.779705925384052,-0.0546875,-0.03515625,1.0078125
8.782205559619605,-0.0390625,-0.03125,0.984375
8.784705193855157,-0.04296875,-0.00390625,1.00390625
8.78720482809071,-0.0546875,-0.04296875,1.00390625
8.789704462326261,-0.046875,-0.01953125,1.01953125
8.792204096561814,-0.03515625,-0.0078125,0.9921875
8.794703730797366,-0.05859375,-0.04296875,1.0078125
8.797203365032917,-0.046875,-0.0234375,0.9921875
8.79970299926847,-0.05859375,-0.0234375,0.99609375
8.802202633504024,-0.0390625,-0.0390625,0.98046875
8.804702267739575,-0.0546875,-0.015625,0.9921875
8.807201901975127,-0.0546875,-0.015625,1.0
8.80970153621068,-0.046875,-0.0234375,1.0078125
8.812201170446233,-0.05078125,-0.03125,1.0
8.814700804681785,-0.046875,-0.015625,0.984375
8.817200438917336,-0.046875,-0.0390625,1.00390625
8.81970007315289,-0.0546875,-0.03515625,0.98828125
8.822199707388442,-0.046875,-0.02734375,0.99609375
8.824699341623994,-0.0625,-0.02734375,0.9921875
8.827198975859545,-0.07421875,-0.0234375,1.00390625
8.829698610095098,-0.0546875,-0.0390625,0.99609375
8.832198244330652,-0.0625,-0.02734375,1.0
8.834697878566203,-0.05859375,-0.02734375,1.0
8.837197512801755,-0.05078125,-0.04296875,0.98828125
8.839697147037308,-0.06640625,-0.01953125,1.0
8.84219678127286,-0.03125,-0.0234375,0.99609375
8.844696415508412,-0.046875,-0.04296875,0.9921875
8.847196049743964,-0.04296875,-0.0234375,0.98046875
8.849695683979517,-0.0703125,-0.05078125,0.99609375
8.852195318215069,-0.046875,-0.015625,0.95703125
8.854694952450622,-0.0546875,-0.0234375,1.0
8.857194586686173,-0.05078125,-0.04296875,0.98828125
8.859694220921726,-0.07421875,-0.01953125,1.0078125
8.862193855157278,-0.0390625,-0.015625,0.97265625
8.864693489392831,-0.0390625,-0.0390625,0.9921875
8.867193123628383,-0.03515625,-0.0234375,0.9921875
8.869692757863936,-0.046875,-0.01953125,0.9765625
8.872192392099487,-0.0546875,-0.03125,0.984375
8.87469202633504,-0.0546875,-0.01171875,0.98828125
8.877191660570592,-0.0390625,-0.0234375,0.9921875
8.879691294806145,-0.04296875,-0.03125,0.96875
8.882190929041696,-0.05859375,-0.01953125,0.98046875
8.88469056327725,-0.03515625,-0.0390625,0.9765625
8.887190197512801,-0.04296875,-0.02734375,0.9609375
8.889689831748353,-0.0234375,-0.015625,1.01171875
8.892189465983906,-0.0390625,-0.03515625,1.00390625
8.894689100219459,-0.03515625,-0.04296875,0.96875
8.89718873445501,-0.05859375,-0.02734375,1.0078125
8.899688368690562,-0.0546875,-0.03515625,0.984375
8.902188002926115,-0.0390625,-0.01171875,0.98828125
8.904687637161668,-0.0546875,-0.01953125,0.98828125
8.90718727139722,-0.08203125,-0.0078125,0.98828125
8.909686905632771,-0.04296875,-0.03125,0.9921875
8.912186539868324,-0.0546875,-0.03125,0.9921875
8.914686174103878,-0.046875,-0.04296875,1.0
8.917185808339429,-0.04296875,-0.03125,0.9921875
8.91968544257498,-0.0390625,-0.0390625,0.99609375
8.922185076810534,-0.05078125,-0.04296875,1.0
8.924684711046087,-0.046875,-0.015625,0.98046875
8.927184345281638,-0.05859375,-0.0234375,1.00390625
8.92968397951719,-0.0546875,-0.03515625,1.00390625
8.932183613752743,-0.0390625,-0.01953125,0.9921875
8.934683247988294,-0.03125,-0.02734375,1.0
8.937182882223848,-0.0625,-0.04296875,0.98828125
8.9396825164594,-0.0625,-0.0078125,0.95703125
8.942182150694952,-0.046875,-0.01171875,0.98046875
8.944681784930504,-0.0546875,-0.015625,0.9921875
8.947181419166057,-0.05078125,-0.01171875,0.97265625
8.949681053401608,-0.0390625,0.0,1.015625
8.952180687637162,-0.04296875,-0.01953125,0.98046875
8.954680321872713,-0.0546875,-0.0234375,0.98046875
8.957179956108266,-0.04296875,-0.02734375,0.99609375
8.959679590343818,-0.0390625,-0.01953125,0.9609375
8.962179224579371,-0.04296875,-0.02734375,0.9921875
8.964678858814922,-0.05078125,-0.02734375,0.98046875
8.967178493050476,-0.0546875,-0.03125,0.98046875
8.969678127286027,-0.04296875,-0.04296875,0.9921875
8.97217776152158,-0.0546875,-0.0234375,0.96484375
8.974677395757132,-0.06640625,-0.015625,0.98046875
8.977177029992685,-0.03515625,-0.04296875,0.98828125
8.979676664228236,-0.0703125,-0.03125,0.98828125
8.982176298463788,-0.06640625,-0.03125,1.0
8.984675932699341,-0.046875,-0.046875,1.00390625
8.987175566934894,-0.05859375,-0.03515625,0.984375
8.989675201170446,-0.0703125,-0.04296875,1.00390625
8.992174835405997,-0.03515625,-0.046875,0.9765625
8.99467446964155,-0.05078125,-0.0390625,0.98046875
8.997174103877104,-0.05078125,-0.02734375,0.984375
8.999673738112655,-0.08203125,-0.02734375,1.0
9.002173372348206,-0.0390625,-0.01953125,1.00390625
9.00467300658376,-0.04296875,-0.01171875,0.98828125
9.007172640819313,-0.05859375,-0.0234375,1.01171875
9.009672275054864,-0.0546875,-0.02734375,0.98828125
9.012171909290416,-0.05078125,-0.02734375,0.98828125
9.014671543525969,-0.046875,-0.0234375,0.98046875
9.017171177761522,-0.046875,-0.03125,1.0
9.019670811997074,-0.04296875,-0.0078125,1.00390625
9.022170446232625,-0.02734375,-0.0390625,0.9921875
9.024670080468178,-0.046875,-0.03125,1.00390625
9.02716971470373,-0.046875,-0.0234375,0.9921875
9.029669348939283,-0.04296875,-0.0234375,0.9921875
9.032168983174834,-0.05078125,-0.046875,1.0078125
9.034668617410388,-0.046875,-0.0234375,0.98046875
9.037168251645939,-0.0625,-0.046875,1.0
9.039667885881492,-0.0625,-0.03125,1.00390625
9.042167520117044,-0.07421875,-0.02734375,1.00390625
9.044667154352597,-0.06640625,-0.0234375,0.99609375
9.047166788588148,-0.06640625,-0.0234375,1.0078125
9.049666422823702,-0.0703125,-0.03515625,0.99609375
9.052166057059253,-0.05078125,-0.02734375,0.98828125
9.054665691294806,-0.05859375,-0.01953125,1.015625
9.057165325530358,-0.05078125,-0.03125,1.0078125
9.059664959765911,-0.0546875,-0.0234375,0.9765625
9.062164594001462,-0.0390625,-0.0234375,0.9765625
9.064664228237016,-0.046875,-0.03125,1.00390625
9.067163862472567,-0.07421875,-0.0234375,0.99609375
9.06966349670812,-0.05078125,-0.03515625,0.9921875
9.072163130943672,-0.05859375,-0.015625,1.00390625
9.074662765179223,-0.0546875,-0.05078125,1.01171875
9.077162399414776,-0.0625,-0.03125,0.98828125
9.07966203365033,-0.05078125,-0.015625,0.98828125
9.082161667885881,-0.05859375,-0.03515625,1.0078125
9.084661302121432,-0.05859375,-0.02734375,0.9765625
9.087160936356986,-0.0625,-0.03125,1.015625
9.089660570592539,-0.04296875,-0.03515625,1.01171875
9.09216020482809,-0.046875,-0.0234375,1.0
9.094659839063642,-0.05078125,-0.046875,1.01171875
9.097159473299195,-0.0625,-0.0234375,0.984375
9.099659107534748,-0.0625,-0.04296875,1.01171875
9.1021587417703,-0.07421875,-0.03515625,1.0
9.104658376005851,-0.078125,-0.015625,0.99609375
9.107158010241404,-0.0546875,-0.02734375,1.0078125
9.109657644476957,-0.05078125,-0.01171875,1.015625
9.112157278712509,-0.0625,0.0,0.9921875
9.11465691294806,-0.0703125,-0.0234375,0.984375
9.117156547183614,-0.07421875,-0.03125,0.99609375
9.119656181419167,-0.0390625,-0.01171875,1.00390625
9.122155815654718,-0.0703125,-0.015625,0.9765625
9.12465544989027,-0.05078125,-0.01953125,0.97265625
9.127155084125823,-0.04296875,-0.01953125,1.0
9.129654718361374,-0.0390625,-0.03125,0.98046875
9.132154352596928,-0.06640625,-0.02734375,0.98046875
9.134653986832479,-0.06640625,-0.02734375,0.984375
9.137153621068032,-0.0390625,-0.01953125,0.96484375
9.139653255303584,-0.0625,-0.03125,0.98046875
9.142152889539137,-0.0546875,-0.0234375,0.96484375
9.144652523774688,-0.06640625,-0.03515625,1.0078125
9.147152158010242,-0.078125,-0.05078125,0.99609375
9.149651792245793,-0.03515625,-0.015625,0.98828125
9.152151426481346,-0.05078125,-0.01171875,1.01171875
9.154651060716898,-0.05859375,-0.02734375,1.0078125
9.15715069495245,-0.046875,-0.03125,0.9921875
9.159650329188002,-0.04296875,-0.0390625,1.00390625
9.162149963423555,-0.05078125,-0.01171875,1.00390625
9.164649597659107,-0.046875,-0.01953125,0.9765625
9.167149231894658,-0.05859375,-0.0234375,1.00390625
9.169648866130212,-0.04296875,-0.01171875,1.0
9.172148500365765,-0.05078125,-0.0390625,0.9921875
9.174648134601316,-0.0546875,-0.04296875,1.0
9.177147768836868,-0.0390625,-0.01953125,0.99609375
9.17964740307242,-0.046875,-0.02734375,1.0
9.182147037307974,-0.07421875,-0.02734375,0.9921875
9.184646671543526,-0.046875,-0.02734375,0.9921875
9.187146305779077,-0.05859375,-0.03125,0.99609375
9.18964594001463,-0.046875,-0.0390625,0.9765625
9.192145574250183,-0.0625,-0.01171875,0.97265625
9.194645208485735,-0.0546875,-0.03125,1.0
9.197144842721286,-0.0390625,-0.04296875,1.0078125
9.19964447695684,-0.05078125,-0.03125,0.9921875
9.202144111192393,-0.0625,-0.015625,0.9609375
9.204643745427944,-0.0546875,-0.03125,0.9765625
9.207143379663496,-0.0625,-0.02734375,1.0078125
9.209643013899049,-0.0859375,-0.03515625,0.96875
9.212142648134602,-0.04296875,-0.00390625,0.98046875
9.214642282370153,-0.05078125,-0.015625,1.0
9.217141916605705,-0.05078125,-0.02734375,1.00390625
9.219641550841258,-0.046875,-0.0234375,1.0
9.22214118507681,-0.05078125,-0.015625,0.984375
9.224640819312363,-0.05859375,-0.03515625,0.97265625
9.227140453547914,-0.05859375,-0.0234375,0.9921875
9.229640087783467,-0.05078125,-0.04296875,1.01953125
9.232139722019019,-0.078125,-0.015625,0.99609375
9.234639356254572,-0.0390625,-0.0234375,0.98046875
9.237138990490124,-0.0546875,-0.03125,0.984375
9.239638624725677,-0.06640625,-0.0546875,1.015625
9.242138258961228,-0.046875,-0.01953125,0.9921875
9.244637893196781,-0.04296875,-0.015625,0.9765625
9.247137527432333,-0.0625,-0.046875,0.9921875
9.249637161667886,-0.0546875,-0.03125,1.0
9.252136795903438,-0.05078125,-0.01953125,0.97265625
9.25463643013899,-0.05078125,-0.0234375,0.98046875
9.257136064374542,-0.06640625,-0.015625,0.98828125
9.259635698610095,-0.0390625,-0.015625,0.96484375
9.262135332845647,-0.03515625,-0.04296875,1.00390625
9.2646349670812,-0.0625,-0.03515625,1.0
9.267134601316751,-0.06640625,-0.03515625,0.984375
9.269634235552303,-0.0625,-0.0390625,1.0078125
9.272133869787856,-0.046875,-0.01953125,0.9921875
9.27463350402341,-0.06640625,-0.02734375,0.98828125
9.27713313825896,-0.05078125,-0.0234375,0.984375
9.279632772494512,-0.0546875,-0.04296875,0.9921875
9.282132406730065,-0.06640625,-0.01953125,1.00390625
9.284632040965619,-0.05078125,-0.03515625,1.0
9.28713167520117,-0.0625,-0.03125,1.0
9.289631309436722,-0.046875,-0.03125,0.99609375
9.292130943672275,-0.05859375,-0.0390625,0.99609375
9.294630577907828,-0.04296875,-0.015625,1.0
9.29713021214338,-0.03125,-0.046875,1.0078125
9.29962984637893,-0.04296875,-0.0234375,0.984375
9.302129480614484,-0.06640625,-0.015625,0.984375
9.304629114850037,-0.0625,-0.0234375,1.0
9.307128749085589,-0.0546875,-0.01171875,1.0078125
9.30962838332114,-0.05859375,-0.015625,0.94921875
9.312128017556693,-0.05859375,-0.0234375,0.98046875
9.314627651792245,-0.0546875,-0.00390625,1.0
9.317127286027798,-0.05078125,-0.03125,0.9921875
9.31962692026335,-0.04296875,-0.0234375,0.96484375
9.322126554498903,-0.04296875,-0.01953125,0.984375
9.324626188734454,-0.04296875,-0.03125,0.98828125
9.327125822970007,-0.046875,-0.046875,0.99609375
9.329625457205559,-0.0546875,-0.02734375,1.0
9.332125091441112,-0.0546875,-0.01171875,1.00390625
9.334624725676663,-0.05078125,-0.01953125,1.00390625
9.337124359912217,-0.0625,-0.0390625,0.9921875
9.339623994147768,-0.05859375,-0.03515625,0.96875
9.342123628383321,-0.046875,-0.01171875,0.984375
9.344623262618873,-0.06640625,-0.03125,0.98828125
9.347122896854426,-0.05859375,-0.03125,0.9921875
9.349622531089977,-0.0625,-0.0234375,0.98828125
9.35212216532553,-0.0546875,-0.02734375,0.98046875
9.354621799561082,-0.03515625,-0.01953125,1.0
9.357121433796635,-0.0625,-0.01953125,1.0
9.359621068032187,-0.0390625,-0.05859375,0.9921875
9.362120702267738,-0.05078125,-0.03125,0.99609375
9.364620336503291,-0.05859375,-0.0234375,0.98828125
9.367119970738845,-0.05859375,-0.02734375,1.0
9.369619604974396,-0.0625,-0.046875,0.98828125
9.372119239209947,-0.046875,-0.02734375,0.98046875
9.3746188734455,-0.046875,-0.04296875,1.0
9.377118507681054,-0.0703125,-0.03125,0.99609375
9.379618141916605,-0.0390625,-0.03125,1.00390625
9.382117776152157,-0.0625,-0.01953125,0.99609375
9.38461741038771,-0.046875,-0.0078125,1.00390625
9.387117044623263,-0.0390625,-0.015625,0.98046875
9.389616678858815,-0.0703125,-0.05078125,0.9765625
9.392116313094366,-0.04296875,-0.0390625,0.9921875
9.39461594732992,-0.06640625,-0.01953125,0.98828125
9.397115581565473,-0.0625,-0.04296875,0.984375
9.399615215801024,-0.03515625,-0.015625,0.99609375
9.402114850036575,-0.04296875,-0.03125,0.97265625
9.404614484272129,-0.05078125,-0.046875,0.98828125
9.40711411850768,-0.05859375,-0.03515625,0.98046875
9.409613752743233,-0.0390625,-0.03125,0.99609375
9.412113386978785,-0.0546875,-0.01953125,0.9921875
9.414613021214338,-0.0625,-0.03515625,0.98046875
9.41711265544989,-0.05859375,-0.0390625,0.9921875
9.419612289685443,-0.06640625,-0.03515625,1.0078125
9.422111923920994,-0.046875,-0.0234375,1.00390625
9.424611558156547,-0.0390625,-0.0390625,0.9921875
9.427111192392099,-0.05078125,-0.02734375,0.98046875
9.429610826627652,-0.0546875,-0.03125,0.99609375
9.432110460863203,-0.05859375,-0.03125,0.984375
9.434610095098757,-0.05859375,-0.02734375,0.9765625
9.437109729334308,-0.046875,-0.02734375,0.98828125
9.439609363569861,-0.03515625,-0.0390625,0.96875
9.442108997805413,-0.04296875,-0.0390625,0.99609375
9.444608632040966,-0.03125,-0.03515625,1.0
9.447108266276517,-0.0546875,-0.01171875,1.0078125
9.44960790051207,-0.05078125,-0.01171875,0.99609375
9.452107534747622,-0.0390625,-0.015625,0.984375
9.454607168983173,-0.046875,-0.0390625,0.9765625
9.457106803218727,-0.0390625,-0.02734375,0.96875
9.45960643745428,-0.04296875,-0.0078125,1.0
9.462106071689831,-0.046875,-0.015625,0.98046875
9.464605705925383,-0.03515625,-0.03125,0.98046875
9.467105340160936,-0.09375,-0.0703125,0.80859375
9.46960497439649,-0.12109375,-0.04296875,1.11328125
9.47210460863204,-0.01171875,0.01171875,1.609375
9.474604242867592,-0.09375,-0.078125,0.78125
9.477103877103145,0.00390625,-0.03125,1.2578125
9.479603511338698,-0.05859375,-0.12109375,0.71875
9.48210314557425,-0.0078125,-0.01171875,1.109375
9.484602779809801,-0.0625,-0.078125,0.80078125
9.487102414045355,-0.02734375,0.046875,1.2421875
9.489602048280908,-0.09765625,-0.09375,0.89453125
9.49210168251646,0.05078125,-0.0703125,1.08984375
9.49460131675201,-0.0703125,-0.01171875,0.94140625
9.497100950987564,-0.109375,0.04296875,1.12109375
9.499600585223115,-0.03515625,-0.10546875,0.87109375
9.502100219458669,0.01171875,-0.08203125,1.0078125
9.50459985369422,-0.1015625,0.015625,0.9921875
9.507099487929773,-0.0859375,0.01953125,1.02734375
9.509599122165325,-0.015625,-0.078125,0.921875
9.512098756400878,-0.05078125,-0.05078125,0.9921875
9.51459839063643,-0.07421875,0.0078125,0.984375
9.517098024871983,-0.06640625,-0.0234375,0.984375
9.519597659107534,-0.03125,-0.09765625,0.98828125
9.522097293343087,-0.05078125,-0.015625,0.97265625
9.524596927578639,-0.07421875,0.05859375,1.03125
9.527096561814192,-0.0546875,-0.02734375,0.93359375
9.529596196049743,-0.046875,-0.10546875,0.98828125
9.532095830285297,-0.05859375,-0.04296875,0.96875
9.534595464520848,-0.04296875,0.02734375,1.03125
9.537095098756401,-0.05078125,-0.03125,0.953125
9.539594732991953,-0.0625,-0.08203125,1.0078125
9.542094367227506,-0.0859375,-0.0078125,0.97265625
9.544594001463057,-0.05859375,0.01171875,1.04296875
9.547093635698609,-0.0390625,-0.05859375,0.98046875
9.549593269934162,-0.04296875,-0.01171875,1.015625
9.552092904169715,-0.08203125,-0.01953125,0.98828125
9.554592538405267,-0.03515625,-0.03515625,1.00390625
9.557092172640818,-0.0234375,-0.0546875,0.97265625
9.559591806876371,-0.0703125,-0.01171875,1.00390625
9.562091441111924,-0.05859375,-0.02734375,1.0
9.564591075347476,-0.02734375,-0.046875,1.00390625
9.567090709583027,-0.05078125,-0.0390625,0.984375
9.56959034381858,-0.0546875,0.0,1.01953125
9.572089978054134,-0.0546875,-0.03125,0.96484375
9.574589612289685,-0.05859375,-0.01171875,1.0078125
9.577089246525237,-0.0703125,-0.01171875,1.00390625
9.57958888076079,-0.0625,-0.03125,1.0078125
9.582088514996343,-0.046875,-0.05859375,0.96875
9.584588149231895,-0.0625,-0.01171875,1.01953125
9.587087783467446,-0.09375,-0.04296875,0.92578125
9.589587417703,-0.109375,-0.03125,1.4296875
9.59208705193855,-0.0234375,-0.02734375,1.94140625
9.594586686174104,-0.12890625,-0.078125,0.90625
9.597086320409655,0.02734375,0.015625,1.328125
9.599585954645208,-0.0703125,-0.11328125,0.76171875
9.60208558888076,-0.01171875,-0.0390625,1.01953125
9.604585223116313,-0.0390625,-0.078125,0.8671875
9.607084857351865,-0.0625,0.0234375,1.140625
9.609584491587418,-0.05859375,-0.03515625,0.98828125
9.61208412582297,0.0234375,-0.07421875,1.03515625
9.614583760058522,-0.0625,-0.00390625,0.9921875
9.617083394294074,-0.125,0.015625,1.00390625
9.619583028529627,-0.01171875,-0.07421875,0.98046875
9.622082662765179,-0.01171875,-0.0625,0.98046875
9.624582297000732,-0.08984375,0.03515625,1.01953125
9.627081931236283,-0.09375,-0.01171875,0.95703125
9.629581565471836,-0.0078125,-0.0546875,0.96484375
9.632081199707388,-0.0625,-0.046875,0.96484375
9.634580833942941,-0.0703125,0.01953125,1.04296875
9.637080468178493,-0.03515625,-0.0390625,0.953125
9.639580102414044,-0.02734375,-0.06640625,1.0234375
9.642079736649597,-0.078125,-0.02734375,0.97265625
9.64457937088515,-0.046875,0.0390625,1.06640625
9.647079005120702,-0.03515625,-0.0546875,0.91796875
9.649578639356253,-0.01953125,-0.11328125,1.02734375
9.652078273591806,-0.06640625,-0.02734375,0.96875
9.65457790782736,-0.05078125,0.01171875,1.04296875
9.657077542062911,-0.0390625,-0.0625,0.984375
9.659577176298463,-0.04296875,-0.0625,1.0078125
9.662076810534016,-0.06640625,-0.01171875,0.9609375
9.664576444769569,-0.0546875,-0.02734375,1.0234375
9.66707607900512,-0.04296875,-0.046875,0.94140625
9.669575713240672,-0.0390625,-0.01953125,1.0234375
9.672075347476225,-0.07421875,-0.02734375,0.98046875
9.674574981711778,-0.03515625,-0.0390625,1.01171875
9.67707461594733,-0.0390625,-0.06640625,0.9765625
9.679574250182881,-0.046875,-0.01171875,1.0078125
9.682073884418434,-0.05859375,-0.01171875,0.97265625
9.684573518653986,-0.04296875,-0.0390625,1.01953125
9.687073152889539,-0.07421875,-0.02734375,0.97265625
9.68957278712509,-0.06640625,-0.015625,0.9921875
9.692072421360644,-0.046875,-0.0546875,0.98828125
9.694572055596195,-0.05078125,0.0078125,1.00390625
9.697071689831748,-0.0703125,-0.01171875,0.99609375
9.6995713240673,-0.04296875,-0.0546875,1.0078125
9.702070958302853,-0.05078125,-0.046875,0.97265625
9.704570592538404,-0.0546875,0.0,1.015625
9.707070226773958,-0.05859375,-0.0234375,0.9921875
9.70956986100951,-0.046875,-0.046875,1.00390625
9.712069495245062,-0.0546875,-0.01953125,0.96875
9.714569129480614,0.0390625,-0.015625,1.00390625
9.717068763716167,0.0078125,-0.00390625,0.93359375
9.719568397951718,-0.09765625,-0.02734375,0.984375
9.722068032187272,-0.03125,-0.01171875,1.08984375
9.724567666422823,-0.046875,-0.03125,0.87109375
9.727067300658376,-0.046875,-0.0234375,0.8671875
9.729566934893928,-0.09375,-0.03515625,0.90625
9.73206656912948,-0.07421875,-0.015625,1.00390625
9.734566203365032,-0.0546875,0.0,0.9921875
9.737065837600586,-0.046875,-0.0546875,0.97265625
9.739565471836137,-0.08203125,-0.0078125,0.96484375
9.742065106071689,-0.0625,-0.00390625,1.0078125
9.744564740307242,-0.0234375,-0.05078125,0.95703125
9.747064374542795,-0.03515625,-0.04296875,0.98046875
9.749564008778346,-0.0703125,-0.0078125,0.984375
9.752063643013898,-0.0546875,-0.02734375,0.96875
9.754563277249451,-0.06640625,-0.046875,0.9765625
9.757062911485004,-0.0546875,-0.03125,1.01171875
9.759562545720556,-0.05078125,0.0078125,1.03125
9.762062179956107,-0.05859375,-0.0078125,0.96875
9.76456181419166,-0.046875,-0.0546875,0.99609375
9.767061448427214,-0.04296875,-0.0390625,0.97265625
9.769561082662765,-0.05078125,0.0234375,1.03125
9.772060716898316,-0.05859375,-0.0390625,0.97265625
9.77456035113387,-0.0234375,-0.078125,0.98828125
9.777059985369421,-0.046875,-0.015625,0.99609375
9.779559619604974,-0.05078125,0.01953125,1.0
9.782059253840526,-0.02734375,-0.03515625,0.984375
9.784558888076079,-0.0390625,-0.0546875,0.96875
9.78705852231163,-0.0703125,-0.01171875,0.99609375
9.789558156547184,-0.0546875,-0.01171875,1.00390625
9.792057790782735,-0.0703125,-0.05078125,0.99609375
9.794557425018288,-0.05078125,-0.0390625,0.984375
9.79705705925384,-0.0703125,-0.0078125,0.98828125
9.799556693489393,-0.05859375,-0.01171875,1.0
9.802056327724944,-0.03125,-0.05078125,1.00390625
9.804555961960498,-0.046875,-0.01953125,1.0
9.807055596196049,-0.0546875,-0.01171875,1.015625
9.809555230431602,-0.03515625,-0.046875,0.98046875
9.812054864667154,-0.0625,-0.0234375,0.9765625
9.814554498902707,-0.06640625,-0.0078125,0.98828125
9.817054133138258,-0.0390625,-0.046875,0.9921875
9.819553767373812,-0.0546875,-0.03125,1.01171875
9.822053401609363,-0.0703125,-0.01171875,1.0
9.824553035844914,-0.046875,-0.02734375,0.99609375
9.827052670080468,-0.046875,-0.046875,0.9765625
9.829552304316021,-0.06640625,-0.00390625,1.0078125
9.832051938551572,-0.0703125,-0.01171875,0.99609375
9.834551572787124,-0.078125,-0.04296875,0.95703125
9.837051207022677,-0.046875,-0.0390625,1.0
9.83955084125823,-0.0390625,0.00390625,1.00390625
9.842050475493782,-0.03125,-0.03125,0.99609375
9.844550109729333,-0.0546875,-0.05078125,0.98046875
9.847049743964886,-0.05078125,-0.03125,1.015625
9.84954937820044,-0.03515625,-0.015625,0.984375
9.852049012435991,-0.0703125,-0.04296875,0.96875
9.854548646671542,-0.06640625,-0.0078125,0.99609375
9.857048280907096,-0.04296875,-0.01953125,0.9921875
9.859547915142649,-0.0390625,-0.02734375,0.99609375
9.8620475493782,-0.03125,-0.01953125,0.9765625
9.864547183613752,-0.0625,-0.0234375,1.00390625
9.867046817849305,-0.046875,-0.02734375,1.0078125
9.869546452084856,-0.03515625,-0.03515625,0.9921875
9.87204608632041,-0.046875,-0.01171875,0.99609375
9.874545720555961,-0.0625,-0.02734375,1.00390625
9.877045354791514,-0.0546875,-0.015625,0.9921875
9.879544989027066,-0.03515625,-0.0078125,0.96484375
9.882044623262619,-0.05078125,-0.01953125,1.0078125
9.88454425749817,-0.046875,-0.00390625,0.99609375
9.887043891733724,-0.04296875,-0.015625,0.9921875
9.889543525969275,-0.0390625,-0.0234375,1.0
9.892043160204828,-0.05078125,-0.01953125,0.984375
9.89454279444038,-0.046875,-0.0546875,0.99609375
9.897042428675933,-0.04296875,-0.02734375,0.984375
9.899542062911484,-0.046875,-0.03515625,1.0078125
9.902041697147038,-0.06640625,-0.03125,0.98046875
9.904541331382589,-0.03125,-0.02734375,0.98828125
9.907040965618142,-0.04296875,-0.02734375,0.9921875
9.909540599853694,-0.03515625,-0.02734375,0.99609375
9.912040234089247,-0.0546875,-0.00390625,1.0
9.914539868324798,-0.046875,-0.01171875,0.98828125
9.91703950256035,-0.078125,-0.02734375,0.98828125
9.919539136795903,-0.05859375,-0.015625,1.0
9.922038771031456,-0.046875,-0.01171875,0.984375
9.924538405267008,-0.046875,-0.02734375,0.99609375
9.927038039502559,-0.0546875,-0.03125,0.9921875
9.929537673738112,-0.05078125,-0.01953125,0.99609375
9.932037307973665,-0.04296875,-0.015625,1.0078125
9.934536942209217,-0.05078125,-0.0234375,0.99609375
9.937036576444768,-0.0390625,-0.01953125,1.0078125
9.939536210680322,-0.05859375,-0.01171875,1.0078125
9.942035844915875,-0.05078125,-0.0234375,0.984375
9.944535479151426,-0.0625,-0.03125,1.0
9.947035113386978,-0.03515625,-0.0234375,0.98828125
9.94953474762253,-0.05078125,-0.01953125,1.0
9.952034381858084,-0.04296875,-0.0078125,0.98828125
9.954534016093636,-0.06640625,-0.06640625,1.0
9.957033650329187,-0.046875,-0.03515625,0.98828125
9.95953328456474,-0.0703125,-0.0234375,1.0
9.962032918800292,-0.0546875,-0.03125,0.97265625
9.964532553035845,-0.05078125,-0.0234375,0.99609375
9.967032187271396,-0.046875,-0.01953125,0.98828125
9.96953182150695,-0.0625,-0.01953125,1.0078125
9.972031455742501,-0.05859375,-0.03515625,0.9921875
9.974531089978054,-0.0390625,-0.05078125,0.98828125
9.977030724213606,-0.078125,-0.015625,1.01171875
9.979530358449159,-0.06640625,-0.0390625,0.98828125
9.98202999268471,-0.046875,-0.03515625,1.0078125
9.984529626920263,-0.06640625,-0.01171875,0.96875
9.987029261155815,-0.06640625,-0.03125,0.984375
9.989528895391368,-0.05859375,-0.015625,0.9921875
9.99202852962692,-0.078125,-0.03125,0.98046875
9.994528163862473,-0.06640625,-0.03515625,1.00390625
9.997027798098024,-0.05078125,-0.03125,0.99609375
9.999527432333577,-0.05078125,-0.015625,1.0
10.002027066569129,-0.046875,-0.03125,0.99609375
10.004526700804682,-0.046875,-0.01171875,0.9921875
10.007026335040234,-0.03125,-0.046875,1.00390625
10.009525969275785,-0.0546875,-0.0390625,1.0
10.012025603511338,-0.05859375,-0.01953125,1.0
10.014525237746891,-0.06640625,-0.03125,1.0078125
10.017024871982443,-0.0546875,-0.03515625,0.99609375
10.019524506217994,-0.0625,-0.02734375,0.9765625
10.022024140453548,-0.08203125,-0.02734375,0.9921875
10.0245237746891,-0.0625,-0.01171875,1.00390625
10.027023408924652,-0.0546875,-0.01953125,0.9921875
10.029523043160204,-0.046875,-0.01171875,0.99609375
10.032022677395757,-0.04296875,-0.0078125,0.98828125
10.03452231163131,-0.0625,-0.015625,1.00390625
10.037021945866861,-0.03515625,-0.015625,0.953125
10.039521580102413,-0.04296875,-0.0546875,0.51953125
10.042021214337966,-0.05078125,0.01953125,0.73046875
10.04452084857352,-0.1328125,-0.12109375,2.35546875
10.04702048280907,-0.1875,-0.2421875,0.41015625
10.049520117044622,-0.00390625,0.00390625,1.05078125
10.052019751280175,-0.03515625,0.03125,1.34765625
10.054519385515727,-0.02734375,-0.14453125,0.40625
10.05701901975128,-0.078125,0.01171875,1.125
10.059518653986832,-0.10546875,-0.03125,0.78515625
10.062018288222385,-0.08984375,-0.0234375,1.21875
10.064517922457936,-0.03125,-0.10546875,1.01953125
10.06701755669349,-0.0234375,0.01953125,1.11328125
10.06951719092904,-0.08984375,-0.046875,1.0
10.072016825164594,-0.01171875,-0.06640625,0.91796875
10.074516459400146,-0.02734375,-0.0625,0.98828125
10.077016093635699,-0.09375,0.0078125,0.94921875
10.07951572787125,-0.0703125,-0.0234375,1.046875
10.082015362106803,-0.01953125,-0.04296875,0.8515625
10.084514996342355,-0.0390625,0.00390625,1.078125
10.087014630577908,-0.09765625,-0.00390625,0.91015625
10.08951426481346,-0.04296875,-0.046875,1.046875
10.092013899049013,-0.04296875,-0.0859375,0.96484375
10.094513533284564,-0.0546875,0.01953125,1.09765625
10.097013167520117,-0.0859375,0.0,0.96484375
10.099512801755669,-0.0234375,-0.0703125,0.984375
10.10201243599122,-0.0390625,-0.08203125,0.9453125
10.104512070226773,-0.078125,0.00390625,1.015625
10.107011704462327,-0.04296875,0.01171875,1.00390625
10.109511338697878,-0.03125,-0.02734375,1.0
10.11201097293343,-0.05859375,-0.03125,0.9609375
10.114510607168983,-0.0546875,0.0,0.99609375
10.117010241404536,-0.046875,-0.015625,0.98828125
10.119509875640087,-0.04296875,-0.0390625,1.00390625
10.122009509875639,-0.0390625,-0.01171875,0.984375
10.124509144111192,-0.08984375,0.0,0.99609375
10.127008778346745,-0.03125,-0.046875,0.9765625
10.129508412582297,-0.046875,-0.0390625,1.0234375
10.132008046817848,-0.07421875,-0.00390625,0.98046875
10.134507681053401,-0.05078125,-0.03515625,0.9921875
10.137007315288955,-0.0390625,-0.0390625,0.98828125
10.139506949524506,-0.06640625,-0.0234375,1.0078125
10.142006583760057,-0.03515625,-0.03125,0.98828125
10.14450621799561,-0.05078125,-0.05078125,1.00390625
10.147005852231162,-0.0703125,-0.00390625,1.0
10.149505486466715,-0.0625,-0.01171875,0.99609375
10.152005120702267,-0.05078125,-0.0390625,0.97265625
10.15450475493782,-0.0625,-0.03515625,1.0
10.157004389173371,-0.0546875,-0.00390625,0.97265625
10.159504023408925,-0.02734375,-0.03515625,0.984375
10.162003657644476,-0.0625,-0.03515625,0.97265625
10.16450329188003,-0.05859375,0.0,0.9921875
10.16700292611558,-0.0546875,-0.03515625,0.9765625
10.169502560351134,-0.046875,-0.0390625,0.96875
10.172002194586685,-0.0625,-0.02734375,1.00390625
10.174501828822239,-0.0625,-0.015625,0.9921875
10.17700146305779,-0.05078125,-0.0390625,0.9765625
10.179501097293343,-0.0625,-0.03125,0.98828125
10.182000731528895,-0.06640625,-0.01171875,0.98828125
10.184500365764448,-0.0625,-0.015625,0.98828125
10.187,-0.03125,-0.046875,0.9921875
10.187,-0.0625,-0.01171875,0.9921875
10.189499277456648,-0.0546875,-0.03125,0.99609375
10.191998554913294,-0.0546875,-0.04296875,0.98046875
10.194497832369942,-0.0703125,-0.0234375,0.98828125
10.196997109826588,-0.05859375,-0.0234375,0.99609375
10.199496387283236,-0.02734375,-0.03515625,0.98046875
10.201995664739885,-0.06640625,-0.0078125,0.9921875
10.204494942196531,-0.0390625,-0.03515625,1.00390625
10.206994219653179,-0.046875,-0.015625,0.96484375
10.209493497109825,-0.04296875,-0.015625,1.00390625
10.211992774566474,-0.0625,-0.01171875,0.99609375
10.21449205202312,-0.046875,-0.0390625,0.96484375
10.216991329479768,-0.07421875,-0.01953125,0.9765625
10.219490606936416,-0.06640625,-0.01171875,0.99609375
10.221989884393063,-0.04296875,-0.02734375,0.98046875
10.22448916184971,-0.046875,-0.02734375,0.99609375
10.226988439306357,-0.0703125,-0.00390625,1.0078125
10.229487716763005,-0.06640625,-0.02734375,1.0
10.231986994219653,-0.0546875,-0.03515625,0.9765625
10.2344862716763,-0.0703125,-0.01953125,1.00390625
10.236985549132948,-0.05859375,-0.03125,1.0
10.239484826589594,-0.05859375,-0.01953125,0.9921875
10.241984104046242,-0.0546875,-0.02734375,1.015625
10.24448338150289,-0.05078125,-0.0078125,0.98828125
10.246982658959537,-0.03515625,-0.03515625,1.00390625
10.249481936416185,-0.0234375,-0.05078125,0.97265625
10.251981213872831,-0.05859375,-0.01953125,1.00390625
10.25448049132948,-0.046875,-0.03515625,0.96484375
10.256979768786126,-0.046875,-0.03515625,0.9921875
10.259479046242774,-0.06640625,-0.01953125,0.96484375
10.261978323699422,-0.0625,-0.01171875,0.98046875
10.264477601156068,-0.03515625,-0.0546875,0.96484375
10.266976878612716,-0.05078125,-0.03125,0.97265625
10.269476156069363,-0.046875,-0.01953125,0.9921875
10.271975433526011,-0.05078125,-0.02734375,0.98046875
10.274474710982659,-0.05078125,-0.01953125,1.0078125
10.276973988439305,-0.0625,-0.03125,0.9921875
10.279473265895954,-0.06640625,-0.01953125,1.00390625
10.2819725433526,-0.046875,-0.01953125,0.9765625
10.284471820809248,-0.0703125,-0.03515625,1.01171875
10.286971098265896,-0.06640625,-0.05078125,0.9765625
10.289470375722543,-0.05078125,-0.03515625,1.0078125
10.29196965317919,-0.04296875,-0.02734375,1.00390625
10.294468930635837,-0.03125,-0.0234375,1.00390625
10.296968208092485,-0.0625,-0.03125,1.00390625
10.299467485549133,-0.0546875,-0.015625,1.01171875
10.30196676300578,-0.046875,-0.02734375,0.98046875
10.304466040462428,-0.078125,-0.03515625,1.00390625
10.306965317919074,-0.04296875,-0.04296875,1.0078125
10.309464595375722,-0.03515625,-0.03515625,1.0
10.311963872832369,-0.046875,-0.0234375,1.01171875
10.314463150289017,-0.05078125,-0.01953125,1.01171875
10.316962427745665,-0.04296875,-0.03125,0.99609375
10.319461705202311,-0.04296875,-0.03515625,0.9921875
10.32196098265896,-0.0390625,-0.02734375,0.96484375
10.324460260115606,-0.04296875,0.0,0.3359375
10.326959537572254,0.015625,0.0,0.546875
10.329458815028902,-0.15234375,-0.09375,2.45703125
10.331958092485548,-0.19140625,-0.22265625,0.33984375
10.334457369942196,0.015625,-0.00390625,0.953125
10.336956647398843,-0.05078125,0.0234375,1.25
10.339455924855491,-0.03125,-0.15234375,0.375
10.341955202312139,-0.109375,0.01171875,1.15625
10.344454479768785,-0.0703125,-0.01171875,0.92578125
10.346953757225434,-0.11328125,-0.0625,1.15625
10.34945303468208,-0.02734375,-0.078125,1.15234375
10.351952312138728,-0.046875,-0.01953125,0.9765625
10.354451589595374,-0.046875,0.0,1.0703125
10.356950867052023,-0.046875,-0.1015625,0.80078125
10.35945014450867,0.01171875,-0.0234375,1.04296875
10.361949421965317,-0.078125,0.0,0.87109375
10.364448699421965,-0.04296875,-0.0078125,1.109375
10.366947976878611,-0.05859375,-0.0390625,0.84765625
10.36944725433526,-0.0390625,-0.0078125,1.10546875
10.371946531791908,-0.08203125,-0.03125,0.89453125
10.374445809248554,-0.046875,-0.03515625,1.10546875
10.376945086705202,-0.0234375,-0.05078125,0.953125
10.379444364161849,-0.07421875,0.0078125,1.06640625
10.381943641618497,-0.08203125,0.01953125,0.95703125
10.384442919075145,-0.03515625,-0.046875,0.98046875
10.386942196531791,-0.046875,-0.0625,0.96875
10.38944147398844,-0.08203125,0.0078125,1.02734375
10.391940751445086,-0.05859375,-0.00390625,1.01171875
10.394440028901734,-0.02734375,-0.0703125,0.9921875
10.39693930635838,-0.0703125,-0.03515625,1.01171875
10.399438583815028,-0.0625,-0.01953125,0.953125
10.401937861271676,-0.0390625,-0.0078125,1.0
10.404437138728323,-0.0390625,-0.01171875,0.9765625
10.406936416184971,-0.0546875,-0.00390625,1.01953125
10.409435693641617,-0.0625,-0.01953125,0.9765625
10.411934971098265,-0.03515625,-0.046875,0.97265625
10.414434248554914,-0.0234375,-0.03515625,0.953125
10.41693352601156,-0.06640625,-0.015625,1.00390625
10.419432803468208,-0.0390625,-0.0078125,0.98046875
10.421932080924854,-0.046875,-0.02734375,0.98828125
10.424431358381502,-0.046875,-0.0234375,1.0
10.42693063583815,-0.0546875,-0.03515625,0.98046875
10.429429913294797,-0.04296875,-0.05078125,0.96484375
10.431929190751445,-0.046875,-0.00390625,0.9921875
10.434428468208091,-0.05078125,-0.02734375,1.0
10.43692774566474,-0.046875,-0.03125,0.99609375
10.439427023121386,-0.046875,-0.01171875,0.97265625
10.441926300578034,-0.0390625,-0.01171875,1.00390625
10.444425578034682,-0.046875,-0.046875,0.984375
10.446924855491329,-0.0546875,-0.02734375,0.98828125
10.449424132947977,-0.0625,-0.01953125,0.99609375
10.451923410404623,-0.0625,-0.04296875,0.9765625
10.454422687861271,-0.03125,-0.04296875,0.984375
10.45692196531792,-0.05859375,-0.0078125,0.99609375
10.459421242774566,-0.0546875,0.0,0.98828125
10.461920520231214,-0.046875,-0.03515625,0.96875
10.46441979768786,-0.0390625,-0.01953125,0.9765625
10.466919075144508,-0.0625,-0.0078125,1.00390625
10.469418352601156,-0.0625,-0.0390625,1.00390625
10.471917630057803,-0.05078125,-0.0390625,0.99609375
10.47441690751445,-0.046875,-0.015625,0.98828125
10.476916184971097,-0.08984375,-0.0390625,0.97265625
10.479415462427745,-0.05859375,-0.03515625,0.99609375
10.481914739884392,-0.046875,-0.0234375,0.98828125
10.48441401734104,-0.0703125,-0.015625,0.99609375
10.486913294797688,-0.0390625,-0.01953125,0.984375
10.489412572254334,-0.05859375,-0.015625,0.98828125
10.491911849710982,-0.07421875,-0.0234375,1.0078125
10.494411127167629,-0.05078125,-0.04296875,0.98828125
10.496910404624277,-0.046875,-0.0234375,1.01953125
10.499409682080925,-0.03515625,-0.01953125,1.01171875
10.501908959537571,-0.04296875,-0.0078125,0.9921875
10.50440823699422,-0.05078125,-0.01171875,0.984375
10.506907514450866,-0.05078125,-0.02734375,0.98828125
10.509406791907514,-0.03515625,-0.03125,1.00390625
10.511906069364162,-0.046875,-0.01953125,1.0
10.514405346820809,-0.03515625,-0.01171875,1.00390625
10.516904624277457,-0.05859375,-0.03515625,0.99609375
10.519403901734103,-0.05078125,-0.02734375,0.98828125
10.521903179190751,-0.0390625,-0.01171875,0.9921875
10.524402456647397,-0.05859375,-0.046875,1.0234375
10.526901734104046,-0.07421875,-0.0390625,1.0078125
10.529401011560694,-0.05078125,-0.0390625,0.98828125
10.53190028901734,-0.0390625,-0.03125,0.96875
10.534399566473988,-0.0390625,-0.03125,0.98046875
10.536898843930635,-0.06640625,-0.03515625,0.9921875
10.539398121387283,-0.046875,-0.01171875,0.984375
10.54189739884393,-0.046875,-0.03125,0.9921875
10.544396676300577,-0.04296875,-0.04296875,0.9921875
10.546895953757225,-0.03125,-0.015625,0.9609375
10.549395231213872,-0.05859375,-0.0390625,1.00390625
10.55189450867052,-0.0703125,-0.0390625,1.0
10.554393786127168,-0.0546875,-0.0234375,0.9921875
10.556893063583814,-0.0625,-0.02734375,0.99609375
10.559392341040462,-0.04296875,-0.01953125,1.0
10.561891618497109,-0.07421875,-0.05859375,0.97265625
10.564390895953757,-0.05859375,-0.0390625,0.98828125
10.566890173410403,-0.0703125,-0.03515625,1.0078125
10.569389450867051,-0.05859375,-0.03515625,0.98046875
10.5718887283237,-0.03515625,-0.0390625,0.99609375
10.574388005780346,-0.0546875,-0.0390625,0.9921875
10.576887283236994,-0.0703125,-0.0234375,1.015625
10.57938656069364,-0.05078125,-0.0234375,0.98046875
10.581885838150288,-0.0546875,-0.01953125,0.98046875
10.584385115606937,-0.0703125,-0.0234375,0.984375
10.586884393063583,-0.0625,-0.03125,0.984375
10.589383670520231,-0.05078125,-0.03515625,0.99609375
10.591882947976877,-0.0546875,-0.04296875,0.984375
10.594382225433526,-0.0546875,-0.0234375,1.00390625
10.596881502890174,-0.046875,-0.0078125,0.98046875
10.59938078034682,-0.05078125,-0.01953125,1.01171875
10.601880057803468,-0.04296875,-0.01171875,0.98046875
10.604379335260115,-0.04296875,-0.02734375,0.984375
10.606878612716763,-0.05859375,-0.01171875,0.98828125
10.60937789017341,-0.046875,-0.0078125,0.984375
10.611877167630057,-0.05078125,-0.02734375,0.97265625
10.614376445086705,-0.05859375,-0.015625,0.9921875
10.616875722543352,-0.0625,-0.04296875,0.98046875
10.619375,-0.046875,-0.0234375,0.98828125
10.621874277456646,-0.0546875,-0.0078125,0.9921875
10.624373554913294,-0.05859375,-0.02734375,1.00390625
10.626872832369942,-0.05859375,-0.01953125,0.984375
10.629372109826589,-0.0390625,-0.015625,0.984375
10.631871387283237,-0.05078125,-0.04296875,0.9609375
10.634370664739883,-0.046875,-0.02734375,0.96484375
10.636869942196531,-0.04296875,-0.0234375,0.98046875
10.63936921965318,-0.04296875,-0.04296875,0.98046875
10.641868497109826,-0.0546875,-0.03515625,1.0
10.644367774566474,-0.06640625,-0.03125,1.00390625
10.64686705202312,-0.0546875,-0.0234375,1.015625
10.649366329479768,-0.046875,-0.03515625,0.984375
10.651865606936417,-0.0390625,-0.015625,0.96875
10.654364884393063,-0.06640625,-0.02734375,1.01171875
10.656864161849711,-0.0625,-0.01953125,1.0
10.659363439306357,-0.05078125,-0.015625,0.99609375
10.661862716763006,-0.0625,-0.0390625,1.0
10.664361994219652,-0.04296875,-0.03515625,1.0078125
10.6668612716763,-0.0625,-0.03125,1.0078125
10.669360549132948,-0.03515625,-0.03515625,0.984375
10.671859826589595,-0.05078125,-0.01953125,1.0078125
10.674359104046243,-0.0625,-0.0234375,1.00390625
10.676858381502889,-0.0546875,-0.03515625,1.00390625
10.679357658959537,-0.0390625,-0.0390625,0.9765625
10.681856936416185,-0.05078125,-0.0390625,1.01171875
10.684356213872832,-0.04296875,-0.03515625,0.99609375
10.68685549132948,-0.03125,-0.0234375,1.00390625
10.689354768786126,-0.02734375,-0.015625,0.984375
10.691854046242774,-0.06640625,-0.01953125,1.01953125
10.694353323699422,-0.0625,-0.0234375,0.99609375
10.696852601156069,-0.05078125,-0.01953125,0.9765625
10.699351878612717,-0.0546875,-0.03515625,0.9921875
10.701851156069363,-0.0703125,-0.02734375,0.97265625
10.704350433526011,-0.06640625,-0.0234375,0.9921875
10.70684971098266,-0.03515625,-0.015625,1.00390625
10.709348988439306,-0.0625,-0.0234375,0.98828125
10.711848265895954,-0.05859375,-0.0390625,1.015625
10.7143475433526,-0.05859375,-0.04296875,1.00390625
10.716846820809248,-0.0546875,-0.0234375,0.99609375
10.719346098265895,-0.078125,-0.015625,0.984375
10.721845375722543,-0.05859375,-0.0234375,0.99609375
10.724344653179191,-0.0546875,-0.01171875,0.98046875
10.726843930635837,-0.046875,-0.03515625,1.0
10.729343208092486,-0.0546875,-0.0234375,1.00390625
10.731842485549132,-0.06640625,-0.046875,0.99609375
10.73434176300578,-0.05859375,-0.03515625,0.98828125
10.736841040462428,-0.03515625,-0.01953125,0.99609375
10.739340317919075,-0.0546875,-0.05078125,1.0
10.741839595375723,-0.05859375,-0.03125,0.98046875
10.744338872832369,-0.0546875,-0.01953125,0.98828125
10.746838150289017,-0.0390625,-0.02734375,0.9765625
10.749337427745665,-0.05859375,-0.0078125,0.98828125
10.751836705202312,-0.04296875,-0.03125,0.98046875
10.75433598265896,-0.0625,-0.03515625,1.0
10.756835260115606,-0.04296875,-0.03125,1.01171875
10.759334537572254,-0.0390625,-0.01171875,0.984375
10.7618338150289,-0.0546875,-0.03125,1.00390625
10.764333092485549,-0.05078125,-0.02734375,1.0078125
10.766832369942197,-0.0546875,-0.05078125,0.98046875
10.769331647398843,-0.04296875,-0.01953125,0.9921875
10.771830924855491,-0.0703125,-0.015625,1.00390625
10.774330202312138,-0.0703125,-0.0234375,0.97265625
10.776829479768786,-0.05078125,-0.01171875,0.99609375
10.779328757225434,-0.0703125,-0.03125,1.00390625
10.78182803468208,-0.0546875,-0.02734375,0.98046875
10.784327312138728,-0.046875,-0.02734375,0.99609375
10.786826589595375,-0.03515625,-0.01953125,0.98828125
10.789325867052023,-0.0546875,-0.0390625,0.99609375
10.791825144508671,-0.05859375,-0.0078125,0.99609375
10.794324421965317,-0.0625,-0.01953125,1.0
10.796823699421966,-0.0546875,-0.0234375,1.0
10.799322976878612,-0.03515625,-0.03515625,0.99609375
10.80182225433526,-0.0546875,-0.015625,0.99609375
10.804321531791906,-0.0546875,-0.02734375,0.99609375
10.806820809248554,-0.05859375,-0.0390625,0.99609375
10.809320086705203,-0.0390625,-0.03515625,0.97265625
10.811819364161849,-0.05859375,-0.0234375,1.00390625
10.814318641618497,-0.0390625,-0.02734375,0.98828125
10.816817919075143,-0.06640625,-0.03515625,1.0078125
10.819317196531792,-0.05859375,-0.01953125,0.99609375
10.82181647398844,-0.05859375,-0.05078125,1.015625
10.824315751445086,-0.0546875,-0.046875,1.00390625
10.826815028901734,-0.05859375,-0.01953125,0.94921875
10.82931430635838,-0.05859375,-0.03125,0.99609375
10.831813583815029,-0.05859375,-0.02734375,0.984375
10.834312861271677,-0.05859375,-0.03125,0.9609375
10.836812138728323,-0.05859375,-0.02734375,1.00390625
10.839311416184971,-0.04296875,-0.0234375,1.0078125
10.841810693641618,-0.0546875,-0.01953125,0.98046875
10.844309971098266,-0.06640625,-0.03125,0.98828125
10.846809248554912,-0.05078125,-0.015625,0.9921875
10.84930852601156,-0.0625,-0.02734375,1.0078125
10.851807803468208,-0.046875,-0.03515625,0.984375
10.854307080924855,-0.0625,-0.01953125,0.99609375
10.856806358381503,-0.046875,-0.03515625,0.984375
10.85930563583815,-0.0546875,-0.0234375,1.00390625
10.861804913294797,-0.046875,-0.03515625,1.0078125
10.864304190751445,-0.0546875,-0.02734375,0.9921875
10.866803468208092,-0.08203125,-0.0234375,1.00390625
10.86930274566474,-0.0703125,-0.01953125,0.99609375
10.871802023121386,-0.0625,-0.02734375,0.98828125
10.874301300578034,-0.0390625,-0.0390625,0.97265625
10.876800578034683,-0.046875,-0.03515625,0.984375
10.879299855491329,-0.0546875,-0.01953125,1.0
10.881799132947977,-0.05859375,-0.03125,0.99609375
10.884298410404623,-0.046875,-0.015625,0.984375
10.886797687861272,-0.05859375,-0.04296875,0.9921875
10.889296965317918,-0.05078125,-0.0390625,0.9921875
10.891796242774566,-0.046875,-0.03125,0.984375
10.894295520231214,-0.0703125,-0.01953125,1.0078125
10.89679479768786,-0.05859375,-0.046875,0.99609375
10.899294075144509,-0.05078125,0.0,0.984375
10.901793352601155,-0.05078125,-0.0234375,0.98828125
10.904292630057803,-0.04296875,-0.0234375,0.984375
10.906791907514451,-0.05078125,-0.03125,1.00390625
10.909291184971098,-0.04296875,-0.03515625,0.95703125
10.911790462427746,-0.05859375,-0.05859375,0.98828125
10.914289739884392,-0.05859375,-0.01953125,0.98828125
10.91678901734104,-0.0546875,-0.03125,0.98828125
10.919288294797688,-0.0546875,-0.01953125,0.98046875
10.921787572254335,-0.04296875,-0.0234375,1.0
10.924286849710983,-0.05859375,-0.0078125,0.97265625
10.92678612716763,-0.046875,-0.0078125,1.0078125
10.929285404624277,-0.0546875,-0.0390625,0.98828125
10.931784682080924,-0.0703125,-0.0390625,0.9765625
10.934283959537572,-0.046875,-0.01171875,1.00390625
10.93678323699422,-0.05078125,-0.02734375,0.99609375
10.939282514450866,-0.046875,-0.03515625,0.99609375
10.941781791907514,-0.04296875,-0.0234375,0.98046875
10.94428106936416,-0.05859375,-0.02734375,0.984375
10.946780346820809,-0.05859375,-0.01953125,1.00390625
10.949279624277457,-0.05859375,-0.015625,1.00390625
10.951778901734103,-0.03515625,-0.00390625,1.0078125
10.954278179190752,-0.05859375,-0.01953125,0.98046875
10.956777456647398,-0.0546875,-0.01171875,0.97265625
10.959276734104046,-0.04296875,-0.0234375,0.98046875
10.961776011560694,-0.0625,-0.01171875,0.98828125
10.96427528901734,-0.0390625,-0.015625,0.96484375
10.966774566473989,-0.05078125,-0.04296875,1.01171875
10.969273843930635,-0.03515625,-0.01953125,0.98828125
10.971773121387283,-0.05078125,-0.01953125,0.98828125
10.97427239884393,-0.0390625,-0.0390625,0.99609375
10.976771676300578,-0.0390625,-0.01953125,0.98828125
10.979270953757226,-0.07421875,-0.01953125,1.0
10.981770231213872,-0.04296875,-0.0390625,0.9921875
10.98426950867052,-0.04296875,-0.0546875,0.9765625
10.986768786127167,-0.03125,-0.02734375,0.97265625
10.989268063583815,-0.04296875,-0.0234375,0.99609375
10.991767341040463,-0.03125,-0.02734375,0.98828125
10.99426661849711,-0.0546875,-0.01953125,1.0
10.996765895953757,-0.04296875,-0.04296875,0.98046875
10.999265173410404,-0.0625,-0.01953125,0.9921875
11.001764450867052,-0.046875,-0.03125,1.0
11.0042637283237,-0.04296875,-0.015625,0.98046875
11.006763005780346,-0.0390625,-0.01171875,0.98046875
11.009262283236994,-0.05859375,-0.01171875,0.9921875
11.01176156069364,-0.0546875,-0.046875,0.984375
11.014260838150289,-0.0625,-0.01953125,0.99609375
11.016760115606935,-0.046875,-0.046875,0.99609375
11.019259393063583,-0.0546875,-0.0078125,1.00390625
11.021758670520232,-0.05859375,-0.02734375,1.01171875
11.024257947976878,-0.046875,-0.03125,1.01171875
11.026757225433526,-0.05078125,-0.01953125,0.99609375
11.029256502890172,-0.05078125,-0.0234375,0.9765625
11.03175578034682,-0.046875,-0.03125,1.0
11.034255057803469,-0.046875,-0.015625,0.9765625
11.036754335260115,-0.05859375,-0.05078125,1.00390625
11.039253612716763,-0.05859375,-0.0390625,1.0078125
11.04175289017341,-0.0625,-0.02734375,0.99609375
11.044252167630058,-0.0546875,-0.04296875,1.01953125
11.046751445086706,-0.06640625,-0.01171875,1.00390625
11.049250722543352,-0.05859375,-0.046875,0.98828125
11.05175,-0.0546875,-0.02734375,0.98828125
11.054249277456647,-0.046875,-0.015625,0.98828125
11.056748554913295,-0.0390625,-0.03515625,0.9921875
11.059247832369941,-0.05859375,-0.03515625,1.015625
11.06174710982659,-0.0546875,-0.03515625,0.98828125
11.064246387283237,-0.0546875,-0.03125,1.01171875
11.066745664739884,-0.0625,-0.02734375,1.0
11.069244942196532,-0.0703125,-0.046875,0.99609375
11.071744219653178,-0.05859375,-0.046875,1.0
11.074243497109826,-0.03515625,-0.03515625,0.98828125
11.076742774566474,-0.0546875,-0.02734375,0.984375
11.07924205202312,-0.06640625,-0.01953125,1.0
11.081741329479769,-0.0390625,-0.03515625,1.01171875
11.084240606936415,-0.0390625,-0.01953125,0.9765625
11.086739884393063,-0.05859375,-0.0234375,0.97265625
11.089239161849711,-0.046875,-0.03125,1.00390625
11.091738439306358,-0.04296875,-0.015625,0.98828125
11.094237716763006,-0.03125,-0.03515625,0.98828125
11.096736994219652,-0.0703125,-0.02734375,0.9765625
11.0992362716763,-0.05078125,-0.01953125,0.98828125
11.101735549132947,-0.0625,-0.0078125,1.01171875
11.104234826589595,-0.0390625,-0.01953125,1.0
11.106734104046243,-0.046875,-0.01171875,0.96875
11.10923338150289,-0.05859375,-0.0078125,0.98046875
11.111732658959538,-0.0703125,-0.0234375,0.99609375
11.114231936416186,-0.0703125,-0.03125,1.015625
11.116731213872832,-0.05078125,-0.015625,1.0
11.11923049132948,-0.05078125,-0.01171875,0.984375
11.121729768786127,-0.046875,-0.02734375,1.00390625
11.124229046242775,-0.03125,-0.01953125,1.0078125
11.126728323699421,-0.04296875,-0.0234375,0.984375
11.12922760115607,-0.046875,-0.02734375,0.984375
11.131726878612717,-0.0703125,-0.0234375,0.984375
11.134226156069364,-0.046875,-0.03125,0.984375
11.136725433526012,-0.06640625,-0.0234375,0.99609375
11.139224710982658,-0.046875,-0.015625,1.00390625
11.141723988439306,-0.05078125,-0.01953125,1.0
11.144223265895954,-0.0390625,-0.015625,1.01171875
11.1467225433526,-0.05078125,-0.05859375,1.015625
11.149221820809249,-0.05078125,-0.01953125,0.98046875
11.151721098265895,-0.05078125,-0.01953125,1.00390625
11.154220375722543,-0.0390625,-0.0234375,0.984375
11.156719653179191,-0.078125,-0.015625,1.01953125
11.159218930635838,-0.0390625,-0.04296875,1.00390625
11.161718208092486,-0.03515625,-0.02734375,0.98828125
11.164217485549132,-0.05859375,-0.02734375,0.9765625
11.16671676300578,-0.0546875,-0.0078125,0.984375
11.169216040462427,-0.05078125,-0.01953125,0.9921875
11.171715317919075,-0.03515625,-0.015625,0.984375
11.174214595375723,-0.0390625,-0.015625,1.0078125
11.17671387283237,-0.08203125,-0.04296875,0.98046875
11.179213150289018,-0.0546875,-0.02734375,0.98828125
11.181712427745664,-0.0390625,-0.0234375,1.00390625
11.184211705202312,-0.046875,-0.03125,0.98828125
11.18671098265896,-0.03515625,-0.03125,0.96875
11.189210260115606,-0.05859375,-0.03125,0.94921875
11.191709537572255,-0.046875,-0.02734375,0.984375
11.194208815028901,-0.0625,-0.01171875,1.00390625
11.196708092485549,-0.06640625,-0.03515625,1.01171875
11.199207369942197,-0.05859375,-0.0390625,1.00390625
11.201706647398844,-0.0546875,-0.01171875,1.00390625
11.204205924855492,-0.0390625,-0.02734375,0.9921875
11.206705202312138,-0.05078125,-0.03515625,0.9921875
11.209204479768786,-0.078125,-0.01953125,1.01171875
11.211703757225433,-0.05859375,-0.0234375,0.98046875
11.21420303468208,-0.05078125,-0.02734375,0.99609375
11.216702312138729,-0.0703125,-0.02734375,0.98046875
11.219201589595375,-0.05078125,-0.0390625,1.00390625
11.221700867052023,-0.0546875,-0.01953125,0.98046875
11.22420014450867,-0.04296875,-0.0234375,0.98828125
11.226699421965318,-0.05078125,-0.0390625,1.0078125
11.229198699421964,-0.0390625,-0.02734375,0.9921875
11.231697976878612,-0.046875,-0.01953125,0.98828125
11.23419725433526,-0.0390625,-0.01953125,1.0
11.236696531791907,-0.05078125,-0.01953125,0.98046875
11.239195809248555,-0.046875,-0.02734375,0.98046875
11.241695086705203,-0.0625,-0.0390625,0.99609375
11.24419436416185,-0.02734375,-0.02734375,1.0
11.246693641618497,-0.046875,-0.0390625,0.99609375
11.249192919075144,-0.0625,-0.04296875,0.96875
11.251692196531792,-0.05859375,-0.01953125,0.96875
11.254191473988438,-0.04296875,-0.046875,1.01171875
11.256690751445086,-0.04296875,-0.01953125,1.0
11.259190028901735,-0.0625,-0.0234375,0.98828125
11.261689306358381,-0.0390625,-0.03515625,0.9921875
11.264188583815029,-0.05078125,-0.04296875,1.01171875
11.266687861271675,-0.0546875,-0.02734375,0.984375
11.269187138728324,-0.046875,-0.046875,0.99609375
11.271686416184972,-0.0390625,-0.015625,1.00390625
11.274185693641618,-0.05859375,-0.01953125,0.98046875
11.276684971098266,-0.06640625,-0.03125,0.9921875
11.279184248554913,-0.05078125,-0.02734375,0.9765625
11.28168352601156,-0.05859375,-0.015625,1.00390625
11.284182803468209,-0.04296875,-0.03515625,0.98828125
11.286682080924855,-0.0390625,-0.0078125,1.0
11.289181358381503,-0.046875,-0.015625,0.9765625
11.29168063583815,-0.05859375,-0.05078125,1.0078125
11.294179913294798,-0.0625,-0.03125,0.98828125
11.296679190751444,-0.0546875,-0.015625,0.98828125
11.299178468208092,-0.03515625,-0.0390625,0.99609375
11.30167774566474,-0.0625,-0.02734375,0.98046875
11.304177023121387,-0.05078125,-0.015625,0.9765625
11.306676300578035,-0.0546875,-0.015625,0.9765625
11.309175578034681,-0.046875,-0.02734375,0.9921875
11.31167485549133,-0.06640625,-0.0234375,1.00390625
11.314174132947977,-0.0625,-0.01171875,0.984375
11.316673410404624,-0.0546875,-0.03515625,0.94921875
11.319172687861272,-0.04296875,-0.05078125,0.984375
11.321671965317918,-0.02734375,-0.02734375,1.0
11.324171242774566,-0.0390625,-0.02734375,1.015625
11.326670520231215,-0.05078125,-0.015625,0.9921875
11.329169797687861,-0.05859375,-0.02734375,0.98828125
11.331669075144509,-0.05078125,-0.01953125,1.0
11.334168352601155,-0.05078125,-0.0078125,0.98828125
11.336667630057804,-0.05859375,-0.0078125,0.9921875
11.33916690751445,-0.06640625,-0.0078125,1.0078125
11.341666184971098,-0.04296875,-0.00390625,1.015625
11.344165462427746,-0.0703125,-0.0234375,0.98828125
11.346664739884393,-0.0546875,-0.015625,1.0
11.34916401734104,-0.0546875,-0.0390625,0.9921875
11.351663294797687,-0.05078125,-0.01953125,0.98046875
11.354162572254335,-0.07421875,-0.03515625,1.0078125
11.356661849710983,-0.06640625,-0.046875,1.00390625
11.35916112716763,-0.0390625,-0.01953125,0.99609375
11.361660404624278,-0.0546875,-0.04296875,0.9921875
11.364159682080924,-0.05859375,-0.02734375,1.0078125
11.366658959537572,-0.0546875,-0.02734375,0.9921875
11.36915823699422,-0.0546875,-0.01953125,1.0078125
11.371657514450867,-0.06640625,-0.03125,1.0
11.374156791907515,-0.05078125,-0.0390625,0.98828125
11.376656069364161,-0.05078125,-0.04296875,0.984375
11.37915534682081,-0.05078125,-0.05859375,1.01171875
11.381654624277456,-0.04296875,-0.0234375,0.97265625
11.384153901734104,-0.046875,-0.01953125,0.98828125
11.386653179190752,-0.02734375,-0.0078125,0.99609375
11.389152456647398,-0.02734375,-0.02734375,0.9921875
11.391651734104046,-0.046875,-0.03125,0.99609375
11.394151011560693,-0.05078125,-0.0546875,0.99609375
11.396650289017341,-0.02734375,-0.0234375,1.0078125
11.399149566473989,-0.04296875,-0.02734375,0.98828125
11.401648843930635,-0.04296875,-0.04296875,0.98046875
11.404148121387284,-0.05859375,-0.01953125,0.984375
11.40664739884393,-0.0546875,-0.015625,1.0
11.409146676300578,-0.0546875,-0.01953125,0.9921875
11.411645953757226,-0.0625,-0.01953125,0.9921875
11.414145231213872,-0.03515625,-0.046875,0.984375
11.41664450867052,-0.046875,-0.015625,1.00390625
11.419143786127167,-0.07421875,-0.0234375,1.0078125
11.421643063583815,-0.078125,-0.03125,0.96875
11.424142341040461,-0.0390625,-0.01171875,0.984375
11.42664161849711,-0.06640625,-0.0234375,1.0
11.429140895953758,-0.0390625,-0.015625,1.00390625
11.431640173410404,-0.046875,-0.01171875,0.9609375
11.434139450867052,-0.0390625,-0.015625,0.98828125
11.436638728323699,-0.05078125,-0.03515625,0.98828125
11.439138005780347,-0.05859375,-0.04296875,1.0
11.441637283236995,-0.0625,-0.03125,0.9765625
11.444136560693641,-0.06640625,-0.0234375,0.96484375
11.44663583815029,-0.0546875,-0.02734375,1.00390625
11.449135115606936,-0.0390625,-0.0234375,1.0078125
11.451634393063584,-0.03515625,-0.01171875,0.99609375
11.454133670520232,-0.0625,-0.015625,1.00390625
11.456632947976878,-0.05078125,-0.03125,0.96875
11.459132225433526,-0.03125,-0.01953125,1.00390625
11.461631502890173,-0.05078125,-0.0078125,0.9921875
11.46413078034682,-0.0546875,-0.0234375,0.98828125
11.466630057803467,-0.05859375,-0.0234375,0.99609375
11.469129335260115,-0.07421875,-0.0390625,1.00390625
11.471628612716763,-0.04296875,-0.01953125,0.9921875
11.47412789017341,-0.0703125,-0.03125,1.0078125
11.476627167630058,-0.05859375,-0.01171875,0.9921875
11.479126445086706,-0.05078125,-0.03125,0.9921875
11.481625722543352,-0.0625,-0.0546875,0.99609375
11.484125,-0.03515625,-0.015625,0.9921875
11.486624277456647,-0.05078125,-0.01953125,1.0
11.489123554913295,-0.05859375,-0.01953125,0.984375
11.491622832369941,-0.04296875,-0.03515625,0.984375
11.49412210982659,-0.046875,-0.03125,0.96875
11.496621387283238,-0.0546875,-0.04296875,0.98046875
11.499120664739884,-0.06640625,-0.0234375,0.99609375
11.501619942196532,-0.05859375,-0.03515625,0.984375
11.504119219653179,-0.046875,-0.0390625,0.97265625
11.506618497109827,-0.0546875,-0.03125,1.00390625
11.509117774566473,-0.046875,-0.0234375,0.984375
11.511617052023121,-0.0390625,-0.0390625,0.9921875
11.51411632947977,-0.0546875,-0.0078125,0.98046875
11.516615606936416,-0.05859375,-0.0390625,0.99609375
11.519114884393064,-0.0625,-0.03125,0.984375
11.521614161849712,-0.04296875,-0.02734375,0.99609375
11.524113439306358,-0.0625,-0.015625,0.99609375
11.526612716763006,-0.04296875,-0.01953125,0.95703125
11.529111994219653,-0.05859375,-0.015625,0.95703125
11.5316112716763,-0.06640625,-0.0234375,0.99609375
11.534110549132947,-0.05859375,-0.01171875,0.9921875
11.536609826589595,-0.06640625,-0.02734375,0.98828125
11.539109104046243,-0.0546875,-0.04296875,1.0078125
11.54160838150289,-0.046875,-0.01171875,0.99609375
11.544107658959538,-0.0390625,-0.02734375,0.97265625
11.546606936416184,-0.046875,-0.015625,0.9609375
11.549106213872832,-0.0546875,-0.03515625,0.97265625
11.551605491329479,-0.0390625,-0.03125,0.984375
11.554104768786127,-0.0625,-0.01953125,0.98828125
11.556604046242775,-0.0390625,-0.0078125,1.0078125
11.559103323699421,-0.03125,-0.03125,0.984375
11.56160260115607,-0.05859375,-0.0234375,0.98046875
11.564101878612718,-0.046875,-0.015625,1.00390625
11.566601156069364,-0.05078125,-0.01953125,0.99609375
11.569100433526012,-0.03515625,-0.03125,0.98046875
11.571599710982658,-0.05859375,-0.02734375,0.98828125
11.574098988439307,-0.05078125,-0.03125,0.9921875
11.576598265895953,-0.0703125,-0.015625,0.98828125
11.579097543352601,-0.078125,-0.0234375,0.98046875
11.58159682080925,-0.0390625,-0.03515625,0.99609375
11.584096098265896,-0.04296875,-0.01953125,0.9921875
11.586595375722544,-0.05859375,-0.015625,0.99609375
11.58909465317919,-0.0390625,-0.0546875,1.00390625
11.591593930635838,-0.04296875,-0.0390625,0.984375
11.594093208092485,-0.0390625,-0.03515625,0.98828125
11.596592485549133,-0.046875,-0.015625,0.98046875
11.59909176300578,-0.0625,-0.02734375,0.9921875
11.601591040462427,-0.08203125,-0.03125,0.97265625
11.604090317919075,-0.05078125,-0.015625,1.01171875
11.606589595375723,-0.05859375,-0.02734375,0.99609375
11.60908887283237,-0.05078125,-0.03125,1.0078125
11.611588150289018,-0.046875,-0.0234375,1.00390625
11.614087427745664,-0.03125,-0.046875,0.609375
11.616586705202312,-0.078125,-0.0078125,0.55859375
11.619085982658959,0.015625,0.02734375,1.328125
11.621585260115607,-0.0625,-0.07421875,0.6171875
11.624084537572255,-0.03125,-0.03125,1.0625
11.626583815028901,-0.109375,-0.09765625,0.66796875
11.62908309248555,-0.05078125,-0.015625,1.17578125
11.631582369942196,-0.046875,-0.078125,0.92578125
11.634081647398844,-0.06640625,0.0390625,1.17578125
11.63658092485549,-0.1015625,-0.078125,0.9609375
11.639080202312138,0.01171875,-0.08203125,0.98828125
11.641579479768787,-0.0625,0.015625,0.9921875
11.644078757225433,-0.09375,-0.015625,1.0234375
11.646578034682081,-0.046875,-0.06640625,0.95703125
11.64907731213873,-0.0234375,-0.046875,0.9609375
11.651576589595376,-0.0546875,0.01953125,1.02734375
11.654075867052024,-0.09375,-0.01953125,0.94921875
11.65657514450867,-0.03125,-0.04296875,0.984375
11.659074421965318,-0.05078125,-0.02734375,0.96484375
11.661573699421965,-0.0625,0.0234375,1.03515625
11.664072976878613,-0.05078125,-0.07421875,0.94921875
11.66657225433526,-0.0078125,-0.046875,0.99609375
11.669071531791907,-0.078125,0.0,0.9765625
11.671570809248555,-0.06640625,0.04296875,1.03125
11.674070086705202,-0.02734375,-0.05859375,0.91015625
11.67656936416185,-0.0078125,-0.06640625,0.99609375
11.679068641618496,-0.10546875,0.0,0.99609375
11.681567919075144,-0.046875,0.015625,0.9921875
11.684067196531792,-0.046875,-0.0390625,0.94140625
11.686566473988439,-0.05078125,-0.03125,1.01953125
11.689065751445087,-0.06640625,-0.01953125,0.95703125
11.691565028901735,-0.04296875,-0.01953125,1.0
11.694064306358381,-0.05078125,-0.046875,0.97265625
11.69656358381503,-0.05859375,0.00390625,1.03125
11.699062861271676,-0.06640625,-0.0078125,0.9765625
11.701562138728324,-0.078125,0.0,1.54296875
11.70406141618497,-0.046875,-0.02734375,1.65234375
11.706560693641618,-0.0625,-0.04296875,1.05859375
11.709059971098267,-0.01171875,-0.04296875,1.09375
11.711559248554913,-0.06640625,-0.09765625,0.7734375
11.714058526011561,-0.02734375,-0.0234375,1.01953125
11.716557803468207,-0.046875,-0.0625,0.9140625
11.719057080924856,-0.64453125,-0.02734375,1.203125
11.721556358381504,-0.7265625,0.12109375,0.59765625
11.72405563583815,-0.6171875,0.5,0.25
11.726554913294798,0.078125,0.12890625,0.65234375
11.729054190751445,0.3125,0.14453125,1.79296875
11.731553468208093,0.015625,-0.078125,0.6015625
11.73405274566474,0.203125,-0.10546875,1.47265625
11.736552023121387,0.20703125,-0.19921875,1.3984375
11.739051300578035,0.1484375,-0.19140625,1.1484375
11.741550578034682,0.15625,-0.22265625,1.234375
11.74404985549133,0.11328125,-0.25390625,1.0234375
11.746549132947976,0.125,-0.1875,1.08203125
11.749048410404624,-0.09375,-0.12109375,0.9296875
11.751547687861272,0.0078125,-0.046875,1.10546875
11.754046965317919,-0.11328125,-0.0078125,0.8671875
11.756546242774567,-0.02734375,0.05078125,1.0546875
11.759045520231213,-0.12109375,0.046875,0.78125
11.761544797687861,-0.02734375,0.02734375,1.0
11.76404407514451,-0.078125,-0.0234375,0.83984375
11.766543352601156,-0.04296875,0.0,0.98828125
11.769042630057804,-0.0703125,0.00390625,0.9375
11.77154190751445,-0.06640625,0.0,0.98828125
11.774041184971098,-0.04296875,-0.0625,0.95703125
11.776540462427747,-0.046875,-0.02734375,0.99609375
11.779039739884393,-0.06640625,-0.03125,0.9921875
11.781539017341041,-0.03515625,-0.02734375,1.04296875
11.784038294797687,-0.0546875,-0.05078125,1.03125
11.786537572254336,-0.046875,-0.01953125,1.02734375
11.789036849710982,-0.0703125,-0.02734375,1.0
11.79153612716763,-0.03515625,-0.02734375,0.96875
11.794035404624278,-0.04296875,-0.015625,0.97265625
11.796534682080924,-0.0703125,0.00390625,0.9765625
11.799033959537573,-0.046875,-0.01171875,0.984375
11.801533236994219,-0.0546875,-0.015625,0.94921875
11.804032514450867,-0.0625,-0.03515625,0.98828125
11.806531791907515,-0.00390625,-0.07421875,0.6171875
11.809031069364162,-0.078125,-0.06640625,0.5078125
11.81153034682081,-0.08203125,-0.03125,0.6953125
11.814029624277456,-0.02734375,-0.015625,0.9453125
11.816528901734104,-0.0078125,0.0,1.09375
11.819028179190752,-0.1015625,-0.01171875,1.0390625
11.821527456647399,-0.04296875,-0.01171875,1.09765625
11.824026734104047,-0.06640625,-0.05859375,0.87890625
11.826526011560693,-0.0625,-0.0625,1.00390625
11.829025289017341,-0.08984375,-0.05859375,0.9296875
11.831524566473988,-0.01953125,-0.02734375,1.0625
11.834023843930636,-0.07421875,-0.00390625,0.9453125
11.836523121387284,-0.046875,0.015625,1.04296875
11.83902239884393,-0.0625,-0.0625,0.9140625
11.841521676300578,-0.015625,-0.046875,1.00390625
11.844020953757225,-0.05859375,-0.0078125,0.9375
11.846520231213873,-0.04296875,0.015625,1.0234375
11.849019508670521,-0.0546875,-0.01953125,0.9296875
11.851518786127167,-0.01171875,-0.01953125,0.99609375
11.854018063583815,-0.0546875,-0.0234375,0.9375
11.856517341040462,-0.0546875,-0.0078125,1.0078125
11.85901661849711,-0.03515625,-0.04296875,1.0
11.861515895953758,-0.0546875,-0.0234375,1.015625
11.864015173410404,-0.06640625,0.0,0.9921875
11.866514450867053,-0.046875,-0.01171875,0.984375
11.869013728323699,-0.0390625,-0.0546875,0.9921875
11.871513005780347,-0.05078125,-0.015625,0.9921875
11.874012283236993,-0.08203125,-0.00390625,1.0
11.876511560693642,-0.04296875,-0.02734375,0.98046875
11.87901083815029,-0.05078125,-0.01953125,1.00390625
11.881510115606936,-0.046875,-0.0390625,0.98828125
11.884009393063584,-0.03125,-0.046875,0.96875
11.88650867052023,-0.03515625,-0.00390625,0.98046875
11.889007947976879,-0.05859375,-0.0234375,1.015625
11.891507225433527,-0.05078125,-0.01171875,0.9921875
11.894006502890173,-0.03125,-0.015625,0.95703125
11.896505780346821,-0.04296875,-0.03515625,0.95703125
11.899005057803468,-0.05078125,-0.04296875,0.98046875
11.901504335260116,-0.0625,-0.0546875,1.0
11.904003612716764,-0.03125,-0.015625,0.99609375
11.90650289017341,-0.046875,-0.0390625,0.99609375
11.909002167630058,-0.0703125,-0.015625,0.9921875
11.911501445086705,-0.0546875,-0.04296875,0.98046875
11.914000722543353,-0.046875,-0.04296875,0.9921875
11.9165,-0.04296875,-0.03125,1.0
11.918999277456647,-0.07421875,-0.0234375,0.98828125
11.921498554913295,-0.05859375,-0.02734375,0.98046875
11.923997832369942,-0.06640625,-0.0390625,0.98828125
11.92649710982659,-0.04296875,-0.01953125,0.984375
11.928996387283238,-0.05078125,-0.01953125,0.9765625
11.931495664739884,-0.0546875,-0.03515625,0.984375
11.933994942196533,-0.0625,-0.015625,0.98828125
11.936494219653179,-0.03515625,-0.015625,1.0078125
11.938993497109827,-0.046875,-0.0078125,1.0
11.941492774566473,-0.0390625,-0.03125,0.9921875
11.943992052023122,-0.02734375,-0.02734375,1.0078125
11.94649132947977,-0.05078125,-0.05859375,1.02734375
11.948990606936416,-0.0703125,-0.04296875,1.015625
11.951489884393064,-0.04296875,-0.015625,0.98828125
11.95398916184971,-0.05078125,-0.01171875,0.984375
11.956488439306359,-0.06640625,-0.0234375,0.96875
11.958987716763005,-0.046875,-0.0234375,0.9921875
11.961486994219653,-0.0546875,-0.02734375,0.98046875
11.963986271676301,-0.05859375,-0.015625,1.0
11.966485549132948,-0.0625,-0.03125,0.99609375
11.968984826589596,-0.0546875,-0.0390625,0.9765625
11.971484104046244,-0.03515625,-0.01953125,0.98828125
11.97398338150289,-0.0390625,-0.02734375,0.9765625
11.976482658959538,-0.046875,-0.03125,0.99609375
11.978981936416185,-0.04296875,-0.01953125,0.98046875
11.981481213872833,-0.03125,-0.01953125,0.99609375
11.98398049132948,-0.05859375,-0.0390625,0.99609375
11.986479768786127,-0.05859375,-0.0078125,0.9921875
11.988979046242775,-0.0546875,-0.0078125,0.99609375
11.991478323699422,-0.0546875,-0.015625,0.98828125
11.99397760115607,-0.0546875,-0.015625,0.99609375
11.996476878612716,-0.01953125,-0.01953125,0.99609375
11.998976156069364,-0.0546875,-0.03515625,0.98828125
12.00147543352601,-0.06640625,-0.03515625,0.984375
12.003974710982659,-0.04296875,-0.0234375,0.9921875
12.006473988439307,-0.03515625,-0.0234375,0.99609375
12.008973265895953,-0.0625,-0.04296875,1.0
12.011472543352602,-0.046875,-0.0390625,0.9921875
12.01397182080925,-0.0546875,-0.0078125,1.01171875
12.016471098265896,-0.0546875,-0.0234375,0.9921875
12.018970375722544,-0.0546875,-0.03125,0.99609375
12.02146965317919,-0.05859375,-0.02734375,0.99609375
12.023968930635839,-0.04296875,-0.03125,1.0078125
12.026468208092485,-0.0625,-0.03125,1.0078125
12.028967485549133,-0.0546875,-0.03125,0.99609375
12.031466763005781,-0.05859375,-0.04296875,0.9921875
12.033966040462428,-0.0625,-0.03125,1.0078125
12.036465317919076,-0.0390625,-0.02734375,0.99609375
12.038964595375722,-0.05859375,-0.01953125,0.99609375
12.04146387283237,-0.046875,0.0,1.0
12.043963150289017,-0.046875,-0.04296875,0.98046875
12.046462427745665,-0.05078125,-0.015625,0.984375
12.048961705202313,-0.05859375,-0.01953125,1.0078125
12.05146098265896,-0.0546875,-0.02734375,0.9921875
12.053960260115607,-0.05859375,-0.02734375,0.99609375
12.056459537572255,-0.05859375,-0.03515625,0.9765625
12.058958815028902,-0.05859375,-0.015625,0.98828125
12.06145809248555,-0.06640625,-0.0390625,0.9921875
12.063957369942196,-0.05859375,-0.046875,1.00390625
12.066456647398844,-0.0625,-0.05859375,0.99609375
12.06895592485549,-0.0546875,-0.03125,0.99609375
12.071455202312139,-0.046875,-0.03125,0.98828125
12.073954479768787,-0.0625,-0.03515625,0.99609375
12.076453757225433,-0.0390625,-0.01953125,0.9921875
12.078953034682081,-0.0546875,-0.02734375,0.984375
12.081452312138728,-0.05859375,-0.01171875,0.984375
12.083951589595376,-0.0546875,-0.05078125,0.99609375
12.086450867052022,-0.0625,-0.015625,0.9921875
12.08895014450867,-0.0390625,-0.04296875,1.01171875
12.091449421965319,-0.05078125,-0.01953125,0.9921875
12.093948699421965,-0.04296875,-0.015625,0.97265625
12.096447976878613,-0.046875,-0.015625,0.98046875
12.098947254335261,-0.04296875,-0.04296875,1.00390625
12.101446531791908,-0.04296875,-0.0390625,1.0
12.103945809248556,-0.05078125,-0.00390625,0.9921875
12.106445086705202,-0.02734375,-0.01953125,0.98046875
12.10894436416185,-0.04296875,-0.0234375,0.97265625
12.111443641618497,-0.0546875,-0.0234375,0.9921875
12.113942919075145,-0.0390625,-0.015625,0.9921875
12.116442196531793,-0.04296875,-0.03125,1.00390625
12.11894147398844,-0.046875,-0.01953125,0.9921875
12.121440751445087,-0.03515625,-0.03515625,1.0
12.123940028901734,-0.05078125,-0.02734375,0.98046875
12.126439306358382,-0.03515625,-0.03125,1.0
12.128938583815028,0.00390625,0.01953125,0.84375
12.131437861271676,0.046875,0.0,0.05859375
12.133937138728324,0.09765625,0.125,1.77734375
12.13643641618497,-0.3125,-0.1953125,0.37109375
12.138935693641619,0.0234375,-0.046875,0.74609375
12.141434971098267,0.0,0.03125,0.796875
12.143934248554913,-0.11328125,-0.1171875,0.3515625
12.146433526011561,-0.13671875,0.0390625,1.33203125
12.148932803468208,-0.08203125,0.0078125,1.00390625
12.151432080924856,-0.0625,-0.0390625,1.07421875
12.153931358381502,-0.03515625,-0.0546875,1.125
12.15643063583815,-0.08203125,0.00390625,0.890625
12.158929913294799,-0.01953125,0.01171875,1.0703125
12.161429190751445,-0.1015625,-0.10546875,0.8359375
12.163928468208093,-0.046875,0.0,1.125
12.16642774566474,-0.0546875,-0.00390625,0.87890625
12.168927023121388,-0.05859375,-0.02734375,1.08984375
12.171426300578034,-0.0703125,-0.05859375,0.83984375
12.173925578034682,-0.01171875,-0.0078125,1.13671875
12.17642485549133,-0.0625,-0.03515625,0.828125
12.178924132947976,-0.05078125,-0.0390625,1.1171875
12.181423410404625,-0.03515625,-0.0546875,0.87109375
12.183922687861273,-0.03125,0.0078125,1.10546875
12.186421965317919,-0.08203125,-0.02734375,0.89453125
12.188921242774567,-0.00390625,-0.08203125,1.00390625
12.191420520231214,-0.05078125,-0.04296875,0.9609375
12.193919797687862,-0.0625,0.01171875,1.03515625
12.196419075144508,-0.04296875,-0.03125,0.96484375
12.198918352601156,-0.0234375,-0.03125,1.015625
12.201417630057804,-0.05078125,-0.015625,0.94921875
12.20391690751445,-0.05859375,-0.01171875,0.99609375
12.206416184971099,-0.03125,-0.03125,0.98828125
12.208915462427747,-0.05078125,-0.00390625,1.01171875
12.211414739884393,-0.06640625,-0.01171875,1.0
12.21391401734104,-0.0546875,-0.03515625,0.99609375
12.216413294797688,-0.05078125,-0.046875,0.9921875
12.218912572254336,-0.0703125,-0.02734375,0.97265625
12.221411849710982,-0.06640625,-0.01171875,0.98828125
12.22391112716763,-0.0390625,-0.03125,0.95703125
12.226410404624279,-0.0546875,-0.0546875,1.01171875
12.228909682080925,-0.0625,-0.01953125,0.99609375
12.231408959537573,-0.02734375,-0.0390625,0.96875
12.23390823699422,-0.05859375,-0.015625,1.01953125
12.236407514450867,-0.0703125,-0.015625,1.015625
12.238906791907514,-0.06640625,-0.05078125,0.9921875
12.241406069364162,-0.0546875,-0.046875,0.9921875
12.24390534682081,-0.0703125,-0.00390625,1.015625
12.246404624277456,-0.0390625,-0.03515625,0.984375
12.248903901734105,-0.03515625,-0.0546875,0.98046875
12.251403179190753,-0.0546875,-0.0234375,0.99609375
12.253902456647399,-0.05078125,-0.03515625,0.98046875
12.256401734104045,-0.03515625,-0.04296875,0.9609375
12.258901011560694,-0.0546875,-0.01171875,0.98828125
12.261400289017342,-0.05859375,0.0,0.99609375
12.263899566473988,-0.046875,-0.01953125,0.96484375
12.266398843930636,-0.0625,-0.03125,0.984375
12.268898121387284,-0.0546875,-0.0234375,0.99609375
12.27139739884393,-0.05078125,-0.0390625,0.98046875
12.273896676300579,-0.04296875,-0.01171875,1.0
12.276395953757225,-0.05859375,-0.0078125,1.0
12.278895231213873,-0.05859375,-0.01171875,1.0078125
12.28139450867052,-0.078125,-0.015625,0.98828125
12.283893786127168,-0.078125,-0.01171875,0.9765625
12.286393063583816,-0.05078125,-0.02734375,1.01171875
12.288892341040462,-0.04296875,-0.01953125,0.98828125
12.29139161849711,-0.0625,-0.046875,1.0078125
12.293890895953759,-0.03125,-0.015625,0.98828125
12.296390173410405,-0.05078125,-0.01171875,1.00390625
12.298889450867051,-0.05078125,-0.0390625,0.99609375
12.3013887283237,-0.046875,-0.03125,1.00390625
12.303888005780347,-0.0546875,-0.046875,0.98828125
12.306387283236994,-0.046875,-0.0234375,0.9921875
12.308886560693642,-0.0546875,-0.0390625,0.99609375
12.31138583815029,-0.0625,-0.0234375,0.98828125
12.313885115606936,-0.04296875,-0.0234375,0.9921875
12.316384393063585,-0.0625,-0.0234375,0.9921875
12.318883670520231,-0.0546875,-0.03125,0.984375
12.321382947976879,-0.05859375,-0.01953125,0.98828125
12.323882225433525,-0.0390625,-0.02734375,0.99609375
12.326381502890174,-0.0625,-0.04296875,0.98046875
12.328880780346822,-0.0703125,-0.01953125,0.9921875
12.331380057803468,-0.0625,-0.0078125,0.99609375
12.333879335260116,-0.05078125,-0.03125,0.9921875
12.336378612716764,-0.046875,-0.01171875,1.00390625
12.33887789017341,-0.05859375,-0.0234375,0.9921875
12.341377167630057,-0.0703125,-0.02734375,0.9921875
12.343876445086705,-0.0625,-0.0078125,1.0
12.346375722543353,-0.04296875,-0.0390625,0.99609375
12.348875,-0.0390625,-0.01953125,0.9921875
12.351374277456648,-0.0546875,-0.02734375,0.9765625
12.353873554913296,-0.04296875,-0.0390625,0.9921875
12.356372832369942,-0.02734375,-0.02734375,0.9921875
12.35887210982659,-0.03515625,-0.01953125,0.98828125
12.361371387283237,-0.0390625,-0.03515625,1.00390625
12.363870664739885,-0.0546875,-0.0234375,0.98046875
12.366369942196531,-0.04296875,-0.015625,1.0078125
12.36886921965318,-0.04296875,-0.01953125,0.98046875
12.371368497109827,-0.0703125,-0.02734375,1.00390625
12.373867774566474,-0.05859375,-0.01953125,0.9765625
12.376367052023122,-0.04296875,-0.03515625,0.97265625
12.37886632947977,-0.05859375,-0.01171875,1.0078125
12.381365606936416,-0.046875,-0.0234375,1.0
12.383864884393063,-0.06640625,-0.0234375,0.98828125
12.386364161849711,-0.05859375,-0.01171875,0.96484375
12.388863439306359,-0.046875,-0.03125,1.0
12.391362716763005,-0.0546875,-0.03125,1.015625
12.393861994219654,-0.0234375,-0.015625,0.98046875
12.396361271676302,-0.0625,-0.01953125,0.98828125
12.398860549132948,-0.0703125,-0.0390625,1.00390625
12.401359826589596,-0.0546875,-0.0390625,0.984375
12.403859104046242,-0.04296875,-0.015625,0.98828125
12.40635838150289,-0.046875,-0.046875,1.00390625
12.408857658959537,-0.05859375,-0.03125,1.0
12.411356936416185,-0.0703125,-0.01171875,0.99609375
12.413856213872833,-0.046875,-0.03125,1.00390625
12.41635549132948,-0.03515625,-0.0390625,0.9921875
12.418854768786128,-0.05078125,-0.0390625,0.984375
12.421354046242776,-0.05078125,-0.05859375,0.98828125
12.423853323699422,-0.03515625,-0.0234375,1.0078125
12.426352601156069,-0.04296875,-0.02734375,0.98046875
12.428851878612717,-0.0390625,-0.01953125,0.98828125
12.431351156069365,-0.05078125,-0.03125,0.984375
12.433850433526011,-0.0625,-0.01953125,0.9609375
12.43634971098266,-0.0546875,-0.0546875,1.01171875
12.438848988439307,-0.04296875,0.03515625,1.0703125
12.441348265895954,0.17578125,0.0,0.109375
12.443847543352602,-0.04296875,-0.09765625,3.26953125
12.446346820809248,0.00390625,-0.01953125,-0.109375
12.448846098265896,-0.01171875,-0.078125,0.62890625
12.451345375722543,-0.0390625,0.015625,1.09765625
12.45384465317919,0.0859375,-0.0625,1.50390625
12.456343930635839,-0.1484375,-0.0859375,0.94921875
12.458843208092485,-0.05859375,-0.0390625,0.19921875
12.461342485549133,-0.109375,0.09765625,1.1640625
12.463841763005782,-0.08984375,-0.12109375,0.91796875
12.466341040462428,-0.01953125,0.03515625,1.28515625
12.468840317919076,-0.05859375,0.0078125,1.265625
12.471339595375722,-0.046875,-0.109375,0.8359375
12.47383887283237,0.00390625,-0.00390625,1.14453125
12.476338150289017,-0.0078125,-0.0546875,0.74609375
12.478837427745665,-0.0390625,-0.01171875,1.140625
12.481336705202313,-0.02734375,-0.02734375,0.76953125
12.48383598265896,0.0078125,0.00390625,1.14453125
12.486335260115608,-0.08203125,-0.04296875,0.796875
12.488834537572254,-0.05859375,-0.01171875,1.07421875
12.491333815028902,-0.02734375,-0.05078125,0.87109375
12.493833092485549,-0.0703125,0.0234375,1.1171875
12.496332369942197,-0.078125,-0.046875,0.90234375
12.498831647398845,-0.01171875,-0.078125,1.04296875
12.501330924855491,-0.0390625,-0.05078125,0.9375
12.50383020231214,-0.0703125,0.0,1.05078125
12.506329479768787,-0.0703125,-0.0078125,0.953125
12.508828757225434,-0.02734375,-0.03515625,1.01953125
12.511328034682082,-0.05859375,-0.03125,0.97265625
12.513827312138728,-0.04296875,-0.01953125,1.0078125
12.516326589595376,-0.078125,-0.02734375,0.98046875
12.518825867052023,-0.05859375,-0.03125,1.0078125
12.52132514450867,-0.0703125,-0.03125,0.9921875
12.523824421965319,-0.05859375,-0.0234375,0.98828125
12.526323699421965,-0.05078125,-0.05078125,1.00390625
12.528822976878613,-0.0546875,-0.0234375,0.99609375
12.53132225433526,-0.0703125,-0.01171875,0.96875
12.533821531791908,-0.05859375,-0.02734375,1.0
12.536320809248554,-0.08203125,-0.03125,1.00390625
12.538820086705202,-0.046875,-0.04296875,0.98046875
12.54131936416185,-0.03515625,-0.046875,0.98046875
12.543818641618497,-0.0546875,-0.015625,1.01953125
12.546317919075145,-0.046875,-0.015625,1.0078125
12.548817196531793,-0.03515625,-0.05078125,0.97265625
12.55131647398844,-0.04296875,-0.046875,1.00390625
12.553815751445088,-0.0625,-0.0078125,1.00390625
12.556315028901734,-0.05859375,-0.0234375,0.95703125
12.558814306358382,-0.0390625,-0.01953125,0.98046875
12.561313583815028,-0.05859375,-0.015625,0.98828125
12.563812861271677,-0.05859375,-0.03125,0.98828125
12.566312138728325,-0.05078125,-0.04296875,0.96484375
12.568811416184971,-0.05859375,-0.02734375,0.9921875
12.57131069364162,-0.0625,-0.02734375,1.0078125
12.573809971098266,-0.05078125,-0.046875,1.00390625
12.576309248554914,-0.04296875,-0.02734375,0.96875
12.57880852601156,-0.04296875,-0.0078125,1.0
12.581307803468208,-0.06640625,-0.03515625,0.99609375
12.583807080924856,-0.0625,-0.01953125,1.0
12.586306358381503,-0.0390625,-0.0234375,0.96484375
12.58880563583815,-0.03515625,-0.01171875,0.99609375
12.591304913294799,-0.03125,-0.03515625,0.98828125
12.593804190751445,-0.06640625,-0.0234375,1.0
12.596303468208093,-0.046875,-0.01171875,0.98046875
12.59880274566474,-0.05859375,-0.0234375,1.0
12.601302023121388,-0.05078125,-0.0390625,0.99609375
12.603801300578034,-0.05078125,-0.01953125,0.9921875
12.606300578034682,-0.046875,-0.01953125,0.98046875
12.60879985549133,-0.03515625,-0.01953125,0.98828125
12.611299132947977,-0.06640625,-0.0078125,0.953125
12.613798410404625,-0.05859375,-0.0390625,0.99609375
12.616297687861273,-0.0625,-0.0234375,1.02734375
12.61879696531792,-0.046875,-0.03515625,0.984375
12.621296242774566,-0.0625,-0.03125,0.98828125
12.623795520231214,-0.05859375,-0.03515625,0.98828125
12.626294797687862,-0.03125,-0.02734375,1.0
12.628794075144508,-0.05078125,-0.04296875,0.99609375
12.631293352601157,-0.0546875,-0.015625,0.99609375
12.633792630057805,-0.0625,-0.01953125,0.98828125
12.636291907514451,-0.05078125,-0.03125,0.9921875
12.6387911849711,-0.0703125,-0.03515625,0.9609375
12.641290462427746,-0.04296875,-0.01953125,0.9921875
12.643789739884394,-0.05078125,-0.03515625,0.98046875
12.64628901734104,-0.04296875,-0.0390625,0.98828125
12.648788294797688,-0.05078125,-0.01953125,0.9921875
12.651287572254336,-0.0546875,-0.0234375,0.98828125
12.653786849710983,-0.046875,-0.03515625,0.99609375
12.65628612716763,-0.03515625,-0.03515625,0.96484375
12.658785404624279,-0.0546875,-0.03125,1.015625
12.661284682080925,-0.0546875,-0.02734375,1.015625
12.663783959537572,-0.04296875,-0.03125,0.99609375
12.66628323699422,-0.03125,-0.03515625,1.00390625
12.668782514450868,-0.046875,-0.03125,0.9765625
12.671281791907514,-0.04296875,-0.0234375,0.9921875
12.673781069364162,-0.0625,-0.0390625,1.0
12.67628034682081,-0.04296875,-0.03515625,0.99609375
12.678779624277457,-0.0625,-0.03125,1.00390625
12.681278901734105,-0.0703125,-0.0390625,0.98046875
12.683778179190751,-0.046875,-0.0234375,0.9921875
12.6862774566474,-0.0390625,-0.02734375,0.9765625
12.688776734104046,-0.07421875,-0.015625,1.00390625
12.691276011560694,-0.08203125,-0.0234375,0.98828125
12.693775289017342,-0.04296875,-0.01953125,0.9765625
12.696274566473988,-0.05859375,-0.015625,0.99609375
12.698773843930637,-0.0546875,-0.01953125,1.00390625
12.701273121387285,-0.04296875,-0.03515625,1.0
12.703772398843931,-0.0390625,-0.03125,0.99609375
12.706271676300577,-0.0390625,-0.02734375,0.984375
12.708770953757226,-0.01953125,-0.03515625,0.9921875
12.711270231213874,-0.05078125,-0.0390625,0.97265625
12.71376950867052,-0.05078125,-0.015625,1.00390625
12.716268786127168,-0.04296875,-0.046875,0.984375
12.718768063583816,-0.046875,-0.03125,1.00390625
12.721267341040463,-0.0625,-0.0234375,0.9765625
12.72376661849711,-0.0546875,-0.01953125,1.0
12.726265895953757,-0.05859375,-0.03515625,0.9765625
12.728765173410405,-0.02734375,-0.04296875,0.96484375
12.731264450867052,-0.03515625,-0.01953125,0.9609375
12.7337637283237,-0.06640625,-0.015625,0.96875
12.736263005780348,-0.0546875,-0.03515625,0.98828125
12.738762283236994,-0.03125,-0.01953125,1.00390625
12.741261560693642,-0.03515625,-0.02734375,0.99609375
12.74376083815029,-0.0390625,-0.03515625,1.0
12.746260115606937,-0.0390625,-0.01171875,0.9921875
12.748759393063583,-0.0625,-0.0078125,0.9765625
12.751258670520231,-0.04296875,-0.03515625,0.9921875
12.75375794797688,-0.0625,-0.03515625,0.984375
12.756257225433526,-0.0546875,-0.04296875,0.9921875
12.758756502890174,-0.0390625,-0.0234375,0.99609375
12.761255780346822,-0.02734375,-0.0234375,1.0
12.763755057803468,-0.046875,-0.02734375,0.99609375
12.766254335260117,-0.03125,-0.04296875,0.9765625
12.768753612716763,-0.046875,-0.0390625,0.984375
12.771252890173411,-0.05859375,-0.03125,1.0078125
12.773752167630057,-0.0703125,-0.0390625,1.015625
12.776251445086706,-0.03515625,-0.03125,1.0078125
12.778750722543354,-0.05078125,-0.01953125,0.98828125
12.78125,-0.04296875,-0.0078125,1.0078125
12.783749277456648,-0.03515625,-0.01953125,1.0
12.786248554913296,-0.05078125,-0.015625,0.953125
12.788747832369943,-0.05078125,-0.00390625,0.9921875
12.791247109826589,-0.03515625,-0.02734375,1.01171875
12.793746387283237,-0.0625,-0.0390625,1.00390625
12.796245664739885,-0.04296875,-0.0234375,0.98046875
12.798744942196532,-0.02734375,-0.01171875,0.9453125
12.80124421965318,-0.05078125,-0.046875,1.0078125
12.803743497109828,-0.0546875,-0.05078125,0.9921875
12.806242774566474,-0.0546875,-0.0390625,1.00390625
12.808742052023122,-0.06640625,-0.0390625,1.0078125
12.811241329479769,-0.0234375,-0.0234375,0.98828125
12.813740606936417,-0.02734375,-0.01171875,1.0
12.816239884393063,-0.07421875,-0.02734375,0.98046875
12.818739161849711,-0.05078125,-0.0078125,1.0078125
12.82123843930636,-0.0390625,-0.0078125,0.9921875
12.823737716763006,-0.04296875,-0.03515625,1.01953125
12.826236994219654,-0.06640625,-0.03125,1.00390625
12.828736271676302,-0.05859375,-0.015625,1.0
12.831235549132948,-0.03515625,-0.02734375,0.984375
12.833734826589595,-0.046875,-0.01953125,0.98828125
12.836234104046243,-0.0546875,-0.02734375,1.00390625
12.838733381502891,-0.046875,-0.04296875,0.98828125
12.841232658959537,-0.0546875,-0.0234375,0.984375
12.843731936416185,-0.05859375,-0.0234375,0.99609375
12.846231213872834,-0.0625,-0.02734375,0.9921875
12.84873049132948,-0.046875,-0.03515625,0.9921875
12.851229768786128,-0.046875,-0.04296875,1.015625
12.853729046242774,-0.0390625,-0.0234375,1.0
12.856228323699423,-0.04296875,-0.03125,1.00390625
12.858727601156069,-0.05078125,-0.02734375,0.99609375
12.861226878612717,-0.0390625,-0.02734375,1.0
12.863726156069365,-0.0703125,-0.01953125,1.0078125
12.866225433526012,-0.04296875,-0.01953125,0.9921875
12.86872471098266,-0.03515625,-0.03125,0.98046875
12.871223988439308,-0.0546875,-0.0390625,1.0
12.873723265895954,-0.0546875,-0.03125,0.98046875
12.8762225433526,-0.05859375,-0.01953125,0.98046875
12.878721820809249,-0.03125,-0.02734375,0.9921875
12.881221098265897,-0.03515625,-0.0234375,1.01171875
12.883720375722543,-0.0546875,-0.046875,0.99609375
12.886219653179191,-0.05859375,-0.0390625,0.9765625
12.88871893063584,-0.05859375,-0.01171875,0.99609375
12.891218208092486,-0.03515625,-0.0078125,0.9375
12.893717485549134,-0.046875,-0.03125,0.98828125
12.89621676300578,-0.046875,-0.0234375,0.97265625
12.898716040462428,-0.0546875,-0.03125,0.94921875
12.901215317919075,-0.05078125,-0.03515625,0.96484375
12.903714595375723,-0.05859375,-0.01171875,1.015625
12.906213872832371,-0.046875,-0.015625,0.96875
12.908713150289017,-0.0625,-0.0234375,0.97265625
12.911212427745665,-0.0625,-0.0078125,1.0
12.913711705202314,-0.0546875,-0.0234375,1.00390625
12.91621098265896,-0.0390625,-0.01953125,1.00390625
12.918710260115608,-0.04296875,-0.0390625,0.98046875
12.921209537572254,-0.046875,-0.02734375,0.9765625
12.923708815028903,-0.03515625,-0.046875,0.984375
12.926208092485549,-0.05859375,-0.03125,0.984375
12.928707369942197,-0.0390625,-0.01953125,0.9765625
12.931206647398845,-0.06640625,-0.0390625,0.9921875
12.933705924855492,-0.0390625,-0.02734375,0.984375
12.93620520231214,-0.04296875,-0.03125,0.99609375
12.938704479768786,-0.0390625,-0.04296875,0.99609375
12.941203757225434,-0.03125,-0.04296875,0.9921875
12.94370303468208,-0.0390625,-0.03125,0.97265625
12.946202312138729,-0.05078125,-0.015625,0.984375
12.948701589595377,-0.04296875,-0.04296875,1.0078125
12.951200867052023,-0.07421875,-0.03125,1.0
12.953700144508671,-0.0390625,-0.015625,0.9765625
12.95619942196532,-0.046875,-0.0234375,0.9921875
12.958698699421966,-0.04296875,-0.02734375,0.98828125
12.961197976878614,-0.046875,-0.0234375,0.98828125
12.96369725433526,-0.05078125,-0.01171875,1.0078125
12.966196531791908,-0.0546875,-0.00390625,0.9921875
12.968695809248555,-0.0546875,-0.01171875,0.984375
12.971195086705203,-0.046875,-0.0390625,0.99609375
12.973694364161851,-0.04296875,-0.01953125,0.98828125
12.976193641618497,-0.0546875,-0.0390625,0.98828125
12.978692919075145,-0.06640625,-0.03515625,0.9921875
12.981192196531792,-0.05859375,-0.01953125,1.0078125
12.98369147398844,-0.04296875,-0.01953125,0.96875
12.986190751445086,-0.03125,-0.0390625,0.97265625
12.988690028901734,-0.03515625,-0.0390625,1.01171875
12.991189306358383,-0.05078125,-0.046875,0.98828125
12.993688583815029,-0.05859375,-0.01953125,1.00390625
12.996187861271677,-0.046875,-0.02734375,0.98046875
12.998687138728325,-0.04296875,-0.01953125,0.9921875
13.001186416184972,-0.0390625,-0.03515625,0.9921875
13.00368569364162,-0.03515625,-0.0546875,1.0
13.006184971098266,-0.046875,-0.03515625,1.00390625
13.008684248554914,-0.0703125,-0.03125,0.99609375
13.01118352601156,-0.0546875,-0.03125,0.98046875
13.013682803468209,-0.0625,-0.0234375,0.99609375
13.016182080924857,-0.05859375,-0.046875,0.98828125
13.018681358381503,-0.0546875,-0.05078125,0.9921875
13.021180635838151,-0.03515625,-0.01953125,0.98046875
13.023679913294798,-0.04296875,-0.02734375,0.98828125
13.026179190751446,-0.0546875,-0.02734375,0.9921875
13.028678468208092,-0.046875,-0.03515625,0.97265625
13.03117774566474,-0.05859375,-0.03515625,0.9921875
13.033677023121388,-0.046875,-0.03125,0.99609375
13.036176300578035,-0.0546875,-0.03515625,0.9921875
13.038675578034683,-0.07421875,-0.03515625,0.99609375
13.041174855491331,-0.0546875,-0.02734375,1.015625
13.043674132947977,-0.0546875,-0.01953125,0.9921875
13.046173410404625,-0.05078125,-0.015625,0.98828125
13.048672687861272,-0.05078125,-0.02734375,0.9921875
13.05117196531792,-0.0625,-0.0390625,0.984375
13.053671242774566,-0.04296875,-0.015625,0.9921875
13.056170520231214,-0.05859375,-0.02734375,1.0078125
13.058669797687863,-0.0546875,-0.02734375,0.98828125
13.061169075144509,-0.0703125,-0.02734375,0.9921875
13.063668352601157,-0.046875,-0.01953125,0.984375
13.066167630057805,-0.04296875,-0.01953125,0.98046875
13.068666907514451,-0.06640625,-0.03125,0.953125
13.071166184971098,-0.02734375,-0.02734375,0.984375
13.073665462427746,-0.0625,-0.05859375,1.0078125
13.076164739884394,-0.05078125,-0.01171875,0.96484375
13.07866401734104,-0.0625,-0.0078125,0.98828125
13.081163294797689,-0.0234375,-0.0234375,0.984375
13.083662572254337,-0.03125,-0.046875,1.0
13.086161849710983,-0.046875,-0.02734375,1.00390625
13.088661127167631,-0.046875,-0.03125,0.99609375
13.091160404624278,-0.05859375,-0.03515625,0.984375
13.093659682080926,-0.07421875,-0.03125,0.98046875
13.096158959537572,-0.05859375,-0.03125,1.00390625
13.09865823699422,-0.03125,-0.01953125,0.9609375
13.101157514450868,-0.04296875,-0.0078125,1.01171875
13.103656791907515,-0.02734375,-0.01953125,0.98046875
13.106156069364163,-0.0546875,-0.01171875,0.97265625
13.108655346820811,-0.0390625,-0.0234375,0.984375
13.111154624277457,-0.05078125,-0.04296875,0.9921875
13.113653901734104,-0.046875,-0.02734375,1.0
13.116153179190752,-0.05859375,-0.01953125,1.0078125
13.1186524566474,-0.05859375,-0.0078125,0.9921875
13.121151734104046,-0.05859375,-0.0234375,0.98828125
13.123651011560694,-0.05859375,-0.03515625,0.984375
13.126150289017342,-0.05859375,-0.02734375,1.0078125
13.128649566473989,-0.046875,-0.0390625,1.00390625
13.131148843930637,-0.05078125,-0.03515625,0.9921875
13.133648121387283,-0.0390625,-0.02734375,0.98828125
13.136147398843931,-0.0625,-0.01953125,0.98828125
13.138646676300578,-0.05859375,-0.0390625,0.97265625
13.141145953757226,-0.0546875,-0.0078125,0.97265625
13.143645231213874,-0.05078125,-0.01953125,0.9765625
13.14614450867052,-0.06640625,-0.015625,0.99609375
13.148643786127169,-0.05078125,-0.015625,0.9765625
13.151143063583817,-0.05078125,-0.01953125,0.97265625
13.153642341040463,-0.03515625,-0.0234375,0.97265625
13.15614161849711,-0.046875,-0.01171875,0.97265625
13.158640895953758,-0.06640625,-0.015625,1.0
13.161140173410406,-0.0625,-0.0390625,0.9921875
13.163639450867052,-0.04296875,-0.05859375,0.96484375
13.1661387283237,-0.0546875,-0.0234375,0.99609375
13.168638005780348,-0.046875,-0.01953125,0.98828125
13.171137283236995,-0.046875,-0.03125,1.015625
13.173636560693643,-0.0546875,-0.015625,0.96484375
13.176135838150289,-0.05078125,-0.02734375,0.9921875
13.178635115606937,-0.0625,-0.03515625,0.99609375
13.181134393063584,-0.0390625,-0.03515625,0.98046875
13.183633670520232,-0.04296875,-0.03125,0.984375
13.18613294797688,-0.046875,-0.01953125,0.98828125
13.188632225433526,-0.05078125,-0.0234375,0.9765625
13.191131502890174,-0.05078125,-0.015625,0.9921875
13.193630780346822,-0.078125,-0.0234375,1.0
13.196130057803469,-0.0625,-0.015625,0.98828125
13.198629335260115,-0.04296875,-0.03125,0.99609375
13.201128612716763,-0.03515625,-0.01953125,1.0
13.203627890173411,-0.046875,-0.0234375,0.99609375
13.206127167630058,-0.0390625,-0.03125,1.0
13.208626445086706,-0.0625,-0.03125,0.98828125
13.211125722543354,-0.06640625,-0.01171875,0.984375
13.213625,-0.0625,-0.02734375,0.99609375
13.216124277456649,-0.05078125,-0.046875,1.01171875
13.218623554913295,-0.0625,-0.03515625,1.0
13.221122832369943,-0.0390625,-0.03125,0.9765625
13.22362210982659,-0.05078125,-0.01953125,0.984375
13.226121387283237,-0.046875,-0.01953125,0.984375
13.228620664739886,-0.05859375,-0.02734375,0.9765625
13.231119942196532,-0.0234375,-0.02734375,0.98046875
13.23361921965318,-0.0546875,-0.03125,1.0
13.236118497109828,-0.05078125,-0.03125,0.99609375
13.238617774566475,-0.04296875,-0.01953125,0.9921875
13.241117052023121,-0.03515625,-0.03125,0.9921875
13.243616329479769,-0.046875,-0.0234375,1.0
13.246115606936417,-0.06640625,-0.02734375,0.98046875
13.248614884393064,-0.0625,-0.01953125,1.01171875
13.251114161849712,-0.03515625,-0.046875,1.0
13.25361343930636,-0.0546875,-0.0234375,0.99609375
13.256112716763006,-0.0625,-0.03125,1.01171875
13.258611994219654,-0.05859375,-0.01953125,0.96875
13.2611112716763,-0.0625,-0.03515625,1.0078125
13.263610549132949,-0.04296875,-0.0390625,1.0
13.266109826589595,-0.05078125,-0.03125,0.984375
13.268609104046243,-0.046875,-0.0234375,1.015625
13.271108381502891,-0.05078125,-0.015625,0.9921875
13.273607658959538,-0.0625,-0.03125,1.015625
13.276106936416186,-0.046875,-0.03515625,0.984375
13.278606213872834,-0.03515625,-0.03515625,0.9921875
13.28110549132948,-0.046875,-0.015625,0.984375
13.283604768786127,-0.0546875,-0.03125,1.0
13.286104046242775,-0.046875,-0.0234375,1.0078125
13.288603323699423,-0.03515625,-0.01171875,0.984375
13.29110260115607,-0.03515625,-0.03515625,1.0
13.293601878612717,-0.05859375,-0.0234375,0.98828125
13.296101156069366,-0.04296875,-0.02734375,0.98046875
13.298600433526012,-0.046875,-0.01953125,0.984375
13.30109971098266,-0.05078125,-0.02734375,0.984375
13.303598988439306,-0.07421875,-0.03125,0.99609375
13.306098265895955,-0.05078125,-0.01171875,0.98046875
13.308597543352601,-0.078125,-0.03515625,0.99609375
13.311096820809249,-0.046875,-0.03515625,0.984375
13.313596098265897,-0.05078125,-0.0234375,0.9609375
13.316095375722544,-0.05859375,-0.01171875,1.00390625
13.318594653179192,-0.05078125,-0.02734375,1.0
13.32109393063584,-0.05078125,-0.015625,1.0078125
13.323593208092486,-0.0546875,-0.0234375,0.99609375
13.326092485549133,-0.04296875,-0.00390625,0.99609375
13.32859176300578,-0.03515625,-0.01171875,0.96875
13.331091040462429,-0.0546875,-0.04296875,0.9921875
13.333590317919075,-0.04296875,-0.04296875,0.9921875
13.336089595375723,-0.07421875,-0.01953125,1.00390625
13.338588872832371,-0.0390625,-0.03125,0.99609375
13.341088150289018,-0.0703125,-0.0234375,0.96875
13.343587427745666,-0.0546875,-0.03515625,1.00390625
13.346086705202312,-0.046875,-0.03515625,1.015625
13.34858598265896,-0.03515625,-0.03125,0.99609375
13.351085260115607,-0.0625,-0.015625,0.98046875
13.353584537572255,-0.03125,-0.02734375,0.96484375
13.356083815028903,-0.046875,-0.01171875,1.00390625
13.35858309248555,-0.05859375,-0.0390625,1.0
13.361082369942197,-0.0390625,-0.01953125,0.98046875
13.363581647398846,-0.046875,-0.01953125,0.96875
13.366080924855492,-0.05078125,-0.03515625,0.9921875
13.36858020231214,-0.05859375,-0.046875,0.98828125
13.371079479768786,-0.03125,-0.01953125,0.9765625
13.373578757225435,-0.0390625,-0.03125,0.97265625
13.376078034682081,-0.0703125,-0.0390625,0.98828125
13.378577312138729,-0.0625,-0.03125,1.0078125
13.381076589595377,-0.03515625,-0.0390625,1.00390625
13.383575867052024,-0.05859375,-0.02734375,0.98828125
13.386075144508672,-0.078125,-0.04296875,0.99609375
13.388574421965318,-0.0546875,-0.03125,0.9921875
13.391073699421966,-0.0546875,-0.0234375,1.00390625
13.393572976878612,-0.03515625,-0.0390625,0.984375
13.39607225433526,-0.046875,-0.03515625,0.99609375
13.398571531791909,-0.046875,-0.01953125,0.98046875
13.401070809248555,-0.0546875,-0.03515625,0.9921875
13.403570086705203,-0.0390625,-0.04296875,0.97265625
13.406069364161851,-0.05859375,-0.03125,0.984375
13.408568641618498,-0.07421875,-0.0234375,1.01171875
13.411067919075146,-0.046875,-0.0234375,1.0078125
13.413567196531792,-0.04296875,-0.02734375,0.98828125
13.41606647398844,-0.0546875,-0.0234375,0.98046875
13.418565751445087,-0.04296875,-0.0234375,0.98828125
13.421065028901735,-0.04296875,-0.05078125,0.984375
13.423564306358383,-0.0625,-0.02734375,0.9921875
13.42606358381503,-0.0546875,-0.01171875,0.984375
13.428562861271677,-0.04296875,-0.01953125,1.00390625
13.431062138728324,-0.046875,-0.01953125,0.9765625
13.433561416184972,-0.05859375,-0.00390625,0.98828125
13.436060693641618,-0.0390625,-0.01953125,0.9765625
13.438559971098266,-0.05078125,-0.0234375,0.9921875
13.441059248554915,-0.03515625,-0.0234375,0.9765625
13.44355852601156,-0.0546875,-0.04296875,0.99609375
13.446057803468209,-0.0546875,-0.01171875,1.01953125
13.448557080924857,-0.0546875,-0.03125,0.98828125
13.451056358381503,-0.05859375,-0.0234375,0.98046875
13.453555635838152,-0.0625,-0.03125,1.0
13.456054913294798,-0.05859375,-0.015625,1.00390625
13.458554190751446,-0.05078125,-0.04296875,0.9765625
13.461053468208092,-0.046875,-0.00390625,0.98046875
13.46355274566474,-0.05859375,-0.0078125,1.0
13.466052023121389,-0.046875,-0.046875,0.99609375
13.468551300578035,-0.046875,-0.04296875,1.0
13.471050578034683,-0.02734375,-0.0390625,0.9765625
13.47354985549133,-0.0546875,-0.03515625,0.99609375
13.476049132947978,-0.03515625,-0.02734375,0.9921875
13.478548410404624,-0.03515625,-0.01953125,0.98828125
13.481047687861272,-0.0625,-0.03125,0.9921875
13.48354696531792,-0.05078125,-0.03515625,1.0078125
13.486046242774567,-0.05859375,-0.02734375,0.99609375
13.488545520231215,-0.05859375,-0.02734375,1.01171875
13.491044797687863,-0.0625,-0.0390625,1.0078125
13.49354407514451,-0.03125,-0.01171875,0.9921875
13.496043352601157,-0.04296875,-0.0234375,0.9921875
13.498542630057804,-0.0390625,-0.0234375,0.9921875
13.501041907514452,-0.0390625,-0.01953125,0.984375
13.503541184971098,-0.05078125,-0.03515625,0.98046875
13.506040462427746,-0.046875,-0.046875,1.015625
13.508539739884394,-0.0546875,-0.015625,1.0078125
13.51103901734104,-0.06640625,-0.03125,1.0078125
13.513538294797689,-0.0546875,-0.03125,0.98828125
13.516037572254335,-0.04296875,-0.0234375,0.97265625
13.518536849710983,-0.05078125,-0.0078125,0.9921875
13.52103612716763,-0.07421875,-0.015625,0.99609375
13.523535404624278,-0.0390625,-0.03515625,0.96484375
13.526034682080926,-0.0390625,-0.0234375,1.0
13.528533959537572,-0.0390625,-0.03515625,0.9921875
13.53103323699422,-0.05078125,-0.015625,0.984375
13.533532514450869,-0.05078125,-0.0390625,0.98046875
13.536031791907515,-0.0390625,-0.0234375,1.0
13.538531069364163,-0.05078125,-0.01953125,0.9765625
13.54103034682081,-0.0546875,-0.02734375,0.9921875
13.543529624277458,-0.0546875,-0.03515625,1.00390625
13.546028901734104,-0.04296875,-0.015625,0.98046875
13.548528179190752,-0.04296875,-0.03125,0.98828125
13.5510274566474,-0.0546875,-0.03125,0.99609375
13.553526734104047,-0.0546875,-0.015625,1.0
13.556026011560695,-0.05078125,-0.01171875,1.00390625
13.558525289017343,-0.046875,-0.0234375,0.984375
13.56102456647399,-0.078125,-0.01171875,0.96875
13.563523843930636,-0.03125,-0.03515625,1.0078125
13.566023121387284,-0.03515625,-0.0546875,0.98828125
13.568522398843932,-0.05078125,-0.03125,0.98828125
13.571021676300578,-0.0390625,-0.01171875,0.99609375
13.573520953757226,-0.046875,-0.03125,0.98828125
13.576020231213874,-0.05078125,-0.01953125,0.99609375
13.57851950867052,-0.046875,-0.03125,0.9921875
13.581018786127169,-0.03515625,-0.015625,0.9765625
13.583518063583815,-0.0546875,-0.03125,0.984375
13.586017341040463,-0.02734375,-0.01953125,1.0078125
13.58851661849711,-0.03515625,-0.05078125,1.0078125
13.591015895953758,-0.0546875,-0.015625,1.0078125
13.593515173410406,-0.04296875,-0.02734375,1.00390625
13.596014450867052,-0.046875,-0.015625,0.9765625
13.5985137283237,-0.0546875,-0.01953125,1.0
13.601013005780349,-0.03125,-0.03515625,0.9921875
13.603512283236995,-0.05078125,-0.0234375,1.0078125
13.606011560693641,-0.04296875,-0.03515625,0.9921875
13.60851083815029,-0.02734375,-0.01953125,1.0
13.611010115606938,-0.04296875,-0.01953125,1.00390625
13.613509393063584,-0.04296875,-0.03125,0.98828125
13.616008670520232,-0.05078125,-0.02734375,0.9921875
13.61850794797688,-0.06640625,-0.0078125,0.9921875
13.621007225433527,-0.046875,-0.02734375,0.9921875
13.623506502890175,-0.0625,-0.0234375,0.98046875
13.626005780346821,-0.05078125,-0.01953125,1.0
13.62850505780347,-0.04296875,-0.03125,0.99609375
13.631004335260116,-0.04296875,-0.015625,0.9765625
13.633503612716764,-0.06640625,-0.0546875,0.99609375
13.636002890173412,-0.01953125,-0.04296875,0.98046875
13.638502167630058,-0.046875,-0.04296875,0.9765625
13.641001445086706,-0.05078125,-0.03125,1.00390625
13.643500722543354,-0.04296875,-0.0234375,1.0
13.646,-0.0546875,-0.03125,0.98828125
13.646,-0.02734375,-0.04296875,0.98046875
13.648501095690285,-0.046875,-0.03515625,0.98828125
13.65100219138057,-0.046875,-0.01953125,0.96875
13.653503287070855,-0.03515625,-0.0390625,0.9765625
13.65600438276114,-0.07421875,-0.01953125,0.9765625
13.658505478451426,-0.06640625,-0.02734375,0.98828125
13.66100657414171,-0.0546875,-0.03515625,0.98046875
13.663507669831995,-0.0625,-0.03125,0.96875
13.66600876552228,-0.05078125,-0.04296875,0.9765625
13.668509861212565,-0.0625,-0.03125,0.9765625
13.67101095690285,-0.03125,-0.02734375,0.9765625
13.673512052593134,-0.04296875,-0.0390625,0.96875
13.676013148283419,-0.0546875,-0.03515625,0.96875
13.678514243973705,-0.0546875,-0.0390625,0.95703125
13.68101533966399,-0.04296875,-0.01953125,0.99609375
13.683516435354274,-0.05859375,-0.0234375,0.98046875
13.686017531044559,-0.046875,-0.0234375,1.0234375
13.688518626734844,-0.03515625,-0.03125,0.9765625
13.691019722425128,-0.05859375,-0.03125,0.984375
13.693520818115413,-0.05859375,-0.0390625,0.96484375
13.696021913805698,-0.046875,-0.03125,0.98828125
13.698523009495982,-0.05859375,-0.0546875,0.98046875
13.701024105186269,-0.0546875,-0.0390625,0.953125
13.703525200876554,-0.046875,-0.015625,0.97265625
13.706026296566838,-0.05859375,-0.0078125,0.9765625
13.708527392257123,-0.03515625,-0.01171875,0.99609375
13.711028487947408,-0.0546875,-0.015625,0.99609375
13.713529583637692,-0.0703125,-0.03125,0.99609375
13.716030679327977,-0.046875,-0.0234375,0.9765625
13.718531775018262,-0.0546875,-0.02734375,0.99609375
13.721032870708548,-0.0390625,-0.0234375,0.96875
13.723533966398833,-0.04296875,-0.0234375,1.015625
13.726035062089117,-0.04296875,-0.03515625,1.00390625
13.728536157779402,-0.05859375,-0.015625,1.0234375
13.731037253469687,-0.0625,-0.015625,0.99609375
13.733538349159971,-0.0546875,-0.02734375,0.98828125
13.736039444850256,-0.05078125,-0.03125,1.00390625
13.73854054054054,-0.06640625,-0.0234375,1.015625
13.741041636230825,-0.0546875,-0.02734375,1.0
13.743542731921112,-0.0390625,-0.03125,1.015625
13.746043827611397,-0.05078125,-0.03125,1.0
13.748544923301681,-0.046875,-0.0234375,1.00390625
13.751046018991966,-0.0625,-0.0234375,0.98828125
13.75354711468225,-0.05078125,-0.0390625,0.953125
13.756048210372535,-0.04296875,-0.02734375,0.99609375
13.75854930606282,-0.046875,-0.02734375,0.96484375
13.761050401753105,-0.05078125,-0.02734375,0.98046875
13.763551497443391,-0.0546875,-0.0078125,0.98046875
13.766052593133676,-0.05859375,-0.01953125,0.9921875
13.76855368882396,-0.03515625,-0.02734375,0.984375
13.771054784514245,-0.04296875,-0.01953125,0.9921875
13.77355588020453,-0.05859375,-0.0234375,0.96484375
13.776056975894814,-0.08203125,-0.02734375,1.0
13.778558071585099,-0.03515625,-0.01953125,0.96484375
13.781059167275384,-0.0546875,-0.0234375,0.9921875
13.783560262965668,-0.05078125,-0.03125,0.9765625
13.786061358655955,-0.05078125,-0.02734375,0.98828125
13.78856245434624,-0.0625,-0.02734375,0.9921875
13.791063550036524,-0.0625,-0.03515625,0.9921875
13.793564645726809,-0.04296875,-0.0390625,1.01171875
13.796065741417094,-0.03515625,-0.0234375,0.984375
13.798566837107378,-0.04296875,-0.02734375,0.96484375
13.801067932797663,-0.05078125,-0.01953125,0.98828125
13.803569028487948,-0.0625,-0.046875,0.99609375
13.806070124178232,-0.04296875,-0.01171875,0.99609375
13.808571219868519,-0.04296875,-0.03515625,1.00390625
13.811072315558803,-0.04296875,-0.03125,0.99609375
13.813573411249088,-0.04296875,-0.02734375,0.98046875
13.816074506939373,-0.06640625,-0.00390625,0.984375
13.818575602629657,-0.05859375,-0.0078125,0.99609375
13.821076698319942,-0.046875,-0.02734375,1.0078125
13.823577794010227,-0.03515625,-0.0234375,0.98828125
13.826078889700511,-0.046875,-0.03125,0.97265625
13.828579985390798,-0.04296875,-0.03515625,1.0
13.831081081081082,-0.04296875,-0.01953125,1.0078125
13.833582176771367,-0.078125,-0.01171875,1.02734375
13.836083272461652,-0.04296875,-0.02734375,0.99609375
13.838584368151936,-0.03515625,-0.0234375,1.0
13.841085463842221,-0.0390625,-0.03125,0.98046875
13.843586559532506,-0.0546875,-0.04296875,0.9921875
13.84608765522279,-0.046875,-0.04296875,0.98828125
13.848588750913075,-0.0546875,-0.01953125,0.9921875
13.851089846603362,-0.05078125,-0.0390625,1.0078125
13.853590942293646,-0.0546875,-0.03515625,1.015625
13.856092037983931,-0.04296875,-0.0078125,1.0
13.858593133674216,-0.05078125,-0.0234375,0.98828125
13.8610942293645,-0.078125,-0.03125,0.9765625
13.863595325054785,-0.0390625,-0.015625,0.984375
13.86609642074507,-0.06640625,-0.05078125,1.00390625
13.868597516435354,-0.0390625,-0.046875,0.98046875
13.87109861212564,-0.04296875,-0.03515625,0.97265625
13.873599707815925,-0.05078125,-0.03515625,0.98046875
13.87610080350621,-0.05859375,-0.0234375,0.99609375
13.878601899196495,-0.06640625,-0.02734375,1.00390625
13.88110299488678,-0.03515625,-0.01953125,0.9921875
13.883604090577064,-0.04296875,-0.03125,0.9921875
13.886105186267349,-0.05078125,-0.03125,0.98828125
13.888606281957633,-0.0546875,-0.01953125,0.98828125
13.891107377647918,-0.0625,-0.015625,0.98046875
13.893608473338205,-0.05078125,-0.03515625,0.9921875
13.89610956902849,-0.04296875,-0.0390625,1.015625
13.898610664718774,-0.046875,-0.01171875,0.9921875
13.901111760409059,-0.05859375,-0.02734375,0.9765625
13.903612856099343,-0.0703125,-0.02734375,0.9765625
13.906113951789628,-0.05078125,-0.0234375,1.015625
13.908615047479913,-0.05859375,-0.0234375,0.98828125
13.911116143170197,-0.046875,-0.03515625,0.984375
13.913617238860482,-0.0390625,-0.015625,0.984375
13.916118334550768,-0.0546875,-0.015625,0.984375
13.918619430241053,-0.046875,-0.03515625,0.984375
13.921120525931338,-0.07421875,-0.01171875,0.98828125
13.923621621621622,-0.04296875,-0.0234375,0.984375
13.926122717311907,-0.04296875,-0.03125,1.0078125
13.928623813002192,-0.0390625,-0.05859375,1.00390625
13.931124908692476,-0.03125,-0.03515625,0.99609375
13.933626004382761,-0.0546875,-0.015625,0.9921875
13.936127100073048,-0.02734375,-0.03515625,0.9609375
13.938628195763332,-0.0625,-0.02734375,0.9921875
13.941129291453617,-0.05078125,-0.0546875,1.00390625
13.943630387143902,-0.0390625,-0.03515625,0.9921875
13.946131482834186,-0.07421875,-0.0390625,1.41796875
13.948632578524471,0.03515625,-0.03515625,1.3359375
13.951133674214756,-0.06640625,-0.015625,0.98046875
13.95363476990504,-0.03515625,-0.05078125,1.09375
13.956135865595325,-0.04296875,-0.08203125,0.9296875
13.958636961285611,0.00390625,-0.01953125,1.0859375
13.961138056975896,-0.05859375,-0.0234375,0.95703125
13.96363915266618,-0.03515625,-0.00390625,1.0546875
13.966140248356465,-0.03125,-0.04296875,0.91015625
13.96864134404675,-0.0078125,-0.06640625,1.0390625
13.971142439737035,-0.09375,-0.0078125,0.97265625
13.97364353542732,-0.0703125,0.01171875,1.05078125
13.976144631117604,-0.02734375,-0.07421875,0.9140625
13.97864572680789,-0.01953125,-0.05078125,1.02734375
13.981146822498175,-0.07421875,0.03125,1.0
13.98364791818846,-0.05078125,0.0,1.01953125
13.986149013878745,-0.0390625,-0.09765625,0.9296875
13.98865010956903,-0.05078125,-0.0234375,1.00390625
13.991151205259314,-0.078125,-0.01171875,0.984375
13.993652300949599,-0.03515625,-0.02734375,0.984375
13.996153396639883,-0.03515625,-0.08203125,0.94921875
13.998654492330168,-0.0625,-0.015625,1.01171875
14.001155588020454,-0.0703125,0.01953125,1.0
14.003656683710739,-0.015625,-0.05859375,0.9765625
14.006157779401024,-0.01171875,-0.0859375,0.98828125
14.008658875091308,-0.06640625,-0.0078125,1.02734375
14.011159970781593,-0.06640625,0.015625,0.98828125
14.013661066471878,-0.03515625,-0.0546875,0.98046875
14.016162162162162,-0.04296875,-0.05078125,1.01171875
14.018663257852447,-0.046875,0.015625,0.99609375
14.021164353542733,-0.046875,-0.03125,1.0
14.023665449233018,-0.05859375,-0.0390625,0.97265625
14.026166544923303,-0.05078125,-0.0078125,1.02734375
14.028667640613588,-0.0703125,-0.03125,1.0078125
14.031168736303872,-0.04296875,-0.05078125,1.00390625
14.033669831994157,-0.046875,-0.0390625,1.0078125
14.036170927684442,-0.06640625,-0.0078125,0.99609375
14.038672023374726,-0.0625,-0.02734375,1.0
14.04117311906501,-0.03125,-0.0546875,1.0078125
14.043674214755297,-0.05078125,-0.02734375,0.98828125
14.046175310445582,-0.0859375,-0.06640625,0.65234375
14.048676406135867,-0.140625,-0.0625,0.5859375
14.051177501826151,-0.046875,0.015625,0.90234375
14.053678597516436,-0.07421875,-0.0546875,0.734375
14.05617969320672,-0.0234375,-0.0625,1.13671875
14.058680788897005,-0.0859375,-0.09375,1.03515625
14.06118188458729,-0.02734375,0.0234375,1.26171875
14.063682980277576,-0.06640625,-0.0234375,0.890625
14.066184075967861,-0.04296875,0.015625,1.09765625
14.068685171658146,-0.08984375,-0.08203125,0.81640625
14.07118626734843,0.0078125,-0.0390625,1.12890625
14.073687363038715,-0.08984375,-0.00390625,0.890625
14.076188458729,-0.046875,-0.0078125,1.1171875
14.078689554419284,-0.02734375,-0.08984375,0.82421875
14.08119065010957,-0.0078125,-0.015625,1.08984375
14.083691745799854,-0.09375,0.0234375,0.9296875
14.08619284149014,-0.0234375,-0.0078125,1.06640625
14.088693937180425,-0.015625,-0.0546875,0.875
14.09119503287071,-0.0625,-0.0078125,1.04296875
14.093696128560994,-0.078125,0.00390625,0.93359375
14.096197224251279,-0.02734375,-0.0390625,1.04296875
14.098698319941564,-0.0234375,-0.07421875,0.94921875
14.101199415631848,-0.0625,0.0078125,1.015625
14.103700511322133,-0.0859375,0.00390625,0.97265625
14.10620160701242,-0.0078125,-0.0703125,0.94921875
14.108702702702704,-0.02734375,-0.078125,0.984375
14.111203798392989,-0.08203125,0.00390625,1.01953125
14.113704894083273,-0.078125,0.00390625,0.984375
14.116205989773558,-0.03125,-0.0546875,0.9765625
14.118707085463843,-0.05859375,-0.03125,0.984375
14.121208181154127,-0.05859375,-0.00390625,1.0078125
14.123709276844412,-0.04296875,-0.0390625,0.9765625
14.126210372534697,-0.046875,-0.04296875,0.96484375
14.128711468224983,-0.0703125,-0.00390625,1.02734375
14.131212563915268,-0.0703125,-0.0078125,0.98828125
14.133713659605553,-0.0546875,-0.03515625,0.98828125
14.136214755295837,-0.04296875,-0.0234375,1.00390625
14.138715850986122,-0.06640625,-0.00390625,1.0078125
14.141216946676407,-0.05078125,-0.02734375,0.95703125
14.143718042366691,-0.03515625,-0.03515625,1.0
14.146219138056976,-0.0625,-0.01171875,1.0
14.148720233747262,-0.0703125,-0.046875,0.9609375
14.151221329437547,-0.0546875,-0.0390625,0.98046875
14.153722425127832,-0.05078125,-0.00390625,0.98046875
14.156223520818116,-0.0703125,-0.01171875,1.01171875
14.158724616508401,-0.0390625,-0.0546875,0.98828125
14.161225712198686,-0.046875,-0.02734375,0.96875
14.16372680788897,-0.04296875,-0.01171875,1.01171875
14.166227903579255,-0.046875,-0.04296875,1.0
14.16872899926954,-0.0546875,-0.01171875,0.98046875
14.171230094959826,-0.0625,-0.0078125,1.01171875
14.173731190650111,-0.04296875,-0.03125,0.9921875
14.176232286340396,-0.04296875,-0.0390625,1.00390625
14.17873338203068,-0.0390625,-0.0234375,1.0078125
14.181234477720965,-0.04296875,-0.00390625,0.9921875
14.18373557341125,-0.0546875,-0.03515625,0.984375
14.186236669101534,-0.0390625,-0.0078125,0.9765625
14.188737764791819,-0.046875,-0.0390625,0.99609375
14.191238860482105,-0.0390625,-0.01171875,1.0
14.19373995617239,-0.05859375,-0.015625,1.0
14.196241051862675,-0.05078125,-0.01953125,0.984375
14.19874214755296,-0.05078125,-0.01171875,1.0078125
14.201243243243244,-0.06640625,-0.04296875,1.00390625
14.203744338933529,-0.0546875,-0.0703125,0.984375
14.206245434623813,-0.046875,-0.0234375,0.96875
14.208746530314098,-0.0390625,-0.0234375,0.96875
14.211247626004383,-0.046875,-0.0234375,0.9921875
14.21374872169467,-0.03125,-0.03515625,0.984375
14.216249817384954,-0.0546875,-0.03515625,0.96875
14.218750913075239,-0.05859375,-0.015625,0.9921875
14.221252008765523,-0.04296875,-0.02734375,0.9921875
14.223753104455808,-0.046875,-0.02734375,0.9609375
14.226254200146093,-0.05859375,-0.0234375,0.9921875
14.228755295836377,-0.0546875,-0.0234375,0.984375
14.231256391526662,-0.046875,-0.03515625,0.984375
14.233757487216948,-0.05078125,-0.01953125,0.97265625
14.236258582907233,-0.046875,-0.0390625,1.00390625
14.238759678597518,-0.046875,-0.01953125,0.98828125
14.241260774287802,-0.03515625,-0.0078125,0.9921875
14.243761869978087,-0.05859375,-0.03515625,0.9921875
14.246262965668372,-0.0625,-0.02734375,0.98828125
14.248764061358656,-0.046875,-0.015625,0.9609375
14.251265157048941,-0.05078125,-0.00390625,0.99609375
14.253766252739226,-0.03515625,-0.0234375,1.01171875
14.256267348429512,-0.0546875,-0.02734375,1.0
14.258768444119797,-0.06640625,-0.03515625,0.99609375
14.261269539810081,-0.05859375,-0.0390625,1.0078125
14.263770635500366,-0.05859375,-0.02734375,0.99609375
14.26627173119065,-0.05078125,-0.02734375,0.97265625
14.268772826880936,-0.07421875,-0.0078125,1.0
14.27127392257122,-0.0625,-0.05078125,0.98828125
14.273775018261505,-0.046875,-0.05078125,0.98828125
14.276276113951791,-0.04296875,-0.03125,1.0
14.278777209642076,-0.0546875,-0.01171875,0.96484375
14.28127830533236,-0.0625,-0.02734375,0.984375
14.283779401022645,-0.046875,-0.015625,0.99609375
14.28628049671293,-0.04296875,-0.03515625,0.98046875
14.288781592403215,-0.0859375,-0.01953125,0.97265625
14.2912826880935,-0.0703125,-0.0390625,0.96484375
14.293783783783784,-0.05859375,-0.015625,1.015625
14.296284879474069,-0.0234375,-0.03515625,1.0078125
14.298785975164353,-0.0625,-0.0234375,1.00390625
14.30128707085464,-0.0546875,-0.03125,0.9921875
14.303788166544924,-0.06640625,-0.046875,0.98046875
14.30628926223521,-0.0546875,-0.015625,0.9765625
14.308790357925494,-0.05859375,-0.0234375,0.97265625
14.311291453615778,-0.03515625,-0.0234375,0.98828125
14.313792549306063,-0.05078125,-0.03125,0.99609375
14.316293644996348,-0.03515625,-0.04296875,1.01171875
14.318794740686632,-0.05859375,-0.01953125,0.9921875
14.321295836376919,-0.046875,-0.0078125,0.99609375
14.323796932067204,-0.04296875,0.0,0.984375
14.326298027757488,-0.0703125,-0.03515625,0.9921875
14.328799123447773,-0.05078125,-0.015625,0.98046875
14.331300219138058,-0.0390625,-0.04296875,1.0
14.333801314828342,-0.05078125,-0.02734375,0.98046875
14.336302410518627,-0.04296875,-0.015625,1.0
14.338803506208912,-0.0625,-0.03125,1.0
14.341304601899196,-0.0390625,-0.02734375,1.0
14.343805697589483,-0.0390625,-0.01171875,1.0078125
14.346306793279767,-0.0390625,-0.015625,1.0
14.348807888970052,-0.03515625,-0.01171875,0.99609375
14.351308984660337,-0.05859375,-0.015625,0.9921875
14.353810080350621,-0.05078125,-0.0234375,0.98046875
14.356311176040906,-0.05078125,-0.0234375,0.9921875
14.35881227173119,-0.0546875,-0.03515625,1.01171875
14.361313367421475,-0.046875,-0.0078125,0.9921875
14.363814463111762,-0.05078125,-0.01171875,0.9609375
14.366315558802047,-0.046875,-0.03515625,0.99609375
14.368816654492331,-0.0625,-0.03125,0.9765625
14.371317750182616,-0.04296875,-0.03125,0.9921875
14.3738188458729,-0.04296875,-0.0078125,1.00390625
14.376319941563185,-0.0234375,-0.0390625,0.9921875
14.37882103725347,-0.05078125,-0.0078125,0.99609375
14.381322132943755,-0.0703125,-0.0390625,0.984375
14.38382322863404,-0.0546875,-0.02734375,0.98828125
14.386324324324326,-0.05859375,-0.015625,0.98828125
14.38882542001461,-0.0546875,-0.03515625,0.98046875
14.391326515704895,-0.046875,-0.0390625,0.984375
14.39382761139518,-0.0703125,-0.0234375,0.98828125
14.396328707085464,-0.046875,-0.0390625,0.9765625
14.398829802775749,-0.05859375,-0.05078125,0.99609375
14.401330898466034,-0.05859375,-0.01953125,1.0
14.403831994156318,-0.046875,-0.03125,1.0
14.406333089846605,-0.0546875,-0.0234375,0.96484375
14.40883418553689,-0.03515625,-0.0234375,0.96875
14.411335281227174,-0.0546875,-0.02734375,1.0078125
14.413836376917459,-0.0390625,-0.04296875,0.98828125
14.416337472607744,-0.0390625,-0.0390625,0.9921875
14.418838568298028,-0.046875,-0.03515625,0.98828125
14.421339663988313,-0.05078125,-0.02734375,1.0078125
14.423840759678598,-0.046875,-0.01953125,0.9765625
14.426341855368882,-0.05078125,-0.01171875,1.01171875
14.428842951059169,-0.04296875,-0.046875,0.984375
14.431344046749453,-0.02734375,-0.046875,0.98828125
14.433845142439738,-0.0546875,-0.03515625,0.9921875
14.436346238130023,-0.05859375,-0.02734375,0.96875
14.438847333820307,-0.05859375,-0.02734375,1.01171875
14.441348429510592,-0.03515625,-0.0390625,0.98046875
14.443849525200877,-0.03515625,-0.015625,1.0
14.446350620891161,-0.015625,-0.05859375,0.25
14.448851716581448,0.0,-0.0078125,0.5078125
14.451352812271733,-0.04296875,-0.01171875,2.3671875
14.453853907962017,-0.171875,-0.203125,0.359375
14.456355003652302,0.0234375,-0.03125,0.92578125
14.458856099342587,-0.078125,0.01171875,1.234375
14.461357195032871,-0.0078125,-0.13671875,0.3671875
14.463858290723156,-0.07421875,0.0,1.09375
14.46635938641344,-0.12109375,-0.046875,0.83203125
14.468860482103725,-0.0859375,-0.03125,1.29296875
14.471361577794012,-0.0234375,-0.12109375,1.04296875
14.473862673484296,-0.0234375,0.01953125,1.1640625
14.476363769174581,-0.0546875,-0.0390625,1.0
14.478864864864866,-0.0078125,-0.0703125,0.9609375
14.48136596055515,0.00390625,-0.04296875,1.02734375
14.483867056245435,-0.078125,-0.0078125,0.9765625
14.48636815193572,-0.0625,-0.04296875,0.953125
14.488869247626004,-0.0234375,-0.02734375,0.8984375
14.49137034331629,-0.04296875,-0.01171875,1.05859375
14.493871439006575,-0.08984375,-0.01953125,0.984375
14.49637253469686,-0.04296875,-0.0703125,1.01953125
14.498873630387145,-0.03125,-0.0703125,0.95703125
14.50137472607743,-0.0703125,0.015625,1.015625
14.503875821767714,-0.08203125,0.015625,1.0
14.506376917457999,-0.03125,-0.08203125,0.96484375
14.508878013148284,-0.03125,-0.09375,0.96484375
14.511379108838568,-0.0546875,-0.00390625,1.01171875
14.513880204528855,-0.046875,0.0,0.99609375
14.51638130021914,-0.02734375,-0.015625,0.98046875
14.518882395909424,-0.05078125,-0.05859375,0.9765625
14.521383491599709,-0.0390625,-0.0078125,0.98828125
14.523884587289993,-0.05078125,-0.00390625,0.96484375
14.526385682980278,-0.0390625,-0.05859375,0.984375
14.528886778670563,-0.0390625,-0.0234375,1.00390625
14.531387874360847,-0.04296875,-0.01953125,1.01171875
14.533888970051134,-0.03515625,-0.0546875,1.0078125
14.536390065741418,-0.03515625,-0.015625,0.97265625
14.538891161431703,-0.0703125,-0.03515625,1.0078125
14.541392257121988,-0.04296875,-0.03515625,1.01171875
14.543893352812272,-0.046875,-0.01953125,0.9921875
14.546394448502557,-0.0703125,-0.015625,1.0
14.548895544192842,-0.06640625,-0.0546875,0.98046875
14.551396639883126,-0.046875,-0.046875,1.0
14.553897735573411,-0.0546875,-0.015625,1.01953125
14.556398831263698,-0.05859375,-0.0390625,1.00390625
14.558899926953982,-0.02734375,-0.05078125,1.0
14.561401022644267,-0.04296875,-0.0078125,0.9921875
14.563902118334552,-0.0625,-0.02734375,0.99609375
14.566403214024836,-0.046875,-0.0390625,0.97265625
14.568904309715121,-0.046875,-0.02734375,0.96484375
14.571405405405406,-0.046875,-0.02734375,0.9921875
14.57390650109569,-0.0703125,-0.02734375,1.0
14.576407596785977,-0.046875,-0.0625,0.98046875
14.578908692476261,-0.06640625,-0.03515625,0.99609375
14.581409788166546,-0.05078125,-0.0234375,0.98828125
14.58391088385683,-0.0546875,-0.03125,0.984375
14.586411979547115,-0.04296875,-0.046875,1.0
14.5889130752374,-0.0390625,-0.06640625,0.984375
14.591414170927685,-0.04296875,-0.0234375,0.96484375
14.59391526661797,-0.02734375,-0.03125,0.9765625
14.596416362308254,-0.05078125,-0.01171875,0.99609375
14.59891745799854,-0.0546875,-0.02734375,1.00390625
14.601418553688825,-0.04296875,-0.04296875,0.98828125
14.60391964937911,-0.05078125,-0.01953125,1.00390625
14.606420745069395,-0.0625,-0.04296875,0.984375
14.60892184075968,-0.0625,-0.03125,1.01953125
14.611422936449964,-0.0546875,-0.0390625,0.99609375
14.613924032140249,-0.046875,-0.046875,1.00390625
14.616425127830533,-0.05078125,-0.04296875,0.99609375
14.61892622352082,-0.05078125,-0.02734375,0.96875
14.621427319211104,-0.05859375,-0.0078125,1.00390625
14.623928414901389,-0.04296875,-0.015625,0.96484375
14.626429510591674,-0.046875,-0.01953125,0.99609375
14.628930606281958,-0.0703125,-0.0234375,1.0
14.631431701972243,-0.046875,-0.03515625,0.984375
14.633932797662528,-0.04296875,-0.0234375,0.984375
14.636433893352812,-0.04296875,-0.015625,0.9765625
14.638934989043097,-0.0703125,-0.02734375,0.98828125
14.641436084733384,-0.04296875,-0.05078125,0.98828125
14.643937180423668,-0.0390625,-0.03125,0.98828125
14.646438276113953,-0.04296875,-0.01171875,0.9765625
14.648939371804238,-0.05859375,0.0,1.0
14.651440467494522,-0.05078125,-0.0234375,0.9921875
14.653941563184807,-0.07421875,-0.02734375,0.9921875
14.656442658875092,-0.046875,-0.0390625,0.98828125
14.658943754565376,-0.0390625,-0.015625,0.9921875
14.661444850255663,-0.05859375,-0.02734375,1.015625
14.663945945945947,-0.0703125,-0.03125,0.984375
14.666447041636232,-0.05078125,-0.03125,0.9921875
14.668948137326517,-0.04296875,-0.03125,0.9765625
14.671449233016801,-0.05859375,-0.03515625,0.9921875
14.673950328707086,-0.03515625,-0.02734375,0.984375
14.67645142439737,-0.046875,-0.04296875,0.9921875
14.678952520087655,-0.06640625,-0.01953125,1.0078125
14.68145361577794,-0.0625,-0.015625,1.0
14.683954711468225,-0.05859375,-0.015625,0.984375
14.686455807158511,-0.0546875,-0.01953125,0.98046875
14.688956902848796,-0.04296875,-0.03125,1.00390625
14.69145799853908,-0.03125,-0.01953125,0.9921875
14.693959094229365,-0.0546875,-0.015625,0.98828125
14.69646018991965,-0.02734375,-0.0078125,0.9921875
14.698961285609935,-0.03125,-0.0234375,1.0
14.70146238130022,-0.078125,-0.05078125,1.0
14.703963476990506,-0.0625,-0.03515625,1.0078125
14.70646457268079,-0.05859375,-0.02734375,0.98828125
14.708965668371075,-0.0625,-0.015625,0.98828125
14.71146676406136,-0.0390625,-0.0234375,1.00390625
14.713967859751644,-0.046875,-0.0546875,1.00390625
14.716468955441929,-0.04296875,-0.0234375,0.984375
14.718970051132214,-0.05859375,-0.0234375,0.9921875
14.721471146822498,-0.0390625,-0.02734375,0.9921875
14.723972242512783,-0.02734375,-0.02734375,1.00390625
14.726473338203068,-0.04296875,-0.02734375,0.99609375
14.728974433893354,-0.0390625,-0.0234375,1.00390625
14.731475529583639,-0.0546875,-0.0078125,0.98828125
14.733976625273923,-0.04296875,-0.03125,0.9921875
14.736477720964208,-0.04296875,-0.01953125,0.97265625
14.738978816654493,-0.05859375,-0.015625,0.98046875
14.741479912344778,-0.046875,-0.046875,0.98828125
14.743981008035062,-0.0546875,-0.02734375,0.9765625
14.746482103725349,-0.05078125,-0.04296875,0.98828125
14.748983199415633,-0.046875,-0.01953125,0.99609375
14.751484295105918,-0.05859375,-0.01171875,1.0078125
14.753985390796203,-0.0546875,-0.01171875,1.0078125
14.756486486486487,-0.19921875,0.078125,1.96484375
14.758987582176772,0.0546875,0.046875,-0.16015625
14.761488677867057,0.09375,0.08203125,2.87109375
14.763989773557341,-0.5234375,-0.29296875,0.30078125
14.766490869247626,0.05078125,-0.0234375,1.19140625
14.76899196493791,0.0,0.02734375,0.84375
14.771493060628197,0.10546875,-0.0078125,1.38671875
14.773994156318482,-0.16015625,-0.15625,0.26171875
14.776495252008766,-0.078125,0.16796875,1.453125
14.778996347699051,0.0,0.01171875,1.42578125
14.781497443389336,-0.07421875,-0.15625,0.375
14.78399853907962,-0.00390625,0.03515625,1.1875
14.786499634769905,-0.10546875,-0.09375,0.80078125
14.789000730460192,-0.046875,-0.0078125,1.24609375
14.791501826150476,-0.0703125,-0.03515625,1.03515625
14.794002921840761,0.015625,-0.0390625,1.03515625
14.796504017531046,-0.04296875,-0.01953125,1.04296875
14.79900511322133,-0.078125,-0.04296875,0.875
14.801506208911615,0.0,-0.0078125,1.0859375
14.8040073046019,-0.07421875,-0.07421875,0.78125
14.806508400292184,-0.03125,-0.0234375,1.08203125
14.809009495982469,-0.02734375,-0.0546875,0.86328125
14.811510591672754,-0.0703125,0.03125,1.12109375
14.81401168736304,-0.08203125,-0.0390625,0.8984375
14.816512783053325,-0.0390625,-0.09765625,1.05078125
14.81901387874361,-0.0390625,-0.06640625,0.921875
14.821514974433894,-0.05078125,-0.00390625,1.05859375
14.824016070124179,-0.05859375,-0.03515625,0.953125
14.826517165814463,-0.05859375,-0.015625,1.0546875
14.829018261504748,-0.0625,-0.05859375,0.921875
14.831519357195033,-0.05859375,-0.03125,1.00390625
14.83402045288532,-0.0625,-0.01953125,0.94921875
14.836521548575604,-0.05859375,-0.03515625,1.00390625
14.839022644265889,-0.0546875,-0.03515625,0.99609375
14.841523739956173,-0.03125,-0.01953125,0.99609375
14.844024835646458,-0.05078125,-0.015625,0.9921875
14.846525931336743,-0.0546875,-0.02734375,0.9765625
14.849027027027027,-0.05078125,-0.02734375,0.9765625
14.851528122717312,-0.0390625,-0.0546875,0.9921875
14.854029218407597,-0.0546875,-0.0234375,0.99609375
14.856530314097883,-0.03125,-0.01953125,0.98046875
14.859031409788168,-0.0546875,-0.0234375,0.9921875
14.861532505478452,-0.0703125,-0.0078125,1.0078125
14.864033601168737,-0.046875,-0.01171875,1.00390625
14.866534696859022,-0.03125,-0.05078125,0.96484375
14.869035792549306,-0.05078125,-0.03125,1.0078125
14.871536888239591,-0.07421875,-0.015625,0.98046875
14.874037983929876,-0.02734375,-0.0078125,0.97265625
14.876539079620162,-0.04296875,-0.0390625,0.99609375
14.879040175310447,-0.0625,0.0,0.9921875
14.881541271000732,-0.04296875,-0.03125,1.0078125
14.884042366691016,-0.05859375,-0.0546875,0.98046875
14.8865434623813,-0.046875,-0.03125,1.00390625
14.889044558071586,-0.0625,-0.0234375,0.98828125
14.89154565376187,-0.03125,-0.05859375,0.98828125
14.894046749452155,-0.0625,-0.04296875,0.96875
14.89654784514244,-0.07421875,-0.015625,0.9921875
14.899048940832726,-0.05859375,-0.0390625,0.9921875
14.90155003652301,-0.05078125,-0.01953125,1.00390625
14.904051132213295,-0.0546875,-0.05078125,0.984375
14.90655222790358,-0.04296875,-0.03125,0.99609375
14.909053323593865,-0.0546875,-0.03125,1.01171875
14.91155441928415,-0.03515625,-0.04296875,0.9921875
14.914055514974434,-0.05078125,-0.01171875,1.01171875
14.916556610664719,-0.05859375,-0.01171875,1.00390625
14.919057706355005,-0.03125,-0.02734375,1.0078125
14.92155880204529,-0.0390625,-0.01953125,0.99609375
14.924059897735575,-0.05078125,-0.0078125,0.98828125
14.92656099342586,-0.02734375,-0.02734375,0.9765625
14.929062089116144,-0.05078125,-0.02734375,1.0
14.931563184806429,-0.0703125,-0.0234375,1.01953125
14.934064280496713,-0.04296875,-0.0234375,0.98828125
14.936565376186998,-0.046875,-0.03515625,0.984375
14.939066471877283,-0.0546875,-0.01953125,1.00390625
14.941567567567569,-0.06640625,-0.01953125,1.0078125
14.944068663257854,-0.03125,-0.046875,0.9921875
14.946569758948138,-0.05859375,-0.03125,1.015625
14.949070854638423,-0.0703125,-0.03125,1.0
14.951571950328708,-0.046875,-0.05078125,0.98828125
14.954073046018992,-0.05078125,-0.01171875,0.984375
14.956574141709277,-0.0546875,-0.0234375,1.0078125
14.959075237399562,-0.05078125,-0.04296875,1.0078125
14.961576333089848,-0.05078125,-0.015625,1.0078125
14.964077428780133,-0.05859375,-0.03515625,0.9765625
14.966578524470417,-0.04296875,-0.05078125,0.9921875
14.969079620160702,-0.0390625,-0.046875,0.9921875
14.971580715850987,-0.04296875,-0.01171875,0.96484375
14.974081811541271,-0.0546875,-0.01171875,0.984375
14.976582907231556,-0.05078125,-0.04296875,0.96484375
14.97908400292184,-0.04296875,-0.01171875,0.99609375
14.981585098612126,-0.05859375,-0.015625,0.99609375
14.984086194302412,-0.0390625,-0.03125,0.9765625
14.986587289992697,-0.0625,-0.01953125,0.984375
14.989088385682981,-0.0390625,-0.03125,1.0
14.991589481373266,-0.046875,-0.015625,1.00390625
14.99409057706355,-0.05078125,-0.02734375,0.9765625
14.996591672753835,-0.03515625,-0.01171875,1.0078125
14.99909276844412,-0.07421875,-0.03515625,0.99609375
15.001593864134405,-0.0390625,-0.015625,0.98046875
15.004094959824691,-0.046875,-0.0234375,0.99609375
15.006596055514976,-0.05078125,-0.01953125,0.9921875
15.00909715120526,-0.06640625,-0.02734375,1.0078125
15.011598246895545,-0.0546875,-0.01953125,0.98828125
15.01409934258583,-0.046875,-0.015625,0.95703125
15.016600438276114,-0.0390625,-0.00390625,0.9609375
15.0191015339664,-0.046875,-0.01953125,0.98046875
15.021602629656684,-0.0546875,-0.015625,0.9921875
15.024103725346968,-0.05859375,-0.015625,1.0078125
15.026604821037253,-0.0390625,-0.0078125,1.0
15.02910591672754,-0.05859375,-0.0390625,1.015625
15.031607012417824,-0.0625,-0.0234375,1.01171875
15.034108108108109,-0.0625,-0.03125,1.00390625
15.036609203798394,-0.0390625,-0.0234375,1.0078125
15.039110299488678,-0.0625,-0.01171875,0.9921875
15.041611395178963,-0.03515625,-0.04296875,0.99609375
15.044112490869248,-0.04296875,-0.01171875,0.97265625
15.046613586559534,-0.046875,-0.015625,0.96484375
15.049114682249819,-0.06640625,-0.03515625,1.00390625
15.051615777940103,-0.0390625,-0.015625,0.99609375
15.054116873630388,-0.0703125,-0.0234375,0.9921875
15.056617969320673,-0.0546875,-0.0234375,1.00390625
15.059119065010957,-0.06640625,-0.01953125,0.984375
15.061620160701242,-0.0546875,-0.0390625,0.99609375
15.064121256391527,-0.04296875,-0.0390625,1.00390625
15.066622352081811,-0.046875,-0.01171875,0.984375
15.069123447772096,-0.0546875,-0.0234375,0.9921875
15.071624543462383,-0.06640625,-0.0078125,0.98046875
15.074125639152667,-0.0703125,-0.03515625,1.0
15.076626734842952,-0.0546875,-0.05078125,1.0
15.079127830533237,-0.04296875,-0.0078125,0.9921875
15.081628926223521,-0.046875,-0.0078125,1.015625
15.084130021913806,-0.05859375,-0.0078125,0.96875
15.08663111760409,-0.0546875,-0.015625,0.99609375
15.089132213294377,-0.05078125,-0.03125,0.984375
15.091633308984662,-0.05078125,-0.02734375,1.01171875
15.094134404674946,-0.05859375,-0.01953125,1.0078125
15.096635500365231,-0.05859375,-0.0390625,1.00390625
15.099136596055516,-0.03515625,-0.015625,1.0
15.1016376917458,-0.046875,-0.0234375,0.97265625
15.104138787436085,-0.0546875,-0.03125,0.97265625
15.10663988312637,-0.05078125,-0.015625,0.98828125
15.109140978816654,-0.03515625,-0.015625,0.98046875
15.111642074506939,-0.05078125,-0.0390625,0.9921875
15.114143170197226,-0.05859375,-0.015625,0.96484375
15.11664426588751,-0.05859375,-0.03515625,0.9921875
15.119145361577795,-0.04296875,-0.01171875,0.9921875
15.12164645726808,-0.0546875,-0.0234375,1.01171875
15.124147552958364,-0.04296875,-0.04296875,1.00390625
15.126648648648649,-0.046875,-0.015625,0.96875
15.129149744338934,-0.03125,-0.0390625,0.99609375
15.13165084002922,-0.05859375,-0.01953125,0.9921875
15.134151935719505,-0.03125,-0.01171875,1.0
15.13665303140979,-0.04296875,-0.02734375,1.0078125
15.139154127100074,-0.05078125,-0.0234375,0.98046875
15.141655222790359,-0.03515625,-0.01953125,0.9921875
15.144156318480643,-0.046875,-0.01953125,0.9921875
15.146657414170928,-0.05078125,-0.03125,0.98046875
15.149158509861213,-0.0390625,-0.01953125,0.98828125
15.151659605551497,-0.046875,-0.0390625,0.98046875
15.154160701241782,-0.03125,-0.01953125,0.97265625
15.156661796932068,-0.06640625,-0.0234375,0.9921875
15.159162892622353,-0.05859375,-0.04296875,1.0078125
15.161663988312638,-0.0546875,-0.03125,0.96484375
15.164165084002923,-0.0546875,-0.015625,0.96484375
15.166666179693207,-0.02734375,-0.02734375,1.00390625
15.169167275383492,-0.0546875,-0.0390625,1.0078125
15.171668371073777,-0.0390625,-0.02734375,1.0078125
15.174169466764063,-0.046875,-0.03125,0.98828125
15.176670562454348,-0.0546875,-0.0234375,1.0
15.179171658144632,-0.05859375,-0.01171875,1.0078125
15.181672753834917,-0.0546875,-0.01953125,0.98046875
15.184173849525202,-0.0703125,-0.01953125,0.98046875
15.186674945215486,-0.0390625,-0.03515625,1.0
15.189176040905771,-0.06640625,-0.04296875,1.00390625
15.191677136596056,-0.046875,-0.015625,1.00390625
15.19417823228634,-0.05859375,-0.01953125,0.99609375
15.196679327976625,-0.05078125,-0.0390625,1.0
15.199180423666911,-0.04296875,-0.0234375,0.98828125
15.201681519357196,-0.046875,0.0,1.0
15.20418261504748,-0.05078125,-0.0078125,0.99609375
15.206683710737765,-0.05078125,-0.0390625,0.9765625
15.20918480642805,-0.046875,-0.0234375,0.984375
15.211685902118335,-0.05078125,-0.0234375,1.0
15.21418699780862,-0.046875,-0.03125,1.0078125
15.216688093498906,-0.0625,-0.046875,1.00390625
15.21918918918919,-0.0625,-0.0234375,0.98046875
15.221690284879475,-0.04296875,-0.0234375,0.9921875
15.22419138056976,-0.05078125,-0.01953125,0.99609375
15.226692476260045,-0.046875,-0.01953125,1.0
15.22919357195033,-0.0625,-0.03515625,1.01171875
15.231694667640614,-0.05859375,-0.02734375,0.9921875
15.234195763330899,-0.0390625,-0.02734375,0.98828125
15.236696859021183,-0.0390625,-0.02734375,0.98046875
15.239197954711468,-0.046875,-0.01953125,0.99609375
15.241699050401754,-0.03515625,-0.0234375,0.99609375
15.244200146092039,-0.0546875,-0.03125,0.98828125
15.246701241782324,-0.05859375,-0.02734375,0.984375
15.249202337472608,-0.046875,-0.015625,0.98828125
15.251703433162893,-0.03515625,-0.0234375,0.99609375
15.254204528853178,-0.046875,-0.02734375,0.98828125
15.256705624543462,-0.05078125,-0.05078125,0.98828125
15.259206720233747,-0.0390625,-0.0390625,0.98046875
15.261707815924034,-0.0546875,-0.01953125,0.98828125
15.264208911614318,-0.0546875,-0.015625,1.0
15.266710007304603,-0.05859375,-0.0234375,0.99609375
15.269211102994888,-0.0546875,-0.01953125,0.97265625
15.271712198685172,-0.03515625,-0.03515625,0.98828125
15.274213294375457,-0.04296875,-0.02734375,0.99609375
15.276714390065742,-0.05078125,-0.02734375,0.98046875
15.279215485756026,-0.04296875,-0.03125,0.9921875
15.281716581446311,-0.0546875,-0.0234375,1.0078125
15.284217677136597,-0.06640625,-0.015625,0.9921875
15.286718772826882,-0.05078125,-0.01953125,0.9609375
15.289219868517167,-0.03515625,-0.0078125,0.98046875
15.291720964207451,-0.0625,-0.0234375,0.99609375
15.294222059897736,-0.046875,-0.05078125,0.9921875
15.29672315558802,-0.0546875,-0.02734375,0.99609375
15.299224251278305,-0.05078125,-0.0234375,1.0
15.30172534696859,-0.05078125,-0.03125,0.9921875
15.304226442658877,-0.03515625,-0.0078125,0.98046875
15.306727538349161,-0.0390625,-0.0078125,0.98046875
15.309228634039446,-0.04296875,-0.01171875,0.96875
15.31172972972973,-0.05859375,-0.04296875,1.00390625
15.314230825420015,-0.0625,-0.03125,1.01171875
15.3167319211103,-0.046875,-0.0234375,1.01171875
15.319233016800585,-0.04296875,-0.02734375,0.96875
15.32173411249087,-0.04296875,-0.0234375,1.0
15.324235208181154,-0.04296875,-0.0234375,0.9921875
15.32673630387144,-0.05859375,-0.04296875,1.015625
15.329237399561725,-0.0625,-0.0390625,0.98828125
15.33173849525201,-0.046875,-0.0234375,0.98828125
15.334239590942294,-0.01953125,-0.01171875,0.97265625
15.336740686632579,-0.03515625,-0.02734375,0.95703125
15.339241782322864,-0.0546875,-0.03515625,1.0
15.341742878013148,-0.0390625,-0.03125,0.9765625
15.344243973703433,-0.05078125,-0.05078125,0.98828125
15.34674506939372,-0.03515625,-0.01171875,1.0
15.349246165084004,-0.03515625,-0.01953125,0.97265625
15.351747260774289,-0.0390625,-0.02734375,0.99609375
15.354248356464574,-0.04296875,-0.015625,0.98046875
15.356749452154858,-0.03515625,-0.01953125,0.98046875
15.359250547845143,-0.046875,-0.01953125,0.99609375
15.361751643535428,-0.0703125,-0.0234375,0.984375
15.364252739225712,-0.046875,-0.0234375,1.015625
15.366753834915997,-0.0546875,-0.01171875,0.984375
15.369254930606283,-0.0625,-0.015625,0.99609375
15.371756026296568,-0.0703125,-0.0234375,0.9921875
15.374257121986853,-0.05859375,-0.01953125,1.0078125
15.376758217677137,-0.05859375,-0.0234375,1.0
15.379259313367422,-0.0390625,-0.03125,0.9921875
15.381760409057707,-0.0546875,-0.01171875,1.0
15.384261504747991,-0.0390625,-0.03515625,1.00390625
15.386762600438276,-0.05859375,-0.015625,0.98828125
15.389263696128562,-0.03515625,-0.01953125,1.0
15.391764791818847,-0.03125,-0.01171875,0.984375
15.394265887509132,-0.03125,-0.03125,0.9921875
15.396766983199417,-0.0546875,-0.01953125,0.9765625
15.399268078889701,-0.046875,-0.04296875,1.00390625
15.401769174579986,-0.06640625,-0.03125,0.9765625
15.40427027027027,-0.05859375,-0.02734375,0.98828125
15.406771365960555,-0.0703125,-0.015625,0.99609375
15.40927246165084,-0.04296875,-0.02734375,0.99609375
15.411773557341125,-0.03125,-0.02734375,0.97265625
15.414274653031411,-0.03515625,-0.02734375,0.99609375
15.416775748721696,-0.03125,-0.015625,0.98828125
15.41927684441198,-0.046875,-0.01953125,0.99609375
15.421777940102265,-0.046875,-0.03515625,0.9921875
15.42427903579255,-0.0390625,-0.03125,0.99609375
15.426780131482834,-0.05859375,-0.015625,1.00390625
15.429281227173119,-0.0703125,-0.03515625,1.0078125
15.431782322863405,-0.046875,-0.03125,0.97265625
15.43428341855369,-0.0546875,-0.015625,0.984375
15.436784514243975,-0.04296875,-0.04296875,0.9921875
15.43928560993426,-0.05859375,-0.02734375,0.9921875
15.441786705624544,-0.05078125,-0.0078125,0.9921875
15.444287801314829,-0.0625,-0.015625,0.99609375
15.446788897005113,-0.0546875,-0.03125,0.96875
15.449289992695398,-0.03125,-0.01171875,0.9609375
15.451791088385683,-0.0625,-0.03125,1.01171875
15.454292184075967,-0.05078125,-0.03515625,0.98828125
15.456793279766254,-0.03515625,-0.03125,0.9921875
15.459294375456539,-0.05859375,-0.02734375,1.00390625
15.461795471146823,-0.046875,-0.02734375,0.98046875
15.464296566837108,-0.0625,-0.03515625,0.98046875
15.466797662527393,-0.0546875,-0.03125,0.98828125
15.469298758217677,-0.03515625,-0.01171875,0.984375
15.471799853907962,-0.05078125,-0.0234375,0.99609375
15.474300949598248,-0.0546875,-0.02734375,0.98828125
15.476802045288533,-0.05859375,-0.01953125,1.00390625
15.479303140978818,-0.07421875,-0.046875,0.984375
15.481804236669102,-0.05078125,-0.03515625,0.99609375
15.484305332359387,-0.05859375,-0.05078125,1.00390625
15.486806428049672,-0.046875,-0.02734375,0.99609375
15.489307523739956,-0.05859375,-0.01171875,0.9921875
15.491808619430241,-0.0546875,-0.0234375,1.00390625
15.494309715120526,-0.0625,-0.02734375,1.0
15.49681081081081,-0.046875,-0.03515625,0.9765625
15.499311906501097,-0.04296875,-0.02734375,1.00390625
15.501813002191382,-0.05078125,-0.0078125,0.95703125
15.504314097881666,-0.05859375,-0.02734375,0.96875
15.506815193571951,-0.0625,-0.01953125,0.97265625
15.509316289262236,-0.046875,-0.04296875,0.9765625
15.51181738495252,-0.046875,-0.03515625,0.98046875
15.514318480642805,-0.05078125,-0.015625,1.00390625
15.516819576333091,-0.0703125,-0.03125,1.00390625
15.519320672023376,-0.03515625,-0.046875,0.9921875
15.52182176771366,-0.0390625,-0.03125,1.01171875
15.524322863403945,-0.0625,-0.03515625,1.00390625
15.52682395909423,-0.0546875,-0.01171875,0.9765625
15.529325054784515,-0.04296875,-0.0234375,1.0
15.5318261504748,-0.0546875,-0.03125,1.015625
15.534327246165084,-0.05078125,-0.01953125,1.01171875
15.536828341855369,-0.0390625,-0.046875,0.98046875
15.539329437545653,-0.046875,-0.01953125,0.9921875
15.54183053323594,-0.0625,-0.0234375,1.0078125
15.544331628926225,-0.0625,-0.03515625,1.00390625
15.54683272461651,-0.06640625,-0.02734375,0.9921875
15.549333820306794,-0.05859375,-0.01953125,1.00390625
15.551834915997079,-0.05078125,-0.0546875,1.0
15.554336011687363,-0.04296875,-0.01953125,1.0234375
15.556837107377648,-0.0546875,-0.0234375,1.00390625
15.559338203067934,-0.046875,-0.03125,0.97265625
15.561839298758219,-0.05078125,-0.015625,0.98828125
15.564340394448504,-0.0546875,-0.02734375,0.98828125
15.566841490138788,-0.0703125,-0.015625,1.0
15.569342585829073,-0.05078125,-0.046875,1.00390625
15.571843681519358,-0.03515625,-0.02734375,0.98046875
15.574344777209642,-0.04296875,-0.01171875,0.9765625
15.576845872899927,-0.05078125,-0.01953125,0.99609375
15.579346968590212,-0.02734375,-0.02734375,0.96875
15.581848064280496,-0.046875,-0.0234375,0.9921875
15.584349159970783,-0.07421875,-0.04296875,1.00390625
15.586850255661068,-0.05078125,-0.03515625,0.99609375
15.589351351351352,-0.0390625,-0.015625,0.98828125
15.591852447041637,-0.05078125,-0.0234375,0.99609375
15.594353542731922,-0.0625,-0.0078125,0.98828125
15.596854638422206,-0.05078125,-0.0234375,1.00390625
15.59935573411249,-0.0390625,-0.015625,0.96875
15.601856829802777,-0.05078125,-0.0234375,0.99609375
15.604357925493062,-0.06640625,-0.03125,1.00390625
15.606859021183347,-0.04296875,-0.03515625,1.00390625
15.609360116873631,-0.03515625,-0.02734375,0.96484375
15.611861212563916,-0.05859375,-0.02734375,1.0
15.6143623082542,-0.05078125,-0.03125,1.0
15.616863403944485,-0.0390625,-0.04296875,0.98046875
15.61936449963477,-0.05078125,-0.03515625,0.98828125
15.621865595325055,-0.07421875,-0.03515625,1.01171875
15.62436669101534,-0.046875,-0.02734375,0.9765625
15.626867786705626,-0.05078125,-0.0390625,0.99609375
15.62936888239591,-0.03125,-0.0234375,0.9765625
15.631869978086195,-0.05859375,-0.01953125,0.99609375
15.63437107377648,-0.05078125,-0.01953125,1.0
15.636872169466765,-0.03125,-0.0390625,0.9765625
15.63937326515705,-0.05859375,-0.01953125,1.00390625
15.641874360847334,-0.04296875,-0.046875,0.9921875
15.64437545653762,-0.02734375,-0.04296875,0.9921875
15.646876552227905,-0.04296875,-0.03125,0.9921875
15.64937764791819,-0.0390625,-0.02734375,0.9765625
15.651878743608474,-0.0546875,-0.0078125,1.0078125
15.654379839298759,-0.05859375,-0.01953125,1.0
15.656880934989044,-0.0625,-0.0234375,1.0
15.659382030679328,-0.05078125,-0.05078125,0.98828125
15.661883126369613,-0.0546875,-0.04296875,0.9921875
15.664384222059898,-0.05078125,-0.01953125,1.00390625
15.666885317750182,-0.046875,-0.01171875,1.0078125
15.669386413440467,-0.046875,-0.0390625,1.01171875
15.671887509130753,-0.05078125,-0.0234375,0.984375
15.674388604821038,-0.0546875,-0.01171875,0.98828125
15.676889700511323,-0.07421875,-0.0390625,0.99609375
15.679390796201607,-0.0546875,-0.0234375,0.98046875
15.681891891891892,-0.0546875,-0.01171875,0.98046875
15.684392987582177,-0.05859375,-0.04296875,1.0
15.686894083272463,-0.0546875,-0.01171875,0.99609375
15.689395178962748,-0.03515625,-0.015625,1.0078125
15.691896274653033,-0.046875,-0.01953125,0.98828125
15.694397370343317,-0.046875,-0.015625,0.984375
15.696898466033602,-0.06640625,-0.02734375,0.984375
15.699399561723887,-0.0625,-0.02734375,0.98828125
15.701900657414171,-0.05859375,-0.01171875,1.0
15.704401753104456,-0.0546875,-0.0390625,0.98828125
15.70690284879474,-0.01953125,-0.046875,1.0
15.709403944485025,-0.04296875,-0.0234375,0.98828125
15.71190504017531,-0.046875,-0.0234375,1.0078125
15.714406135865596,-0.05859375,-0.0390625,0.97265625
15.716907231555881,-0.046875,-0.0234375,1.00390625
15.719408327246166,-0.06640625,-0.01171875,0.99609375
15.72190942293645,-0.06640625,-0.03125,0.9921875
15.724410518626735,-0.046875,-0.015625,0.98828125
15.72691161431702,-0.0546875,-0.0390625,0.984375
15.729412710007306,-0.0546875,-0.04296875,0.9921875
15.731913805697591,-0.0390625,-0.02734375,1.01171875
15.734414901387876,-0.03515625,-0.03125,1.0078125
15.73691599707816,-0.0625,-0.0390625,1.0078125
15.739417092768445,-0.05078125,-0.015625,0.9921875
15.74191818845873,-0.046875,-0.01171875,0.953125
15.744419284149014,-0.04296875,-0.03125,0.9921875
15.746920379839299,-0.0390625,-0.02734375,1.0078125
15.749421475529584,-0.05078125,-0.03125,0.96484375
15.751922571219868,-0.04296875,-0.03125,0.98046875
15.754423666910153,-0.0546875,-0.046875,0.98046875
15.75692476260044,-0.04296875,-0.0078125,1.00390625
15.759425858290724,-0.05078125,-0.01953125,0.99609375
15.761926953981009,-0.05078125,-0.03125,1.0
15.764428049671293,-0.0390625,-0.02734375,0.9765625
15.766929145361578,-0.046875,-0.0234375,0.9921875
15.769430241051863,-0.04296875,-0.0390625,0.96484375
15.77193133674215,-0.0546875,-0.03515625,0.984375
15.774432432432434,-0.0546875,-0.046875,0.96484375
15.776933528122719,-0.05859375,-0.04296875,0.98828125
15.779434623813003,-0.0625,-0.03515625,0.9921875
15.781935719503288,-0.0546875,-0.0234375,1.01953125
15.784436815193573,-0.05078125,-0.01171875,1.0078125
15.786937910883857,-0.05078125,-0.0078125,0.984375
15.789439006574142,-0.02734375,-0.01953125,0.953125
15.791940102264427,-0.0546875,-0.01171875,0.97265625
15.794441197954711,-0.05859375,-0.03125,0.98828125
15.796942293644996,-0.05859375,-0.02734375,1.00390625
15.799443389335282,-0.04296875,-0.01953125,1.0
15.801944485025567,-0.05078125,-0.015625,0.98828125
15.804445580715852,-0.046875,-0.015625,0.984375
15.806946676406136,-0.04296875,-0.0390625,0.99609375
15.809447772096421,-0.05078125,-0.05078125,0.99609375
15.811948867786706,-0.078125,-0.03515625,1.015625
15.814449963476992,-0.05078125,-0.0234375,1.0078125
15.816951059167277,-0.05859375,-0.015625,0.98046875
15.819452154857562,-0.04296875,-0.03515625,0.99609375
15.821953250547846,-0.04296875,-0.03515625,1.00390625
15.82445434623813,-0.046875,-0.0390625,1.01171875
15.826955441928416,-0.05078125,-0.01171875,0.9765625
15.8294565376187,-0.04296875,-0.0390625,0.99609375
15.831957633308985,-0.03515625,-0.02734375,0.9921875
15.83445872899927,-0.05078125,-0.02734375,0.99609375
15.836959824689554,-0.05078125,-0.02734375,0.98828125
15.839460920379839,-0.05078125,-0.01953125,0.98046875
15.841962016070125,-0.06640625,-0.03125,0.984375
15.84446311176041,-0.0546875,-0.01171875,0.9765625
15.846964207450695,-0.04296875,-0.03515625,0.9765625
15.84946530314098,-0.06640625,-0.0390625,1.0
15.851966398831264,-0.046875,-0.01953125,1.0
15.854467494521549,-0.046875,-0.01953125,1.0078125
15.856968590211835,-0.046875,-0.0234375,1.0078125
15.85946968590212,-0.0546875,-0.015625,1.00390625
15.861970781592404,-0.05078125,-0.01171875,0.98046875
15.86447187728269,-0.0859375,-0.015625,0.98046875
15.866972972972974,-0.05859375,-0.01953125,0.9765625
15.869474068663258,-0.05859375,-0.00390625,0.98046875
15.871975164353543,-0.046875,0.0,0.97265625
15.874476260043828,-0.04296875,-0.04296875,0.98046875
15.876977355734113,-0.05859375,-0.01953125,0.9921875
15.879478451424397,-0.04296875,-0.03125,0.9921875
15.881979547114682,-0.0546875,-0.02734375,1.015625
15.884480642804968,-0.02734375,-0.0390625,1.02734375
15.886981738495253,-0.0390625,-0.046875,1.02734375
15.889482834185538,-0.02734375,-0.0234375,1.00390625
15.891983929875822,-0.05859375,-0.01171875,0.94140625
15.894485025566107,-0.0625,-0.02734375,0.94140625
15.896986121256392,-0.06640625,-0.03515625,0.95703125
15.899487216946676,-0.0546875,-0.01171875,0.96875
15.901988312636963,-0.0390625,-0.0078125,0.984375
15.904489408327247,-0.07421875,-0.01171875,0.95703125
15.906990504017532,-0.05078125,-0.0625,1.01171875
15.909491599707817,-0.04296875,-0.046875,1.00390625
15.911992695398101,-0.05078125,-0.00390625,1.03125
15.914493791088386,-0.03125,0.0,0.99609375
15.91699488677867,-0.046875,-0.03125,0.98828125
15.919495982468955,-0.078125,-0.01953125,0.97265625
15.92199707815924,-0.04296875,-0.01953125,0.9609375
15.924498173849525,-0.05859375,-0.01171875,1.0078125
15.926999269539811,-0.03125,-0.01171875,1.00390625
15.929500365230096,-0.05859375,-0.015625,1.0
15.93200146092038,-0.046875,-0.015625,1.015625
15.934502556610665,-0.0390625,-0.03125,0.99609375
15.93700365230095,-0.04296875,-0.0703125,1.00390625
15.939504747991235,-0.0625,-0.0234375,1.015625
15.94200584368152,-0.0703125,-0.015625,0.9921875
15.944506939371806,-0.05078125,-0.0078125,0.96875
15.94700803506209,-0.0546875,-0.03515625,0.94921875
15.949509130752375,-0.046875,-0.03515625,0.97265625
15.95201022644266,-0.03125,-0.02734375,1.0
15.954511322132944,-0.04296875,-0.01171875,1.015625
15.957012417823229,-0.0703125,-0.01953125,1.015625
15.959513513513514,-0.04296875,-0.03125,0.99609375
15.962014609203798,-0.03125,-0.03515625,0.984375
15.964515704894083,-0.0390625,-0.0390625,0.9453125
15.967016800584368,-0.06640625,-0.0234375,0.953125
15.969517896274654,-0.0546875,-0.0234375,0.9609375
15.972018991964939,-0.0546875,-0.0078125,0.96875
15.974520087655224,-0.07421875,-0.0234375,0.99609375
15.977021183345508,-0.05859375,-0.0390625,0.9921875
15.979522279035793,-0.03125,-0.04296875,1.0
15.982023374726078,-0.046875,-0.01953125,1.00390625
15.984524470416362,-0.078125,-0.015625,1.01953125
15.987025566106649,-0.05078125,-0.046875,0.99609375
15.989526661796933,-0.0625,-0.01953125,1.0
15.992027757487218,-0.04296875,-0.015625,0.9921875
15.994528853177503,-0.05078125,-0.04296875,1.00390625
15.997029948867787,-0.0390625,-0.03125,1.00390625
15.999531044558072,-0.046875,-0.01953125,0.99609375
16.002032140248357,-0.02734375,-0.0234375,0.98828125
16.00453323593864,-0.04296875,-0.0234375,0.97265625
16.007034331628926,-0.03125,-0.02734375,0.9765625
16.00953542731921,-0.03515625,-0.02734375,0.984375
16.012036523009495,-0.046875,-0.0078125,1.00390625
16.01453761869978,-0.07421875,-0.02734375,0.97265625
16.017038714390065,-0.05078125,-0.03515625,1.00390625
16.019539810080353,-0.04296875,-0.04296875,1.01953125
16.022040905770638,-0.0390625,-0.015625,1.0234375
16.024542001460922,-0.0390625,-0.02734375,0.99609375
16.027043097151207,-0.04296875,-0.015625,0.98828125
16.02954419284149,-0.0703125,-0.01171875,0.98828125
16.032045288531776,-0.08203125,-0.01171875,0.9765625
16.03454638422206,-0.046875,-0.015625,0.97265625
16.037047479912346,-0.05078125,-0.03125,0.9921875
16.03954857560263,-0.05078125,-0.03125,0.99609375
16.042049671292915,-0.05859375,-0.03125,0.9921875
16.0445507669832,-0.046875,-0.02734375,1.01171875
16.047051862673484,-0.03125,-0.046875,0.984375
16.04955295836377,-0.05078125,-0.05078125,0.984375
16.052054054054054,-0.03515625,-0.0078125,0.95703125
16.05455514974434,-0.05078125,-0.015625,1.0
16.057056245434623,-0.0390625,-0.03125,0.9921875
16.059557341124908,-0.0546875,-0.015625,1.0
16.062058436815192,-0.03515625,-0.015625,0.9921875
16.064559532505477,-0.0625,-0.02734375,1.00390625
16.067060628195765,-0.05078125,-0.04296875,0.95703125
16.06956172388605,-0.04296875,-0.01953125,0.9765625
16.072062819576335,-0.05859375,-0.01171875,0.9921875
16.07456391526662,-0.05859375,-0.01953125,0.98046875
16.077065010956904,-0.0390625,-0.01171875,0.98046875
16.07956610664719,-0.0546875,-0.03515625,0.984375
16.082067202337473,-0.046875,-0.04296875,0.984375
16.084568298027758,-0.046875,-0.01953125,1.0078125
16.087069393718043,-0.0625,-0.02734375,0.99609375
16.089570489408327,-0.05078125,-0.03515625,0.984375
16.092071585098612,-0.04296875,-0.0234375,1.0
16.094572680788897,-0.0546875,-0.0390625,0.98828125
16.09707377647918,-0.02734375,-0.01171875,0.984375
16.099574872169466,-0.0546875,-0.0234375,1.0078125
16.10207596785975,-0.0390625,-0.015625,0.9921875
16.10457706355004,-0.05078125,-0.03125,0.98828125
16.107078159240324,-0.06640625,-0.04296875,1.0
16.10957925493061,-0.0234375,-0.0234375,0.9765625
16.112080350620893,-0.04296875,-0.01171875,0.99609375
16.114581446311178,-0.046875,-0.015625,0.98828125
16.117082542001462,-0.03125,-0.03515625,1.0
16.119583637691747,-0.046875,-0.05859375,0.98046875
16.12208473338203,-0.0625,-0.03515625,0.98828125
16.124585829072316,-0.046875,-0.0234375,0.97265625
16.1270869247626,-0.0546875,-0.02734375,0.96875
16.129588020452886,-0.02734375,-0.0234375,1.00390625
16.13208911614317,-0.046875,-0.02734375,0.9921875
16.134590211833455,-0.04296875,-0.015625,0.98828125
16.13709130752374,-0.0703125,-0.0234375,1.0078125
16.139592403214024,-0.03515625,-0.0390625,0.96875
16.14209349890431,-0.05859375,-0.03515625,0.99609375
16.144594594594594,-0.05859375,-0.01953125,0.984375
16.14709569028488,-0.04296875,-0.02734375,0.98828125
16.149596785975163,-0.04296875,-0.02734375,1.00390625
16.15209788166545,-0.0625,-0.05078125,1.00390625
16.154598977355736,-0.07421875,-0.03515625,0.9765625
16.15710007304602,-0.0546875,-0.05078125,0.98828125
16.159601168736305,-0.05078125,-0.00390625,0.99609375
16.16210226442659,-0.0546875,-0.0078125,0.98046875
16.164603360116875,-0.06640625,-0.046875,1.0
16.16710445580716,-0.0390625,-0.046875,1.00390625
16.169605551497444,-0.04296875,-0.03125,0.99609375
16.17210664718773,-0.0625,-0.015625,1.00390625
16.174607742878013,-0.0703125,-0.01171875,0.9921875
16.177108838568298,-0.0625,-0.0234375,0.99609375
16.179609934258583,-0.04296875,-0.01953125,0.9921875
16.182111029948867,-0.04296875,-0.0390625,0.98828125
16.184612125639152,-0.0390625,-0.015625,0.99609375
16.187113221329437,-0.05078125,-0.03515625,1.0
16.189614317019725,-0.0390625,-0.03515625,0.98046875
16.19211541271001,-0.03515625,-0.02734375,0.9921875
16.194616508400294,-0.06640625,-0.015625,0.984375
16.19711760409058,-0.03125,-0.04296875,0.99609375
16.199618699780864,-0.04296875,-0.0234375,0.9765625
16.202119795471148,-0.0625,-0.015625,0.96484375
16.204620891161433,-0.0625,-0.0234375,0.98828125
16.207121986851718,-0.03515625,-0.05078125,0.96484375
16.209623082542002,-0.05078125,-0.0234375,0.98828125
16.212124178232287,-0.046875,-0.02734375,0.9921875
16.21462527392257,-0.03515625,-0.03125,0.96875
16.217126369612856,-0.04296875,-0.02734375,1.0078125
16.21962746530314,-0.08203125,-0.03515625,1.0
16.222128560993426,-0.0390625,-0.04296875,0.98828125
16.22462965668371,-0.03125,-0.01953125,1.01171875
16.227130752373995,-0.046875,-0.0234375,0.98828125
16.22963184806428,-0.03125,-0.015625,0.97265625
16.232132943754564,-0.03515625,-0.05078125,1.0078125
16.23463403944485,-0.0390625,-0.01953125,0.99609375
16.237135135135137,-0.05078125,-0.015625,1.00390625
16.239636230825422,-0.0390625,-0.01171875,0.96484375
16.242137326515707,-0.05078125,-0.01953125,0.9921875
16.24463842220599,-0.0703125,-0.015625,0.98828125
16.247139517896276,-0.06640625,-0.0234375,0.9765625
16.24964061358656,-0.046875,-0.03515625,0.99609375
16.252141709276845,-0.05078125,-0.0546875,0.98046875
16.25464280496713,-0.04296875,-0.03125,0.98828125
16.257143900657415,-0.046875,-0.01953125,0.99609375
16.2596449963477,-0.04296875,-0.0390625,0.9765625
16.262146092037984,-0.0546875,-0.01171875,1.0
16.26464718772827,-0.0625,-0.02734375,0.9765625
16.267148283418553,-0.0546875,-0.015625,0.9921875
16.269649379108838,-0.046875,-0.0234375,0.99609375
16.272150474799123,-0.05859375,-0.03125,1.0
16.27465157048941,-0.078125,-0.0390625,0.98828125
16.277152666179695,-0.05078125,-0.0390625,0.99609375
16.27965376186998,-0.046875,-0.015625,0.97265625
16.282154857560265,-0.05078125,-0.03515625,1.0
16.28465595325055,-0.046875,-0.015625,1.00390625
16.287157048940834,-0.0625,-0.03515625,0.99609375
16.28965814463112,-0.0546875,-0.03125,0.99609375
16.292159240321404,-0.05859375,-0.0078125,0.98828125
16.294660336011688,-0.0390625,-0.0234375,1.015625
16.297161431701973,-0.03125,-0.04296875,1.00390625
16.299662527392258,-0.03515625,-0.02734375,0.9921875
16.302163623082542,-0.05078125,-0.03125,0.98828125
16.304664718772827,-0.0390625,-0.03515625,0.99609375
16.30716581446311,-0.04296875,-0.02734375,0.98828125
16.309666910153396,-0.04296875,-0.01171875,0.9765625
16.31216800584368,-0.04296875,-0.02734375,0.98046875
16.314669101533966,-0.04296875,-0.03515625,0.984375
16.31717019722425,-0.06640625,-0.046875,0.984375
16.319671292914535,-0.05859375,-0.015625,0.98046875
16.322172388604823,-0.0390625,-0.046875,0.96875
16.324673484295108,-0.0625,-0.046875,1.00390625
16.327174579985392,-0.0546875,-0.02734375,1.015625
16.329675675675677,-0.05078125,-0.03125,1.0
16.332176771365962,-0.05078125,-0.02734375,1.0
16.334677867056246,-0.078125,-0.046875,1.0
16.33717896274653,-0.05078125,-0.015625,0.96484375
16.339680058436816,-0.04296875,-0.01953125,0.98828125
16.3421811541271,-0.03515625,-0.0234375,0.96484375
16.344682249817385,-0.04296875,-0.05078125,0.96875
16.34718334550767,-0.046875,-0.0234375,0.99609375
16.349684441197954,-0.046875,-0.03515625,1.0078125
16.35218553688824,-0.078125,-0.03125,1.0
16.354686632578524,-0.0390625,-0.0390625,0.98828125
16.35718772826881,-0.046875,-0.03125,1.0
16.359688823959097,-0.0546875,-0.0234375,0.99609375
16.36218991964938,-0.046875,-0.0390625,0.9609375
16.364691015339666,-0.05859375,-0.03125,1.0
16.36719211102995,-0.05078125,-0.02734375,0.99609375
16.369693206720235,-0.046875,-0.03125,0.97265625
16.37219430241052,-0.06640625,-0.01171875,1.0
16.374695398100805,-0.05859375,-0.03515625,1.0078125
16.37719649379109,-0.05859375,-0.046875,0.9921875
16.379697589481374,-0.03515625,-0.02734375,0.9921875
16.38219868517166,-0.0390625,-0.01953125,0.98046875
16.384699780861943,-0.0859375,-0.03125,0.9921875
16.387200876552228,-0.06640625,-0.0234375,1.01171875
16.389701972242513,-0.06640625,-0.03515625,0.9921875
16.392203067932797,-0.0546875,-0.01171875,0.984375
16.394704163623082,-0.06640625,-0.0390625,1.01171875
16.397205259313367,-0.046875,-0.00390625,0.99609375
16.39970635500365,-0.05859375,-0.0390625,0.97265625
16.402207450693936,-0.03515625,-0.015625,1.0078125
16.40470854638422,-0.0625,-0.01171875,0.98828125
16.407209642074505,-0.0625,-0.0390625,0.99609375
16.409710737764794,-0.0625,-0.05859375,1.00390625
16.41221183345508,-0.04296875,-0.0234375,1.00390625
16.414712929145363,-0.0390625,-0.0390625,0.99609375
16.417214024835648,-0.046875,-0.01953125,0.9921875
16.419715120525932,-0.04296875,-0.0234375,0.9765625
16.422216216216217,-0.06640625,-0.01953125,1.01953125
16.4247173119065,-0.046875,-0.02734375,1.00390625
16.427218407596786,-0.0625,-0.04296875,1.00390625
16.42971950328707,-0.0546875,-0.04296875,0.98828125
16.432220598977356,-0.04296875,-0.01953125,1.00390625
16.43472169466764,-0.0625,-0.015625,1.0078125
16.437222790357925,-0.04296875,-0.046875,0.98046875
16.43972388604821,-0.05859375,-0.015625,0.98046875
16.442224981738494,-0.046875,-0.01953125,0.98046875
16.44472607742878,-0.0390625,-0.01953125,1.0
16.447227173119067,-0.03125,-0.02734375,1.00390625
16.449728268809352,-0.046875,-0.01953125,0.9765625
16.452229364499637,-0.0390625,-0.02734375,0.9765625
16.45473046018992,-0.046875,-0.0078125,0.98828125
16.457231555880206,-0.046875,-0.02734375,0.99609375
16.45973265157049,-0.046875,-0.03515625,0.98046875
16.462233747260775,-0.05859375,-0.03125,0.984375
16.46473484295106,-0.04296875,-0.015625,0.99609375
16.467235938641345,-0.05078125,-0.02734375,0.9921875
16.46973703433163,-0.06640625,-0.0234375,0.99609375
16.472238130021914,-0.03515625,-0.01171875,1.02734375
16.4747392257122,-0.05859375,-0.0390625,0.99609375
16.477240321402483,-0.05859375,-0.0390625,0.9765625
16.479741417092768,-0.046875,-0.01953125,1.0
16.482242512783053,-0.05078125,-0.01171875,1.0
16.484743608473337,-0.04296875,-0.02734375,0.98046875
16.487244704163622,-0.046875,-0.01171875,1.0
16.489745799853907,-0.0546875,-0.02734375,0.98828125
16.49224689554419,-0.046875,-0.03125,1.015625
16.49474799123448,-0.078125,-0.04296875,0.99609375
16.497249086924764,-0.046875,-0.0234375,1.0
16.49975018261505,-0.05859375,-0.04296875,1.0078125
16.502251278305334,-0.04296875,-0.03515625,0.99609375
16.50475237399562,-0.03515625,-0.015625,0.99609375
16.507253469685903,-0.046875,-0.03515625,1.00390625
16.509754565376188,-0.046875,-0.0234375,1.0
16.512255661066472,-0.05078125,-0.0234375,0.984375
16.514756756756757,-0.0546875,-0.015625,0.96484375
16.51725785244704,-0.046875,-0.02734375,0.9921875
16.519758948137326,-0.05859375,-0.03125,0.98046875
16.52226004382761,-0.05078125,-0.0390625,1.00390625
16.524761139517896,-0.05078125,-0.03125,0.9921875
16.52726223520818,-0.07421875,-0.0546875,1.0078125
16.529763330898465,-0.03515625,-0.0234375,0.9921875
16.532264426588753,-0.03125,-0.01953125,1.0
16.534765522279038,-0.0546875,-0.03125,0.96484375
16.537266617969323,-0.046875,-0.0234375,1.00390625
16.539767713659607,-0.0390625,-0.01953125,0.9921875
16.542268809349892,-0.0625,-0.02734375,0.99609375
16.544769905040177,-0.05859375,-0.03125,0.98046875
16.54727100073046,-0.05078125,-0.0078125,0.99609375
16.549772096420746,-0.0546875,-0.01953125,1.0
16.55227319211103,-0.03125,-0.01953125,0.99609375
16.554774287801315,-0.0546875,-0.03515625,0.984375
16.5572753834916,-0.0625,-0.03515625,0.99609375
16.559776479181885,-0.0625,-0.04296875,0.9765625
16.56227757487217,-0.0546875,-0.015625,0.98828125
16.564778670562454,-0.04296875,-0.01953125,0.98046875
16.56727976625274,-0.0625,-0.03125,0.99609375
16.569780861943023,-0.0390625,-0.0234375,0.96875
16.572281957633308,-0.05078125,-0.02734375,0.99609375
16.574783053323593,-0.06640625,-0.02734375,1.01171875
16.577284149013877,-0.03125,-0.0390625,0.984375
16.579785244704166,-0.03125,-0.03515625,0.98828125
16.58228634039445,-0.0546875,-0.02734375,1.0
16.584787436084735,-0.05078125,-0.0234375,1.00390625
16.58728853177502,-0.046875,-0.0234375,0.9609375
16.589789627465304,-0.05078125,-0.02734375,0.9765625
16.59229072315559,-0.05078125,-0.0234375,1.00390625
16.594791818845874,-0.05078125,-0.01171875,0.9921875
16.59729291453616,-0.0625,-0.01953125,0.984375
16.599794010226443,-0.08984375,-0.02734375,0.984375
16.602295105916728,-0.0390625,-0.05078125,0.9921875
16.604796201607012,-0.05078125,-0.0234375,1.0
16.607297297297297,-0.0546875,-0.015625,0.984375
16.60979839298758,-0.0625,-0.02734375,0.9921875
16.612299488677866,-0.0546875,-0.02734375,0.99609375
16.61480058436815,-0.05078125,-0.015625,0.99609375
16.61730168005844,-0.0546875,-0.01953125,0.99609375
16.619802775748724,-0.03125,-0.04296875,0.98828125
16.62230387143901,-0.03125,-0.03515625,0.9921875
16.624804967129293,-0.05078125,-0.0234375,0.97265625
16.627306062819578,-0.0390625,-0.0234375,0.96875
16.629807158509863,-0.05078125,-0.0234375,0.99609375
16.632308254200147,-0.06640625,-0.01171875,1.0078125
16.634809349890432,-0.0390625,-0.03125,1.0
16.637310445580717,-0.04296875,-0.03125,0.984375
16.639811541271,-0.05859375,-0.02734375,0.99609375
16.642312636961286,-0.06640625,-0.0234375,0.99609375
16.64481373265157,-0.0625,-0.0078125,1.00390625
16.647314828341855,-0.04296875,-0.0390625,0.99609375
16.64981592403214,-0.046875,-0.0390625,0.99609375
16.652317019722425,-0.0546875,-0.04296875,0.984375
16.65481811541271,-0.0546875,-0.0234375,1.0
16.657319211102994,-0.05078125,-0.03125,1.00390625
16.65982030679328,-0.05859375,-0.01953125,0.98828125
16.662321402483563,-0.0390625,-0.0078125,1.00390625
16.66482249817385,-0.05078125,-0.03125,1.0078125
16.667323593864136,-0.0390625,-0.04296875,0.9765625
16.66982468955442,-0.0546875,-0.01171875,0.99609375
16.672325785244706,-0.0546875,-0.01953125,1.0
16.67482688093499,-0.04296875,-0.02734375,0.98828125
16.677327976625275,-0.046875,-0.01953125,1.0078125
16.67982907231556,-0.05078125,-0.03515625,0.9921875
16.682330168005844,-0.0546875,-0.01953125,0.98828125
16.68483126369613,-0.0546875,-0.04296875,1.0
16.687332359386414,-0.046875,-0.015625,1.0
16.6898334550767,-0.0703125,-0.015625,0.99609375
16.692334550766983,-0.0546875,-0.01171875,0.9921875
16.694835646457268,-0.04296875,-0.0234375,0.9609375
16.697336742147552,-0.04296875,-0.0390625,0.99609375
16.699837837837837,-0.03515625,-0.02734375,1.0
16.702338933528125,-0.0390625,-0.03515625,1.0
16.70484002921841,-0.0546875,-0.02734375,0.984375
16.707341124908694,-0.046875,-0.0234375,0.99609375
16.70984222059898,-0.05859375,-0.02734375,0.9921875
16.712343316289264,-0.0625,-0.03515625,0.98828125
16.71484441197955,-0.046875,-0.0390625,0.99609375
16.717345507669833,-0.04296875,-0.00390625,1.00390625
16.719846603360118,-0.03515625,-0.0234375,0.99609375
16.722347699050403,-0.0546875,-0.02734375,0.98828125
16.724848794740687,-0.05859375,-0.0234375,1.0
16.727349890430972,-0.02734375,-0.03515625,1.0
16.729850986121257,-0.05078125,-0.05078125,1.00390625
16.73235208181154,-0.05078125,-0.0234375,1.015625
16.734853177501826,-0.05859375,-0.01171875,0.99609375
16.73735427319211,-0.03125,-0.0234375,0.98046875
16.739855368882395,-0.05078125,-0.03515625,0.984375
16.74235646457268,-0.04296875,0.0,0.9765625
16.744857560262965,-0.03515625,-0.0234375,0.9921875
16.74735865595325,-0.05859375,-0.015625,1.0
16.749859751643537,-0.05078125,-0.01953125,0.9921875
16.752360847333822,-0.046875,-0.015625,0.9921875
16.754861943024107,-0.0546875,-0.046875,1.01953125
16.75736303871439,-0.046875,-0.01953125,0.99609375
16.759864134404676,-0.05078125,-0.01953125,0.99609375
16.76236523009496,-0.04296875,-0.04296875,1.0
16.764866325785245,-0.0390625,-0.0390625,0.99609375
16.76736742147553,-0.0546875,-0.01953125,0.98828125
16.769868517165815,-0.05859375,-0.0546875,0.98828125
16.7723696128561,-0.05859375,-0.046875,0.99609375
16.774870708546384,-0.02734375,-0.0078125,0.984375
16.77737180423667,-0.05859375,-0.015625,0.99609375
16.779872899926954,-0.03125,-0.01953125,0.984375
16.782373995617238,-0.05078125,-0.02734375,0.984375
16.784875091307523,-0.0625,-0.04296875,0.99609375
16.78737618699781,-0.0625,-0.04296875,0.9921875
16.789877282688096,-0.06640625,-0.02734375,1.015625
16.79237837837838,-0.0546875,-0.04296875,0.9921875
16.794879474068665,-0.0625,-0.02734375,1.00390625
16.79738056975895,-0.05078125,-0.03125,0.9921875
16.799881665449234,-0.0703125,-0.02734375,1.0078125
16.80238276113952,-0.05078125,-0.03125,0.96484375
16.804883856829804,-0.0546875,-0.03515625,0.98828125
16.80738495252009,-0.04296875,-0.03515625,0.98828125
16.809886048210373,-0.0546875,-0.01171875,1.0
16.812387143900658,-0.0546875,-0.0390625,1.0
16.814888239590942,-0.046875,-0.01953125,0.98828125
16.817389335281227,-0.0546875,-0.015625,1.00390625
16.819890430971512,-0.046875,-0.01171875,0.99609375
16.822391526661796,-0.04296875,-0.01953125,0.98828125
16.82489262235208,-0.0625,-0.01953125,1.00390625
16.827393718042366,-0.0625,-0.02734375,1.0078125
16.82989481373265,-0.0546875,-0.015625,0.984375
16.832395909422935,-0.05078125,-0.03125,0.98828125
16.83489700511322,-0.0390625,-0.046875,0.9921875
16.837398100803508,-0.046875,-0.046875,0.98828125
16.839899196493793,-0.046875,-0.02734375,0.99609375
16.842400292184077,-0.0234375,-0.0078125,0.96875
16.844901387874362,-0.04296875,-0.05078125,0.9921875
16.847402483564647,-0.0390625,-0.03515625,0.984375
16.84990357925493,-0.03515625,-0.015625,1.00390625
16.852404674945216,-0.06640625,-0.0390625,1.0
16.8549057706355,-0.05078125,-0.05078125,1.00390625
16.857406866325785,-0.0546875,-0.015625,1.00390625
16.85990796201607,-0.04296875,-0.02734375,0.98046875
16.862409057706355,-0.0546875,-0.03515625,0.9765625
16.86491015339664,-0.0546875,-0.02734375,1.015625
16.867411249086924,-0.05859375,-0.04296875,0.99609375
16.86991234477721,-0.05078125,-0.0390625,0.9921875
16.872413440467493,-0.05859375,-0.03125,0.984375
16.87491453615778,-0.0546875,-0.03125,1.0078125
16.877415631848066,-0.0546875,-0.015625,0.98828125
16.87991672753835,-0.05078125,-0.01171875,0.98828125
16.882417823228636,-0.0703125,-0.01953125,0.984375
16.88491891891892,-0.078125,-0.03515625,0.96484375
16.887420014609205,-0.0546875,-0.03515625,0.9921875
16.88992111029949,-0.05859375,-0.0234375,1.0
16.892422205989774,-0.046875,-0.04296875,1.0234375
16.89492330168006,-0.046875,-0.02734375,0.98046875
16.897424397370344,-0.05859375,-0.0234375,0.9921875
16.89992549306063,-0.0546875,-0.02734375,0.97265625
16.902426588750913,-0.0625,-0.046875,1.0078125
16.904927684441198,-0.03515625,-0.015625,0.9921875
16.907428780131482,-0.0546875,-0.01171875,0.99609375
16.909929875821767,-0.0390625,-0.0078125,0.99609375
16.91243097151205,-0.046875,-0.04296875,0.98046875
16.914932067202336,-0.046875,-0.02734375,0.98046875
16.91743316289262,-0.0703125,-0.015625,0.98828125
16.919934258582906,-0.0546875,-0.03125,1.00390625
16.922435354273194,-0.03515625,-0.0234375,0.98828125
16.92493644996348,-0.0546875,-0.015625,1.0
16.927437545653763,-0.05859375,-0.03125,1.00390625
16.929938641344048,-0.05859375,-0.0390625,0.98046875
16.932439737034333,-0.03125,-0.015625,0.99609375
16.934940832724617,-0.046875,-0.0390625,1.0
16.937441928414902,-0.04296875,-0.02734375,0.9609375
16.939943024105187,-0.046875,-0.015625,0.9921875
16.94244411979547,-0.0390625,-0.046875,1.01171875
16.944945215485756,-0.05078125,-0.0234375,0.9921875
16.94744631117604,-0.05078125,-0.015625,0.984375
16.949947406866325,-0.0625,-0.03515625,0.98828125
16.95244850255661,-0.05859375,-0.03125,0.9765625
16.954949598246895,-0.0390625,-0.05859375,0.9765625
16.95745069393718,-0.05859375,-0.0078125,1.0078125
16.959951789627468,-0.05078125,-0.03125,0.98828125
16.962452885317752,-0.0546875,-0.03515625,0.98046875
16.964953981008037,-0.0546875,-0.015625,0.9765625
16.96745507669832,-0.04296875,-0.03515625,1.015625
16.969956172388606,-0.0546875,-0.04296875,0.99609375
16.97245726807889,-0.05078125,-0.01171875,0.9921875
16.974958363769176,-0.0546875,-0.03515625,0.984375
16.97745945945946,-0.03515625,-0.02734375,0.984375
16.979960555149745,-0.0390625,-0.03125,0.9921875
16.98246165084003,-0.05078125,-0.015625,0.99609375
16.984962746530314,-0.046875,-0.01171875,0.984375
16.9874638422206,-0.05859375,-0.0078125,1.00390625
16.989964937910884,-0.0390625,-0.04296875,0.9609375
16.99246603360117,-0.05078125,-0.01953125,0.984375
16.994967129291453,-0.0546875,-0.015625,0.9921875
16.997468224981738,-0.05859375,-0.015625,0.98828125
16.999969320672022,-0.06640625,-0.03125,1.0
17.002470416362307,-0.0390625,-0.0234375,0.99609375
17.00497151205259,-0.0390625,-0.01953125,0.96875
17.00747260774288,-0.04296875,-0.0234375,1.00390625
17.009973703433165,-0.05078125,-0.0234375,1.015625
17.01247479912345,-0.03515625,-0.0390625,1.0078125
17.014975894813734,-0.04296875,-0.03515625,0.99609375
17.01747699050402,-0.0546875,-0.0390625,1.00390625
17.019978086194303,-0.06640625,-0.03515625,1.0078125
17.022479181884588,-0.04296875,-0.046875,0.99609375
17.024980277574873,-0.07421875,-0.02734375,0.98828125
17.027481373265157,-0.0625,-0.015625,1.00390625
17.029982468955442,-0.0234375,-0.00390625,0.99609375
17.032483564645727,-0.05078125,-0.04296875,0.96484375
17.03498466033601,-0.05859375,-0.0234375,0.96875
17.037485756026296,-0.0859375,-0.0234375,0.98828125
17.03998685171658,-0.06640625,-0.015625,0.9921875
17.042487947406865,-0.0546875,-0.0234375,0.98046875
17.044989043097154,-0.0390625,-0.0390625,1.00390625
17.04749013878744,-0.03515625,-0.03125,0.98828125
17.049991234477723,-0.046875,-0.01171875,1.00390625
17.052492330168008,-0.04296875,-0.0390625,0.98046875
17.054993425858292,-0.03515625,-0.03125,0.9921875
17.057494521548577,-0.04296875,-0.015625,0.9765625
17.05999561723886,-0.0703125,-0.01171875,1.0
17.062496712929146,-0.0546875,-0.01953125,0.9921875
17.06499780861943,-0.0546875,-0.0234375,0.984375
17.067498904309716,-0.046875,-0.0390625,1.00390625
17.07,-0.0390625,-0.04296875,1.00390625
17.07,-0.0390625,-0.00390625,0.98046875
17.072499007936507,-0.05078125,-0.02734375,0.99609375
17.074998015873017,-0.08984375,-0.0390625,0.984375
17.077497023809524,-0.046875,-0.03125,0.96875
17.07999603174603,-0.0625,-0.03515625,0.9921875
17.08249503968254,-0.05078125,-0.015625,1.0
17.08499404761905,-0.046875,-0.01953125,0.95703125
17.087493055555555,-0.078125,-0.01953125,0.97265625
17.089992063492065,-0.0703125,-0.03125,1.0078125
17.092491071428572,-0.0390625,-0.0390625,0.98046875
17.09499007936508,-0.05859375,-0.03125,0.9921875
17.097489087301586,-0.0390625,-0.0390625,0.984375
17.099988095238096,-0.0625,-0.03515625,0.9921875
17.102487103174603,-0.05078125,-0.01953125,0.984375
17.10498611111111,-0.05859375,-0.01953125,1.0
17.10748511904762,-0.05859375,-0.03125,1.00390625
17.109984126984127,-0.046875,-0.0546875,0.98046875
17.112483134920634,-0.0546875,-0.05859375,0.9765625
17.114982142857144,-0.0546875,-0.04296875,0.984375
17.11748115079365,-0.01953125,-0.04296875,0.96875
17.119980158730158,-0.0546875,-0.03515625,0.9921875
17.12247916666667,-0.06640625,-0.0078125,1.015625
17.124978174603175,-0.04296875,-0.03125,1.0234375
17.127477182539682,-0.05859375,-0.01953125,1.02734375
17.129976190476192,-0.08203125,-0.01953125,0.98046875
17.1324751984127,-0.04296875,-0.03515625,0.984375
17.134974206349206,-0.05078125,-0.015625,0.9765625
17.137473214285716,-0.046875,-0.04296875,0.9921875
17.139972222222223,-0.05078125,-0.03515625,0.96484375
17.14247123015873,-0.0546875,-0.03515625,0.98828125
17.144970238095237,-0.05078125,-0.03515625,0.9765625
17.147469246031747,-0.05078125,-0.02734375,1.0078125
17.149968253968254,-0.0859375,-0.0078125,0.99609375
17.15246726190476,-0.03515625,-0.04296875,0.9765625
17.15496626984127,-0.06640625,0.00390625,1.01953125
17.157465277777778,-0.03125,-0.04296875,0.9921875
17.159964285714285,-0.0234375,-0.046875,1.01171875
17.162463293650795,-0.0546875,-0.01171875,0.984375
17.164962301587302,-0.03515625,-0.02734375,1.00390625
17.16746130952381,-0.05859375,-0.046875,0.98828125
17.16996031746032,-0.04296875,-0.015625,0.9921875
17.172459325396826,-0.05859375,-0.03125,0.98828125
17.174958333333333,-0.05078125,-0.05078125,1.0
17.177457341269843,-0.04296875,-0.03125,0.98828125
17.17995634920635,-0.04296875,-0.0078125,0.9921875
17.182455357142857,-0.05078125,-0.03515625,0.99609375
17.184954365079367,-0.046875,-0.02734375,0.984375
17.187453373015874,-0.06640625,-0.03515625,1.00390625
17.18995238095238,-0.04296875,-0.0390625,0.984375
17.192451388888887,-0.0390625,-0.0234375,0.9921875
17.194950396825398,-0.06640625,-0.0390625,0.9765625
17.197449404761905,-0.0390625,-0.05078125,0.9921875
17.19994841269841,-0.0625,-0.0234375,0.99609375
17.202447420634922,-0.05078125,-0.02734375,0.9921875
17.20494642857143,-0.05078125,-0.01953125,0.98046875
17.207445436507935,-0.0625,-0.0234375,0.9921875
17.209944444444446,-0.06640625,-0.03125,0.96875
17.212443452380953,-0.06640625,-0.015625,1.01953125
17.21494246031746,-0.05078125,-0.015625,1.0078125
17.21744146825397,-0.0390625,-0.0234375,1.0
17.219940476190477,-0.0625,-0.03125,1.00390625
17.222439484126983,-0.0703125,-0.03515625,0.98046875
17.224938492063494,-0.05078125,-0.01171875,1.00390625
17.2274375,-0.05859375,-0.0234375,0.984375
17.229936507936507,-0.05859375,-0.02734375,1.0
17.232435515873014,-0.05859375,-0.0390625,1.01171875
17.234934523809525,-0.03515625,-0.0234375,0.984375
17.23743353174603,-0.0546875,-0.01953125,1.0
17.23993253968254,-0.03125,-0.02734375,0.98046875
17.24243154761905,-0.03515625,-0.01171875,1.00390625
17.244930555555555,-0.0546875,-0.015625,0.984375
17.247429563492062,-0.0546875,-0.0078125,1.0078125
17.249928571428573,-0.03515625,-0.04296875,0.9921875
17.25242757936508,-0.0546875,-0.0390625,1.0078125
17.254926587301586,-0.05859375,-0.02734375,1.0078125
17.257425595238097,-0.05859375,-0.0390625,0.98828125
17.259924603174603,-0.0546875,-0.03515625,0.99609375
17.26242361111111,-0.0703125,-0.0234375,0.9921875
17.26492261904762,-0.0625,-0.03515625,1.00390625
17.267421626984127,-0.05859375,-0.03515625,1.01953125
17.269920634920634,-0.046875,-0.0390625,0.99609375
17.272419642857145,-0.04296875,-0.03515625,0.99609375
17.27491865079365,-0.0234375,-0.03125,0.99609375
17.277417658730158,-0.0625,-0.03515625,1.01171875
17.279916666666665,-0.05859375,-0.03515625,1.0
17.282415674603175,-0.03125,-0.01953125,0.9921875
17.284914682539682,-0.04296875,-0.015625,0.99609375
17.28741369047619,-0.0546875,-0.0078125,0.99609375
17.2899126984127,-0.07421875,-0.01953125,1.0234375
17.292411706349206,-0.05078125,-0.015625,1.00390625
17.294910714285713,-0.046875,-0.0234375,0.97265625
17.297409722222223,-0.0390625,-0.0234375,0.99609375
17.29990873015873,-0.06640625,-0.0234375,0.99609375
17.302407738095237,-0.04296875,-0.03515625,1.00390625
17.304906746031747,-0.05078125,-0.0078125,0.98828125
17.307405753968254,-0.0546875,-0.01953125,1.0
17.30990476190476,-0.06640625,-0.02734375,0.99609375
17.31240376984127,-0.05859375,-0.046875,0.9921875
17.314902777777778,-0.05078125,-0.0234375,0.9921875
17.317401785714285,-0.05078125,-0.01953125,0.9765625
17.319900793650795,-0.0625,-0.0234375,0.98828125
17.322399801587302,-0.046875,-0.01171875,0.96875
17.32489880952381,-0.0625,-0.03125,0.97265625
17.327397817460316,-0.04296875,-0.03125,0.99609375
17.329896825396826,-0.0234375,-0.015625,0.98828125
17.332395833333333,-0.05078125,-0.0078125,0.99609375
17.33489484126984,-0.0625,-0.046875,0.98046875
17.33739384920635,-0.046875,-0.04296875,1.0
17.339892857142857,-0.0390625,-0.0234375,1.0
17.342391865079364,-0.07421875,-0.015625,0.97265625
17.344890873015874,-0.05859375,-0.0078125,0.99609375
17.34738988095238,-0.0625,-0.0390625,0.9765625
17.349888888888888,-0.046875,-0.02734375,0.984375
17.352387896825398,-0.0625,-0.01953125,1.0
17.354886904761905,-0.03515625,-0.03515625,1.00390625
17.357385912698412,-0.0390625,-0.02734375,0.984375
17.359884920634922,-0.0703125,-0.0234375,0.98046875
17.36238392857143,-0.046875,-0.0390625,0.94921875
17.364882936507936,-0.0703125,-0.04296875,1.0
17.367381944444446,-0.05078125,-0.02734375,1.00390625
17.369880952380953,-0.04296875,-0.0234375,0.984375
17.37237996031746,-0.05078125,-0.01953125,0.96484375
17.374878968253967,-0.078125,-0.015625,0.9921875
17.377377976190477,-0.0390625,-0.03515625,0.9921875
17.379876984126984,-0.0625,-0.04296875,1.01171875
17.38237599206349,-0.046875,-0.03125,0.984375
17.384875,-0.03515625,-0.0234375,0.99609375
17.387374007936508,-0.04296875,-0.015625,0.984375
17.389873015873015,-0.05859375,-0.0234375,0.98046875
17.392372023809525,-0.046875,-0.015625,0.96875
17.39487103174603,-0.046875,-0.015625,1.01171875
17.39737003968254,-0.05859375,-0.015625,0.99609375
17.39986904761905,-0.04296875,-0.02734375,0.984375
17.402368055555556,-0.04296875,-0.0546875,0.98828125
17.404867063492063,-0.0625,-0.04296875,0.98828125
17.407366071428573,-0.05859375,-0.03515625,0.99609375
17.40986507936508,-0.046875,-0.0234375,0.98046875
17.412364087301587,-0.02734375,-0.01171875,1.0078125
17.414863095238097,-0.06640625,-0.015625,1.0
17.417362103174604,-0.0234375,-0.015625,0.98828125
17.41986111111111,-0.046875,-0.04296875,0.9921875
17.422360119047617,-0.046875,-0.03515625,1.0
17.424859126984128,-0.046875,-0.0390625,0.9765625
17.427358134920635,-0.046875,-0.0234375,0.98828125
17.42985714285714,-0.0234375,-0.00390625,0.9765625
17.43235615079365,-0.04296875,-0.02734375,0.98828125
17.43485515873016,-0.05078125,-0.01953125,1.0
17.437354166666665,-0.0546875,-0.0390625,1.00390625
17.439853174603176,-0.0390625,-0.015625,0.98046875
17.442352182539683,-0.04296875,-0.03125,0.9921875
17.44485119047619,-0.04296875,-0.0234375,1.00390625
17.4473501984127,-0.0546875,-0.02734375,0.99609375
17.449849206349207,-0.0546875,-0.03515625,0.97265625
17.452348214285713,-0.04296875,-0.015625,0.98046875
17.454847222222224,-0.046875,-0.03125,1.0078125
17.45734623015873,-0.07421875,-0.01953125,0.99609375
17.459845238095237,-0.08203125,-0.0234375,0.98828125
17.462344246031748,-0.0546875,-0.04296875,1.0
17.464843253968255,-0.0546875,-0.03515625,1.0
17.46734226190476,-0.0546875,-0.046875,0.99609375
17.469841269841268,-0.05078125,-0.046875,0.984375
17.47234027777778,-0.0390625,-0.02734375,1.0078125
17.474839285714285,-0.05078125,-0.0390625,1.0078125
17.477338293650792,-0.078125,-0.03515625,0.9921875
17.479837301587303,-0.05859375,-0.05078125,0.99609375
17.48233630952381,-0.0703125,-0.02734375,0.99609375
17.484835317460316,-0.0546875,-0.0234375,0.98046875
17.487334325396827,-0.046875,-0.02734375,1.0078125
17.489833333333333,-0.05078125,-0.015625,1.01171875
17.49233234126984,-0.05078125,-0.03125,1.00390625
17.49483134920635,-0.046875,-0.02734375,0.99609375
17.497330357142857,-0.05859375,-0.0234375,1.0
17.499829365079364,-0.0390625,-0.03125,0.9765625
17.502328373015875,-0.05078125,-0.01171875,1.0078125
17.50482738095238,-0.05859375,-0.0234375,1.00390625
17.507326388888888,-0.0390625,-0.01953125,1.00390625
17.5098253968254,-0.05859375,-0.0234375,0.984375
17.512324404761905,-0.05078125,-0.03515625,1.0
17.514823412698412,-0.0625,-0.01171875,0.98828125
17.51732242063492,-0.0546875,-0.01171875,1.00390625
17.51982142857143,-0.04296875,-0.0390625,1.00390625
17.522320436507936,-0.0546875,-0.0390625,0.9921875
17.524819444444443,-0.05859375,-0.03515625,0.984375
17.527318452380953,-0.0546875,-0.03125,0.98828125
17.52981746031746,-0.06640625,-0.0390625,0.99609375
17.532316468253967,-0.04296875,-0.04296875,1.0
17.534815476190477,-0.03125,-0.0078125,0.9765625
17.537314484126984,-0.04296875,-0.046875,1.01171875
17.53981349206349,-0.03125,-0.03125,1.00390625
17.5423125,-0.04296875,-0.015625,0.984375
17.544811507936508,-0.046875,-0.01171875,0.9921875
17.547310515873015,-0.05078125,-0.01171875,0.98046875
17.549809523809525,-0.05078125,-0.0234375,0.9765625
17.552308531746032,-0.0546875,-0.015625,1.0
17.55480753968254,-0.0546875,-0.0546875,1.015625
17.55730654761905,-0.04296875,-0.015625,0.9921875
17.559805555555556,-0.03125,-0.01953125,0.98828125
17.562304563492063,-0.07421875,-0.0234375,0.9921875
17.56480357142857,-0.05078125,-0.01953125,0.99609375
17.56730257936508,-0.046875,-0.0234375,1.0078125
17.569801587301587,-0.0703125,-0.01953125,0.9921875
17.572300595238094,-0.05859375,-0.0390625,1.0078125
17.574799603174604,-0.06640625,-0.0390625,1.00390625
17.57729861111111,-0.0390625,-0.015625,0.9921875
17.579797619047618,-0.0546875,-0.03125,0.99609375
17.582296626984128,-0.0390625,-0.0234375,0.98046875
17.584795634920635,-0.03125,-0.01171875,0.98046875
17.58729464285714,-0.04296875,-0.02734375,0.98828125
17.589793650793652,-0.03125,-0.03125,0.9921875
17.59229265873016,-0.05859375,-0.01953125,0.9921875
17.594791666666666,-0.0625,-0.0234375,1.0
17.597290674603176,-0.04296875,-0.04296875,0.984375
17.599789682539683,-0.0703125,-0.03125,0.99609375
17.60228869047619,-0.0625,-0.01171875,1.00390625
17.6047876984127,-0.046875,-0.03125,0.9765625
17.607286706349207,-0.05859375,-0.0234375,0.9921875
17.609785714285714,-0.06640625,-0.0234375,0.9921875
17.61228472222222,-0.06640625,-0.01953125,0.99609375
17.61478373015873,-0.05078125,-0.01953125,0.984375
17.617282738095238,-0.046875,-0.01953125,1.00390625
17.619781746031745,-0.05078125,-0.0390625,0.9765625
17.622280753968255,-0.04296875,-0.00390625,0.9921875
17.62477976190476,-0.046875,-0.01953125,0.98046875
17.62727876984127,-0.0390625,-0.03125,1.0078125
17.62977777777778,-0.046875,-0.01171875,0.98828125
17.632276785714286,-0.05078125,-0.0234375,0.96484375
17.634775793650793,-0.04296875,-0.04296875,0.9921875
17.637274801587303,-0.04296875,-0.0390625,0.98828125
17.63977380952381,-0.046875,-0.02734375,1.0078125
17.642272817460317,-0.046875,-0.0234375,0.9921875
17.644771825396827,-0.05859375,-0.015625,1.01171875
17.647270833333334,-0.04296875,-0.015625,0.98046875
17.64976984126984,-0.0390625,-0.015625,1.0
17.65226884920635,-0.0390625,-0.01953125,0.98828125
17.654767857142858,-0.046875,-0.02734375,0.99609375
17.657266865079364,-0.05078125,-0.00390625,1.00390625
17.65976587301587,-0.046875,-0.03125,1.0078125
17.66226488095238,-0.05078125,-0.02734375,0.984375
17.66476388888889,-0.046875,-0.0234375,1.0078125
17.667262896825395,-0.03515625,-0.03125,0.98046875
17.669761904761906,-0.05078125,-0.015625,0.9921875
17.672260912698412,-0.03125,-0.0234375,0.984375
17.67475992063492,-0.03125,-0.01953125,0.98046875
17.67725892857143,-0.05078125,-0.03515625,1.0
17.679757936507936,-0.0390625,-0.0390625,1.0
17.682256944444443,-0.0546875,-0.05078125,1.00390625
17.684755952380954,-0.0390625,-0.01953125,1.00390625
17.68725496031746,-0.046875,-0.0234375,1.0
17.689753968253967,-0.0390625,-0.04296875,1.01953125
17.692252976190478,-0.046875,-0.0078125,0.9921875
17.694751984126984,-0.0625,-0.03515625,0.99609375
17.69725099206349,-0.0625,-0.0390625,0.99609375
17.69975,-0.03515625,-0.02734375,0.99609375
17.70224900793651,-0.04296875,-0.01953125,1.0
17.704748015873015,-0.05078125,-0.03515625,0.97265625
17.707247023809522,-0.05078125,-0.04296875,0.9765625
17.709746031746032,-0.04296875,-0.04296875,1.015625
17.71224503968254,-0.0390625,-0.0234375,1.0
17.714744047619046,-0.03515625,-0.03515625,1.02734375
17.717243055555556,-0.03515625,-0.0234375,0.96875
17.719742063492063,-0.06640625,-0.0390625,1.0
17.72224107142857,-0.06640625,-0.0234375,0.9921875
17.72474007936508,-0.02734375,-0.0546875,1.00390625
17.727239087301587,-0.0546875,-0.0390625,1.01171875
17.729738095238094,-0.0390625,-0.03515625,1.01171875
17.732237103174604,-0.0703125,-0.0078125,0.99609375
17.73473611111111,-0.0546875,-0.046875,0.9921875
17.737235119047618,-0.0546875,-0.05078125,1.01171875
17.73973412698413,-0.05078125,-0.02734375,0.97265625
17.742233134920635,-0.046875,-0.0078125,0.98828125
17.744732142857142,-0.05078125,-0.015625,0.99609375
17.74723115079365,-0.03515625,-0.03515625,0.99609375
17.74973015873016,-0.06640625,-0.0234375,0.96875
17.752229166666666,-0.05078125,-0.015625,0.99609375
17.754728174603173,-0.05078125,-0.0234375,1.0
17.757227182539683,-0.0390625,-0.03125,1.00390625
17.75972619047619,-0.0390625,-0.0234375,0.98046875
17.762225198412697,-0.07421875,-0.02734375,1.01171875
17.764724206349207,-0.05078125,-0.05859375,0.984375
17.767223214285714,-0.046875,-0.046875,0.9921875
17.76972222222222,-0.0546875,-0.02734375,1.01171875
17.77222123015873,-0.046875,-0.0390625,0.99609375
17.774720238095238,-0.0625,-0.046875,0.9921875
17.777219246031745,-0.046875,-0.01953125,0.98828125
17.779718253968255,-0.06640625,-0.01171875,1.0078125
17.782217261904762,-0.0546875,-0.02734375,0.98828125
17.78471626984127,-0.046875,-0.01953125,0.98046875
17.78721527777778,-0.05078125,-0.04296875,1.0078125
17.789714285714286,-0.05078125,-0.0234375,0.99609375
17.792213293650793,-0.0546875,-0.0390625,0.98046875
17.7947123015873,-0.04296875,-0.03515625,0.97265625
17.79721130952381,-0.046875,0.0,0.9921875
17.799710317460317,-0.0390625,-0.0234375,0.96875
17.802209325396824,-0.04296875,-0.0234375,0.99609375
17.804708333333334,-0.03125,-0.02734375,1.00390625
17.80720734126984,-0.04296875,-0.015625,1.0
17.809706349206348,-0.046875,-0.03515625,1.01171875
17.812205357142858,-0.0546875,-0.03125,1.00390625
17.814704365079365,-0.0546875,-0.01953125,0.98828125
17.81720337301587,-0.05078125,-0.02734375,1.0078125
17.819702380952382,-0.0625,-0.0234375,0.98046875
17.82220138888889,-0.0703125,-0.0234375,0.984375
17.824700396825396,-0.05078125,-0.02734375,0.99609375
17.827199404761906,-0.05859375,-0.01953125,0.98828125
17.829698412698413,-0.05078125,-0.0390625,1.0
17.83219742063492,-0.05078125,-0.01171875,0.98828125
17.83469642857143,-0.0390625,-0.03125,0.9921875
17.837195436507937,-0.06640625,-0.015625,0.9765625
17.839694444444444,-0.04296875,-0.015625,1.00390625
17.84219345238095,-0.0703125,-0.0234375,0.9921875
17.84469246031746,-0.05859375,-0.01953125,0.9765625
17.847191468253968,-0.0703125,-0.0390625,1.0
17.849690476190474,-0.0390625,-0.01953125,0.96875
17.852189484126985,-0.06640625,-0.05078125,0.9921875
17.85468849206349,-0.05859375,-0.01953125,0.9921875
17.8571875,-0.0390625,-0.01953125,0.98046875
17.85968650793651,-0.04296875,-0.00390625,0.98828125
17.862185515873016,-0.0390625,-0.03125,0.9921875
17.864684523809522,-0.0390625,-0.015625,0.99609375
17.867183531746033,-0.046875,-0.05078125,0.98828125
17.86968253968254,-0.046875,-0.0390625,1.0078125
17.872181547619046,-0.06640625,-0.015625,0.98046875
17.874680555555557,-0.03125,-0.0390625,0.98828125
17.877179563492064,-0.05078125,-0.04296875,1.00390625
17.87967857142857,-0.046875,-0.01953125,0.9921875
17.882177579365077,-0.046875,-0.0234375,1.0
17.884676587301588,-0.04296875,-0.02734375,0.98828125
17.887175595238094,-0.0390625,-0.0390625,0.97265625
17.8896746031746,-0.0546875,-0.05859375,1.0
17.89217361111111,-0.0546875,-0.01953125,0.9921875
17.89467261904762,-0.05078125,-0.015625,0.9765625
17.897171626984125,-0.06640625,-0.02734375,0.9921875
17.899670634920636,-0.05859375,-0.03515625,1.0
17.902169642857142,-0.03125,-0.015625,0.99609375
17.90466865079365,-0.06640625,-0.03515625,0.9921875
17.90716765873016,-0.03515625,-0.02734375,0.99609375
17.909666666666666,-0.0546875,-0.01171875,0.9921875
17.912165674603173,-0.046875,-0.03515625,0.99609375
17.914664682539684,-0.04296875,-0.015625,1.01171875
17.91716369047619,-0.05078125,-0.015625,0.9921875
17.919662698412697,-0.03515625,-0.01171875,0.96484375
17.922161706349208,-0.0546875,-0.0390625,0.99609375
17.924660714285714,-0.01953125,-0.01171875,0.99609375
17.92715972222222,-0.04296875,-0.01171875,1.00390625
17.929658730158728,-0.05078125,-0.0234375,0.98828125
17.93215773809524,-0.0390625,-0.03515625,0.98828125
17.934656746031745,-0.0625,-0.0234375,0.97265625
17.937155753968252,-0.0859375,-0.01953125,0.9921875
17.939654761904762,-0.0546875,-0.03515625,0.99609375
17.94215376984127,-0.05859375,-0.0390625,0.9765625
17.944652777777776,-0.078125,-0.0234375,0.9921875
17.947151785714286,-0.05859375,-0.03515625,0.9921875
17.949650793650793,-0.03125,-0.02734375,0.98828125
17.9521498015873,-0.0546875,-0.01953125,0.9921875
17.95464880952381,-0.06640625,-0.015625,0.99609375
17.957147817460317,-0.06640625,-0.01953125,0.96484375
17.959646825396824,-0.05078125,-0.03125,0.99609375
17.962145833333334,-0.04296875,-0.02734375,1.0
17.96464484126984,-0.046875,-0.02734375,0.99609375
17.967143849206348,-0.03515625,-0.02734375,0.98046875
17.96964285714286,-0.05078125,-0.01953125,0.99609375
17.972141865079365,-0.08203125,-0.02734375,1.00390625
17.974640873015872,-0.0546875,-0.04296875,0.9921875
17.97713988095238,-0.0546875,-0.0234375,0.99609375
17.97963888888889,-0.04296875,-0.02734375,1.00390625
17.982137896825396,-0.03515625,-0.04296875,1.01171875
17.984636904761903,-0.05078125,-0.01953125,0.99609375
17.987135912698413,-0.0546875,-0.015625,0.9921875
17.98963492063492,-0.046875,-0.015625,1.0
17.992133928571427,-0.03515625,-0.01953125,0.97265625
17.994632936507937,-0.06640625,-0.04296875,0.99609375
17.997131944444444,-0.06640625,-0.02734375,0.98828125
17.99963095238095,-0.05078125,-0.01171875,1.0078125
18.00212996031746,-0.08984375,-0.0390625,0.98828125
18.004628968253968,-0.0546875,-0.00390625,0.9765625
18.007127976190475,-0.05078125,-0.0078125,0.97265625
18.009626984126985,-0.03125,-0.0234375,0.98046875
18.012125992063492,-0.046875,-0.01171875,0.98046875
18.014625,-0.04296875,-0.01953125,1.0078125
18.01712400793651,-0.0703125,-0.0390625,1.0
18.019623015873016,-0.0625,-0.0234375,1.00390625
18.022122023809523,-0.03515625,-0.02734375,0.9921875
18.02462103174603,-0.046875,-0.04296875,0.984375
18.02712003968254,-0.046875,-0.05859375,0.99609375
18.029619047619047,-0.05859375,-0.04296875,1.0
18.032118055555554,-0.046875,-0.00390625,0.98828125
18.034617063492064,-0.05859375,-0.01953125,1.00390625
18.03711607142857,-0.0546875,-0.02734375,1.0078125
18.039615079365078,-0.06640625,-0.0234375,0.97265625
18.042114087301588,-0.05078125,-0.01953125,0.99609375
18.044613095238095,-0.03515625,-0.04296875,1.0
18.0471121031746,-0.04296875,-0.01171875,1.01953125
18.049611111111112,-0.046875,-0.0234375,0.98828125
18.05211011904762,-0.046875,-0.00390625,0.98046875
18.054609126984126,-0.03125,-0.03125,0.9921875
18.057108134920636,-0.05859375,-0.01953125,0.99609375
18.059607142857143,-0.0546875,-0.02734375,0.9921875
18.06210615079365,-0.0390625,-0.02734375,0.94921875
18.06460515873016,-0.046875,-0.0390625,0.99609375
18.067104166666667,-0.06640625,-0.03515625,1.00390625
18.069603174603174,-0.0703125,-0.02734375,1.01171875
18.07210218253968,-0.0625,-0.015625,1.0
18.07460119047619,-0.05078125,-0.02734375,0.9921875
18.077100198412698,-0.0625,-0.01953125,0.99609375
18.079599206349204,-0.0625,-0.01953125,0.9921875
18.082098214285715,-0.05859375,-0.015625,0.99609375
18.08459722222222,-0.0546875,-0.0078125,0.99609375
18.08709623015873,-0.05859375,-0.01171875,0.99609375
18.08959523809524,-0.0546875,-0.01953125,1.00390625
18.092094246031746,-0.0546875,-0.0234375,1.0
18.094593253968252,-0.03515625,-0.02734375,1.0078125
18.097092261904763,-0.0546875,-0.015625,0.97265625
18.09959126984127,-0.0546875,-0.0234375,0.98828125
18.102090277777776,-0.05078125,-0.02734375,0.9921875
18.104589285714287,-0.03125,-0.04296875,1.0
18.107088293650794,-0.0390625,-0.01953125,0.9921875
18.1095873015873,-0.0625,-0.01953125,1.0
18.11208630952381,-0.05078125,-0.03515625,0.97265625
18.114585317460318,-0.0546875,-0.02734375,1.00390625
18.117084325396824,-0.05078125,-0.02734375,0.98046875
18.11958333333333,-0.0625,-0.01953125,0.984375
18.12208234126984,-0.0625,-0.01171875,0.9921875
18.12458134920635,-0.04296875,-0.00390625,1.00390625
18.127080357142855,-0.06640625,-0.02734375,0.98046875
18.129579365079366,-0.046875,-0.03125,0.98828125
18.132078373015872,-0.046875,-0.01171875,0.984375
18.13457738095238,-0.03125,-0.01171875,0.98828125
18.13707638888889,-0.0234375,-0.0390625,1.00390625
18.139575396825396,-0.02734375,-0.03125,0.98828125
18.142074404761903,-0.046875,-0.01171875,0.96875
18.144573412698414,-0.04296875,-0.0234375,0.984375
18.14707242063492,-0.0390625,-0.0234375,0.984375
18.149571428571427,-0.05078125,-0.02734375,0.97265625
18.152070436507938,-0.0390625,-0.01171875,0.96484375
18.154569444444444,-0.0546875,-0.0078125,0.99609375
18.15706845238095,-0.0546875,-0.0234375,0.9921875
18.15956746031746,-0.046875,-0.0234375,0.96875
18.16206646825397,-0.05859375,-0.0390625,0.98828125
18.164565476190475,-0.0546875,-0.03515625,1.0
18.167064484126982,-0.04296875,-0.01171875,0.9921875
18.169563492063492,-0.06640625,-0.03515625,0.984375
18.1720625,-0.05859375,-0.03125,0.99609375
18.174561507936506,-0.03515625,-0.03515625,1.0078125
18.177060515873016,-0.0625,-0.0390625,0.98828125
18.179559523809523,-0.0546875,-0.01953125,0.98828125
18.18205853174603,-0.05078125,-0.01953125,0.98828125
18.18455753968254,-0.06640625,-0.03515625,0.98828125
18.187056547619047,-0.0625,-0.0078125,0.98828125
18.189555555555554,-0.046875,-0.03125,0.99609375
18.192054563492064,-0.04296875,-0.01953125,1.0078125
18.19455357142857,-0.0390625,-0.0234375,0.99609375
18.197052579365078,-0.03515625,-0.03125,0.984375
18.19955158730159,-0.0546875,-0.01953125,0.953125
18.202050595238095,-0.0546875,-0.02734375,0.9765625
18.204549603174602,-0.06640625,-0.0234375,0.98828125
18.207048611111112,-0.05078125,-0.0390625,0.98046875
18.20954761904762,-0.04296875,-0.01953125,1.00390625
18.212046626984126,-0.046875,-0.01171875,0.96875
18.214545634920633,-0.05859375,-0.04296875,0.984375
18.217044642857143,-0.03515625,-0.0234375,0.98828125
18.21954365079365,-0.04296875,-0.01171875,0.9921875
18.222042658730157,-0.06640625,-0.03125,0.984375
18.224541666666667,-0.0546875,-0.0234375,0.99609375
18.227040674603174,-0.046875,-0.03515625,1.0
18.22953968253968,-0.0546875,-0.03125,1.00390625
18.23203869047619,-0.0546875,-0.02734375,0.984375
18.234537698412698,-0.0703125,-0.0234375,0.9921875
18.237036706349205,-0.05859375,-0.02734375,0.99609375
18.239535714285715,-0.0546875,-0.03515625,0.97265625
18.242034722222222,-0.05078125,-0.02734375,0.98046875
18.24453373015873,-0.05859375,-0.0234375,1.0078125
18.24703273809524,-0.03125,-0.03515625,0.9765625
18.249531746031746,-0.05078125,-0.03125,0.99609375
18.252030753968253,-0.05078125,-0.01953125,1.00390625
18.254529761904763,-0.046875,-0.0390625,0.984375
18.25702876984127,-0.03515625,-0.04296875,0.99609375
18.259527777777777,-0.03125,-0.02734375,0.9921875
18.262026785714284,-0.04296875,-0.02734375,1.01171875
18.264525793650794,-0.03515625,-0.0234375,0.99609375
18.2670248015873,-0.0546875,-0.0234375,1.00390625
18.269523809523808,-0.046875,-0.01171875,1.0
18.272022817460318,-0.05078125,-0.015625,1.01171875
18.274521825396825,-0.078125,-0.0390625,0.984375
18.27702083333333,-0.0546875,-0.01953125,1.0078125
18.279519841269842,-0.046875,-0.02734375,1.0
18.28201884920635,-0.0390625,-0.03125,1.00390625
18.284517857142855,-0.046875,-0.015625,1.00390625
18.287016865079366,-0.046875,-0.04296875,0.96484375
18.289515873015873,-0.05078125,-0.0234375,0.99609375
18.29201488095238,-0.05859375,-0.02734375,1.0
18.29451388888889,-0.05078125,-0.00390625,0.9765625
18.297012896825397,-0.03515625,-0.03125,1.0
18.299511904761903,-0.02734375,-0.01953125,0.9765625
18.302010912698414,-0.05078125,-0.0234375,0.96875
18.30450992063492,-0.04296875,-0.0078125,0.98046875
18.307008928571427,-0.05078125,-0.046875,0.97265625
18.309507936507934,-0.0546875,-0.03515625,0.99609375
18.312006944444445,-0.0546875,-0.03125,0.96875
18.31450595238095,-0.0546875,-0.0234375,0.98046875
18.31700496031746,-0.05859375,-0.02734375,0.98828125
18.31950396825397,-0.07421875,-0.0234375,0.98828125
18.322002976190475,-0.05078125,-0.015625,0.9921875
18.324501984126982,-0.05078125,-0.0234375,0.984375
18.327000992063493,-0.04296875,-0.01953125,1.0
18.3295,-0.078125,-0.03515625,1.0
18.331999007936506,-0.05859375,-0.0390625,1.015625
18.334498015873017,-0.05078125,-0.015625,0.984375
18.336997023809523,-0.0546875,-0.0234375,1.0078125
18.33949603174603,-0.04296875,-0.0390625,1.015625
18.34199503968254,-0.046875,-0.02734375,1.00390625
18.344494047619047,-0.04296875,-0.0234375,0.98046875
18.346993055555554,-0.04296875,-0.0390625,0.98828125
18.349492063492065,-0.078125,-0.0546875,0.99609375
18.35199107142857,-0.04296875,-0.02734375,0.98046875
18.35449007936508,-0.0625,-0.01953125,0.984375
18.356989087301585,-0.05078125,-0.03515625,1.0078125
18.359488095238095,-0.03515625,-0.03125,0.98828125
18.361987103174602,-0.0546875,-0.0390625,0.98046875
18.36448611111111,-0.04296875,-0.01171875,0.98828125
18.36698511904762,-0.05078125,-0.01953125,0.9921875
18.369484126984126,-0.0625,-0.015625,1.0078125
18.371983134920633,-0.03515625,-0.02734375,1.015625
18.374482142857143,-0.046875,-0.01171875,0.99609375
18.37698115079365,-0.06640625,-0.01953125,0.984375
18.379480158730157,-0.046875,-0.03515625,0.9921875
18.381979166666667,-0.0625,-0.015625,0.99609375
18.384478174603174,-0.04296875,-0.03515625,0.9921875
18.38697718253968,-0.046875,-0.01171875,0.99609375
18.38947619047619,-0.05078125,-0.0234375,0.99609375
18.3919751984127,-0.05859375,-0.04296875,1.00390625
18.394474206349205,-0.05859375,-0.0546875,1.015625
18.396973214285715,-0.05078125,-0.03125,1.0
18.399472222222222,-0.05859375,-0.0234375,0.99609375
18.40197123015873,-0.04296875,-0.02734375,0.98828125
18.404470238095236,-0.04296875,-0.01171875,0.98046875
18.406969246031746,-0.0546875,-0.015625,0.9765625
18.409468253968253,-0.0703125,-0.0234375,0.9921875
18.41196726190476,-0.06640625,-0.01953125,0.9921875
18.41446626984127,-0.05078125,-0.02734375,0.98828125
18.416965277777777,-0.0546875,-0.0234375,0.98046875
18.419464285714284,-0.06640625,-0.01953125,0.98046875
18.421963293650794,-0.046875,-0.02734375,0.9921875
18.4244623015873,-0.06640625,-0.0078125,1.00390625
18.426961309523808,-0.046875,-0.0078125,0.984375
18.429460317460318,-0.046875,-0.0390625,0.9609375
18.431959325396825,-0.0390625,-0.04296875,0.96484375
18.434458333333332,-0.05078125,-0.02734375,0.99609375
18.436957341269842,-0.0625,-0.0390625,0.984375
18.43945634920635,-0.04296875,-0.03515625,1.01171875
18.441955357142856,-0.0703125,-0.03125,1.0
18.444454365079366,-0.05078125,-0.01953125,0.98828125
18.446953373015873,-0.03125,-0.015625,0.98828125
18.44945238095238,-0.04296875,-0.02734375,0.97265625
18.451951388888887,-0.0546875,-0.02734375,0.9921875
18.454450396825397,-0.04296875,-0.0234375,0.984375
18.456949404761904,-0.0390625,-0.03125,0.9765625
18.45944841269841,-0.046875,-0.01171875,0.97265625
18.46194742063492,-0.06640625,-0.015625,1.0078125
18.464446428571428,-0.04296875,-0.0234375,0.9921875
18.466945436507935,-0.04296875,-0.02734375,0.9921875
18.469444444444445,-0.0234375,-0.02734375,1.0
18.471943452380952,-0.046875,-0.0390625,0.96484375
18.47444246031746,-0.05078125,-0.015625,0.984375
18.47694146825397,-0.0390625,-0.01953125,0.99609375
18.479440476190476,-0.0390625,-0.0078125,1.0
18.481939484126983,-0.05859375,-0.04296875,1.0078125
18.484438492063493,-0.0390625,-0.01953125,0.984375
18.4869375,-0.0625,-0.03125,0.99609375
18.489436507936507,-0.05859375,-0.02734375,1.0078125
18.491935515873017,-0.05859375,-0.02734375,0.9921875
18.494434523809524,-0.05078125,-0.015625,0.98046875
18.49693353174603,-0.0703125,-0.0234375,0.98828125
18.499432539682537,-0.03515625,-0.0234375,1.0
18.501931547619048,-0.01953125,-0.0390625,0.9921875
18.504430555555555,-0.0546875,-0.015625,1.0
18.50692956349206,-0.0703125,-0.0234375,0.9765625
18.509428571428572,-0.046875,-0.0234375,0.98828125
18.51192757936508,-0.05859375,-0.015625,0.984375
18.514426587301585,-0.046875,-0.02734375,1.0
18.516925595238096,-0.05859375,-0.03515625,1.0
18.519424603174603,-0.0546875,-0.0390625,1.0078125
18.52192361111111,-0.046875,-0.015625,0.97265625
18.52442261904762,-0.05859375,-0.01953125,0.9765625
18.526921626984127,-0.05859375,-0.02734375,0.9765625
18.529420634920633,-0.046875,-0.00390625,0.98046875
18.53191964285714,-0.04296875,-0.01171875,0.984375
18.53441865079365,-0.05859375,-0.03515625,1.00390625
18.536917658730157,-0.02734375,-0.0234375,0.98828125
18.539416666666668,-0.0546875,-0.0390625,0.98828125
18.541915674603175,-0.0625,-0.03515625,0.9765625
18.54441468253968,-0.0546875,-0.046875,0.96484375
18.546913690476188,-0.05078125,-0.046875,0.98828125
18.5494126984127,-0.04296875,-0.015625,0.984375
18.551911706349205,-0.0546875,-0.02734375,0.99609375
18.554410714285712,-0.046875,-0.015625,0.9921875
18.556909722222223,-0.05078125,-0.0390625,0.984375
18.55940873015873,-0.0390625,-0.01953125,1.0
18.561907738095236,-0.046875,-0.03515625,0.96875
18.564406746031747,-0.046875,-0.03125,0.98046875
18.566905753968253,-0.05078125,-0.02734375,0.99609375
18.56940476190476,-0.05859375,-0.015625,0.98828125
18.57190376984127,-0.06640625,-0.03515625,0.9921875
18.574402777777777,-0.046875,-0.03515625,1.0
18.576901785714284,-0.046875,-0.04296875,1.0078125
18.57940079365079,-0.03515625,-0.0390625,0.9921875
18.5818998015873,-0.02734375,-0.01953125,0.96484375
18.584398809523808,-0.0546875,-0.01953125,0.953125
18.586897817460315,-0.05078125,-0.02734375,0.9609375
18.589396825396825,-0.05859375,-0.0234375,0.9921875
18.591895833333332,-0.0390625,-0.03515625,0.97265625
18.59439484126984,-0.0390625,-0.02734375,1.0078125
18.59689384920635,-0.05078125,-0.0390625,0.9921875
18.599392857142856,-0.0546875,-0.0234375,0.984375
18.601891865079363,-0.0546875,-0.02734375,0.98046875
18.604390873015873,-0.0546875,-0.01953125,0.98046875
18.60688988095238,-0.04296875,-0.04296875,0.9921875
18.609388888888887,-0.0625,-0.03125,0.984375
18.611887896825397,-0.046875,-0.015625,0.9921875
18.614386904761904,-0.0546875,-0.015625,0.99609375
18.61688591269841,-0.0546875,-0.03515625,0.984375
18.61938492063492,-0.0546875,-0.03125,0.98828125
18.621883928571428,-0.05859375,-0.0234375,0.97265625
18.624382936507935,-0.0625,-0.03125,0.9921875
18.626881944444442,-0.05078125,-0.04296875,0.9921875
18.629380952380952,-0.046875,-0.0234375,0.9921875
18.63187996031746,-0.046875,-0.01953125,0.98828125
18.634378968253966,-0.06640625,-0.03125,0.98828125
18.636877976190476,-0.0390625,-0.015625,0.9609375
18.639376984126983,-0.0625,-0.0234375,1.0
18.64187599206349,-0.04296875,-0.03515625,0.98828125
18.644375,-0.03515625,-0.03515625,0.98828125
18.646874007936507,-0.0390625,-0.01171875,0.98828125
18.649373015873014,-0.05859375,-0.015625,1.0078125
18.651872023809524,-0.04296875,-0.03125,0.9921875
18.65437103174603,-0.03515625,-0.0234375,0.98828125
18.656870039682538,-0.05859375,-0.015625,0.9921875
18.659369047619048,-0.0546875,-0.03125,1.00390625
18.661868055555555,-0.0546875,-0.03515625,1.0
18.66436706349206,-0.04296875,-0.03125,1.0
18.666866071428572,-0.03515625,-0.02734375,0.9921875
18.66936507936508,-0.0546875,-0.0390625,0.98828125
18.671864087301586,-0.05078125,-0.0546875,1.00390625
18.674363095238093,-0.04296875,-0.015625,1.0078125
18.676862103174603,-0.03515625,-0.01953125,1.0078125
18.67936111111111,-0.05078125,-0.00390625,0.984375
18.681860119047617,-0.04296875,-0.015625,0.9765625
18.684359126984127,-0.0546875,-0.0234375,1.0
18.686858134920634,-0.046875,-0.05078125,1.0
18.68935714285714,-0.0546875,-0.03125,0.97265625
18.69185615079365,-0.08203125,-0.0234375,1.015625
18.694355158730158,-0.05859375,-0.046875,1.0078125
18.696854166666665,-0.05078125,-0.0390625,0.984375
18.699353174603175,-0.05078125,-0.01171875,0.9921875
18.70185218253968,-0.078125,-0.0625,0.99609375
18.70435119047619,-0.0703125,-0.015625,1.01953125
18.7068501984127,-0.046875,-0.015625,0.984375
18.709349206349206,-0.0546875,-0.015625,0.98046875
18.711848214285713,-0.0625,-0.01953125,0.984375
18.714347222222223,-0.07421875,-0.05078125,0.9765625
18.71684623015873,-0.05859375,-0.046875,0.9921875
18.719345238095237,-0.06640625,-0.015625,1.015625
18.721844246031743,-0.0390625,-0.015625,1.01171875
18.724343253968254,-0.0546875,-0.03125,1.0078125
18.72684226190476,-0.0546875,-0.01171875,0.97265625
18.729341269841267,-0.04296875,-0.0234375,0.97265625
18.731840277777778,-0.046875,-0.0234375,0.9765625
18.734339285714285,-0.04296875,-0.03125,0.98046875
18.73683829365079,-0.0625,-0.0234375,1.0078125
18.7393373015873,-0.0625,-0.03515625,0.9765625
18.74183630952381,-0.05859375,-0.01953125,0.98828125
18.744335317460315,-0.04296875,-0.0234375,0.9921875
18.746834325396826,-0.0625,-0.03515625,1.01171875
18.749333333333333,-0.046875,-0.0234375,0.9921875
18.75183234126984,-0.04296875,-0.03515625,1.00390625
18.75433134920635,-0.05078125,-0.015625,1.00390625
18.756830357142857,-0.0390625,-0.02734375,0.99609375
18.759329365079363,-0.05859375,-0.03125,1.00390625
18.761828373015874,-0.046875,-0.0234375,0.97265625
18.76432738095238,-0.04296875,-0.03125,0.984375
18.766826388888887,-0.05078125,-0.03125,0.98046875
18.769325396825394,-0.0390625,-0.01171875,0.98828125
18.771824404761905,-0.0390625,-0.01953125,0.9921875
18.77432341269841,-0.046875,-0.015625,0.9921875
18.776822420634918,-0.046875,-0.01171875,0.97265625
18.77932142857143,-0.046875,-0.03125,0.9921875
18.781820436507935,-0.05859375,-0.01953125,1.00390625
18.784319444444442,-0.04296875,-0.03515625,1.01171875
18.786818452380952,-0.05078125,-0.03125,0.9921875
18.78931746031746,-0.05859375,-0.0390625,0.99609375
18.791816468253966,-0.05078125,-0.03515625,0.99609375
18.794315476190476,-0.0546875,-0.0390625,1.0
18.796814484126983,-0.05859375,-0.0234375,0.99609375
18.79931349206349,-0.0390625,-0.01953125,0.98828125
18.8018125,-0.0546875,-0.0234375,0.96484375
18.804311507936507,-0.04296875,-0.01171875,0.99609375
18.806810515873014,-0.04296875,-0.03125,0.9765625
18.809309523809524,-0.0625,-0.02734375,0.96484375
18.81180853174603,-0.05078125,-0.02734375,0.98828125
18.814307539682538,-0.05078125,-0.015625,1.015625
18.816806547619045,-0.046875,-0.015625,0.98046875
18.819305555555555,-0.0546875,-0.0390625,0.96484375
18.821804563492062,-0.05078125,-0.015625,0.96875
18.82430357142857,-0.03515625,-0.01953125,1.0078125
18.82680257936508,-0.0625,-0.02734375,0.96875
18.829301587301586,-0.03125,-0.03515625,0.9921875
18.831800595238093,-0.05078125,-0.04296875,0.99609375
18.834299603174603,-0.0546875,-0.01953125,0.984375
18.83679861111111,-0.0625,-0.0234375,0.98046875
18.839297619047617,-0.03515625,-0.0234375,1.0
18.841796626984127,-0.0390625,-0.03125,0.99609375
18.844295634920634,-0.02734375,-0.05078125,1.00390625
18.84679464285714,-0.046875,-0.05078125,0.984375
18.84929365079365,-0.05078125,-0.0390625,0.9921875
18.851792658730158,-0.02734375,-0.01171875,0.9765625
18.854291666666665,-0.06640625,-0.03125,0.98828125
18.856790674603175,-0.0703125,-0.01953125,0.99609375
18.859289682539682,-0.04296875,-0.01953125,0.984375
18.86178869047619,-0.05078125,-0.0390625,0.99609375
18.864287698412696,-0.0625,-0.03515625,0.98046875
18.866786706349206,-0.03515625,-0.015625,0.98046875
18.869285714285713,-0.04296875,-0.03515625,0.9921875
18.87178472222222,-0.0390625,-0.04296875,0.99609375
18.87428373015873,-0.05859375,-0.02734375,0.95703125
18.876782738095237,-0.05859375,-0.015625,1.00390625
18.879281746031744,-0.046875,-0.03125,1.0078125
18.881780753968254,-0.04296875,-0.02734375,1.0078125
18.88427976190476,-0.05078125,-0.015625,0.9765625
18.886778769841268,-0.05859375,-0.0234375,0.96875
18.889277777777778,-0.046875,-0.03125,0.984375
18.891776785714285,-0.0546875,-0.0234375,0.99609375
18.89427579365079,-0.0390625,-0.01953125,0.9921875
18.896774801587302,-0.0546875,-0.02734375,0.98828125
18.89927380952381,-0.07421875,-0.04296875,0.98046875
18.901772817460316,-0.05859375,-0.01953125,0.9921875
18.904271825396826,-0.04296875,-0.01953125,0.97265625
18.906770833333333,-0.06640625,-0.02734375,0.984375
18.90926984126984,-0.03515625,-0.0390625,0.98046875
18.911768849206346,-0.06640625,-0.015625,1.0
18.914267857142857,-0.05078125,-0.03125,0.99609375
18.916766865079364,-0.0390625,-0.04296875,0.984375
18.91926587301587,-0.046875,-0.03125,1.0
18.92176488095238,-0.05078125,-0.01953125,0.9921875
18.924263888888888,-0.05078125,-0.0390625,0.98828125
18.926762896825394,-0.046875,-0.015625,0.98828125
18.929261904761905,-0.0546875,-0.015625,1.0078125
18.93176091269841,-0.06640625,-0.03515625,0.98046875
18.93425992063492,-0.03515625,-0.015625,0.96875
18.93675892857143,-0.05078125,-0.0234375,0.984375
18.939257936507936,-0.0390625,-0.015625,1.0078125
18.941756944444442,-0.0390625,-0.04296875,0.94921875
18.944255952380953,-0.0546875,-0.01171875,0.98046875
18.94675496031746,-0.05078125,-0.02734375,0.98046875
18.949253968253966,-0.0625,-0.03125,1.00390625
18.951752976190477,-0.046875,-0.0078125,1.01171875
18.954251984126984,-0.0546875,-0.03125,0.99609375
18.95675099206349,-0.05078125,-0.0390625,0.99609375
18.959249999999997,-0.05859375,-0.01171875,0.98046875
18.961749007936508,-0.04296875,-0.03125,1.0078125
18.964248015873014,-0.0546875,-0.01953125,0.984375
18.96674702380952,-0.046875,-0.01953125,1.0
18.96924603174603,-0.046875,-0.0234375,0.9921875
18.97174503968254,-0.046875,-0.01953125,0.9765625
18.974244047619045,-0.0546875,-0.0234375,0.9765625
18.976743055555556,-0.0546875,-0.0390625,0.98046875
18.979242063492062,-0.04296875,-0.04296875,0.9921875
18.98174107142857,-0.0546875,-0.0234375,0.984375
18.98424007936508,-0.04296875,-0.015625,0.97265625
18.986739087301586,-0.04296875,-0.02734375,0.99609375
18.989238095238093,-0.03515625,-0.01171875,0.98828125
18.991737103174604,-0.06640625,-0.0390625,0.98828125
18.99423611111111,-0.0390625,-0.03515625,1.0078125
18.996735119047617,-0.046875,-0.03515625,0.98828125
18.999234126984128,-0.0390625,-0.046875,1.00390625
19.001733134920634,-0.05078125,-0.046875,1.0
19.00423214285714,-0.05859375,-0.0390625,0.97265625
19.006731150793648,-0.03125,-0.0234375,1.0
19.00923015873016,-0.04296875,-0.01171875,0.96875
19.011729166666665,-0.05859375,-0.01171875,1.0078125
19.014228174603172,-0.046875,-0.03125,0.9765625
19.016727182539682,-0.05078125,-0.0078125,0.984375
19.01922619047619,-0.0390625,-0.015625,0.99609375
19.021725198412696,-0.05859375,-0.0390625,0.98046875
19.024224206349206,-0.05078125,-0.05859375,0.9921875
19.026723214285713,-0.05078125,-0.03125,1.00390625
19.02922222222222,-0.0625,-0.015625,0.9921875
19.03172123015873,-0.05859375,-0.02734375,0.9921875
19.034220238095237,-0.05078125,-0.0078125,1.0
19.036719246031744,-0.046875,-0.03515625,1.0078125
19.039218253968254,-0.06640625,-0.05078125,1.015625
19.04171726190476,-0.04296875,-0.01953125,0.99609375
19.044216269841268,-0.0546875,-0.0234375,0.99609375
19.04671527777778,-0.05859375,-0.03515625,1.00390625
19.049214285714285,-0.05078125,-0.03125,1.0078125
19.051713293650792,-0.04296875,-0.03515625,0.984375
19.0542123015873,-0.0546875,-0.0078125,1.01171875
19.05671130952381,-0.0703125,-0.01171875,0.99609375
19.059210317460316,-0.046875,-0.04296875,1.0
19.061709325396823,-0.0390625,-0.03515625,1.01171875
19.064208333333333,-0.06640625,-0.01953125,0.99609375
19.06670734126984,-0.046875,-0.04296875,0.96875
19.069206349206347,-0.04296875,-0.03125,1.0078125
19.071705357142857,-0.0546875,-0.05859375,0.9921875
19.074204365079364,-0.0390625,-0.04296875,1.00390625
19.07670337301587,-0.05859375,-0.02734375,0.9921875
19.07920238095238,-0.0546875,-0.02734375,1.0078125
19.081701388888888,-0.04296875,-0.0234375,0.98828125
19.084200396825395,-0.0625,-0.04296875,1.00390625
19.0866994047619,-0.046875,-0.02734375,1.0
19.089198412698412,-0.04296875,-0.0078125,0.99609375
19.09169742063492,-0.0390625,-0.01171875,0.984375
19.09419642857143,-0.0625,-0.03515625,0.98828125
19.096695436507936,-0.05078125,-0.03515625,0.99609375
19.099194444444443,-0.046875,-0.0390625,1.0
19.10169345238095,-0.046875,-0.03515625,0.984375
19.10419246031746,-0.0625,-0.015625,0.98046875
19.106691468253967,-0.0546875,-0.015625,0.98828125
19.109190476190474,-0.04296875,-0.01171875,1.0
19.111689484126984,-0.0625,-0.01953125,1.0
19.11418849206349,-0.05078125,-0.03515625,1.0
19.116687499999998,-0.07421875,-0.03515625,0.9765625
19.119186507936508,-0.04296875,-0.03125,0.9765625
19.121685515873015,-0.046875,-0.015625,0.98046875
19.12418452380952,-0.04296875,-0.01171875,0.99609375
19.126683531746032,-0.046875,-0.03125,0.94140625
19.12918253968254,-0.05859375,-0.015625,0.98828125
19.131681547619046,-0.0546875,-0.0234375,1.00390625
19.134180555555552,-0.046875,-0.01953125,0.9765625
19.136679563492063,-0.04296875,-0.0234375,1.0078125
19.13917857142857,-0.03515625,-0.03515625,0.984375
19.14167757936508,-0.0390625,-0.0078125,1.00390625
19.144176587301587,-0.03515625,-0.015625,0.9765625
19.146675595238094,-0.04296875,-0.01953125,0.99609375
19.1491746031746,-0.05859375,-0.02734375,0.97265625
19.15167361111111,-0.046875,-0.01171875,0.99609375
19.154172619047618,-0.04296875,-0.015625,0.99609375
19.156671626984124,-0.06640625,-0.0390625,0.98046875
19.159170634920635,-0.03125,-0.02734375,0.96875
19.16166964285714,-0.04296875,-0.00390625,1.0078125
19.16416865079365,-0.046875,-0.01953125,1.00390625
19.16666765873016,-0.0390625,-0.01953125,1.0
19.169166666666666,-0.08203125,-0.0390625,0.96875
19.171665674603172,-0.046875,-0.015625,0.9765625
19.174164682539683,-0.05078125,-0.0078125,0.984375
19.17666369047619,-0.04296875,-0.02734375,0.984375
19.179162698412696,-0.04296875,-0.0234375,0.98828125
19.181661706349203,-0.0625,-0.02734375,0.9921875
19.184160714285714,-0.05859375,-0.02734375,0.9765625
19.18665972222222,-0.05859375,-0.00390625,0.98046875
19.18915873015873,-0.0703125,-0.01953125,0.9921875
19.191657738095238,-0.0625,-0.015625,0.9921875
19.194156746031744,-0.0625,-0.03125,0.984375
19.19665575396825,-0.06640625,-0.03125,1.00390625
19.19915476190476,-0.05078125,-0.0546875,0.9765625
19.20165376984127,-0.046875,-0.0234375,0.984375
19.204152777777775,-0.05859375,-0.0234375,0.99609375
19.206651785714286,-0.046875,-0.015625,0.9921875
19.209150793650792,-0.0625,-0.0390625,0.99609375
19.2116498015873,-0.06640625,-0.03515625,1.0078125
19.21414880952381,-0.05859375,-0.02734375,0.9921875
19.216647817460316,-0.04296875,-0.03125,1.0078125
19.219146825396823,-0.0703125,-0.03125,0.99609375
19.221645833333334,-0.05078125,-0.0390625,0.98046875
19.22414484126984,-0.0546875,-0.015625,0.9921875
19.226643849206347,-0.046875,-0.01171875,0.984375
19.229142857142854,-0.03515625,-0.01171875,0.97265625
19.231641865079364,-0.05078125,-0.01953125,1.01171875
19.23414087301587,-0.0625,-0.015625,0.97265625
19.23663988095238,-0.07421875,-0.015625,0.9765625
19.23913888888889,-0.0625,-0.04296875,0.9921875
19.241637896825395,-0.05859375,-0.03515625,0.98828125
19.244136904761902,-0.04296875,-0.0390625,0.98046875
19.246635912698412,-0.0625,-0.01953125,1.00390625
19.24913492063492,-0.04296875,-0.0390625,0.99609375
19.251633928571426,-0.04296875,-0.015625,0.98828125
19.254132936507936,-0.046875,-0.02734375,1.0078125
19.256631944444443,-0.02734375,-0.0234375,0.99609375
19.25913095238095,-0.046875,-0.03125,1.01171875
19.26162996031746,-0.046875,-0.01953125,0.98046875
19.264128968253967,-0.03125,-0.01171875,0.984375
19.266627976190474,-0.05859375,-0.04296875,1.00390625
19.269126984126984,-0.05078125,-0.015625,0.984375
19.27162599206349,-0.0625,-0.03125,1.0
19.274124999999998,-0.05078125,-0.0234375,1.0078125
19.276624007936505,-0.0546875,-0.01953125,1.0078125
19.279123015873015,-0.0859375,-0.03125,0.99609375
19.281622023809522,-0.0625,-0.0390625,0.98828125
19.284121031746032,-0.03515625,-0.0234375,0.99609375
19.28662003968254,-0.0546875,-0.0234375,1.00390625
19.289119047619046,-0.0546875,-0.04296875,0.99609375
19.291618055555553,-0.0546875,-0.0390625,1.0
19.294117063492063,-0.0546875,-0.02734375,1.015625
19.29661607142857,-0.05859375,-0.0234375,0.99609375
19.299115079365077,-0.046875,-0.02734375,1.00390625
19.301614087301587,-0.0625,-0.0234375,0.97265625
19.304113095238094,-0.046875,-0.0234375,0.95703125
19.3066121031746,-0.0390625,-0.0234375,0.99609375
19.30911111111111,-0.0625,-0.046875,1.00390625
19.311610119047618,-0.0390625,-0.0390625,0.984375
19.314109126984125,-0.05078125,-0.00390625,1.015625
19.316608134920635,-0.0625,-0.03125,1.0
19.319107142857142,-0.0625,-0.0390625,1.0078125
19.32160615079365,-0.04296875,-0.01171875,1.00390625
19.324105158730156,-0.05078125,-0.046875,0.9921875
19.326604166666666,-0.03515625,-0.03125,1.0078125
19.329103174603173,-0.06640625,-0.0390625,0.98828125
19.331602182539683,-0.05078125,-0.02734375,0.9921875
19.33410119047619,-0.05859375,-0.015625,0.984375
19.336600198412697,-0.0546875,-0.03125,1.0078125
19.339099206349204,-0.03515625,-0.01953125,1.0
19.341598214285714,-0.03515625,-0.01953125,0.9921875
19.34409722222222,-0.05078125,-0.03125,0.98828125
19.346596230158728,-0.046875,-0.01953125,1.0
19.349095238095238,-0.03515625,-0.015625,0.9765625
19.351594246031745,-0.0625,-0.01953125,0.98046875
19.35409325396825,-0.0546875,-0.03125,0.99609375
19.356592261904762,-0.0546875,-0.03515625,1.00390625
19.35909126984127,-0.0390625,-0.0234375,0.9921875
19.361590277777776,-0.05859375,-0.01953125,1.00390625
19.364089285714286,-0.05078125,-0.01171875,0.98828125
19.366588293650793,-0.05859375,-0.02734375,0.984375
19.3690873015873,-0.046875,-0.00390625,1.0
19.371586309523806,-0.03125,-0.02734375,1.01171875
19.374085317460317,-0.04296875,-0.03515625,0.984375
19.376584325396824,-0.0546875,-0.01171875,1.00390625
19.379083333333334,-0.0625,-0.03515625,1.0078125
19.38158234126984,-0.0390625,-0.0234375,0.98046875
19.384081349206348,-0.05859375,-0.01171875,0.9765625
19.386580357142854,-0.03515625,-0.03515625,0.9921875
19.389079365079365,-0.05078125,-0.04296875,1.0
19.39157837301587,-0.0703125,-0.02734375,0.98828125
19.39407738095238,-0.0546875,-0.0234375,0.99609375
19.39657638888889,-0.0625,-0.01171875,1.0078125
19.399075396825396,-0.06640625,-0.02734375,0.9765625
19.401574404761902,-0.05078125,-0.01171875,0.9921875
19.404073412698413,-0.05859375,-0.03515625,1.0
19.40657242063492,-0.0390625,-0.01953125,1.00390625
19.409071428571426,-0.04296875,-0.03125,0.97265625
19.411570436507937,-0.03125,-0.0234375,0.98828125
19.414069444444443,-0.0546875,-0.015625,0.96875
19.41656845238095,-0.0546875,-0.02734375,1.01171875
19.419067460317457,-0.05078125,-0.03125,0.9921875
19.421566468253967,-0.046875,-0.015625,0.96484375
19.424065476190474,-0.0625,-0.03125,0.9765625
19.426564484126985,-0.078125,-0.03515625,0.98046875
19.42906349206349,-0.05078125,-0.03125,0.99609375
19.4315625,-0.05859375,-0.02734375,0.98046875
19.434061507936505,-0.05859375,-0.04296875,0.9765625
19.436560515873015,-0.046875,-0.03515625,0.984375
19.439059523809522,-0.046875,-0.04296875,1.00390625
19.44155853174603,-0.0546875,-0.015625,0.953125
19.44405753968254,-0.046875,-0.03125,0.9921875
19.446556547619046,-0.046875,-0.046875,1.01171875
19.449055555555553,-0.046875,-0.03125,0.9921875
19.451554563492063,-0.02734375,-0.03515625,0.96875
19.45405357142857,-0.03125,-0.0234375,0.984375
19.456552579365077,-0.046875,-0.0390625,0.96484375
19.459051587301587,-0.0625,-0.0234375,0.98046875
19.461550595238094,-0.046875,-0.0234375,0.97265625
19.4640496031746,-0.04296875,-0.0390625,0.984375
19.466548611111108,-0.05859375,-0.02734375,0.98828125
19.46904761904762,-0.0625,-0.03515625,1.00390625
19.471546626984125,-0.0390625,-0.0078125,0.9765625
19.474045634920635,-0.04296875,-0.0390625,1.0
19.476544642857142,-0.05859375,-0.02734375,1.00390625
19.47904365079365,-0.0625,-0.03125,0.984375
19.481542658730156,-0.05078125,-0.0234375,0.97265625
19.484041666666666,-0.03515625,-0.015625,0.984375
19.486540674603173,-0.046875,-0.0234375,0.99609375
19.48903968253968,-0.07421875,-0.01953125,0.9921875
19.49153869047619,-0.03515625,-0.05078125,0.97265625
19.494037698412697,-0.0390625,-0.0234375,0.9921875
19.496536706349204,-0.04296875,-0.01953125,0.9921875
19.499035714285714,-0.0390625,-0.0078125,0.99609375
19.50153472222222,-0.02734375,-0.02734375,0.9765625
19.504033730158728,-0.05078125,-0.0234375,0.99609375
19.50653273809524,-0.0546875,-0.046875,0.984375
19.509031746031745,-0.05078125,-0.0546875,0.98828125
19.511530753968252,-0.05078125,-0.02734375,0.97265625
19.51402976190476,-0.05078125,-0.01953125,0.9921875
19.51652876984127,-0.0625,-0.03125,0.99609375
19.519027777777776,-0.05078125,-0.046875,0.99609375
19.521526785714283,-0.0625,-0.03125,0.98046875
19.524025793650793,-0.046875,-0.03125,0.984375
19.5265248015873,-0.0546875,-0.0390625,0.984375
19.529023809523807,-0.06640625,-0.01171875,0.96875
19.531522817460317,-0.0546875,-0.01953125,0.98046875
19.534021825396824,-0.0546875,-0.0234375,0.98828125
19.53652083333333,-0.06640625,-0.01171875,1.01171875
19.53901984126984,-0.0625,-0.015625,0.9921875
19.541518849206348,-0.0546875,-0.02734375,0.984375
19.544017857142855,-0.046875,-0.03125,0.96875
19.546516865079365,-0.046875,-0.02734375,0.96875
19.549015873015872,-0.046875,-0.02734375,0.9765625
19.55151488095238,-0.0703125,-0.03515625,1.0
19.55401388888889,-0.0390625,-0.0234375,1.01171875
19.556512896825396,-0.05859375,-0.03125,0.9921875
19.559011904761903,-0.046875,-0.02734375,1.00390625
19.56151091269841,-0.05859375,-0.02734375,0.99609375
19.56400992063492,-0.0703125,-0.03515625,0.9765625
19.566508928571427,-0.05078125,-0.03515625,1.00390625
19.569007936507933,-0.046875,-0.015625,1.0
19.571506944444444,-0.06640625,-0.0078125,0.9765625
19.57400595238095,-0.0703125,-0.01953125,0.9921875
19.576504960317457,-0.05078125,-0.01171875,0.96484375
19.579003968253968,-0.06640625,-0.03125,0.984375
19.581502976190475,-0.03125,-0.04296875,0.98046875
19.58400198412698,-0.05859375,-0.04296875,1.0
19.586500992063492,-0.04296875,-0.0234375,1.0
19.589,-0.04296875,-0.03125,0.984375
